ticker,latest_period,latest_promoter,latest_fii,latest_dii,latest_public,promoter_d4q,fii_d4q,dii_d4q,public_d4q,worst_promoter_qtr,smart_money_score
20MICRONS,2026-03,45.04,0.41,0.11,54.96,0.0,-0.43,-0.039999999999999994,0.0,0.0,-0.47
21STCENMGM,2026-03,64.43,,,35.57,0.0,,,0.0,0.0,0.0
360ONE,2026-03,6.24,63.33,12.86,93.76,-0.8399999999999999,-3.450000000000003,5.27,0.8400000000000034,-0.8100000000000005,1.8199999999999967
3IINFOLTD,2026-03,,0.31,14.26,100.0,,-0.38999999999999996,7.6899999999999995,0.0,,7.3
3MINDIA,2026-03,75.0,3.52,8.33,25.0,0.0,-0.2599999999999998,0.2400000000000002,0.0,0.0,-0.019999999999999574
3PLAND,2026-03,73.3,,0.0,26.7,0.0,,0.0,0.0,0.0,0.0
5PAISA,2026-04,36.5,15.07,0.01,63.49,3.75,-6.550000000000001,-0.25,-3.749999999999993,-0.00999999999999801,-6.800000000000001
63MOONS,2026-03,45.63,1.3,0.01,54.37,0.0,-0.10999999999999988,0.0,0.0,0.0,-0.10999999999999988
A2ZINFRA,2026-03,28.14,0.86,0.1,71.86,0.0,-0.17000000000000004,0.0,0.0,0.0,-0.17000000000000004
AAATECH,2026-03,34.38,35.19,,65.62,-37.13,35.19,,37.13000000000001,-29.549999999999997,35.19
AADHARHFC,2026-03,64.9,6.13,9.15,35.1,-10.709999999999994,0.8099999999999996,0.5800000000000001,10.71,-10.289999999999992,1.3899999999999997
AAKASH,2026-03,66.54,,,33.46,0.0,,,0.0,0.0,0.0
AAREYDRUGS,2026-03,37.71,4.18,1.62,62.29,-7.089999999999996,1.8399999999999999,1.62,7.089999999999996,-5.739999999999995,3.46
AARNAV,2026-03,66.53,,,33.47,,,,,0.0,0.0
AARON,2026-03,73.07,,,26.93,0.009999999999990905,,,-0.010000000000001563,0.0,0.0
AARTECH,2026-03,52.75,,,47.25,0.030000000000001137,,,-0.030000000000001137,0.0,0.0
AARTIDRUGS,2026-03,55.03,1.58,10.22,44.97,-0.44999999999999574,-0.6699999999999999,0.5200000000000014,0.44999999999999574,-0.5,-0.14999999999999858
AARTIIND,2026-03,42.09,7.38,20.12,57.91,-0.14999999999999858,1.0899999999999999,0.15000000000000213,0.14999999999999858,-0.060000000000002274,1.240000000000002
AARTIPHARM,2026-03,43.08,8.39,7.41,56.92,-1.2100000000000009,1.0300000000000002,-0.1200000000000001,1.2100000000000009,-0.8399999999999963,0.9100000000000001
AARTISURF,2026-03,49.87,0.14,0.0,50.13,-0.05000000000000426,0.0,-0.8,0.05000000000000426,-0.03999999999999915,-0.8
AARVI,2026-03,73.53,0.0,,26.47,0.060000000000002274,0.0,,-0.060000000000002274,0.0,0.0
AAVAS,2026-03,48.88,16.74,22.14,51.12,22.410000000000004,-12.930000000000003,11.39,-22.410000000000004,-0.07000000000000028,-1.5400000000000027
ABAN,2026-03,46.0,0.0,0.07,54.0,0.0,-0.12,-0.8899999999999999,0.0,0.0,-1.0099999999999998
ABB,2026-03,75.0,8.2,9.29,25.0,0.0,-2.08,2.2699999999999996,0.0,0.0,0.1899999999999995
ABBOTINDIA,2018-12,74.99,,,25.01,0.0,,,-0.019999999999999574,0.0,0.0
ABCAPITAL,2026-03,68.51,7.7,13.82,31.49,-0.3399999999999892,-1.1000000000000005,4.040000000000001,0.33999999999999986,-0.12000000000000455,2.9400000000000004
ABCOTS,2026-03,52.5,0.11,,47.5,0.0,0.0,,0.0,0.0,0.0
ABDL,2026-03,80.91,3.23,4.82,19.09,0.0,0.5,0.79,0.0,0.0,1.29
ABFRL,2026-03,46.61,15.52,6.62,53.08,0.030000000000001137,-6.670000000000002,-8.02,0.01999999999999602,-0.00999999999999801,-14.690000000000001
ABINFRA,2026-03,30.95,0.69,0.01,69.05,0.0,0.69,0.01,0.0,0.0,0.7
ABLBL,2026-03,46.6,12.79,20.25,52.92,0.030000000000001137,-10.280000000000001,9.02,-0.14999999999999858,0.0,-1.2600000000000016
ABMINTLLTD,2026-03,74.7,,,25.3,0.0,,,0.0,0.0,0.0
ABREL,2026-03,50.21,9.04,16.4,48.79,0.0,-0.25,0.5399999999999991,0.03999999999999915,0.0,0.28999999999999915
ABSLAMC,2026-03,74.82,5.75,11.55,25.18,-0.0800000000000125,0.4299999999999997,0.6300000000000008,0.0799999999999983,-0.030000000000001137,1.0600000000000005
ACC,2026-03,56.69,5.93,21.61,43.31,0.0,1.0999999999999996,-3.3100000000000023,0.0,0.0,-2.2100000000000026
ACCELYA,2026-03,74.66,0.16,0.05,25.34,0.0,-1.6700000000000002,-1.04,0.0,0.0,-2.71
ACCURACY,2026-03,63.69,,,36.31,0.0,,,0.0,0.0,0.0
ACE,2026-03,65.42,9.58,1.84,34.52,0.010000000000005116,-2.0,-0.1299999999999999,0.0,0.0,-2.13
ACEINTEG,2026-03,73.53,,,26.47,0.0,,,0.0,0.0,0.0
ACI,2026-03,53.43,11.09,25.82,46.57,-0.00999999999999801,0.15000000000000036,2.6400000000000006,0.00999999999999801,-0.00999999999999801,2.790000000000001
ACL,2026-03,75.0,,0.34,25.0,-15.0,,0.0,15.0,-15.0,0.0
ACLGATI,2025-09,46.08,2.06,2.98,53.92,-0.020000000000003126,0.03000000000000025,-0.41999999999999993,0.020000000000003126,-0.010000000000005116,-0.3899999999999997
ACMESOLAR,2026-03,83.29,3.6,7.06,16.61,-0.11999999999999034,-1.1400000000000001,-0.03000000000000025,0.019999999999999574,-0.11999999999999034,-1.1700000000000004
ACUTAAS,2026-03,32.66,19.48,19.6,67.34,-3.3000000000000043,3.0,1.2900000000000027,3.299999999999997,-3.3000000000000043,4.290000000000003
ADANIENSOL,2026-03,72.73,12.23,10.25,27.27,2.7900000000000063,-5.349999999999998,3.92,-2.789999999999999,0.0,-1.429999999999998
ADANIENT,2026-03,74.67,10.8,6.7,25.33,0.7000000000000028,-0.9100000000000001,-0.16000000000000014,-0.7000000000000028,0.0,-1.0700000000000003
ADANIGREEN,2026-03,62.43,11.1,4.56,37.57,1.490000000000002,-1.3499999999999996,2.1599999999999997,-1.490000000000002,0.0,0.81
ADANIPORTS,2026-03,68.02,13.25,13.85,31.98,2.1299999999999955,-0.17999999999999972,-0.8800000000000008,-2.129999999999999,0.0,-1.0600000000000005
ADANIPOWER,2026-03,74.96,11.74,3.69,25.04,0.0,-0.629999999999999,2.04,0.0,0.0,1.410000000000001
ADFFOODS,2026-03,36.13,11.55,23.21,63.87,0.0,1.700000000000001,-0.4499999999999993,0.0,0.0,1.2500000000000018
ADL,2026-03,72.96,,,27.04,0.0,,,0.0,0.0,0.0
ADOR,2026-03,53.76,0.37,12.63,46.24,0.05999999999999517,0.33999999999999997,1.6300000000000008,-0.05999999999999517,0.0,1.9700000000000006
ADROITINFO,2026-03,38.28,,,61.72,1.3599999999999994,,,-1.3599999999999994,0.0,0.0
ADSL,2026-03,51.07,0.42,,48.93,-0.11999999999999744,-1.02,,0.11999999999999744,-0.0799999999999983,-1.02
ADVAIT,2026-03,66.8,0.21,0.13,33.2,,,,,-0.7599999999999909,0.0
ADVANCE,2026-03,69.89,2.58,1.92,30.11,,,,,0.0,0.0
ADVANIHOTR,2026-03,50.25,0.2,0.05,49.75,0.0,0.0,0.0,0.0,0.0,0.0
ADVENTHTL,2026-03,47.69,3.27,0.42,52.31,,,,,0.0,0.0
ADVENZYMES,2026-03,43.26,25.49,5.41,56.74,0.17999999999999972,13.589999999999998,-2.7799999999999994,-0.17999999999999972,-0.030000000000001137,10.809999999999999
AEGISLOG,2026-03,58.1,19.56,3.67,41.9,0.0,1.5,-2.6399999999999997,0.0,0.0,-1.1399999999999997
AEGISVOPAK,2026-03,86.93,5.89,4.89,13.07,0.0,-0.1800000000000006,0.2699999999999996,0.0,0.0,0.08999999999999897
AEPL,2026-03,72.45,0.0,0.0,27.55,,,,,,0.0
AEQUS,2026-03,59.08,3.9,11.38,38.57,,,,,0.0,0.0
AEROENTER,2026-03,51.59,0.54,0.06,48.41,0.0,0.040000000000000036,0.019999999999999997,0.0,0.0,0.06000000000000003
AEROFLEX,2026-03,65.47,1.49,3.8,34.53,-1.519999999999996,1.1,-0.07000000000000028,1.5200000000000031,-1.519999999999996,1.0299999999999998
AERONEU,2026-03,60.46,4.12,0.39,39.54,0.0,0.4900000000000002,0.35000000000000003,0.0,0.0,0.8400000000000003
AETHER,2026-03,74.95,6.29,12.66,25.05,-6.819999999999993,2.95,1.2300000000000004,6.82,-6.769999999999996,4.180000000000001
AFCONS,2026-03,50.17,12.19,20.95,49.83,0.0,-6.020000000000001,8.879999999999999,0.0,0.0,2.8599999999999977
AFFLE,2026-03,54.92,16.66,17.9,44.97,-0.10000000000000142,0.5700000000000003,2.589999999999998,0.0899999999999963,-0.030000000000001137,3.1599999999999984
AFFORDABLE,2026-04,41.41,1.22,,58.59,-14.240000000000002,1.22,,14.240000000000002,-8.54,1.22
AFIL,2026-03,39.53,0.62,1.95,60.47,-1.7100000000000009,-0.15000000000000002,-1.0400000000000003,1.7100000000000009,-1.6700000000000017,-1.1900000000000004
AFSL,2026-03,71.36,19.02,,28.64,-0.12000000000000455,3.91,,0.120000000000001,-0.07000000000000739,3.91
AGARIND,2026-03,57.2,4.69,0.01,42.8,0.0,-1.2999999999999998,-0.53,0.0,0.0,-1.8299999999999998
AGARWALEYE,2026-03,32.36,57.94,7.83,67.64,-0.09000000000000341,-2.6799999999999997,2.62,0.09000000000000341,-0.030000000000001137,-0.05999999999999961
AGI,2026-03,60.39,6.79,2.04,39.61,0.14999999999999858,-0.7599999999999998,0.97,-0.14999999999999858,0.0,0.2100000000000002
AGIIL,2026-03,71.29,4.78,0.03,28.71,-1.6499999999999915,4.21,0.009999999999999998,1.6500000000000021,-1.6499999999999915,4.22
AGRITECH,2026-03,30.9,0.01,0.03,69.1,0.0,0.0,0.0,0.0,0.0,0.0
AGROPHOS,2026-03,54.27,,,45.73,0.0,,,0.0,0.0,0.0
AHCL,2026-03,52.68,0.32,4.6,47.32,,,,,0.0,0.0
AHLADA,2026-03,49.3,,,50.7,0.0,,,0.0,0.0,0.0
AHLEAST,2026-03,65.63,0.0,0.23,34.37,0.0,0.0,0.0,0.0,0.0,0.0
AHLUCONT,2026-03,55.32,13.74,22.32,44.68,0.0,1.67,-2.009999999999998,0.0,0.0,-0.3399999999999981
AHLWEST,2026-03,72.12,0.0,0.57,27.88,0.730000000000004,0.0,0.0,-0.7300000000000004,0.0,0.0
AIAENG,2026-03,58.5,16.79,22.03,41.5,0.0,-0.2699999999999996,-0.00999999999999801,0.0,0.0,-0.2799999999999976
AIIL,2026-03,68.81,14.24,0.19,31.19,-6.140000000000001,6.3,0.04000000000000001,6.140000000000001,-6.159999999999997,6.34
AIRAN,2026-03,72.21,0.0,0.0,27.79,-0.13000000000000966,-0.01,0.0,0.129999999999999,-0.13000000000000966,-0.01
AIROLAM,2026-03,53.41,,,46.59,0.269999999999996,,,-0.269999999999996,0.0,0.0
AJANTPHARM,2026-03,66.25,8.26,18.37,33.75,-0.010000000000005116,-0.5999999999999996,0.8900000000000006,0.00999999999999801,-0.010000000000005116,0.2900000000000009
AJAXENGG,2026-03,80.0,5.65,10.15,20.0,0.0,-0.2999999999999998,2.2300000000000004,0.0,0.0,1.9300000000000006
AJMERA,2026-03,68.23,0.77,1.13,31.77,0.0,0.12,-1.1800000000000002,0.0,0.0,-1.06
AJOONI,2026-03,26.89,,,73.11,0.0,,,0.0,0.0,0.0
AKASH,2026-03,74.59,,,25.41,0.0,,,0.0,0.0,0.0
AKG,2026-03,37.6,1.49,,62.4,0.0,1.49,,0.0,0.0,1.49
AKI,2026-03,53.92,,,46.08,-0.7999999999999972,,,0.7999999999999972,-0.7999999999999972,0.0
AKSHAR,2026-03,0.27,,,99.73,0.0,,,0.0,0.0,0.0
AKSHARCHEM,2026-03,62.7,,0.06,37.3,0.0,,0.0,0.0,0.0,0.0
AKSHOPTFBR,2026-03,19.37,,0.01,80.63,-4.93,,0.0,4.929999999999993,-4.030000000000001,0.0
AKUMS,2026-03,75.26,1.37,14.35,22.01,0.0,-4.3999999999999995,6.949999999999999,0.0,0.0,2.55
ALANKIT,2026-03,54.15,0.58,0.01,45.85,0.0,0.19999999999999996,0.0,0.0,0.0,0.19999999999999996
ALBERTDAVD,2026-03,62.24,0.58,1.66,37.76,0.0,-0.43000000000000005,0.010000000000000009,0.0,0.0,-0.42000000000000004
ALEMBICLTD,2026-03,70.88,1.25,0.05,29.12,0.0,-0.4099999999999999,0.0,0.0,0.0,-0.4099999999999999
ALGOQUANT,2026-03,73.68,1.22,0.02,26.32,,,,,0.0,0.0
ALICON,2026-03,54.01,0.2,11.53,45.99,-0.25,-0.06,-0.41000000000000014,0.25,-0.25,-0.47000000000000014
ALIVUS,2026-03,74.87,5.29,7.28,25.13,-0.11999999999999034,-1.2800000000000002,2.09,0.11999999999999744,-0.04999999999999716,0.8099999999999996
ALKALI,2026-03,69.59,,,30.41,0.0,,,0.0,0.0,0.0
ALKEM,2026-03,51.2,10.16,21.4,48.8,-3.9299999999999997,0.75,1.9799999999999969,3.9299999999999997,-2.0900000000000034,2.729999999999997
ALKYLAMINE,2026-03,72.05,3.45,3.01,27.95,0.009999999999990905,0.2200000000000002,0.8299999999999996,-0.010000000000001563,-0.010000000000005116,1.0499999999999998
ALLCARGO,2026-03,40.28,7.27,2.3,59.72,-23.0,-1.5700000000000003,0.04999999999999982,23.0,-21.759999999999998,-1.5200000000000005
ALLDIGI,2026-03,73.39,1.35,1.44,26.61,0.0,0.42000000000000004,0.11999999999999988,0.0,0.0,0.5399999999999999
ALLTIME,2026-03,70.15,2.93,10.29,29.85,,,,,0.0,0.0
ALMONDZ,2026-03,51.18,0.02,0.12,48.82,-0.10999999999999943,-1.25,0.12,0.10999999999999943,-0.28000000000000114,-1.13
ALOKINDS,2026-03,75.0,2.48,0.39,25.0,0.0,0.08000000000000007,-0.03999999999999998,0.0,0.0,0.04000000000000009
ALPA,2026-03,57.19,0.38,,42.81,-0.10000000000000142,-0.020000000000000018,,0.10000000000000142,-0.10000000000000142,-0.020000000000000018
ALPHAGEO,2026-03,45.99,0.94,0.03,54.01,-0.03999999999999915,-0.8900000000000001,0.0,0.03999999999999915,-0.03999999999999915,-0.8900000000000001
AMAGI,2026-03,14.92,42.43,37.01,85.08,,,,,0.0,0.0
AMANTA,2026-03,63.72,0.85,12.88,36.28,,,,,0.0,0.0
AMBER,2026-03,38.17,23.96,27.92,61.83,-1.5499999999999972,-3.09,8.490000000000002,1.5499999999999972,-1.4299999999999997,5.400000000000002
AMBICAAGAR,2026-03,43.41,,,56.59,0.0,,,0.0,0.0,0.0
AMBIKCO,2026-03,50.35,0.33,1.7,49.65,0.17999999999999972,-0.019999999999999962,0.6299999999999999,-0.17999999999999972,0.0,0.6099999999999999
AMBUJACEM,2026-04,67.33,5.83,19.84,32.67,-0.23999999999999488,-1.6100000000000003,1.1400000000000006,0.240000000000002,-0.3500000000000085,-0.46999999999999975
AMDIND,2026-03,66.73,,,33.27,0.0,,,0.0,0.0,0.0
AMIRCHAND,2026-04,78.78,3.5,6.52,21.22,,,,,0.0,0.0
AMJLAND,2026-03,65.94,0.0,0.0,34.06,0.03999999999999204,0.0,0.0,-0.03999999999999915,0.0,0.0
AMNPLST,2026-03,73.17,0.0,0.0,26.83,0.0,0.0,0.0,0.0,0.0,0.0
AMRUTANJAN,2026-03,46.52,2.17,12.66,53.45,0.0,-0.1299999999999999,1.25,0.010000000000005116,0.0,1.12
ANANDRATHI,2026-03,43.11,5.78,9.1,56.89,-4.18,0.9300000000000006,1.8899999999999997,4.18,-4.57,2.8200000000000003
ANANTRAJ,2026-03,57.41,10.88,4.83,42.59,-2.710000000000001,0.27000000000000135,-1.3899999999999997,2.710000000000001,-2.769999999999996,-1.1199999999999983
ANDHRAPAP,2026-03,72.45,0.34,5.79,27.55,0.0,-0.6199999999999999,1.12,0.0,0.0,0.5000000000000002
ANDHRSUGAR,2026-03,50.49,2.53,0.0,49.51,3.210000000000001,-0.16000000000000014,0.0,-3.210000000000001,0.0,-0.16000000000000014
ANGELONE,2026-03,28.8,12.8,18.88,71.2,-6.7499999999999964,-0.25,4.6,6.75,-6.579999999999998,4.35
ANIKINDS,2026-03,37.14,4.09,0.03,62.86,-0.10000000000000142,0.08999999999999986,0.0,0.10000000000000142,-2.6000000000000014,0.08999999999999986
ANKITMETAL,2024-03,71.02,0.0,0.0,28.98,0.0,0.0,0.0,0.0,0.0,0.0
ANMOL,2026-03,50.2,,,49.8,-6.8799999999999955,,,6.8799999999999955,-6.8799999999999955,0.0
ANSALAPI,2026-03,48.77,0.25,0.68,51.23,0.0,0.0,-1.06,0.0,0.0,-1.06
ANTELOPUS,2026-03,69.94,0.26,0.02,30.06,39.48,-3.6500000000000004,0.01,-39.480000000000004,0.0,-3.6400000000000006
ANTGRAPHIC,2026-03,0.96,0.46,0.21,99.04,0.0,0.0,0.0,0.0,0.0,0.0
ANTHEM,2026-03,74.68,1.28,11.55,25.32,,,,,-0.009999999999990905,0.0
ANUHPHR,2026-03,71.8,0.05,0.0,28.2,1.8799999999999955,0.010000000000000002,0.0,-1.879999999999999,-0.01999999999999602,0.010000000000000002
ANUP,2026-03,40.92,3.18,16.41,59.08,-0.05999999999999517,-1.4099999999999997,1.3499999999999996,0.05999999999999517,-0.05999999999999517,-0.06000000000000005
ANURAS,2026-03,59.07,6.91,0.35,40.93,-2.1099999999999994,1.9699999999999998,-1.8900000000000001,2.1099999999999994,-2.1099999999999994,0.07999999999999963
APARINDS,2026-03,57.77,9.37,24.15,42.23,0.0,-0.4900000000000002,3.5199999999999996,0.0,0.0,3.0299999999999994
APCL,2026-03,75.0,,0.11,25.0,0.0,,0.020000000000000004,0.0,0.0,0.020000000000000004
APCOTEXIND,2026-03,58.23,0.63,2.22,41.77,0.0,0.10999999999999999,1.5300000000000002,0.0,0.0,1.6400000000000001
APEX,2026-03,72.62,6.0,0.66,27.38,0.0,2.71,0.22000000000000003,0.0,0.0,2.93
APLAPOLLO,2026-03,28.25,37.51,16.05,71.75,-0.05999999999999872,5.729999999999997,-0.6899999999999977,0.060000000000002274,-0.030000000000001137,5.039999999999999
APLLTD,2026-03,69.74,4.25,16.18,30.26,0.06999999999999318,0.31000000000000005,-0.25,-0.06999999999999673,0.0,0.06000000000000005
APOLLO,2026-03,51.98,3.63,1.81,48.02,1.3299999999999983,-3.5300000000000002,0.19999999999999996,-1.3299999999999983,-0.4299999999999997,-3.33
APOLLOHOSP,2026-03,28.02,42.62,22.76,71.98,-1.3200000000000003,-0.12000000000000455,0.4700000000000024,1.3200000000000074,-1.3200000000000003,0.34999999999999787
APOLLOPIPE,2026-03,51.72,2.22,10.76,47.99,4.8799999999999955,-1.25,-3.3200000000000003,-4.850000000000001,0.0,-4.57
APOLLOTYRE,2026-03,36.93,12.15,27.56,62.67,-0.4299999999999997,-1.2799999999999994,1.0499999999999972,0.030000000000001137,-0.4099999999999966,-0.2300000000000022
APOLSINHOT,2026-03,64.68,,,35.32,0.0,,,0.0,0.0,0.0
APTECHT,2026-03,47.35,0.66,1.2,52.65,0.0,0.26,-1.7500000000000002,0.0,0.0,-1.4900000000000002
APTUS,2026-03,23.87,30.34,29.44,76.13,-29.109999999999996,2.6000000000000014,19.560000000000002,29.109999999999992,-16.499999999999996,22.160000000000004
AQYLON,2026-03,58.33,1.57,29.95,41.67,-0.8900000000000006,1.57,-9.55,0.8900000000000006,-0.7899999999999991,-7.98
ARCHIDPLY,2026-03,69.89,,,30.11,0.0,,,0.0,0.0,0.0
ARCHIES,2026-03,61.47,,0.22,38.53,-0.7800000000000011,,0.0,0.7800000000000011,-0.6700000000000017,0.0
ARE&M,2026-03,32.86,17.31,16.95,67.14,0.0,-3.3900000000000006,2.369999999999999,0.0,0.0,-1.0200000000000014
ARENTERP,2026-03,63.66,,0.68,36.34,0.0,,0.0,0.0,0.0,0.0
ARFIN,2026-03,69.77,1.54,,30.23,,,,,-0.020000000000010232,0.0
ARIES,2026-03,52.66,3.25,,47.34,0.0,0.27,,0.0,0.0,0.27
ARIHANT,2021-12,42.87,,,57.13,0.0,,,0.0,0.0,0.0
ARIHANTCAP,2026-03,67.67,0.05,0.02,32.33,-2.1400000000000006,-0.16999999999999998,,2.139999999999997,-2.1400000000000006,-0.16999999999999998
ARIHANTSUP,2026-03,71.1,0.17,,28.9,-3.6099999999999994,-0.009999999999999981,,3.6099999999999994,-3.6099999999999994,-0.009999999999999981
ARIS,2026-03,37.59,2.08,5.77,62.41,,,,,-0.20000000000000284,0.0
ARKADE,2026-03,71.19,0.23,0.09,28.81,0.09999999999999432,-0.23999999999999996,-0.05000000000000002,-0.10000000000000142,0.0,-0.29
ARMANFIN,2026-03,22.0,2.61,4.18,78.0,-0.05999999999999872,1.41,-0.7400000000000002,0.060000000000002274,-0.05000000000000071,0.6699999999999997
AROGRANITE,2026-03,41.08,,,58.92,0.0,,,0.0,0.0,0.0
ARROWGREEN,2026-03,64.83,0.07,0.82,35.17,0.01999999999999602,-0.2,0.7799999999999999,-0.01999999999999602,0.0,0.5799999999999998
ARSHIYA,2026-03,14.37,,1.06,85.63,0.0,,0.0,0.0,0.0,0.0
ARSSBL,2026-03,69.92,0.82,4.98,30.08,,,,,0.0,0.0
ARTEMISMED,2026-03,58.39,12.19,2.89,41.61,-8.14,11.95,-1.8699999999999997,8.14,-8.100000000000001,10.08
ARTNIRMAN,2026-03,73.75,,,26.25,0.0,,,0.0,0.0,0.0
ARVEE,2026-03,73.5,,,26.5,0.0,,,0.0,0.0,0.0
ARVIND,2026-03,39.53,16.1,20.04,60.47,-0.04999999999999716,-2.6199999999999974,1.9399999999999977,0.04999999999999716,-0.030000000000001137,-0.6799999999999997
ARVINDFASN,2026-03,35.1,11.97,24.64,64.9,-0.0899999999999963,2.5500000000000007,2.6999999999999993,0.09000000000000341,-0.04999999999999716,5.25
ARVSMART,2026-03,53.83,0.67,8.61,46.17,3.559999999999995,-1.3399999999999999,-4.040000000000001,-3.559999999999995,-0.3100000000000023,-5.380000000000001
ASAHIINDIA,2026-03,51.57,4.85,5.36,48.43,-2.6300000000000026,0.6899999999999995,3.7200000000000006,2.6300000000000026,-2.520000000000003,4.41
ASAHISONG,2026-03,67.0,0.05,0.31,33.0,0.1700000000000017,0.05,0.31,-0.1700000000000017,0.0,0.36
ASAL,2026-03,75.0,0.0,0.01,25.0,0.0,-0.09,0.0,0.0,0.0,-0.09
ASALCBR,2026-03,62.35,0.33,0.94,37.65,3.0600000000000023,-0.73,0.94,-3.0600000000000023,0.0,0.20999999999999996
ASHAPURMIN,2026-03,48.03,19.51,0.33,51.97,0.28000000000000114,2.960000000000001,-0.04999999999999999,-0.28000000000000114,0.0,2.910000000000001
ASHIANA,2026-03,61.11,8.28,8.07,38.89,0.0,0.5399999999999991,0.3200000000000003,0.0,0.0,0.8599999999999994
ASHIMASYN,2026-03,73.49,0.14,0.0,26.51,0.0,0.11000000000000001,0.0,0.0,0.0,0.11000000000000001
ASHOKA,2026-03,54.48,5.9,14.39,45.52,0.0,-1.58,-0.5499999999999989,0.0,0.0,-2.129999999999999
ASHOKAMET,2026-03,53.65,,,46.35,0.0,,,0.0,0.0,0.0
ASHOKLEY,2026-03,51.51,24.57,13.06,48.49,-0.010000000000005116,0.7199999999999989,-0.8200000000000003,0.010000000000005116,-0.010000000000005116,-0.10000000000000142
ASIANENE,2026-03,60.75,1.34,0.81,39.21,-0.21999999999999886,-1.0199999999999998,0.81,0.3400000000000034,-0.21999999999999886,-0.20999999999999974
ASIANHOTNR,2026-03,,2.58,1.69,100.0,,-3.0599999999999996,-2.02,0.0,,-5.08
ASIANPAINT,2026-03,52.63,12.11,21.81,47.32,0.0,-0.11000000000000121,6.229999999999999,-0.00999999999999801,0.0,6.119999999999997
ASIANTILES,2026-03,38.79,1.05,0.13,61.21,5.269999999999996,-0.3799999999999999,-0.09,-5.270000000000003,-0.060000000000002274,-0.46999999999999986
ASKAUTOLTD,2026-03,74.95,9.29,10.26,25.05,-4.0,-0.6400000000000006,5.31,4.0,-4.0,4.669999999999999
ASMS,2026-03,67.5,1.67,0.22,32.5,-7.5,-2.3000000000000003,0.0,7.5,-5.6299999999999955,-2.3000000000000003
ASPINWALL,2026-03,64.46,,,35.54,0.0,,,0.0,0.0,0.0
ASTEC,2026-03,71.97,0.02,3.34,28.03,1.0999999999999943,0.0,-0.9199999999999999,-1.0999999999999979,-0.45000000000000284,-0.9199999999999999
ASTERDM,2026-03,40.39,17.18,27.57,59.38,0.00999999999999801,-6.440000000000001,2.9400000000000013,0.010000000000005116,0.0,-3.5
ASTRAL,2026-03,54.22,14.5,21.29,45.78,0.11999999999999744,-5.670000000000002,6.529999999999999,-0.11999999999999744,0.0,0.8599999999999977
ASTRAMICRO,2026-03,6.54,7.56,15.42,93.46,0.0,2.26,0.10999999999999943,0.0,0.0,2.369999999999999
ASTRAZEN,2026-03,75.0,2.78,5.8,25.0,0.0,-0.11000000000000032,1.1499999999999995,0.0,0.0,1.0399999999999991
ASTRON,2025-12,25.37,,,74.63,0.0,,,0.0,0.0,0.0
ATALREAL,2026-03,30.15,3.58,,69.85,-2.6799999999999997,0.5800000000000001,,2.6799999999999926,-2.6799999999999997,0.5800000000000001
ATAM,2026-03,52.29,0.17,1.01,47.71,0.0,-0.18999999999999997,1.01,0.0,-0.14999999999999858,0.8200000000000001
ATGL,2026-03,74.8,12.75,6.26,25.2,0.0,-0.47000000000000064,0.02999999999999936,0.0,0.0,-0.4400000000000013
ATHERENERG,2026-03,40.77,17.22,28.98,59.23,-1.3200000000000003,10.219999999999999,5.32,1.3200000000000003,-0.8700000000000045,15.54
ATL,2026-03,67.17,5.34,0.21,32.83,1.3500000000000085,-0.7400000000000002,0.21,-1.3500000000000014,0.0,-0.5300000000000002
ATLANTAA,2026-03,74.67,0.0,,25.33,0.0,0.0,,0.0,0.0,0.0
ATLANTAELE,2026-03,87.27,2.4,4.32,12.73,,,,,0.0,0.0
ATLASCYCLE,2026-03,41.92,,0.01,58.08,0.0,,0.0,0.0,0.0,0.0
ATUL,2026-03,45.22,7.5,25.9,54.78,0.03999999999999915,-2.289999999999999,2.2799999999999976,-0.03999999999999915,0.0,-0.010000000000001563
ATULAUTO,2026-03,42.7,0.84,0.1,57.3,-0.02999999999999403,0.15000000000000002,-0.03,0.02999999999999403,-0.02999999999999403,0.12000000000000002
AUBANK,2026-03,22.76,37.26,31.3,77.24,-0.10999999999999943,1.6799999999999997,4.129999999999999,0.10999999999999943,-0.030000000000001137,5.809999999999999
AURIGROW,2026-03,0.0,,0.0,100.0,0.0,,0.0,0.0,0.0,0.0
AURIONPRO,2026-03,26.88,16.29,1.25,73.12,0.0,1.4799999999999986,-1.4700000000000002,0.0,0.0,0.009999999999998455
AUROPHARMA,2026-03,51.82,15.24,25.87,48.18,0.0,-0.08999999999999986,-0.35999999999999943,0.0,0.0,-0.4499999999999993
AURUM,2026-03,47.41,0.13,0.0,52.59,-2.430000000000007,-0.25,0.0,2.430000000000007,-2.770000000000003,-0.25
AUSOMENT,2026-03,73.7,0.11,,26.3,0.0,0.0,,0.0,0.0,0.0
AUTOAXLES,2026-03,71.04,0.83,15.15,28.96,0.0,0.2899999999999999,1.620000000000001,0.0,0.0,1.910000000000001
AUTOIND,2026-03,32.6,0.34,6.25,67.4,3.4299999999999997,0.26,-10.879999999999999,-3.4299999999999926,0.0,-10.62
AVADHSUGAR,2026-03,60.39,1.76,0.26,39.61,0.0,-0.18999999999999995,-0.97,0.0,0.0,-1.16
AVALON,2026-03,44.42,6.42,26.18,55.58,-6.149999999999999,-0.71,8.86,6.149999999999999,-5.969999999999999,8.149999999999999
AVANTEL,2026-03,37.04,0.55,0.92,62.96,-1.5300000000000011,0.07000000000000006,0.5,1.5300000000000011,-1.4200000000000017,0.5700000000000001
AVANTIFEED,2026-03,43.23,7.63,6.82,56.77,0.0,1.21,1.75,0.0,0.0,2.96
AVG,2026-03,51.2,8.54,1.54,48.8,-1.3099999999999952,0.17999999999999972,-0.050000000000000044,1.3099999999999952,-1.3099999999999952,0.12999999999999967
AVL,2026-03,47.14,16.18,19.58,52.86,-6.089999999999996,-0.4499999999999993,9.709999999999999,6.089999999999996,-5.909999999999997,9.26
AVONMORE,2026-03,58.46,0.06,0.01,41.54,0.0799999999999983,-0.010000000000000009,0.0,-0.0799999999999983,0.0,-0.010000000000000009
AVROIND,2026-04,53.64,6.85,,46.36,-0.4299999999999997,0.6999999999999993,,0.4299999999999997,-0.4299999999999997,0.6999999999999993
AVTNPL,2026-03,75.0,0.03,0.02,25.0,0.0,-0.06,-0.09,0.0,0.0,-0.15
AWFIS,2026-03,17.0,26.36,39.53,83.0,-3.3999999999999986,7.030000000000001,5.550000000000004,3.4000000000000057,-3.299999999999997,12.580000000000005
AWHCL,2026-03,46.09,14.78,3.39,53.88,0.0,3.789999999999999,-1.31,0.030000000000001137,0.0,2.479999999999999
AWL,2026-03,56.94,21.86,8.37,42.61,-17.42,17.55,-0.5400000000000009,17.31,-10.420000000000002,17.009999999999998
AXISBANK,2026-03,8.14,42.05,43.36,91.86,-0.03999999999999915,-1.8900000000000006,2.479999999999997,0.04000000000000625,-0.009999999999999787,0.5899999999999963
AXISCADES,2026-03,58.05,1.15,1.63,41.95,-1.4400000000000048,0.45999999999999996,-0.3999999999999999,1.4400000000000048,-1.2899999999999991,0.06000000000000005
AXITA,2026-03,41.93,5.62,,58.07,0.0,2.98,,0.0,-0.00999999999999801,2.98
AYE,2026-03,,18.66,18.39,99.07,,,,,,0.0
AYMSYNTEX,2026-03,65.86,3.42,0.46,34.14,-0.12999999999999545,-0.33999999999999986,0.43000000000000005,0.13000000000000256,-0.0899999999999892,0.09000000000000019
AZAD,2026-03,55.84,14.75,11.71,44.16,-4.479999999999997,0.5199999999999996,3.4700000000000006,4.479999999999997,-4.899999999999999,3.99
BAFNAPH,2026-03,75.0,9.34,,25.0,0.0,0.8100000000000005,,0.0,0.0,0.8100000000000005
BAGFILMS,2026-03,49.37,,,50.63,2.509999999999998,,,-2.509999999999998,0.0,0.0
BAIDFIN,2026-03,47.39,0.2,,52.61,11.14,-0.08000000000000002,,-11.14,0.0,-0.08000000000000002
BAJAJ-AUTO,2026-03,55.01,8.82,14.47,44.91,-0.030000000000001137,-2.789999999999999,3.4800000000000004,-0.010000000000005116,-0.04999999999999716,0.6900000000000013
BAJAJCON,2026-03,42.97,16.59,14.27,57.03,2.019999999999996,5.99,-4.27,-2.019999999999996,0.0,1.7200000000000006
BAJAJELEC,2026-03,62.69,6.51,16.88,37.31,-0.030000000000001137,-1.2800000000000002,1.0899999999999999,0.030000000000001137,-0.01999999999999602,-0.1900000000000004
BAJAJFINSV,2026-03,58.71,7.24,11.76,41.16,-1.9299999999999997,-0.27999999999999936,2.75,1.9099999999999966,-1.8299999999999983,2.4700000000000006
BAJAJHCARE,2026-03,58.29,1.53,2.91,41.71,-0.8999999999999986,0.48,0.3900000000000001,0.8999999999999986,-0.8999999999999986,0.8700000000000001
BAJAJHFL,2026-03,86.7,0.98,1.18,13.25,-2.049999999999997,-0.14000000000000012,0.45999999999999996,2.0,-2.0,0.31999999999999984
BAJAJHIND,2026-03,13.64,1.01,49.62,86.28,-11.309999999999999,-1.5999999999999999,41.519999999999996,11.370000000000005,-11.309999999999999,39.919999999999995
BAJAJHLDNG,2026-03,51.46,9.62,8.07,48.54,0.0,-0.9400000000000013,0.7800000000000002,0.0,0.0,-0.16000000000000103
BAJAJINDEF,2026-03,69.61,1.57,0.13,30.39,0.0,0.0,0.13,0.0,0.0,0.13
BAJEL,2026-03,62.53,0.51,9.57,37.47,-0.04999999999999716,0.2,-0.02999999999999936,0.04999999999999716,-0.020000000000003126,0.17000000000000065
BAJFINANCE,2026-03,54.7,21.33,15.18,45.22,-0.02999999999999403,-0.13000000000000256,0.3100000000000005,0.04999999999999716,-0.07000000000000028,0.17999999999999794
BALAJEE,2026-03,65.42,0.1,0.48,34.58,0.0,-0.68,-1.31,0.0,0.0,-1.9900000000000002
BALAJITELE,2026-03,31.32,24.58,0.0,68.68,-0.5799999999999983,-0.5500000000000007,0.0,0.5800000000000125,-0.4800000000000004,-0.5500000000000007
BALAMINES,2026-03,54.59,2.98,1.46,45.41,-0.02999999999999403,-2.1,-0.020000000000000018,0.02999999999999403,-0.02999999999999403,-2.12
BALAXI,2026-03,65.99,0.0,2.56,34.01,0.0,-16.02,2.54,0.0,0.0,-13.48
BALKRISHNA,2026-03,59.95,,0.03,40.05,0.0,,0.0,0.0,0.0,0.0
BALKRISIND,2026-03,58.29,11.13,24.26,41.71,0.0,-0.33000000000000007,0.4800000000000004,0.0,0.0,0.15000000000000036
BALMLAWRIE,2026-03,,2.21,1.79,100.0,,-0.3599999999999999,0.0,0.0,,-0.3599999999999999
BALPHARMA,2026-03,50.86,0.14,,49.14,0.0,0.0,,0.0,0.0,0.0
BALRAMCHIN,2026-03,42.85,10.43,27.67,57.15,-0.01999999999999602,-1.58,0.5500000000000007,0.01999999999999602,-0.00999999999999801,-1.0299999999999994
BALUFORGE,2026-03,54.39,6.02,0.89,45.61,-0.46000000000000085,-2.1799999999999997,0.030000000000000027,0.46000000000000085,-0.9499999999999957,-2.1499999999999995
BANARBEADS,2026-03,58.48,0.0,0.0,41.52,0.3399999999999963,-0.04,0.0,-0.3399999999999963,0.0,-0.04
BANARISUG,2026-03,58.7,0.27,0.0,41.3,0.0,0.0,0.0,0.0,0.0,0.0
BANCOINDIA,2026-03,67.88,4.06,0.22,32.12,0.0,0.17999999999999972,0.04000000000000001,0.0,0.0,0.21999999999999972
BANDHANBNK,2026-03,38.98,22.07,22.33,61.02,-1.0,-0.6600000000000001,5.969999999999999,1.0,-0.7600000000000051,5.309999999999999
BANG,2026-03,67.87,,,32.13,0.0,,,0.0,0.0,0.0
BANKA,2026-03,52.07,,,47.93,-0.36999999999999744,,,0.36999999999999744,-0.15000000000000568,0.0
BANKBARODA,2026-03,63.97,9.69,19.01,36.03,0.0,0.7099999999999991,0.7800000000000011,0.0,0.0,1.4900000000000002
BANKINDIA,2026-03,73.38,7.26,13.96,26.62,0.0,3.3699999999999997,-1.9399999999999995,0.0,0.0,1.4300000000000002
BANSALWIRE,2026-03,77.99,0.88,17.05,22.01,0.0,-1.4700000000000002,0.8599999999999994,0.0,0.0,-0.6100000000000008
BANSWRAS,2026-03,54.19,7.91,,45.81,0.0,-0.4499999999999993,,0.0,0.0,-0.4499999999999993
BASF,2026-03,73.33,5.34,6.29,26.67,0.0,1.0999999999999996,0.04999999999999982,0.0,0.0,1.1499999999999995
BASML,2026-03,49.55,0.14,,50.45,0.0,0.14,,0.0,0.0,0.14
BATAINDIA,2026-03,50.16,6.43,28.39,49.84,0.0,-0.5,-1.0700000000000003,0.0,0.0,-1.5700000000000003
BAYERCROP,2018-12,68.7,,,31.32,,,,,-0.010000000000005116,0.0
BBL,2026-03,33.65,4.1,17.95,66.35,-0.03999999999999915,0.3099999999999996,0.6099999999999994,0.03999999999999204,-0.03999999999999915,0.919999999999999
BBOX,2026-03,70.49,3.32,2.38,29.51,-0.04000000000000625,-1.3800000000000003,2.35,0.0400000000000027,-0.18000000000000682,0.9699999999999998
BBTC,2026-03,74.05,9.49,1.46,25.95,0.0,-0.10999999999999943,-0.020000000000000018,0.0,0.0,-0.12999999999999945
BBTCL,2026-03,73.76,,,26.24,2.3299999999999983,,,-2.330000000000002,0.0,0.0
BCG,2026-03,18.38,1.31,0.0,81.62,0.0,-6.6899999999999995,0.0,0.0,0.0,-6.6899999999999995
BCLIND,2026-03,58.23,0.42,0.0,41.77,0.19999999999999574,-0.44,0.0,-0.19999999999999574,0.0,-0.44
BCONCEPTS,2026-03,52.11,0.0,0.24,47.89,3.769999999999996,-0.08,-1.1,-3.769999999999996,-0.25,-1.1800000000000002
BCPL,2026-03,72.87,,,27.13,,,,,,0.0
BDL,2026-03,74.93,2.02,10.97,25.07,0.0,-1.2399999999999998,1.5099999999999998,0.0,0.0,0.27
BEARDSELL,2026-03,52.68,,0.04,47.32,-1.8599999999999994,,-0.019999999999999997,1.8599999999999994,-1.1899999999999977,-0.019999999999999997
BECTORFOOD,2026-03,49.04,10.4,25.21,50.96,0.0,-5.619999999999999,5.68,0.0,0.0,0.0600000000000005
BEDMUTHA,2026-03,57.05,,,42.95,0.0,,,0.0,0.0,0.0
BEL,2026-03,51.14,19.5,19.99,48.86,0.0,1.9400000000000013,-0.8900000000000006,0.0,0.0,1.0500000000000007
BELLACASA,2026-03,58.34,0.0,0.0,41.66,,,,,0.0,0.0
BELRISE,2026-03,66.46,8.87,10.16,33.54,-6.550000000000011,3.5199999999999996,2.09,6.550000000000001,-6.550000000000011,5.609999999999999
BEML,2026-03,54.03,5.59,18.71,45.97,0.0,-1.6799999999999997,0.010000000000001563,0.0,0.0,-1.6699999999999982
BEPL,2026-03,57.47,1.35,0.01,42.53,0.0,-0.17999999999999994,-0.1,0.0,0.0,-0.2799999999999999
BERGEPAINT,2026-03,74.98,4.68,11.71,25.02,0.0,-1.0700000000000003,1.6000000000000014,0.0,0.0,0.5300000000000011
BESTAGRO,2026-03,50.44,5.52,2.11,49.56,0.0,-0.23000000000000043,-0.6400000000000001,0.0,0.0,-0.8700000000000006
BETA,2026-03,64.63,1.16,2.15,35.37,-2.1000000000000085,0.2599999999999999,1.98,2.0999999999999943,-1.8299999999999983,2.2399999999999998
BFINVEST,2026-03,74.13,0.66,0.15,25.87,0.0,-0.07999999999999996,-0.08000000000000002,0.0,0.0,-0.15999999999999998
BFUTILITIE,2026-03,56.72,1.56,0.06,43.28,0.0,-0.1299999999999999,-0.08000000000000002,0.0,0.0,-0.2099999999999999
BGRENERGY,2026-03,51.01,0.11,0.0,48.99,0.0,0.09,-0.14,0.0,0.0,-0.05000000000000002
BHAGCHEM,2026-03,19.6,0.14,3.02,80.4,-0.13999999999999702,0.1,0.1299999999999999,0.14000000000000057,-0.13999999999999702,0.2299999999999999
BHAGERIA,2026-03,71.77,0.44,,28.23,0.01999999999999602,0.42,,-0.019999999999999574,0.0,0.42
BHAGYANGR,2026-03,64.84,0.41,0.0,35.16,-5.700000000000003,0.41,0.0,5.699999999999996,-5.439999999999998,0.41
BHANDARI,2026-03,41.83,,,58.17,10.809999999999999,,,-10.810000000000002,0.0,0.0
BHARATCOAL,2026-03,90.0,0.17,2.06,10.0,,,,,0.0,0.0
BHARATFORG,2026-03,44.07,14.15,32.76,55.93,0.0,-1.92,2.4099999999999966,0.0,0.0,0.48999999999999666
BHARATGEAR,2026-03,55.33,1.41,0.03,44.67,0.00999999999999801,0.1499999999999999,0.0,-0.00999999999999801,0.0,0.1499999999999999
BHARATRAS,2026-03,74.99,0.54,2.14,25.01,0.0,0.050000000000000044,-0.6099999999999999,0.0,0.0,-0.5599999999999998
BHARATSE,2026-03,74.66,0.15,0.22,25.34,0.06999999999999318,0.15,0.11,-0.07000000000000028,0.0,0.26
BHARATWIRE,2026-03,41.27,4.42,0.32,58.73,-0.0799999999999983,1.5899999999999999,-2.2800000000000002,0.0799999999999983,-0.0799999999999983,-0.6900000000000004
BHARTIARTL,2026-03,48.87,27.8,20.65,51.09,-3.5500000000000043,2.379999999999999,1.2999999999999972,3.5800000000000054,-1.4000000000000057,3.679999999999996
BHARTIHEXA,2026-03,70.0,3.69,10.6,30.0,0.0,-0.6400000000000001,0.6399999999999988,0.0,0.0,-1.3322676295501878e-15
BHEL,2026-03,58.17,7.23,23.98,41.83,-5.0,0.040000000000000036,7.629999999999999,5.0,-5.0,7.669999999999999
BIGBLOC,2026-03,72.81,0.21,,27.19,0.18000000000000682,-0.03,,-0.17999999999999972,0.0,-0.03
BIKAJI,2026-03,73.88,4.68,17.28,26.12,-1.0400000000000063,-2.6400000000000006,5.080000000000002,1.0400000000000027,-1.0,2.4400000000000013
BIL,2026-03,61.17,7.46,0.25,38.83,1.2800000000000011,-0.27000000000000046,0.25,-1.2800000000000011,0.0,-0.020000000000000462
BIOCON,2026-03,44.91,7.52,24.07,55.0,-9.540000000000006,0.5199999999999996,2.620000000000001,9.630000000000003,-9.540000000000006,3.1400000000000006
BIOFILCHEM,2026-03,46.79,,0.08,53.21,-0.030000000000001137,,0.0,0.030000000000001137,-0.030000000000001137,0.0
BIRLACABLE,2026-03,66.35,,0.01,33.65,0.0,,0.0,0.0,0.0,0.0
BIRLACORPN,2026-03,62.9,6.27,16.72,37.1,0.0,0.0,1.1199999999999992,0.0,0.0,1.1199999999999992
BIRLAMONEY,2026-03,73.53,0.03,,26.47,0.0,0.009999999999999998,,0.0,0.0,0.009999999999999998
BIRLANU,2026-03,40.57,2.87,0.06,59.43,0.0,1.4700000000000002,-0.04000000000000001,0.0,0.0,1.4300000000000002
BLACKBUCK,2026-03,25.05,32.46,10.83,74.95,-2.6499999999999986,20.87,0.5600000000000005,2.6500000000000057,-2.0700000000000003,21.43
BLAL,2026-03,54.03,0.01,8.21,45.97,0.0,0.0,0.0,0.0,0.0,0.0
BLBLIMITED,2026-03,45.77,0.04,,54.23,4.770000000000003,0.04,,-4.770000000000003,0.0,0.04
BLISSGVS,2026-03,35.36,10.45,5.04,64.64,0.07000000000000028,-2.7300000000000004,-1.5099999999999998,-0.06999999999999318,-0.04999999999999716,-4.24
BLKASHYAP,2026-03,61.72,0.29,0.18,38.28,0.04999999999999716,-0.43,-0.75,-0.04999999999999716,0.00999999999999801,-1.18
BLS,2026-03,70.39,6.14,2.99,29.56,0.010000000000005116,-3.8,0.7300000000000004,-0.019999999999999574,0.0,-3.0699999999999994
BLSE,2026-03,69.81,0.45,0.01,29.97,0.9200000000000017,0.030000000000000027,-0.01,-1.1400000000000006,0.0,0.020000000000000025
BLUECHIP,2025-12,11.25,,,88.75,0.0,,,0.0,0.0,0.0
BLUECOAST,2026-03,71.37,,,28.63,0.0,,,0.0,0.0,0.0
BLUEDART,2026-03,75.0,3.42,14.53,25.0,0.0,-2.04,1.5,0.0,0.0,-0.54
BLUEJET,2026-03,79.81,0.88,4.51,20.19,-6.189999999999998,-1.4100000000000001,3.1799999999999997,6.190000000000001,-6.189999999999998,1.7699999999999996
BLUESTARCO,2026-03,36.49,13.8,27.79,63.5,0.020000000000003126,-3.1400000000000006,4.649999999999999,-0.030000000000001137,0.0,1.509999999999998
BLUESTONE,2026-03,16.27,34.19,33.91,83.73,,,,,-0.08999999999999986,0.0
BLUSPRING,2026-03,58.17,5.71,8.71,41.83,1.1900000000000048,-9.190000000000001,-0.40999999999999837,-1.1900000000000048,-0.07000000000000028,-9.6
BMWVENTLTD,2026-03,73.02,,1.27,26.98,,,,,0.0,0.0
BODALCHEM,2026-03,57.0,0.15,0.0,43.0,-0.3200000000000003,-0.17,0.0,0.3200000000000003,-0.3200000000000003,-0.17
BOHRAIND,2026-03,38.01,,,61.99,11.579999999999998,,,-11.579999999999991,-9.93,0.0
BOMDYEING,2026-03,53.57,1.04,0.99,46.43,-0.00999999999999801,-0.53,-0.41999999999999993,0.00999999999999801,-0.00999999999999801,-0.95
BONLON,2026-03,71.21,,,28.79,,,,,4.469999999999999,0.0
BORANA,2026-03,65.24,2.63,2.65,34.76,0.0,-2.2,-9.27,0.0,0.0,-11.469999999999999
BOROLTD,2026-03,64.69,0.34,6.18,35.31,0.03999999999999204,0.050000000000000044,-0.08999999999999986,-0.03999999999999915,-0.020000000000010232,-0.039999999999999813
BORORENEW,2026-03,58.77,4.27,2.32,41.23,-3.1599999999999966,-0.35000000000000053,1.5999999999999999,3.1599999999999966,-3.0600000000000023,1.2499999999999993
BOROSCI,2026-03,68.08,0.09,0.27,31.92,0.2600000000000051,-0.15,0.25,-0.259999999999998,-0.009999999999990905,0.1
BOSCH-HCIL,2026-03,82.22,0.67,1.18,17.78,7.969999999999999,-0.57,-5.78,-7.969999999999999,0.0,-6.3500000000000005
BOSCHLTD,2026-03,70.54,7.22,15.06,29.46,0.0,1.12,-0.9500000000000011,0.0,0.0,0.16999999999999904
BPCL,2026-03,52.98,19.58,18.53,47.02,0.0,4.999999999999998,-3.7099999999999973,0.0,0.0,1.290000000000001
BPL,2026-03,63.13,0.03,0.0,36.87,0.0,0.0,0.0,0.0,0.0,0.0
BRIGADE,2026-03,41.11,16.75,24.74,58.89,-0.030000000000001137,-3.460000000000001,1.8699999999999974,0.030000000000001137,-0.010000000000005116,-1.5900000000000034
BRIGHOTEL,2026-03,74.09,0.67,20.03,25.91,,,,,0.0,0.0
BRITANNIA,2026-03,50.55,15.63,18.87,49.45,0.0,-0.08999999999999986,0.6099999999999994,0.0,0.0,0.5199999999999996
BRNL,2026-03,51.97,0.0,0.11,48.03,0.0,0.0,0.0,0.0,0.0,0.0
BROOKS,2026-03,52.62,0.17,10.38,47.38,0.0,0.12000000000000001,0.0,0.0,0.0,0.12000000000000001
BSE,2024-09,0.0,13.01,11.68,77.09,0.0,4.24,11.14,2.950000000000003,0.0,15.38
BSHSL,2026-03,73.85,0.0,,26.15,0.0,-0.01,,0.0,0.0,-0.01
BSL,2026-03,56.72,,1.62,43.28,0.0,,0.0,0.0,0.0,0.0
BSOFT,2026-03,40.39,13.65,23.35,59.61,-0.240000000000002,1.9700000000000006,-1.1799999999999997,0.25,-0.11999999999999744,0.7900000000000009
BTML,2026-03,24.27,0.39,9.33,75.73,-0.16000000000000014,-3.4699999999999998,0.5299999999999994,0.1600000000000108,-0.16000000000000014,-2.9400000000000004
BUILDPRO,2026-03,40.18,10.97,12.13,59.82,,,,,0.0,0.0
BUTTERFLY,2026-03,75.0,0.01,0.43,25.0,0.0,0.0,-2.03,0.0,0.0,-2.03
BVCL,2026-03,54.12,,,45.88,-0.9299999999999997,,,0.9299999999999997,-0.5100000000000051,0.0
BYKE,2026-03,42.25,2.6,,57.75,0.0,0.45999999999999996,,0.0,0.0,0.45999999999999996
CALSOFT,2026-03,62.26,,0.0,37.74,0.0,,0.0,0.0,0.0,0.0
CAMLINFINE,2026-03,48.03,0.94,7.7,51.97,-1.0700000000000003,-1.94,3.5600000000000005,1.0700000000000003,-1.0499999999999972,1.6200000000000006
CAMPUS,2026-03,72.1,6.07,11.6,27.9,-0.04000000000000625,-0.54,0.4800000000000004,0.03999999999999915,-0.010000000000005116,-0.05999999999999961
CAMS,2026-03,,44.44,22.06,100.0,,-10.560000000000002,5.349999999999998,0.0,,-5.210000000000004
CANBK,2026-03,62.93,14.24,10.9,37.07,0.0,3.130000000000001,-0.8200000000000003,0.0,0.0,2.3100000000000005
CANFINHOME,2026-03,29.99,13.37,24.61,70.01,0.0,1.2299999999999986,-0.05000000000000071,0.0,0.0,1.179999999999998
CANHLIFE,2026-03,62.0,5.68,29.79,37.74,,,,,0.0,0.0
CANTABIL,2026-03,74.46,2.17,1.03,25.54,0.36999999999999034,-2.7,0.040000000000000036,-0.370000000000001,0.0,-2.66
CAPACITE,2026-03,31.69,14.96,7.82,68.31,0.0,1.6400000000000006,0.0,0.0,0.0,1.6400000000000006
CAPILLARY,2026-03,52.23,3.43,18.6,47.77,,,,,-0.05000000000000426,0.0
CAPITALSFB,2026-03,18.01,0.55,28.06,81.99,-0.759999999999998,-0.74,-3.8000000000000007,0.7599999999999909,-0.7899999999999991,-4.540000000000001
CAPLIPOINT,2026-03,70.57,6.15,2.14,29.43,0.009999999999990905,0.41999999999999993,0.13000000000000034,-0.010000000000001563,0.0,0.5500000000000003
CAPTRUST,2026-03,54.13,8.3,0.0,45.45,0.0,-8.349999999999998,0.0,0.4200000000000017,0.0,-8.349999999999998
CARBORUNIV,2026-03,38.89,10.73,29.45,61.11,-0.9299999999999997,-2.2799999999999994,1.2699999999999996,0.9299999999999997,-0.8599999999999994,-1.0099999999999998
CARERATING,2026-03,,23.25,31.39,100.0,,-0.48999999999999844,2.0100000000000016,0.0,,1.5200000000000031
CARRARO,2026-03,68.77,3.01,17.53,31.23,0.0,-1.0099999999999998,0.5,0.0,0.0,-0.5099999999999998
CARTRADE,2026-03,,60.14,12.07,100.0,,-0.8200000000000003,-3.289999999999999,0.0,,-4.109999999999999
CARYSIL,2026-03,41.33,1.59,11.73,58.67,-0.03999999999999915,0.33000000000000007,0.16999999999999993,0.03999999999999915,-0.03999999999999915,0.5
CASTROLIND,2026-03,51.0,8.48,14.66,49.0,0.0,-2.17,0.08000000000000007,0.0,0.0,-2.09
CCAVENUE,2026-03,27.29,5.75,0.22,72.27,-0.07000000000000028,-0.6299999999999999,0.04000000000000001,0.06999999999999318,-0.05999999999999872,-0.5899999999999999
CCCL,2026-03,60.05,0.04,8.93,39.95,0.0,0.02,0.0,0.0,0.0,0.02
CCHHL,2026-03,73.8,0.49,,26.2,0.0,0.0,,0.0,0.0,0.0
CCL,2026-03,46.11,11.24,21.43,53.64,0.01999999999999602,1.040000000000001,0.5500000000000007,-0.269999999999996,0.0,1.5900000000000016
CDSL,2026-03,15.0,11.36,14.42,85.0,0.0,0.019999999999999574,-0.9900000000000002,0.0,0.0,-0.9700000000000006
CEATLTD,2026-03,47.29,16.55,20.89,52.44,0.0799999999999983,1.2800000000000011,-0.629999999999999,-0.3500000000000014,0.0,0.6500000000000021
CEIGALL,2026-03,82.06,3.14,5.37,17.94,0.0,1.6700000000000002,-2.8600000000000003,0.0,0.0,-1.1900000000000002
CEINSYS,2026-03,50.87,10.06,0.24,49.13,,,,,0.1699999999999946,0.0
CELEBRITY,2026-03,33.15,12.99,,66.85,-0.3200000000000003,-1.33,,0.3199999999999932,-0.2700000000000031,-1.33
CELLO,2026-03,75.0,5.52,12.73,25.0,0.0,-0.9900000000000002,-1.0700000000000003,0.0,0.0,-2.0600000000000005
CEMPRO,2026-03,67.46,7.31,1.94,32.54,20.819999999999993,-6.64,-4.210000000000001,-20.82,0.0,-10.850000000000001
CENTENKA,2026-03,24.86,2.06,11.04,75.14,0.0,-0.6400000000000001,1.7899999999999991,0.0,0.0,1.149999999999999
CENTEXT,2026-03,52.04,0.14,0.01,47.96,0.0,-0.09999999999999998,0.0,0.0,0.0,-0.09999999999999998
CENTRALBK,2026-03,89.27,0.75,4.82,10.73,0.0,-0.51,-1.0499999999999998,0.0,0.0,-1.5599999999999998
CENTRUM,2026-03,39.44,1.22,3.64,58.03,0.9499999999999957,0.52,,-0.4200000000000017,-3.6499999999999986,0.52
CENTUM,2026-03,46.88,2.37,21.51,53.12,-4.640000000000001,1.52,5.720000000000002,4.640000000000001,-4.530000000000001,7.240000000000002
CENTURYPLY,2026-03,71.83,4.1,19.16,28.17,-0.8100000000000023,-0.5100000000000007,1.5700000000000003,0.8100000000000023,-0.8100000000000023,1.0599999999999996
CERA,2026-03,54.41,14.19,14.18,45.55,0.0,-6.4,7.25,-0.010000000000005116,0.0,0.8499999999999996
CEREBRAINT,2026-03,0.84,0.0,0.01,99.16,0.0,0.0,0.0,0.0,0.0,0.0
CESC,2026-03,52.11,11.61,26.23,47.89,0.0,0.5999999999999996,1.129999999999999,0.0,0.0,1.7299999999999986
CEWATER,2026-03,51.43,1.28,7.25,48.57,0.03999999999999915,-0.31000000000000005,-8.17,-0.03999999999999915,0.0,-8.48
CGCL,2026-03,59.92,5.62,20.11,40.08,-9.950000000000003,4.640000000000001,5.59,9.95,-9.920000000000002,10.23
CGPOWER,2026-03,56.36,12.03,18.08,43.64,-1.6899999999999977,-0.6600000000000001,3.849999999999998,1.6899999999999977,-1.6699999999999946,3.1899999999999977
CHALET,2026-03,67.29,4.7,24.57,32.71,-0.11999999999999034,-0.54,0.629999999999999,0.11999999999999744,-0.060000000000002274,0.08999999999999897
CHAMBLFERT,2026-03,61.25,15.11,5.38,38.75,0.8500000000000014,-5.080000000000002,0.79,-0.8500000000000014,0.0799999999999983,-4.290000000000002
CHEMBOND,2026-03,68.08,0.61,0.74,31.92,0.4299999999999926,0.0,-0.5800000000000001,-0.4299999999999997,0.0,-0.5800000000000001
CHEMBONDCH,2026-03,67.98,0.66,2.06,32.02,0.3299999999999983,0.030000000000000027,1.08,-0.3299999999999983,0.0,1.11
CHEMCON,2026-03,74.47,0.38,,25.53,0.0,0.06,,0.0,0.0,0.06
CHEMFAB,2026-03,72.13,0.04,0.11,27.87,-0.05000000000001137,0.010000000000000002,-0.16000000000000003,0.05000000000000071,-0.05000000000001137,-0.15000000000000002
CHEMPLASTS,2026-03,54.99,12.48,25.62,45.01,0.0,-0.7899999999999991,-0.18999999999999773,0.0,0.0,-0.9799999999999969
CHENNPETRO,2026-03,67.29,12.59,2.11,32.71,0.0,2.01,-0.13000000000000034,0.0,0.0,1.8799999999999994
CHEVIOT,2026-03,74.88,0.28,0.15,25.12,0.0,-0.02999999999999997,0.0,0.0,0.0,-0.02999999999999997
CHOICEIN,2026-03,53.65,11.41,0.35,46.35,-2.780000000000001,-2.5600000000000005,0.15999999999999998,2.780000000000001,-2.0500000000000043,-2.4000000000000004
CHOLAFIN,2026-03,49.25,24.87,19.91,50.75,-0.6700000000000017,-3.3599999999999994,4.42,0.6700000000000017,-0.46999999999999886,1.0600000000000005
CHOLAHLDNG,2026-03,46.38,13.8,26.1,53.62,-0.07000000000000028,-3.870000000000001,4.300000000000001,0.07000000000000028,-0.03999999999999915,0.4299999999999997
CIEINDIA,2026-03,65.7,4.73,21.32,34.3,0.0,0.3600000000000003,0.41000000000000014,0.0,0.0,0.7700000000000005
CIFL,2026-03,72.59,0.03,,27.41,-0.35999999999999943,-0.1,,0.35999999999999943,-0.25,-0.1
CIGNITITEC,2026-03,54.0,10.43,11.58,46.0,-1.1599999999999966,0.6899999999999995,0.9900000000000002,1.1599999999999966,-1.0399999999999991,1.6799999999999997
CINELINE,2026-03,69.6,2.19,,30.4,0.0,1.0799999999999998,,0.0,0.0,1.0799999999999998
CINEVISTA,2026-03,67.49,,,32.51,0.05999999999998806,,,-0.060000000000002274,0.0,0.0
CIPLA,2026-03,29.21,22.56,31.97,70.79,0.010000000000001563,-3.7200000000000024,3.8200000000000003,-0.009999999999990905,-0.00999999999999801,0.09999999999999787
CLEAN,2026-03,51.29,13.39,17.14,48.71,-23.68,7.32,11.38,23.68,-24.0,18.700000000000003
CLEANMAX,2026-03,49.48,29.8,14.75,50.52,,,,,,0.0
CLEDUCATE,2026-03,51.78,7.89,,48.22,-1.3799999999999955,-0.22999999999999954,,1.3799999999999955,-1.3799999999999955,-0.22999999999999954
CLSEL,2026-03,74.05,3.09,1.58,25.95,0.0,1.08,-1.04,0.0,0.0,0.040000000000000036
CMPDI,2026-03,85.0,1.21,11.21,15.0,,,,,,0.0
CMSINFO,2026-03,,24.97,35.17,100.0,,-12.829999999999998,8.720000000000002,0.0,,-4.109999999999996
CNL,2026-03,56.62,0.22,1.08,43.38,0.01999999999999602,-0.76,0.1200000000000001,-0.01999999999999602,0.0,-0.6399999999999999
COALINDIA,2026-03,63.13,8.38,22.75,36.87,0.0,0.6400000000000006,-0.6000000000000014,0.0,0.0,0.03999999999999915
COASTCORP,2026-03,42.29,1.04,1.03,57.71,0.0799999999999983,0.10000000000000009,1.03,-0.0799999999999983,-0.00999999999999801,1.1300000000000001
COCHINSHIP,2026-03,67.91,3.1,6.05,32.09,0.0,0.22999999999999998,-0.7700000000000005,0.0,0.0,-0.5400000000000005
COFFEEDAY,2026-03,7.83,0.85,2.38,92.17,-0.3800000000000008,0.21999999999999997,1.2,0.37999999999999545,-0.3800000000000008,1.42
COFORGE,2026-04,,23.32,44.43,100.0,,-14.100000000000001,-7.899999999999999,0.0,,-22.0
COHANCE,2026-03,57.49,5.59,21.79,42.51,-8.919999999999995,-1.79,10.77,8.919999999999995,-8.919999999999995,8.98
COLPAL,2026-03,51.0,13.6,15.53,49.0,0.0,-8.62,7.41,0.0,0.0,-1.209999999999999
COMPINFO,2026-03,42.65,,0.0,57.35,0.0,,0.0,0.0,0.0,0.0
COMPUSOFT,2026-03,71.49,,0.02,28.51,0.6099999999999994,,0.0,-0.6099999999999994,0.010000000000005116,0.0
COMSYN,2026-03,59.18,0.17,0.09,40.82,0.39000000000000057,0.17,0.09,-0.39000000000000057,0.0,0.26
CONCOR,2026-03,54.8,8.32,29.77,45.2,0.0,-4.42,3.66,0.0,0.0,-0.7599999999999998
CONCORDBIO,2026-03,44.08,7.8,9.22,55.92,0.0,-1.5499999999999998,0.0600000000000005,0.0,0.0,-1.4899999999999993
CONFIPET,2026-03,55.89,0.48,0.01,44.11,0.0,-2.23,-0.09000000000000001,0.0,0.0,-2.32
CONSOFINVT,2026-03,74.89,2.58,0.02,25.11,0.0,-1.71,0.0,0.0,0.0,-1.71
CONTROLPR,2026-03,52.98,3.15,0.22,47.02,0.0,-0.3200000000000003,-0.36,0.0,0.0,-0.6800000000000003
CORALFINAC,2026-03,74.96,0.7,,25.04,-0.04000000000000625,0.0,,0.03999999999999915,-0.04000000000000625,0.0
CORDSCABLE,2026-03,52.45,1.42,0.56,47.55,0.5300000000000011,0.10999999999999988,0.54,-0.5300000000000011,0.0,0.6499999999999999
COROMANDEL,2026-03,56.35,13.02,18.2,43.47,-0.6099999999999994,2.41,-0.7800000000000011,0.4299999999999997,-0.509999999999998,1.629999999999999
CORONA,2026-03,69.0,2.25,7.02,31.0,,,,,0.0,0.0
COSMOFIRST,2026-03,40.78,2.13,1.13,58.11,-0.19999999999999574,-0.9900000000000002,1.0299999999999998,0.7299999999999969,-0.11999999999999744,0.03999999999999959
COUNCODOS,2026-03,53.86,0.11,,46.14,0.0,0.11,,0.0,0.0,0.11
CPCAP,2026-03,63.8,0.05,2.91,36.2,0.11999999999999744,-0.12000000000000001,2.91,-0.11999999999999744,0.0,2.79
CPEDU,2026-03,63.7,0.07,2.42,36.3,,,,,0.0,0.0
CPPLUS,2026-03,74.74,5.72,14.75,25.26,,,,,-2.1700000000000017,0.0
CRAFTSMAN,2026-03,48.7,15.19,28.29,51.3,0.0,-0.45000000000000107,5.57,0.0,0.0,5.119999999999999
CRAMC,2026-03,75.0,1.72,10.18,25.0,,,,,0.0,0.0
CREATIVEYE,2026-03,56.26,,,43.74,0.0,,,0.0,0.0,0.0
CREDITACC,2026-03,66.24,12.94,12.59,33.76,-0.19000000000001194,1.5599999999999987,-0.08999999999999986,0.18999999999999773,-0.09000000000000341,1.4699999999999989
CREST,2026-03,69.75,1.71,,29.61,0.29000000000000625,0.20999999999999996,,-0.03999999999999915,0.0,0.20999999999999996
CRISIL,2026-03,66.64,7.18,12.61,33.36,0.0,-0.5100000000000007,0.22999999999999865,0.0,0.0,-0.280000000000002
CRIZAC,2026-03,79.94,2.29,3.48,20.06,0.0,-0.7000000000000002,-3.56,0.0,0.0,-4.26
CROMPTON,2026-03,,20.49,66.12,100.0,,-9.850000000000001,9.080000000000005,0.0,,-0.769999999999996
CROWN,2026-03,67.82,,,32.18,-0.4700000000000131,,,0.46999999999999886,-1.740000000000009,0.0
CSBBANK,2026-03,40.0,12.84,15.22,57.69,0.0,-0.23000000000000043,-1.6599999999999984,0.0899999999999963,0.0,-1.8899999999999988
CSLFINANCE,2026-03,47.66,0.16,2.91,51.04,0.09999999999999432,-0.6699999999999999,2.35,0.03999999999999915,0.0,1.6800000000000002
CTE,2026-03,55.75,,,42.31,4.840000000000003,,,-4.839999999999996,0.0,0.0
CUB,2026-03,,23.37,40.74,100.0,,-4.66,7.670000000000002,0.0,,3.0100000000000016
CUBEXTUB,2026-03,44.42,0.19,0.32,55.58,0.0,0.19,0.0,0.0,0.0,0.19
CUMMINSIND,2026-03,51.0,20.78,19.55,49.0,0.0,3.5700000000000003,-3.3900000000000006,0.0,0.0,0.17999999999999972
CUPID,2026-03,45.95,0.91,0.08,54.05,3.4299999999999997,-0.7199999999999999,-0.03,-3.4299999999999997,0.0,-0.7499999999999999
CURAA,2026-03,74.95,,0.03,25.05,-6.409999999999997,,0.0,6.41,-6.159999999999997,0.0
CYBERMEDIA,2026-04,66.57,,,33.43,0.0,,,0.0,0.0,0.0
CYBERTECH,2026-03,36.97,0.16,0.0,63.03,0.5399999999999991,-0.03,0.0,-0.5399999999999991,0.0,-0.03
CYIENT,2026-03,23.28,15.32,40.97,76.13,-0.00999999999999801,-8.530000000000001,6.850000000000001,0.20999999999999375,-0.00999999999999801,-1.6799999999999997
CYIENTDLM,2026-03,52.12,0.79,26.67,47.88,-0.03999999999999915,-1.5899999999999999,-1.9799999999999969,0.03999999999999915,-0.03999999999999915,-3.5699999999999967
DABUR,2026-03,66.25,9.98,18.56,33.75,-0.01999999999999602,-2.6999999999999993,2.869999999999999,0.020000000000003126,-0.04999999999999716,0.16999999999999993
DALBHARAT,2026-03,55.84,7.15,20.25,44.16,0.0,-1.129999999999999,3.8200000000000003,0.0,0.0,2.6900000000000013
DALMIASUG,2026-03,74.91,0.72,0.13,25.09,0.0,-0.030000000000000027,0.07,0.0,0.0,0.03999999999999998
DAMCAPITAL,2026-03,40.0,2.19,8.06,60.0,0.0,-1.12,-3.09,0.0,0.0,-4.21
DAMODARIND,2026-03,70.17,,0.01,29.83,-0.1599999999999966,,0.0,0.1599999999999966,-0.06999999999999318,0.0
DANGEE,2026-03,55.68,,,44.32,0.0,,,0.0,0.0,0.0
DATAMATICS,2026-03,66.33,0.48,0.11,33.67,0.0,-0.6599999999999999,-0.09000000000000001,0.0,0.0,-0.7499999999999999
DATAPATTNS,2026-03,42.41,12.48,11.68,57.59,0.0,-0.2699999999999996,4.31,0.0,0.0,4.04
DAVANGERE,2026-03,41.78,6.99,,58.22,-10.54,6.99,,10.54,-6.229999999999997,6.99
DBCORP,2026-03,74.5,12.05,4.19,25.5,1.5499999999999972,-1.0199999999999996,0.11000000000000032,-1.5500000000000007,0.25,-0.9099999999999993
DBEIL,2026-03,72.03,0.16,9.07,27.97,-0.46999999999999886,0.08,5.93,0.46999999999999886,-0.46999999999999886,6.01
DBL,2026-03,63.14,1.97,6.09,36.86,-7.010000000000005,-1.16,-0.5099999999999998,7.009999999999998,-7.010000000000005,-1.6699999999999997
DBOL,2026-03,50.65,0.54,0.79,48.45,-0.13000000000000256,0.0,0.34,-0.769999999999996,-0.13000000000000256,0.34
DBREALTY,2026-03,47.17,5.07,0.29,52.83,-0.19999999999999574,0.40000000000000036,-0.09000000000000002,0.19999999999999574,-0.28000000000000114,0.31000000000000033
DBSTOCKBRO,2026-03,41.17,,,58.83,-0.4899999999999949,,,0.4899999999999949,-0.4899999999999949,0.0
DCAL,2026-03,59.32,7.45,1.63,40.68,0.0,-2.04,0.3699999999999999,0.0,0.0,-1.6700000000000002
DCBBANK,2026-03,16.23,12.64,32.8,83.77,1.5300000000000011,3.0,3.6199999999999974,-1.5300000000000011,-0.02999999999999936,6.619999999999997
DCI,2026-03,62.2,1.28,,37.8,-1.5499999999999972,0.14000000000000012,,1.5499999999999972,-1.5499999999999972,0.14000000000000012
DCM,2026-03,50.1,0.0,3.36,49.9,0.46000000000000085,0.0,0.0,-0.46000000000000085,0.0,0.0
DCMFINSERV,2026-03,39.5,0.0,6.18,60.5,0.0,0.0,0.0,0.0,0.0,0.0
DCMNVL,2026-03,50.11,0.55,1.58,49.89,0.0,-0.2699999999999999,-0.07999999999999985,0.0,0.0,-0.34999999999999976
DCMSHRIRAM,2026-03,66.52,3.97,8.56,32.78,0.0,-0.12999999999999945,0.8000000000000007,0.09000000000000341,0.0,0.6700000000000013
DCMSIL,2026-03,50.11,1.49,12.7,49.89,,,,,0.0,0.0
DCMSRIND,2026-03,50.11,1.17,12.83,49.89,0.0,-0.6600000000000001,0.4399999999999995,0.0,0.0,-0.22000000000000064
DCW,2026-03,45.44,6.71,0.02,54.56,0.6299999999999955,-3.3400000000000007,0.0,-0.6299999999999955,-0.19000000000000483,-3.3400000000000007
DCXINDIA,2026-03,52.16,0.83,2.91,47.84,-4.690000000000005,-0.32999999999999996,-1.13,4.690000000000005,-4.690000000000005,-1.46
DDEVPLSTIK,2026-03,75.0,0.9,0.64,25.0,0.0,0.88,0.13,0.0,0.0,1.01
DECCANCE,2026-03,56.25,14.3,0.78,43.75,0.0,4.0,0.0,0.0,0.0,4.0
DEEDEV,2026-03,70.18,0.98,13.91,29.82,-0.10999999999999943,0.32999999999999996,-3.5199999999999996,0.10999999999999943,-0.0800000000000125,-3.1899999999999995
DEEPAKFERT,2026-03,45.63,10.31,13.24,54.37,0.0,-0.4299999999999997,1.92,0.0,0.0,1.4900000000000002
DEEPAKNTR,2026-03,49.33,6.19,23.47,50.67,0.04999999999999716,-0.45999999999999996,0.25,-0.04999999999999716,0.0,-0.20999999999999996
DEEPINDS,2026-03,63.49,1.81,1.12,36.51,0.0,-0.3700000000000001,-0.04999999999999982,0.0,0.0,-0.41999999999999993
DELHIVERY,2026-03,,48.22,36.26,100.0,,-3.770000000000003,6.229999999999997,0.0,,2.4599999999999937
DELPHIFX,2026-03,61.32,0.02,0.0,38.68,-13.68,,,13.68,-13.68,0.0
DELTACORP,2026-03,34.47,1.62,0.24,65.53,0.8100000000000023,0.14000000000000012,-7.51,-0.8100000000000023,0.0,-7.369999999999999
DELTAMAGNT,2026-03,72.12,,0.08,27.88,0.0,,0.0,0.0,0.0,0.0
DEN,2026-03,74.9,0.45,0.14,25.0,0.0,-0.36999999999999994,0.0,0.0,0.0,-0.36999999999999994
DENORA,2026-03,53.68,0.72,0.22,46.32,0.0,0.58,0.0,0.0,0.0,0.58
DENTA,2026-03,71.91,0.01,0.33,28.09,0.0,-1.8699999999999999,-4.78,0.0,0.0,-6.65
DEVIT,2026-03,41.58,0.33,,58.42,-25.049999999999997,-0.12,,25.050000000000004,-25.049999999999997,-0.12
DEVX,2026-03,36.81,1.43,4.94,63.19,,,,,0.0,0.0
DEVYANI,2026-03,61.36,6.13,19.33,38.64,-1.3599999999999994,-4.330000000000001,2.4599999999999973,1.3599999999999994,-1.1999999999999957,-1.8700000000000037
DGCONTENT,2026-03,66.81,,0.05,32.9,0.0,,0.0,0.0,0.0,0.0
DHAMPURSUG,2026-03,49.87,2.41,0.83,50.13,0.769999999999996,0.44000000000000017,0.36,-0.769999999999996,0.0,0.8000000000000002
DHANBANK,2026-03,,15.42,0.05,100.0,,0.16000000000000014,0.0,0.0,,0.16000000000000014
DHANUKA,2026-03,69.71,1.93,19.43,30.29,-0.6099999999999994,-0.26,1.370000000000001,0.6099999999999994,-0.44999999999998863,1.110000000000001
DHARMAJ,2026-03,70.4,3.13,0.47,29.6,0.0,-1.0099999999999998,0.0,0.0,0.0,-1.0099999999999998
DHRUV,2026-03,49.44,2.24,,50.56,0.01999999999999602,0.10000000000000009,,-0.01999999999999602,0.0,0.10000000000000009
DHUNINV,2026-03,74.95,0.1,0.04,25.05,0.0,-0.01999999999999999,0.0,0.0,0.0,-0.01999999999999999
DIACABS,2026-03,84.02,0.36,0.07,15.98,-5.980000000000004,0.32,0.07,5.98,-5.980000000000004,0.39
DIAMINESQ,2026-03,57.4,0.08,0.02,42.6,2.219999999999999,0.06,-0.02,-2.219999999999999,0.0,0.039999999999999994
DIAMONDYD,2026-03,55.59,4.78,7.21,44.41,0.6700000000000017,-2.0599999999999996,-1.2999999999999998,-0.6700000000000017,-0.060000000000002274,-3.3599999999999994
DICIND,2026-03,71.75,,0.0,28.25,0.0,,0.0,0.0,0.0,0.0
DIFFNKG,2026-03,69.76,0.41,8.13,29.44,0.060000000000002274,0.38999999999999996,-0.8399999999999999,-0.8599999999999994,0.0,-0.4499999999999999
DIGIDRIVE,2026-03,61.75,0.01,0.0,38.01,2.9200000000000017,-2.9600000000000004,-0.62,-2.9200000000000017,0.0,-3.5800000000000005
DIGISPICE,2026-03,72.7,0.0,0.0,27.3,-0.2599999999999909,-0.04,0.0,0.26000000000000156,-0.19999999999998863,-0.04
DIGITIDE,2026-03,57.37,7.7,11.62,42.63,0.39000000000000057,-7.2,2.5,-0.39000000000000057,0.0,-4.7
DIGJAMLMTD,2026-03,75.0,1.79,1.22,25.0,0.0,0.0,-0.020000000000000018,0.0,0.0,-0.020000000000000018
DISHTV,2026-03,4.06,8.94,2.5,95.94,0.019999999999999574,-3.120000000000001,-0.020000000000000018,-0.01999999999999602,0.0,-3.140000000000001
DIVGIITTS,2026-03,60.56,1.97,25.97,39.44,0.010000000000005116,0.21999999999999997,0.0799999999999983,-0.010000000000005116,0.0,0.29999999999999827
DIVISLAB,2026-03,51.88,20.29,19.22,48.12,-0.00999999999999801,2.2799999999999976,-1.490000000000002,0.00999999999999801,-0.00999999999999801,0.7899999999999956
DIXON,2026-03,28.68,18.29,28.15,71.32,-3.5900000000000034,-3.5199999999999996,5.079999999999998,3.589999999999989,-3.320000000000004,1.5599999999999987
DJML,2026-03,56.17,0.05,,43.83,-0.18999999999999773,-0.5,,0.18999999999999773,-0.8399999999999963,-0.5
DLF,2026-03,74.08,13.54,6.94,25.92,0.0,-2.7300000000000004,2.2200000000000006,0.0,0.0,-0.5099999999999998
DLINKINDIA,2026-03,51.02,1.26,0.01,48.98,0.0,0.06000000000000005,0.01,0.0,0.0,0.07000000000000005
DMART,2026-03,74.51,9.0,8.85,25.49,-0.14000000000000057,0.8200000000000003,-0.3000000000000007,0.13999999999999702,-0.14000000000000057,0.5199999999999996
DMCC,2026-03,53.84,0.13,1.27,46.16,0.0,-0.19,0.030000000000000027,0.0,0.0,-0.15999999999999998
DNAMEDIA,2026-03,62.17,4.0,0.0,37.83,0.0,0.0,0.0,0.0,0.0,0.0
DODLA,2026-03,58.92,6.43,25.34,41.08,-0.769999999999996,-3.9800000000000004,6.190000000000001,0.769999999999996,-0.769999999999996,2.210000000000001
DOLATALGO,2026-03,74.49,0.23,0.01,25.51,0.0,0.13,0.01,0.0,0.0,0.14
DOLLAR,2026-03,72.48,4.98,0.97,27.52,0.27000000000001023,3.12,-0.5800000000000001,-0.2699999999999996,0.0,2.54
DOLPHIN,2026-03,74.99,4.58,0.31,25.01,0.0,0.009999999999999787,-1.16,0.0,0.0,-1.1500000000000001
DOMS,2026-03,70.39,7.61,19.14,29.61,0.0,-2.29,3.3200000000000003,0.0,0.0,1.0300000000000002
DONEAR,2026-03,74.56,0.0,0.0,25.44,0.0,-0.12,0.0,0.0,0.0,-0.12
DPABHUSHAN,2026-03,74.89,0.32,0.0,25.11,-0.09999999999999432,0.12,-0.05,0.09999999999999787,-0.10999999999999943,0.06999999999999999
DPSCLTD,2026-03,59.33,0.13,0.12,40.67,-0.14000000000000057,-0.01999999999999999,0.0,0.14000000000000057,-0.10999999999999943,-0.01999999999999999
DPWIRES,2026-03,74.78,0.01,0.03,25.22,0.0,-0.08,0.019999999999999997,0.0,0.0,-0.060000000000000005
DRCSYSTEMS,2026-03,20.63,0.0,0.35,79.37,-1.6000000000000014,-0.01,-0.020000000000000018,1.6000000000000085,-1.5400000000000027,-0.03000000000000002
DREAMFOLKS,2026-03,65.72,0.6,,34.28,0.0,-0.38,,0.0,0.0,-0.38
DREDGECORP,2026-03,73.47,0.38,8.32,26.53,0.0,-0.07,1.7200000000000006,0.0,0.0,1.6500000000000006
DRREDDY,2026-03,26.63,33.08,30.72,73.13,-0.010000000000001563,-4.210000000000001,5.099999999999998,0.060000000000002274,-0.010000000000001563,0.889999999999997
DSFCL,2026-03,50.11,1.48,12.01,49.89,,,,,0.0,0.0
DSSL,2026-03,60.89,0.37,0.3,39.11,-0.060000000000002274,0.21,0.02999999999999997,0.060000000000002274,-0.060000000000002274,0.23999999999999996
DTIL,2026-03,68.9,,1.99,31.1,0.0,,0.0,0.0,0.0,0.0
DUCON,2026-03,38.08,,0.0,61.92,0.0,,0.0,0.0,0.0,0.0
DVL,2026-03,75.0,0.57,1.74,25.0,0.0,-0.07000000000000006,0.0,0.0,0.0,-0.07000000000000006
DWARKESH,2026-03,42.14,1.68,0.22,57.86,0.03999999999999915,-0.32000000000000006,0.19,-0.03999999999999915,0.0,-0.13000000000000006
DYCL,2026-03,68.18,0.9,1.27,31.82,0.0,-0.37,-0.3500000000000001,0.0,0.0,-0.7200000000000001
DYNAMATECH,2026-03,41.5,10.12,15.63,58.5,-0.36999999999999744,-3.17,2.110000000000001,0.36999999999999744,-0.36999999999999744,-1.0599999999999987
DYNPRO,2026-03,29.42,0.08,0.31,70.58,-0.04999999999999716,-0.26999999999999996,0.02999999999999997,0.04999999999999716,-0.04999999999999716,-0.24
E2E,2026-03,39.45,0.91,6.58,60.46,-1.1599999999999966,-2.06,3.1,1.1600000000000037,-0.8499999999999943,1.04
EASEMYTRIP,2026-03,47.72,1.41,2.3,52.28,0.4200000000000017,-2.0999999999999996,-0.4700000000000002,-0.4200000000000017,0.0,-2.57
EASTSILK,2026-03,92.23,,,7.77,-7.769999999999996,,,7.77,-5.0,0.0
EBGNG,2026-03,78.71,2.78,5.2,21.29,,,,,0.0,0.0
ECLERX,2026-03,54.52,11.93,23.81,43.5,0.7100000000000009,1.7699999999999996,-2.2300000000000004,-1.3500000000000014,0.0,-0.46000000000000085
ECOSMOBLTY,2026-03,67.79,1.78,12.73,32.21,0.04000000000000625,-4.489999999999999,1.4600000000000009,-0.03999999999999915,0.0,-3.0299999999999985
EDELWEISS,2026-03,32.26,19.04,6.46,67.74,-0.45000000000000284,-9.190000000000001,3.32,3.030000000000001,-0.4299999999999997,-5.870000000000001
EFCIL,2026-03,60.44,2.17,6.35,39.56,14.979999999999997,-1.7400000000000002,0.4299999999999997,-14.979999999999997,-0.010000000000005116,-1.3100000000000005
EICHERMOT,2026-03,49.06,26.78,14.82,50.94,-0.01999999999999602,1.75,-1.8099999999999987,0.01999999999999602,-0.00999999999999801,-0.05999999999999872
EIDPARRY,2026-03,41.44,12.21,16.75,58.56,-0.1700000000000017,0.040000000000000924,2.92,0.1700000000000017,-0.07000000000000028,2.960000000000001
EIEL,2026-03,70.19,0.58,0.87,29.81,0.09999999999999432,-0.07000000000000006,-2.82,-0.10000000000000142,0.0,-2.8899999999999997
EIFFL,2026-03,73.5,0.05,2.03,26.5,0.0,0.05,2.03,0.0,0.0,2.0799999999999996
EIHAHOTELS,2026-03,75.0,13.66,0.0,25.0,0.0,-0.03999999999999915,0.0,0.0,0.0,-0.03999999999999915
EIHOTEL,2026-03,32.85,6.62,13.88,67.15,0.0,0.54,0.2400000000000002,0.0,0.0,0.7800000000000002
EIMCOELECO,2026-03,48.96,3.1,1.06,51.04,-24.68,2.65,0.72,24.68,-24.68,3.37
EKC,2026-03,67.39,1.24,0.23,32.61,0.0,-0.55,0.13,0.0,0.0,-0.42000000000000004
ELDEHSG,2026-03,54.83,0.82,0.32,45.17,0.0,0.0,0.030000000000000027,0.0,0.0,0.030000000000000027
ELECON,2026-03,59.27,7.14,5.67,40.73,0.0,-1.5100000000000007,1.2800000000000002,0.0,0.0,-0.23000000000000043
ELECTCAST,2026-03,50.13,15.73,0.23,49.87,3.9200000000000017,-4.329999999999998,-0.39,-3.9200000000000017,0.0,-4.719999999999998
ELECTHERM,2026-03,29.9,5.86,0.8,70.1,0.0,1.3100000000000005,0.41000000000000003,0.0,0.0,1.7200000000000006
ELGIEQUIP,2026-03,31.19,22.2,9.08,68.28,0.0,-6.890000000000001,4.1,-0.15000000000000568,0.0,-2.790000000000001
ELGIRUBCO,2026-03,65.03,0.0,0.94,34.97,0.0,0.0,-0.010000000000000009,0.0,0.0,-0.010000000000000009
ELIN,2026-03,32.95,0.74,5.4,67.05,-0.02999999999999403,0.33,-5.369999999999999,0.030000000000001137,-0.02999999999999403,-5.039999999999999
ELLEN,2026-03,77.15,1.31,13.02,22.85,,,,,-0.009999999999990905,0.0
EMAMILTD,2026-03,54.84,8.58,26.92,45.16,0.0,-3.5299999999999994,3.25,0.0,0.0,-0.27999999999999936
EMAMIPAP,2026-03,74.97,0.53,0.06,25.03,0.0,-0.020000000000000018,0.06,0.0,0.0,0.03999999999999998
EMAMIREAL,2026-04,73.42,,0.07,26.58,4.969999999999999,,-0.009999999999999995,-4.970000000000002,0.0,-0.009999999999999995
EMBDL,2026-03,42.65,24.06,3.26,57.31,-0.3100000000000023,1.7399999999999984,-0.1200000000000001,0.3200000000000003,-0.5200000000000031,1.6199999999999983
EMCURE,2026-03,77.87,3.35,6.1,22.13,-0.04999999999999716,0.28000000000000025,2.6599999999999997,0.05000000000000071,-0.030000000000001137,2.94
EMIL,2026-03,65.17,5.19,20.08,34.83,0.0,-3.4899999999999993,1.5399999999999991,0.0,0.0,-1.9500000000000002
EMKAY,2026-03,72.21,0.84,0.01,27.79,-0.14000000000000057,0.020000000000000018,-0.09000000000000001,0.14000000000000057,-0.3499999999999943,-0.06999999999999999
EMMBI,2026-03,62.95,0.0,0.0,37.05,0.010000000000005116,0.0,0.0,-0.010000000000005116,0.0,0.0
EMMVEE,2026-03,80.03,2.45,12.28,19.97,,,,,0.0,0.0
EMSLIMITED,2026-03,69.7,0.41,0.04,30.3,0.0,0.21999999999999997,-0.57,0.0,0.0,-0.35
EMUDHRA,2026-03,54.4,3.13,13.34,44.68,0.0,-1.1000000000000005,-2.6400000000000006,0.8699999999999974,0.0,-3.740000000000001
ENDURANCE,2026-03,75.0,13.14,9.78,25.0,0.0,0.7800000000000011,-1.1100000000000012,0.0,0.0,-0.33000000000000007
ENERGYDEV,2026-03,58.14,,,41.86,0.0,,,0.0,0.0,0.0
ENGINERSIN,2026-03,51.32,9.66,12.19,48.68,0.0,2.91,1.42,0.0,0.0,4.33
ENIL,2026-03,71.15,6.19,3.87,28.85,0.0,0.07000000000000028,-0.1899999999999995,0.0,0.0,-0.11999999999999922
ENRIN,2026-03,75.0,7.59,6.62,25.0,,,,,0.0,0.0
ENTERO,2026-03,52.42,4.03,16.62,47.58,0.0,-15.89,6.98,0.0,0.0,-8.91
EPACK,2026-03,47.18,0.29,6.57,52.82,-0.8599999999999994,-1.29,0.0,0.8599999999999994,-0.7299999999999969,-1.29
EPACKPEB,2026-03,64.96,10.91,3.2,35.04,,,,,-0.10000000000000853,0.0
EPIGRAL,2026-03,68.83,1.54,4.9,31.17,-0.12000000000000455,-1.4699999999999998,0.2400000000000002,0.120000000000001,-0.12000000000000455,-1.2299999999999995
EPL,2026-03,26.38,17.23,10.2,73.62,-24.930000000000003,0.7199999999999989,-0.7800000000000011,24.930000000000007,-24.89,-0.060000000000002274
EQUIPPP,2026-03,87.35,,,12.65,0.0,,,0.0,0.0,0.0
EQUITASBNK,2026-03,,14.74,50.88,100.0,,-1.7299999999999986,8.18,0.0,,6.450000000000001
ERIS,2026-03,53.92,6.39,20.35,46.08,-0.9299999999999997,-2.04,2.280000000000001,0.9299999999999997,-0.9299999999999997,0.2400000000000011
ESABINDIA,2026-03,73.72,1.55,12.89,26.28,0.0,-0.24,0.009999999999999787,0.0,0.0,-0.2300000000000002
ESAFSFB,2026-03,63.28,0.01,4.63,36.72,-0.030000000000001137,-0.26,-0.3700000000000001,0.030000000000001137,-0.01999999999999602,-0.6300000000000001
ESCORTS,2026-03,68.04,5.72,11.65,30.3,0.0,0.5099999999999998,0.3100000000000005,0.019999999999999574,0.0,0.8200000000000003
ESSARSHPNG,2026-03,73.75,0.0,0.02,26.25,0.0,-0.01,-0.009999999999999998,0.0,0.0,-0.019999999999999997
ESSENTIA,2026-03,15.98,0.05,0.01,84.02,0.0,-0.020000000000000004,-0.03,0.0,0.0,-0.05
ESTER,2026-03,62.71,0.05,0.17,37.29,-0.01999999999999602,0.0,0.16,0.01999999999999602,-0.01999999999999602,0.16
ETERNAL,2026-03,,32.61,35.99,95.27,,-11.75,12.430000000000003,1.25,,0.6800000000000033
ETHOSLTD,2026-03,50.59,10.89,23.59,49.41,0.010000000000005116,-2.24,5.41,-0.010000000000005116,-0.010000000000005116,3.17
EUREKAFORB,2026-03,62.56,13.66,6.15,37.44,0.0,1.1300000000000008,-0.8599999999999994,0.0,0.0,0.27000000000000135
EUROBOND,2026-03,63.93,,1.29,36.07,0.5499999999999972,,-0.07000000000000006,-0.5499999999999972,0.0,-0.07000000000000006
EUROPRATIK,2026-03,70.48,0.49,4.6,29.52,,,,,0.0,0.0
EUROTEXIND,2026-03,70.99,,0.02,29.01,0.0,,0.0,0.0,0.0,0.0
EVEREADY,2026-03,43.2,5.28,2.78,56.8,0.010000000000005116,0.41999999999999993,0.1499999999999999,-0.010000000000005116,0.0,0.5699999999999998
EVERESTIND,2026-03,50.22,10.29,0.03,49.78,0.07000000000000028,-0.09000000000000163,-0.04000000000000001,-0.07000000000000028,0.0,-0.13000000000000164
EXCELINDUS,2026-03,52.69,1.94,7.07,47.31,0.030000000000001137,-0.10999999999999988,0.10000000000000053,-0.030000000000001137,0.0,-0.009999999999999343
EXCELSOFT,2026-03,59.09,1.37,4.05,40.91,,,,,0.0,0.0
EXICOM,2026-03,66.47,0.2,3.46,33.53,-3.030000000000001,-0.29,-0.3599999999999999,3.030000000000001,-3.030000000000001,-0.6499999999999999
EXIDEIND,2026-03,45.99,10.3,19.13,54.01,0.0,-1.299999999999999,1.9800000000000004,0.0,0.0,0.6800000000000015
EXPLEOSOL,2026-03,71.05,0.42,0.01,28.95,0.0,0.08999999999999997,-0.9,0.0,0.0,-0.81
EXXARO,2026-03,42.07,4.02,,57.93,0.0,-0.5500000000000007,,0.0,0.0,-0.5500000000000007
FABTECH,2026-03,68.94,0.08,2.15,31.06,,,,,0.0,0.0
FACT,2026-03,90.0,0.21,0.06,10.0,0.0,0.06999999999999998,-8.53,0.0,0.0,-8.459999999999999
FAIRCHEMOR,2026-03,63.26,6.35,3.99,36.74,2.0700000000000003,0.040000000000000036,-1.7000000000000002,-2.0700000000000003,0.0,-1.6600000000000001
FAZE3Q,2026-03,58.01,0.15,0.77,41.8,0.05999999999999517,0.13,0.51,-0.14000000000000057,0.0,0.64
FCL,2026-03,62.3,2.92,1.27,37.7,-0.5800000000000054,0.5800000000000001,-0.3599999999999999,0.5800000000000054,-0.3100000000000023,0.2200000000000002
FCSSOFT,2026-03,19.65,0.01,,80.35,0.0,0.01,,0.0,0.0,0.01
FDC,2026-03,69.66,2.4,6.29,30.34,0.0,-0.1499999999999999,-0.08000000000000007,0.0,0.0,-0.22999999999999998
FEDERALBNK,2026-03,,26.05,50.39,100.0,,-0.23000000000000043,1.3200000000000003,0.0,,1.0899999999999999
FEDFINA,2026-03,60.79,0.66,18.82,39.21,-0.240000000000002,0.17000000000000004,-1.9899999999999984,0.240000000000002,-0.0899999999999963,-1.8199999999999985
FEL,2023-03,16.37,0.02,0.58,83.63,-0.6600000000000001,,,0.6599999999999966,-0.6600000000000001,0.0
FELDVR,2023-03,72.22,0.0,0.0,27.78,0.0,,,0.0,0.0,0.0
FIBERWEB,2026-03,34.48,0.17,0.19,65.52,-11.850000000000001,0.14,0.0,11.849999999999994,-11.940000000000005,0.14
FIEMIND,2026-03,54.52,6.87,11.4,45.48,-4.439999999999998,3.87,4.3500000000000005,4.439999999999998,-4.439999999999998,8.22
FILATEX,2026-03,65.47,4.23,2.77,34.53,0.6400000000000006,-1.0799999999999992,0.71,-0.6400000000000006,-0.030000000000001137,-0.3699999999999992
FILATFASH,2026-03,5.11,0.79,,94.89,-19.71,0.77,,19.709999999999994,-13.95,0.77
FINCABLES,2026-03,35.86,9.62,16.43,64.14,0.0,-0.9500000000000011,0.35999999999999943,0.0,0.0,-0.5900000000000016
FINEORG,2026-03,75.0,4.4,11.65,25.0,0.0,-0.2599999999999998,-0.3899999999999988,0.0,0.0,-0.6499999999999986
FINKURVE,2026-03,56.24,7.03,,43.76,,,,,-0.01999999999999602,0.0
FINOPB,2026-03,75.0,1.33,0.4,25.0,0.0,-2.75,-3.12,0.0,0.0,-5.87
FINPIPE,2026-03,52.47,5.87,12.79,47.18,0.0,-0.6100000000000003,1.0899999999999999,0.0,0.0,0.47999999999999954
FIRSTCRY,2026-03,,3.52,23.67,92.94,,-4.42,5.590000000000003,0.539999999999992,,1.1700000000000035
FISCHER,2026-03,62.15,4.97,1.38,37.85,0.3500000000000014,-0.5800000000000001,-0.040000000000000036,-0.3500000000000014,0.0,-0.6200000000000001
FIVESTAR,2026-03,18.61,48.47,17.58,81.39,-2.8599999999999994,-10.280000000000001,8.489999999999998,2.8599999999999994,-2.8999999999999986,-1.7900000000000027
FLAIR,2026-03,78.59,0.3,10.34,21.41,0.0,0.24,0.7899999999999991,0.0,0.0,1.0299999999999991
FLEXITUFF,2026-03,32.24,,2.27,67.76,0.0,,0.010000000000000231,0.0,0.0,0.010000000000000231
FLFL,2022-12,20.3,19.93,7.02,79.52,-0.08999999999999986,,,0.0899999999999892,-0.08999999999999986,0.0
FLUOROCHEM,2026-03,61.39,4.28,13.49,38.61,-1.1899999999999977,-0.34999999999999964,2.75,1.1899999999999977,-1.1899999999999977,2.4000000000000004
FMGOETZE,2026-03,74.98,0.38,0.5,25.02,0.0,0.08000000000000002,0.27,0.0,0.0,0.35000000000000003
FMNL,2026-03,68.48,,0.0,31.52,1.5600000000000023,,0.0,-1.5599999999999987,0.0,0.0
FOCUS,2026-03,55.42,0.0,,44.26,0.14000000000000057,-0.37,,0.3500000000000014,0.0,-0.37
FOODSIN,2026-03,25.39,0.11,1.12,74.61,0.030000000000001137,-1.3299999999999998,-0.1399999999999999,-0.030000000000001137,-0.00999999999999801,-1.4699999999999998
FORCEMOT,2026-03,61.63,10.93,1.76,38.37,0.0,2.58,0.33000000000000007,0.0,0.0,2.91
FORTIS,2026-03,31.17,25.97,31.35,68.83,0.0,-1.4299999999999997,1.8900000000000006,0.0,0.0,0.46000000000000085
FOSECOIND,2026-03,63.54,0.08,0.58,36.46,-11.440000000000005,-0.05,0.010000000000000009,11.440000000000001,-11.440000000000005,-0.039999999999999994
FRACTAL,2026-03,16.97,40.48,13.25,83.03,,,,,0.0,0.0
FSL,2026-03,53.66,8.86,25.49,45.39,0.0,-1.2200000000000006,2.59,0.1600000000000037,0.0,1.3699999999999992
FUSION,2026-03,54.18,4.74,14.42,45.6,-1.0200000000000031,2.16,-1.7299999999999986,1.0300000000000011,-0.740000000000002,0.4300000000000015
GABRIEL,2026-03,55.03,6.58,16.28,44.97,0.030000000000001137,1.3499999999999996,1.6000000000000014,-0.030000000000001137,0.0,2.950000000000001
GAEL,2026-03,63.84,2.19,0.83,36.16,0.0,0.16000000000000014,0.31999999999999995,0.0,0.0,0.4800000000000001
GAIL,2026-03,51.88,13.04,20.6,48.12,0.0,-1.75,1.4700000000000024,0.0,0.0,-0.2799999999999976
GALAPREC,2026-03,54.99,1.3,5.46,45.01,-0.3299999999999983,-0.020000000000000018,0.6200000000000001,0.3299999999999983,-0.21000000000000085,0.6000000000000001
GALAXYSURF,2026-03,70.9,3.99,13.1,29.1,-0.009999999999990905,-0.09999999999999964,0.15000000000000036,0.010000000000001563,-0.009999999999990905,0.05000000000000071
GALLANTT,2026-03,70.0,0.09,0.08,30.0,1.0699999999999932,0.049999999999999996,0.08,-1.0700000000000003,0.0,0.13
GANDHAR,2026-03,66.47,0.14,0.09,33.53,1.4599999999999937,-0.03999999999999998,-1.69,-1.4600000000000009,0.0,-1.73
GANDHITUBE,2026-03,73.53,1.23,0.06,26.47,0.0,-0.17999999999999994,0.019999999999999997,0.0,0.0,-0.15999999999999995
GANECOS,2026-03,39.33,8.89,19.42,60.46,3.1899999999999977,-0.29999999999999893,-3.469999999999999,-3.289999999999999,0.0,-3.769999999999998
GANESHBE,2026-03,39.02,0.73,0.76,60.98,0.0,-4.34,0.76,0.0,0.0,-3.58
GANESHCP,2026-03,64.08,2.78,5.63,35.92,,,,,0.0,0.0
GANESHHOU,2026-03,73.06,0.7,0.32,26.94,0.0,-0.25,0.18,0.0,0.0,-0.07
GANGAFORGE,2026-03,35.51,,,64.49,-3.700000000000003,,,3.6999999999999957,-3.700000000000003,0.0
GANGESSECU,2026-03,66.64,0.03,0.01,33.36,0.0,-0.05,0.0,0.0,0.0,-0.05
GARFIBRES,2026-03,53.36,9.12,10.29,46.64,0.35999999999999943,-0.6800000000000015,-0.6800000000000015,-0.35999999999999943,0.0,-1.360000000000003
GARUDA,2026-03,67.56,2.64,0.48,32.44,0.0,-1.8900000000000001,-0.45000000000000007,0.0,0.0,-2.3400000000000003
GATECH,2026-03,0.91,0.35,0.06,99.09,-3.2199999999999998,0.19999999999999998,-0.04000000000000001,3.219999999999999,-7.699999999999999,0.15999999999999998
GATECHDVR,2026-03,0.0,0.22,0.02,100.0,-0.08,0.010000000000000009,0.0,0.0799999999999983,-9.03,0.010000000000000009
GATEWAY,2026-03,33.92,6.65,33.99,66.08,1.6000000000000014,-1.7699999999999996,-5.339999999999996,-1.6000000000000085,0.0,-7.109999999999996
GAUDIUMIVF,2026-03,71.29,6.7,2.62,28.71,,,,,0.0,0.0
GAYAHWS,2026-03,61.15,1.91,,38.85,0.0,-2.17,,0.0,0.0,-2.17
GAYAPROJ,2026-04,2.49,19.78,1.74,97.51,-1.4499999999999997,17.87,-1.01,1.4500000000000028,-1.4499999999999997,16.86
GCSL,2026-03,60.8,1.18,0.44,39.2,,,,,-1.6300000000000026,0.0
GEECEE,2026-03,67.71,,0.13,32.29,0.0,,0.13,0.0,0.0,0.13
GEEKAYWIRE,2026-03,59.77,0.14,0.03,40.23,1.3500000000000014,0.14,0.019999999999999997,-1.3500000000000014,0.020000000000003126,0.16
GEMAROMA,2026-03,57.01,1.06,4.81,42.99,,,,,0.0,0.0
GENCON,2026-03,40.3,0.64,0.08,59.7,0.0,0.56,0.08,0.0,0.0,0.64
GENESYS,2026-03,31.5,2.34,2.63,68.5,-0.129999999999999,-3.95,0.1200000000000001,0.12999999999999545,-0.07000000000000028,-3.83
GENUSPAPER,2026-03,50.84,,0.04,49.16,-0.00999999999999801,,0.0,0.00999999999999801,-0.00999999999999801,0.0
GENUSPOWER,2026-03,39.34,18.9,3.34,60.63,-0.03999999999999915,-3.4800000000000004,-0.4500000000000002,0.010000000000005116,-0.020000000000003126,-3.9300000000000006
GEOJITFSL,2026-03,38.48,1.87,9.88,61.52,-16.580000000000005,-1.5499999999999998,9.72,16.580000000000005,-13.25,8.170000000000002
GESHIP,2026-03,30.07,28.44,15.25,69.93,0.0,2.990000000000002,0.34999999999999964,0.0,0.0,3.3400000000000016
GFLLIMITED,2026-03,68.72,0.16,0.06,31.28,0.0,-0.09,-1.73,0.0,0.0,-1.82
GHCL,2026-03,19.87,24.66,10.57,80.13,0.8300000000000018,-1.4100000000000001,0.46000000000000085,-0.8299999999999983,-0.07000000000000028,-0.9499999999999993
GHCLTEXTIL,2026-03,19.2,13.43,5.01,80.8,0.03999999999999915,-2.24,-0.9700000000000006,-0.04000000000000625,0.0,-3.210000000000001
GICHSGFIN,2026-03,42.41,1.81,4.6,57.59,0.0,-0.3700000000000001,-1.3000000000000007,0.0,0.0,-1.6700000000000008
GICL,2026-03,63.49,0.02,,36.51,0.0,0.02,,0.0,0.0,0.02
GICRE,2026-03,82.4,2.06,13.55,17.6,0.0,0.13000000000000012,-0.11999999999999922,0.0,0.0,0.010000000000000897
GILLANDERS,2026-03,69.05,,0.32,30.95,-0.1599999999999966,,0.0,0.16000000000000014,-0.1599999999999966,0.0
GILLETTE,2026-03,75.0,4.36,9.25,25.0,0.0,0.03000000000000025,-0.6300000000000008,0.0,0.0,-0.6000000000000005
GINNIFILA,2026-03,69.72,0.17,0.0,30.28,0.0,0.15000000000000002,0.0,0.0,0.0,0.15000000000000002
GIPCL,2026-03,56.57,2.74,5.07,43.43,0.0,-1.4699999999999998,-0.6099999999999994,0.0,0.0,-2.079999999999999
GKENERGY,2026-03,79.2,0.79,8.29,20.8,,,,,0.0,0.0
GKSL,2026-03,71.45,4.88,0.56,28.55,,,,,0.0,0.0
GKWLIMITED,2026-03,75.0,3.1,1.02,25.0,0.0,0.0,0.0,0.0,0.0,0.0
GLAND,2026-03,51.83,7.3,33.35,48.17,0.0,0.39999999999999947,0.0799999999999983,0.0,0.0,0.47999999999999776
GLAXO,2026-03,75.0,4.62,7.68,25.0,0.0,0.10000000000000053,-0.11000000000000032,0.0,0.0,-0.009999999999999787
GLENMARK,2026-03,46.65,20.34,19.29,53.35,0.0,-2.8200000000000003,4.6899999999999995,0.0,0.0,1.8699999999999992
GLFL,2026-03,45.67,0.0,0.01,54.33,0.0,0.0,0.0,0.0,0.0,0.0
GLOBAL,2026-03,72.73,0.4,0.06,27.27,1.0,0.32,0.06,-1.0,0.0,0.38
GLOBALE,2026-03,65.43,0.07,0.08,34.57,0.6300000000000097,-0.01999999999999999,0.0,-0.6300000000000026,0.0,-0.01999999999999999
GLOBALVECT,2026-03,75.0,0.08,,25.0,0.0,0.08,,0.0,0.0,0.08
GLOBE,2026-03,34.35,,,65.65,2.5700000000000003,,,-2.569999999999993,0.0,0.0
GLOBECIVIL,2026-03,63.41,0.94,6.03,36.59,,,,,0.0,0.0
GLOBUSSPR,2026-03,50.58,7.53,10.93,49.42,-0.3200000000000003,1.1800000000000006,5.18,0.3200000000000003,-0.1700000000000017,6.36
GLOSTERLTD,2026-03,72.65,,14.36,27.35,0.020000000000010232,,-0.2599999999999998,-0.019999999999999574,0.0,-0.2599999999999998
GLOTTIS,2026-03,74.23,0.86,0.84,25.77,,,,,0.0,0.0
GMBREW,2026-03,74.43,1.18,0.01,25.57,0.0,0.8599999999999999,0.01,0.0,0.0,0.8699999999999999
GMDCLTD,2026-03,74.0,3.75,0.94,26.0,0.0,1.6,0.17999999999999994,0.0,0.0,1.78
GMMPFAUDLR,2026-03,25.18,17.15,17.59,74.82,0.0,-3.6000000000000014,2.16,0.0,0.0,-1.4400000000000013
GMRAIRPORT,2026-03,66.33,20.16,4.93,33.67,0.09000000000000341,5.07,0.7999999999999998,-0.0899999999999963,0.0,5.87
GMRP&UI,2026-03,46.28,3.43,5.22,53.72,-4.259999999999998,-1.3399999999999994,3.25,4.259999999999998,-4.280000000000001,1.9100000000000006
GNA,2026-03,68.43,1.27,11.0,31.57,-0.3999999999999915,0.8600000000000001,-0.3100000000000005,0.3999999999999986,-0.37000000000000455,0.5499999999999996
GNFC,2026-03,41.3,12.05,11.06,58.7,0.0,-2.9799999999999986,0.9299999999999997,0.0,0.0,-2.049999999999999
GOACARBON,2026-03,59.72,0.03,0.02,40.28,0.0,0.019999999999999997,0.0,0.0,0.0,0.019999999999999997
GOCLCORP,2026-03,67.82,5.08,1.26,32.18,-5.0,4.71,0.0,5.0,-5.0,4.71
GOCOLORS,2026-03,54.2,4.4,28.43,45.8,1.4100000000000037,-7.299999999999999,-4.829999999999998,-1.4100000000000037,0.0,-12.129999999999997
GODAVARIB,2026-03,63.31,0.98,10.39,36.69,0.0,0.010000000000000009,-3.7799999999999994,0.0,0.0,-3.7699999999999996
GODFRYPHLP,2026-03,72.58,7.91,3.29,27.42,0.0,-1.8200000000000003,0.010000000000000231,0.0,0.0,-1.81
GODIGIT,2026-03,73.01,8.01,14.63,26.99,-0.10999999999999943,0.16000000000000014,-0.6399999999999988,0.10999999999999943,-0.060000000000002274,-0.47999999999999865
GODREJAGRO,2026-03,67.74,6.32,5.86,32.26,0.1799999999999926,-1.2199999999999998,0.41000000000000014,-0.17999999999999972,-0.030000000000001137,-0.8099999999999996
GODREJCP,2026-03,53.05,13.94,18.0,46.95,-0.020000000000003126,-5.6,5.800000000000001,0.020000000000003126,-0.010000000000005116,0.20000000000000107
GODREJIND,2026-03,74.64,4.47,3.48,25.36,4.989999999999995,-2.5,0.98,-4.990000000000002,0.0,-1.52
GODREJPROP,2026-03,51.66,26.17,8.2,48.34,4.989999999999995,-4.369999999999997,-1.1300000000000008,-4.989999999999995,0.030000000000001137,-5.499999999999998
GOKEX,2026-03,9.15,19.84,37.59,90.85,-0.23000000000000043,-5.949999999999999,0.7600000000000051,0.22999999999998977,-0.21000000000000085,-5.189999999999994
GOKUL,2026-03,73.54,0.27,,26.46,0.730000000000004,-0.019999999999999962,,-0.7300000000000004,0.0,-0.019999999999999962
GOKULAGRO,2026-03,74.24,1.51,0.08,25.76,0.5699999999999932,0.0,0.04,-0.5699999999999967,0.0,0.04
GOLDENTOBC,2025-09,29.77,0.02,0.13,70.23,-0.2699999999999996,0.0,0.0,0.27000000000001023,-0.2699999999999996,0.0
GOLDIAM,2026-03,58.51,0.62,0.95,41.49,-3.3599999999999994,-0.26,0.039999999999999925,3.3599999999999994,-3.3599999999999994,-0.22000000000000008
GOLDTECH,2026-03,52.44,6.43,0.01,47.56,-6.420000000000002,6.37,0.0,6.420000000000002,-6.420000000000002,6.37
GOODLUCK,2026-03,56.45,1.55,4.99,43.55,0.0,0.41000000000000014,2.83,0.0,0.0,3.24
GOPAL,2026-03,81.46,0.71,6.28,18.54,-0.010000000000005116,-0.8700000000000001,-0.7199999999999998,0.00999999999999801,-0.010000000000005116,-1.5899999999999999
GOYALALUM,2026-03,69.94,,,30.06,-0.030000000000001137,,,0.029999999999997584,-0.030000000000001137,0.0
GPIL,2026-03,63.34,5.94,2.64,36.66,-0.1699999999999946,-0.6399999999999997,0.20000000000000018,0.1699999999999946,-0.14999999999999858,-0.4399999999999995
GPPL,2026-03,44.01,22.14,14.95,55.99,0.0,2.6999999999999993,-2.150000000000002,0.0,0.0,0.5499999999999972
GPTHEALTH,2026-03,65.57,2.81,6.83,34.43,0.0,-1.6700000000000004,-4.52,0.0,0.0,-6.1899999999999995
GPTINFRA,2026-03,69.37,2.71,7.03,30.63,0.15000000000000568,-1.2800000000000002,-0.0699999999999994,-0.15000000000000213,0.0,-1.3499999999999996
GRANULES,2026-03,38.02,15.31,17.01,61.98,-0.8200000000000003,0.16000000000000014,-5.439999999999998,0.8200000000000003,-0.7999999999999972,-5.279999999999998
GRAPHITE,2026-03,65.34,6.69,10.48,34.66,0.0,1.2300000000000004,-0.02999999999999936,0.0,0.0,1.200000000000001
GRASIM,2026-03,43.74,17.18,16.28,55.92,0.6300000000000026,1.629999999999999,-1.9599999999999973,-0.6599999999999966,0.0,-0.3299999999999983
GRAVITA,2026-03,55.88,13.94,5.14,42.79,-3.3900000000000006,-0.08999999999999986,-0.29000000000000004,3.4200000000000017,-3.3900000000000006,-0.3799999999999999
GREAVESCOT,2026-03,55.78,1.85,3.68,44.22,-0.10000000000000142,-1.0099999999999998,0.3700000000000001,0.10000000000000142,-0.07000000000000028,-0.6399999999999997
GREENLAM,2026-03,50.98,1.78,13.97,49.02,0.0,0.020000000000000018,-1.7599999999999998,0.0,0.0,-1.7399999999999998
GREENPANEL,2026-03,53.13,1.07,28.39,46.87,0.0,-1.86,-0.23000000000000043,0.0,0.0,-2.0900000000000007
GREENPLY,2026-03,51.89,4.19,31.83,48.11,0.20000000000000284,-1.2299999999999995,0.7799999999999976,-0.20000000000000284,0.0,-0.45000000000000195
GREENPOWER,2026-03,24.38,0.79,1.35,75.62,0.0,-0.020000000000000018,0.0,0.0,0.0,-0.020000000000000018
GRINDWELL,2026-03,58.03,5.56,19.18,41.97,0.0,-1.1900000000000004,0.8399999999999999,0.0,0.0,-0.35000000000000053
GRINFRA,2026-03,74.69,2.32,19.62,25.31,-0.010000000000005116,-0.5300000000000002,0.46000000000000085,0.00999999999999801,-0.010000000000005116,-0.0699999999999994
GRMOVER,2026-03,62.51,9.5,2.91,37.49,-8.330000000000005,7.61,2.42,8.330000000000002,-5.8799999999999955,10.030000000000001
GROBTEA,2026-03,74.99,,0.06,25.01,0.0,,0.0,0.0,0.0,0.0
GROWW,2026-03,27.38,2.51,5.92,71.31,,,,,-0.4299999999999997,0.0
GRPLTD,2026-03,40.06,0.05,0.0,59.94,0.0,0.0,-0.38,0.0,0.0,-0.38
GRSE,2026-03,74.5,3.51,1.69,25.5,0.0,-0.33000000000000007,-0.20999999999999996,0.0,0.0,-0.54
GRWRHITECH,2026-03,60.72,3.98,5.27,39.28,0.0,0.48,0.5199999999999996,0.0,0.0,0.9999999999999996
GSFC,2026-03,37.84,12.35,7.31,62.16,0.0,0.5199999999999996,-0.16000000000000014,0.0,0.0,0.35999999999999943
GSLSU,2026-03,73.25,1.59,,26.75,0.0,-0.07999999999999985,,0.0,0.0,-0.07999999999999985
GSPCROP,2026-03,71.73,11.85,5.9,28.27,,,,,,0.0
GSPL,2026-03,37.63,15.54,25.48,62.37,0.0,0.7899999999999991,-0.3200000000000003,0.0,0.0,0.46999999999999886
GSS,2026-03,12.71,1.03,1.21,85.95,0.0,-0.10999999999999988,0.0,0.0,0.0,-0.10999999999999988
GTECJAINX,2026-03,61.26,,,38.74,0.0,,,0.0,0.0,0.0
GTL,2026-03,14.29,0.01,8.39,85.71,0.0,-0.060000000000000005,-1.8699999999999992,0.0,0.0,-1.9299999999999993
GTLINFRA,2026-03,3.28,0.07,31.29,96.72,0.0,0.020000000000000004,-3.9100000000000037,0.0,0.0,-3.8900000000000037
GTPL,2026-03,75.0,7.37,,25.0,0.0,-1.0300000000000002,,0.0,0.0,-1.0300000000000002
GUFICBIO,2026-03,72.5,0.42,3.83,27.5,-0.010000000000005116,0.10999999999999999,0.43999999999999995,0.010000000000001563,-0.010000000000005116,0.5499999999999999
GUJALKALI,2026-03,47.28,0.94,3.73,52.72,1.0,-0.77,-0.43999999999999995,-1.0,0.0,-1.21
GUJAPOLLO,2026-03,47.3,0.18,0.0,52.7,-4.690000000000005,0.03999999999999998,0.0,4.690000000000005,-4.690000000000005,0.03999999999999998
GUJGASLTD,2026-03,60.89,3.97,14.76,39.11,0.0,0.0,-0.05000000000000071,0.0,0.0,-0.05000000000000071
GUJRAFFIA,2026-03,39.6,,,60.4,0.00999999999999801,,,-0.00999999999999801,0.0,0.0
GUJTHEM,2026-03,70.86,1.8,1.18,29.14,0.0,-0.10999999999999988,0.010000000000000009,0.0,0.0,-0.09999999999999987
GULFOILLUB,2026-03,67.01,8.91,8.17,32.99,-0.12999999999999545,1.4000000000000004,-1.3599999999999994,0.13000000000000256,-0.09999999999999432,0.040000000000000924
GULFPETRO,2026-03,37.05,0.5,,62.95,-5.32,0.03999999999999998,,5.32,-4.18,0.03999999999999998
GULPOLY,2026-03,66.8,0.3,,32.9,0.09000000000000341,0.24,,-0.09000000000000341,0.0,0.24
GVKPIL,2026-03,54.25,0.02,0.42,45.75,0.0,-0.030000000000000002,-0.07,0.0,0.0,-0.1
GVPIL,2026-03,68.58,1.25,1.13,31.42,0.0,0.8400000000000001,-1.17,0.0,0.0,-0.32999999999999985
GVPTECH,2026-03,74.8,,,25.2,-12.180000000000007,,,12.18,-10.010000000000005,0.0
GVT&D,2026-03,51.0,20.39,21.39,49.0,0.0,7.34,-6.800000000000001,0.0,0.0,0.5399999999999991
HAL,2026-03,71.64,10.2,10.5,28.36,0.0,-1.8800000000000008,2.1999999999999993,0.0,0.0,0.3199999999999985
HALDER,2026-03,73.69,,,26.31,,,,,-0.15000000000000568,0.0
HALEOSLABS,2026-03,72.11,,0.3,27.89,0.7000000000000028,,0.3,-0.6999999999999993,0.0,0.3
HAPPSTMNDS,2026-03,44.21,5.94,8.99,54.47,0.0,0.9000000000000004,-1.5999999999999996,0.14999999999999858,0.0,-0.6999999999999993
HAPPYFORGE,2026-03,78.48,1.73,16.48,21.52,-0.0899999999999892,-0.45999999999999996,-0.5899999999999999,0.08999999999999986,-0.029999999999986926,-1.0499999999999998
HARDWYN,2026-03,43.77,0.64,,56.23,0.0,-0.27,,0.0,0.0,-0.27
HARIOMPIPE,2026-03,57.26,9.49,0.06,42.74,0.0,-0.009999999999999787,-0.17,0.0,0.0,-0.1799999999999998
HARRMALAYA,2026-03,54.12,0.0,0.05,45.88,0.0,-0.16,0.0,0.0,0.0,-0.16
HARSHA,2026-03,75.0,2.37,12.43,25.0,0.39000000000000057,1.83,3.7799999999999994,-0.39000000000000057,0.0,5.609999999999999
HATHWAY,2026-03,75.0,0.64,0.0,25.0,0.0,0.17000000000000004,-0.07,0.0,0.0,0.10000000000000003
HATSUN,2026-03,73.17,3.14,10.26,26.83,0.0,-0.2599999999999998,0.17999999999999972,0.0,0.0,-0.08000000000000007
HAVELLS,2026-03,59.38,16.94,17.73,40.62,-0.02999999999999403,-5.369999999999997,4.970000000000001,0.02999999999999403,-0.02999999999999403,-0.3999999999999968
HAVISHA,2026-03,33.99,,0.39,66.01,-0.10999999999999943,,0.0,0.10999999999999943,-0.060000000000002274,0.0
HBLENGINE,2026-03,59.11,5.94,0.79,40.89,0.0,1.1100000000000003,0.43000000000000005,0.0,0.0,1.5400000000000005
HBSL,2026-03,53.22,,0.0,46.78,0.0,,0.0,0.0,0.0,0.0
HCC,2026-03,16.72,10.92,4.13,83.28,0.0,0.34999999999999964,-2.7199999999999998,0.0,-0.08999999999999986,-2.37
HCG,2026-03,64.21,2.75,18.91,35.79,-7.010000000000005,0.2999999999999998,6.4399999999999995,7.009999999999998,-8.759999999999998,6.739999999999999
HCL-INSYS,2026-03,62.89,0.0,0.05,37.11,0.0,0.0,0.0,0.0,0.0,0.0
HCLTECH,2026-03,60.86,15.51,18.99,38.85,0.04999999999999716,-3.630000000000001,3.509999999999998,-0.1599999999999966,0.0,-0.12000000000000277
HDBFS,2026-03,74.12,3.01,12.28,25.65,,,,,-0.03999999999999204,0.0
HDFCAMC,2026-03,52.37,24.45,14.43,47.63,-0.07000000000000028,2.4800000000000004,-2.2300000000000004,0.07000000000000028,-0.03999999999999915,0.25
HDFCBANK,2026-03,,44.05,40.32,100.0,,-4.790000000000006,4.359999999999999,0.0,,-0.4300000000000068
HDFCLIFE,2026-03,50.21,22.52,17.25,49.77,-0.10999999999999943,-2.4299999999999997,3.1500000000000004,0.11000000000000654,-0.03999999999999915,0.7200000000000006
HDIL,2019-06,41.84,,,58.17,5.350000000000001,,,-5.339999999999996,0.0,0.0
HEADSUP,2026-03,13.55,0.42,,86.45,-0.009999999999999787,0.0,,0.010000000000005116,-0.009999999999999787,0.0
HEALTHX,2026-03,74.84,2.17,2.6,25.16,0.730000000000004,0.5699999999999998,0.54,-0.7300000000000004,0.0,1.1099999999999999
HECPROJECT,2026-03,74.93,,,25.07,0.0,,,0.0,0.0,0.0
HEG,2026-03,56.28,10.24,8.62,43.72,0.5,3.05,-3.030000000000001,-0.5,0.0,0.019999999999998685
HEIDELBERG,2026-03,69.39,1.15,14.21,30.61,0.0,-1.12,0.9300000000000015,0.0,0.0,-0.18999999999999861
HEMIPROP,2026-03,51.12,1.66,0.33,48.88,0.0,0.41999999999999993,-0.04999999999999999,0.0,0.0,0.36999999999999994
HERANBA,2026-03,74.94,0.07,0.27,25.06,0.0,-0.03,0.060000000000000026,0.0,0.0,0.030000000000000027
HERITGFOOD,2026-03,41.3,2.21,6.22,58.7,0.0,-4.21,2.17,0.0,0.0,-2.04
HEROMOTOCO,2026-03,34.73,31.15,24.78,65.27,-0.010000000000005116,3.719999999999999,-3.1199999999999974,0.009999999999990905,-0.010000000000005116,0.6000000000000014
HESTERBIO,2026-03,53.73,0.38,0.0,46.27,0.0,-0.49,-0.02,0.0,0.0,-0.51
HEXATRADEX,2026-03,92.13,0.04,0.51,7.87,0.0,0.0,0.39,0.0,0.0,0.39
HEXT,2026-03,74.3,4.2,15.04,25.44,-0.4099999999999966,-6.39,5.989999999999998,0.15000000000000213,-0.25,-0.40000000000000124
HFCL,2026-03,28.29,7.08,8.58,71.69,-6.079999999999998,0.11000000000000032,-4.68,6.099999999999994,-2.789999999999999,-4.569999999999999
HGINFRA,2026-03,71.78,1.39,10.66,28.22,0.0,-1.47,-1.3599999999999994,0.0,0.0,-2.829999999999999
HGM,2026-03,50.42,,,49.58,0.0,,,0.0,0.0,0.0
HGS,2026-03,67.99,11.77,0.06,32.01,0.0,-0.16000000000000014,0.049999999999999996,0.0,0.0,-0.11000000000000015
HIKAL,2026-03,68.85,1.43,7.2,31.15,0.0,-4.260000000000001,3.4000000000000004,0.0,0.0,-0.8600000000000003
HILINFRA,2026-03,70.04,0.01,0.4,29.96,,,,,0.0,0.0
HILTON,2026-04,18.56,0.1,,81.44,10.849999999999998,-0.13,,-10.850000000000009,0.0,-0.13
HIMATSEIDE,2026-03,37.48,11.1,5.66,62.52,0.22999999999999687,0.27999999999999936,-2.879999999999999,-0.22999999999999687,0.0,-2.5999999999999996
HINDALCO,2026-03,34.64,34.13,21.47,64.87,0.0,2.3000000000000043,-3.34,-0.01999999999999602,0.0,-1.0399999999999956
HINDCOMPOS,2026-03,74.98,,0.01,25.02,0.0,,0.0,0.0,0.0,0.0
HINDCON,2026-03,68.76,,,31.24,0.09000000000000341,,,-0.08999999999999986,0.0,0.0
HINDCOPPER,2026-03,66.14,6.34,5.39,33.86,0.0,3.07,-3.1900000000000004,0.0,0.0,-0.12000000000000055
HINDOILEXP,2026-03,,1.49,0.12,100.0,,-0.27,-0.2,0.0,,-0.47000000000000003
HINDPETRO,2026-03,54.9,17.27,19.57,45.1,0.0,4.719999999999999,-3.9899999999999984,0.0,0.0,0.7300000000000004
HINDUNILVR,2026-03,61.9,10.1,16.4,38.1,0.0,-0.5199999999999996,0.8599999999999994,0.0,0.0,0.33999999999999986
HINDWAREAP,2026-03,52.74,3.36,5.83,47.26,0.0,-0.29000000000000004,-1.25,0.0,0.0,-1.54
HINDZINC,2026-03,60.71,2.39,4.85,39.29,-2.710000000000001,0.9700000000000002,0.71,2.710000000000001,-1.5799999999999983,1.6800000000000002
HIRECT,2026-03,43.93,6.38,0.13,56.07,-0.04999999999999716,0.34999999999999964,0.11,0.04999999999999716,-0.04999999999999716,0.45999999999999963
HISARMETAL,2026-03,61.2,,,38.8,-0.00999999999999801,,,0.00999999999999801,-0.00999999999999801,0.0
HITECH,2026-03,43.76,0.81,16.27,56.05,-0.21000000000000085,-8.15,-0.129999999999999,0.1699999999999946,-0.3299999999999983,-8.28
HITECHCORP,2026-03,74.43,,0.04,25.57,0.0,,0.0,0.0,0.0,0.0
HITECHGEAR,2026-03,56.12,0.0,0.0,43.88,-0.060000000000002274,-0.01,0.0,0.060000000000002274,-0.060000000000002274,-0.01
HLEGLAS,2026-03,65.64,2.27,4.87,34.36,-1.0499999999999972,-1.85,1.35,1.0499999999999972,-1.1400000000000006,-0.5
HLVLTD,2026-03,39.07,0.16,1.55,60.93,0.0,0.01999999999999999,-0.010000000000000009,0.0,0.0,0.009999999999999981
HMAAGRO,2026-04,75.0,4.69,2.86,25.0,-6.6299999999999955,-2.04,2.75,6.629999999999999,-6.6299999999999955,0.71
HMT,2026-03,93.69,0.0,0.0,6.31,0.0,0.0,0.0,0.0,0.0,0.0
HMVL,2026-03,74.4,0.1,0.07,25.39,0.0,-0.06,0.07,0.0,0.0,0.010000000000000009
HNDFDS,2026-03,61.31,5.82,15.05,38.69,-0.9099999999999966,0.5700000000000003,0.4900000000000002,0.9099999999999966,-0.9099999999999966,1.0600000000000005
HOMEFIRST,2026-03,6.99,45.72,27.53,93.01,-5.48,9.189999999999998,6.330000000000002,5.480000000000004,-5.359999999999999,15.52
HONASA,2026-03,35.54,13.74,19.24,64.46,0.5499999999999972,-1.8100000000000005,0.75,-0.5500000000000114,-0.020000000000003126,-1.0600000000000005
HONAUT,2026-03,75.0,3.74,11.29,25.0,0.0,1.1500000000000004,-1.0700000000000003,0.0,0.0,0.08000000000000007
HONDAPOWER,2026-03,66.67,1.05,18.27,33.33,0.0,-0.32000000000000006,0.08999999999999986,0.0,0.0,-0.2300000000000002
HPAL,2026-03,71.35,0.02,,28.65,0.0,-0.14,,0.0,0.0,-0.14
HPIL,2026-03,74.85,,,25.15,0.0,,,0.0,0.0,0.0
HPL,2026-03,72.66,0.51,0.1,27.34,0.0,0.2,-0.16,0.0,0.0,0.04000000000000001
HSCL,2026-03,52.5,5.98,3.21,47.5,0.8900000000000006,0.79,-1.62,-0.8900000000000006,-0.03999999999999915,-0.8300000000000001
HTMEDIA,2026-03,69.5,0.01,0.05,29.88,0.0,-0.01,-0.48000000000000004,0.0,0.0,-0.49000000000000005
HUBTOWN,2026-03,32.84,1.4,0.21,67.16,0.75,-2.29,0.10999999999999999,-0.75,-2.1799999999999997,-2.18
HUDCO,2026-03,75.0,2.22,11.03,25.0,0.0,-0.23999999999999977,1.3399999999999999,0.0,0.0,1.1
HUHTAMAKI,2026-03,67.73,1.35,1.14,32.27,0.0,0.18000000000000016,0.06999999999999984,0.0,0.0,0.25
HYBRIDFIN,2026-03,64.02,,0.59,35.98,0.0,,-0.10999999999999999,0.0,0.0,-0.10999999999999999
HYUNDAI,2026-03,82.5,5.42,9.7,17.5,0.0,-1.75,2.6899999999999995,0.0,0.0,0.9399999999999995
IBULLSLTD,2026-03,32.89,17.0,0.16,63.2,5.43,16.47,0.11,-7.599999999999994,0.0,16.58
ICDSLTD,2026-03,51.39,,4.87,48.61,0.0,,0.0,0.0,0.0,0.0
ICEMAKE,2026-03,74.2,0.22,1.64,25.8,-0.20999999999999375,-0.11000000000000001,0.7699999999999999,0.21000000000000085,-0.09999999999999432,0.6599999999999999
ICICIAMC,2026-03,87.59,2.4,7.19,12.41,,,,,0.0,0.0
ICICIBANK,2026-03,,34.49,39.95,100.0,,-11.329999999999998,-4.829999999999998,0.0,,-16.159999999999997
ICICIGI,2026-03,51.29,22.29,19.52,48.71,-0.259999999999998,-1.3900000000000006,1.6799999999999997,0.259999999999998,-0.09000000000000341,0.28999999999999915
ICICIPRULI,2026-03,72.8,10.9,11.05,27.2,-0.20000000000000284,-2.3499999999999996,2.25,0.1999999999999993,-0.0799999999999983,-0.09999999999999964
ICIL,2026-03,58.74,9.85,5.72,41.26,0.0,-0.2599999999999998,0.7599999999999998,0.0,0.0,0.5
ICRA,2026-03,51.87,7.92,24.52,47.85,0.0,-0.8599999999999994,0.34999999999999787,0.030000000000001137,0.0,-0.5100000000000016
IDBI,2026-03,94.71,0.56,0.09,5.29,0.0,0.10000000000000003,-0.09,0.0,0.0,0.010000000000000037
IDEA,2026-03,25.64,5.56,6.21,74.36,0.07000000000000028,-1.0,2.78,-0.07000000000000739,0.0,1.7799999999999998
IDEAFORGE,2026-03,33.34,0.73,1.5,66.66,4.170000000000002,-0.8300000000000001,-0.020000000000000018,-4.170000000000002,-0.07000000000000028,-0.8500000000000001
IDFCFIRSTB,2026-03,,36.52,22.74,100.0,,12.240000000000002,-1.3000000000000007,0.0,,10.940000000000001
IEX,2026-03,,14.16,30.26,99.73,,-1.9600000000000009,-3.879999999999999,0.0,,-5.84
IFBAGRO,2026-03,65.0,0.92,1.12,35.0,0.0,0.77,0.0,0.0,0.0,0.77
IFBIND,2026-03,74.96,0.92,6.16,25.04,0.0,-0.14,-0.25,0.0,0.0,-0.39
IFCI,2026-03,72.57,2.65,1.65,27.43,0.0,-0.08000000000000007,0.039999999999999813,0.0,0.0,-0.04000000000000026
IFGLEXPOR,2026-03,72.43,0.03,13.27,27.57,0.0,-0.010000000000000002,-0.28000000000000114,0.0,0.0,-0.29000000000000115
IGARASHI,2026-03,75.0,0.13,2.13,25.0,0.0,-1.02,-0.1499999999999999,0.0,0.0,-1.17
IGCL,2026-03,69.05,0.24,4.36,30.95,-27.820000000000007,,,27.82,-27.820000000000007,0.0
IGIL,2026-03,76.55,8.6,6.38,23.45,0.0,-1.2800000000000011,0.5,0.0,0.0,-0.7800000000000011
IGL,2026-03,45.0,17.08,23.26,55.0,0.0,2.4099999999999984,-2.919999999999998,0.0,0.0,-0.5099999999999998
IGPL,2026-03,68.74,2.92,1.46,31.26,0.0,-0.18000000000000016,0.020000000000000018,0.0,0.0,-0.16000000000000014
IIFL,2026-03,24.85,28.16,7.09,75.15,-0.03999999999999915,0.129999999999999,1.5599999999999996,0.04000000000000625,-0.019999999999999574,1.6899999999999986
IIFLCAPS,2026-03,30.87,16.33,5.57,69.13,0.1700000000000017,-2.650000000000002,1.2600000000000007,-0.1700000000000017,-0.05999999999999872,-1.3900000000000015
IITL,2026-03,56.46,5.3,1.41,43.54,4.730000000000004,-9.98,0.0,-4.730000000000004,0.35999999999999943,-9.98
IKIO,2026-03,72.55,0.9,1.21,27.45,0.04999999999999716,0.29000000000000004,-0.48,-0.05000000000000071,0.0,-0.18999999999999995
IKS,2026-03,63.72,8.19,6.4,33.97,0.0,2.8,2.37,0.269999999999996,0.0,5.17
IL&FSENGG,2026-03,42.25,0.7,0.34,57.75,0.0,-0.17000000000000004,-0.02999999999999997,0.0,0.0,-0.2
IL&FSTRANS,2026-03,73.22,0.0,0.41,26.78,0.0,0.0,-0.040000000000000036,0.0,0.0,-0.040000000000000036
IMAGICAA,2026-03,74.02,0.59,1.98,25.98,0.0,0.039999999999999925,-0.43000000000000016,0.0,0.0,-0.39000000000000024
IMFA,2026-03,58.69,3.87,0.82,41.31,0.0,0.06000000000000005,0.009999999999999898,0.0,0.0,0.06999999999999995
IMPAL,2026-03,33.81,3.6,1.34,66.19,3.1000000000000014,-4.289999999999999,-1.1500000000000001,-3.1000000000000085,0.0,-5.4399999999999995
IMPEXFERRO,2025-03,69.1,,,30.9,0.0,,,0.0,0.0,0.0
INA,2026-03,66.12,1.09,0.74,33.88,,,,,,0.0
INCREDIBLE,2026-03,74.96,,,25.04,0.0,,,0.0,0.0,0.0
INDBANK,2026-03,64.84,0.0,0.09,35.16,0.0,0.0,0.0,0.0,0.0,0.0
INDGN,2026-03,,10.27,8.3,100.0,,5.029999999999999,3.3400000000000007,0.0,,8.370000000000001
INDHOTEL,2026-03,38.12,23.23,22.7,61.88,0.0,-3.7300000000000004,3.5199999999999996,0.0,0.0,-0.21000000000000085
INDIACEM,2026-03,75.0,3.48,12.9,25.0,-6.489999999999995,-1.4600000000000004,9.21,6.489999999999998,-5.890000000000001,7.75
INDIAGLYCO,2026-03,59.63,2.27,5.2,40.37,-1.3799999999999955,-1.17,3.8100000000000005,1.3799999999999955,-1.3799999999999955,2.6400000000000006
INDIAMART,2026-03,49.12,19.17,13.54,50.87,-0.05000000000000426,0.22000000000000242,-1.9600000000000009,0.0799999999999983,-0.05000000000000426,-1.7399999999999984
INDIANB,2026-03,73.84,5.82,17.75,26.16,0.0,1.08,-0.019999999999999574,0.0,0.0,1.0600000000000005
INDIANCARD,2026-03,67.33,,0.03,32.67,0.0,,0.0,0.0,0.0,0.0
INDIANHUME,2026-03,72.34,0.39,2.2,27.66,0.0,-0.17000000000000004,0.0,0.0,0.0,-0.17000000000000004
INDIASHLTR,2026-03,47.54,6.87,21.39,52.46,-0.38000000000000256,-0.07000000000000028,2.870000000000001,0.38000000000000256,-0.18999999999999773,2.8000000000000007
INDIGO,2026-03,41.57,21.64,31.18,58.43,-7.700000000000003,-3.4800000000000004,10.45,7.700000000000003,-5.730000000000004,6.969999999999999
INDIGOPNTS,2026-03,53.88,7.41,23.0,46.12,-0.03999999999999915,-5.0,6.260000000000002,0.03999999999999915,-0.03999999999999915,1.2600000000000016
INDIQUBE,2026-03,60.1,2.18,14.7,39.9,,,,,-0.5600000000000023,0.0
INDNIPPON,2026-03,70.37,0.41,0.06,29.63,0.0,0.21999999999999997,0.06,0.0,0.0,0.27999999999999997
INDOAMIN,2026-03,58.42,0.02,,41.58,0.05000000000000426,-0.13,,-0.05000000000000426,0.0,-0.13
INDOBORAX,2026-03,30.8,0.45,2.19,69.2,-19.999999999999996,0.43,2.18,20.0,-19.999999999999996,2.6100000000000003
INDOCO,2026-03,58.86,0.94,18.15,41.0,-0.03999999999999915,-0.30000000000000004,-0.6000000000000014,-0.00999999999999801,-0.03999999999999915,-0.9000000000000015
INDOFARM,2026-03,70.46,0.18,3.4,29.54,1.019999999999996,-0.6300000000000001,-2.5800000000000005,-1.0199999999999996,0.0,-3.210000000000001
INDORAMA,2026-03,74.84,0.25,0.92,25.16,0.0,0.24,-1.6400000000000001,0.0,0.0,-1.4000000000000001
INDOSTAR,2026-03,70.38,2.59,2.17,29.62,-2.6000000000000085,-0.5100000000000002,-0.2200000000000002,2.6000000000000014,-5.36999999999999,-0.7300000000000004
INDOTECH,2026-03,75.0,0.27,0.0,25.0,0.0,0.020000000000000018,-0.66,0.0,0.0,-0.64
INDOTHAI,2026-03,56.51,1.22,0.49,43.49,-4.350000000000001,0.74,,4.350000000000001,-2.5899999999999963,0.74
INDOUS,2026-03,68.29,0.18,,31.71,-1.8799999999999955,0.18,,1.8800000000000026,-1.8799999999999955,0.18
INDOWIND,2026-03,48.2,0.0,,51.8,1.0400000000000063,-0.02,,-1.0400000000000063,0.0,-0.02
INDRAMEDCO,2026-03,51.0,2.44,0.88,49.0,0.0,-0.5,-2.68,0.0,0.0,-3.18
INDSWFTLAB,2026-03,42.99,13.88,0.0,57.01,5.270000000000003,-2.799999999999999,-0.75,-5.270000000000003,-0.07000000000000028,-3.549999999999999
INDTERRAIN,2026-03,31.55,5.07,0.04,68.45,0.0,0.0,-0.010000000000000002,0.0,0.0,-0.010000000000000002
INDUSINDBK,2026-03,15.82,28.57,40.51,84.18,-0.009999999999999787,-0.9600000000000009,3.809999999999995,0.010000000000005116,-0.009999999999999787,2.8499999999999943
INDUSTOWER,2026-03,51.26,25.09,19.68,48.71,1.259999999999998,-1.3300000000000018,1.2699999999999996,-1.25,0.0,-0.060000000000002274
INFOBEAN,2026-03,72.83,0.45,0.2,27.17,-1.210000000000008,-0.11000000000000004,0.2,1.2100000000000009,-1.5700000000000074,0.08999999999999997
INFOMEDIA,2026-03,50.69,0.0,0.77,49.31,0.0,0.0,0.0,0.0,0.0,0.0
INFY,2026-03,14.38,28.45,43.38,85.38,-0.21999999999999886,-4.430000000000003,4.859999999999999,0.23999999999999488,-0.3099999999999987,0.42999999999999616
INGERRAND,2026-03,75.0,1.3,8.21,25.0,0.0,-0.5799999999999998,1.1000000000000005,0.0,0.0,0.5200000000000007
INNOVACAP,2026-03,50.9,0.23,20.14,49.1,0.0,-0.11000000000000001,0.379999999999999,0.0,0.0,0.269999999999999
INNOVANA,2026-03,72.65,1.18,1.09,27.35,-0.5799999999999983,0.8099999999999999,0.92,0.5800000000000018,-0.5699999999999932,1.73
INNOVISION,2026-03,74.17,,0.45,25.83,,,,,,0.0
INOXGREEN,2026-03,56.12,8.74,1.49,43.88,0.14999999999999858,0.8600000000000003,0.4099999999999999,-0.14999999999999858,-1.1499999999999986,1.2700000000000002
INOXINDIA,2026-03,75.0,7.13,7.73,25.0,0.0,0.29000000000000004,1.4700000000000006,0.0,0.0,1.7600000000000007
INOXWIND,2026-03,44.18,14.61,10.97,55.82,0.0,0.8399999999999999,1.8500000000000014,0.0,0.0,2.6900000000000013
INSECTICID,2026-03,72.3,4.5,9.27,27.7,0.0,0.009999999999999787,-0.3200000000000003,0.0,0.0,-0.3100000000000005
INSPIRISYS,2026-03,69.95,,,30.05,0.0,,,0.0,0.0,0.0
INTELLECT,2026-03,29.73,25.57,7.1,70.27,-0.17999999999999972,0.7100000000000009,-1.1300000000000008,0.1799999999999926,-0.0799999999999983,-0.41999999999999993
INTENTECH,2026-03,4.68,6.89,,94.19,-16.0,6.85,,15.679999999999993,-8.39,6.85
INTERARCH,2026-03,59.43,5.29,5.16,40.57,-0.46999999999999886,0.5899999999999999,-1.3499999999999996,0.46999999999999886,-0.46999999999999886,-0.7599999999999998
INTLCONV,2026-03,69.86,0.85,0.54,30.14,0.7199999999999989,0.83,0.54,-0.7199999999999989,-0.4199999999999875,1.37
INVENTURE,2026-03,26.4,,,73.6,0.0,,,0.0,0.0,0.0
IOB,2026-03,92.44,0.43,4.28,7.56,-2.1700000000000017,0.21,1.6900000000000004,2.17,-2.1700000000000017,1.9000000000000004
IOC,2026-03,51.5,9.85,9.21,48.5,0.0,2.4699999999999998,-0.8599999999999994,0.0,0.0,1.6100000000000003
IOLCP,2026-03,57.48,1.72,0.02,42.52,4.859999999999999,0.25,-0.05,-4.859999999999999,0.0,0.2
IONEXCHANG,2026-03,25.52,4.63,14.8,58.29,-0.240000000000002,-0.8700000000000001,0.9199999999999999,0.22999999999999687,-0.08000000000000185,0.04999999999999982
IPCALAB,2026-03,44.72,10.63,37.45,55.28,0.0,-0.129999999999999,1.3900000000000006,0.0,0.0,1.2600000000000016
IPL,2026-03,63.65,1.87,0.02,36.35,0.03999999999999915,0.020000000000000018,0.02,-0.03999999999999915,0.0,0.04000000000000002
IRB,2026-04,30.79,43.85,10.02,69.21,0.36999999999999744,0.240000000000002,-0.19000000000000128,-0.37000000000000455,0.0,0.05000000000000071
IRCON,2026-03,65.17,4.78,1.79,34.83,0.0,0.6699999999999999,0.21999999999999997,0.0,0.0,0.8899999999999999
IRCTC,2026-03,62.4,4.86,14.86,37.6,0.0,-2.51,0.9699999999999989,0.0,0.0,-1.540000000000001
IREDA,2026-03,71.76,2.14,2.45,28.24,-3.239999999999995,0.3900000000000001,1.9400000000000002,3.2399999999999984,-3.239999999999995,2.33
IRFC,2026-03,84.65,1.17,2.89,15.35,-1.7099999999999937,0.18999999999999995,1.55,1.709999999999999,-1.7099999999999937,1.74
IRIS,2026-03,34.63,1.87,13.06,65.37,-0.04999999999999716,0.4500000000000002,1.9800000000000004,0.05000000000001137,-0.030000000000001137,2.4300000000000006
IRISDOREME,2026-03,61.17,0.0,0.79,38.83,0.0,-0.02,-0.12,0.0,0.0,-0.13999999999999999
IRMENERGY,2026-03,50.07,1.59,3.57,49.93,0.0,-0.08999999999999986,-3.0500000000000003,0.0,0.0,-3.14
ISFT,2026-03,43.06,0.07,0.0,56.94,0.0,-0.009999999999999995,-0.01,0.0,0.0,-0.019999999999999997
ISGEC,2026-03,62.43,3.85,10.31,37.57,0.0,0.3799999999999999,-0.7999999999999989,0.0,0.0,-0.41999999999999904
ISHANCH,2026-03,40.15,,,59.85,-6.579999999999998,,,6.579999999999998,-9.25,0.0
ITC,2026-03,,34.83,49.15,100.0,,-5.039999999999999,3.960000000000001,0.0,,-1.0799999999999983
ITCHOTELS,2026-03,39.85,14.57,21.46,60.15,-0.030000000000001137,-10.8,-0.14999999999999858,0.030000000000001137,-0.01999999999999602,-10.95
ITDC,2026-03,87.03,0.02,1.78,12.97,0.0,0.02,0.0,0.0,0.0,0.02
ITI,2026-03,90.02,0.01,0.07,9.98,0.0,0.0,0.020000000000000004,0.0,0.0,0.020000000000000004
IVALUE,2026-03,32.08,2.22,15.25,67.92,,,,,-0.6499999999999986,0.0
IVC,2026-03,50.42,,0.01,49.58,0.0,,0.0,0.0,0.0,0.0
IVP,2026-03,71.32,,0.02,28.68,0.0,,0.0,0.0,0.0,0.0
IXIGO,2026-03,,64.19,10.1,100.0,,4.289999999999999,-0.8399999999999999,0.0,,3.4499999999999993
IZMO,2026-03,34.79,3.27,0.49,65.21,-0.21000000000000085,-0.9999999999999996,0.49,0.20999999999999375,-0.14000000000000057,-0.5099999999999996
J&KBANK,2026-03,59.4,8.34,6.0,40.6,0.0,0.7000000000000002,-0.7000000000000002,0.0,0.0,0.0
JAGRAN,2026-03,69.0,2.24,6.3,31.0,0.0,-0.2899999999999996,-2.63,0.0,0.0,-2.9199999999999995
JAGSNPHARM,2026-03,67.89,2.44,0.22,32.11,0.10999999999999943,0.33999999999999986,0.22,-0.10999999999999943,-0.15000000000000568,0.5599999999999998
JAIBALAJI,2026-03,64.84,3.0,0.11,35.16,0.0,-0.56,0.0,0.0,0.0,-0.56
JAICORPLTD,2026-03,73.92,0.8,1.57,26.08,0.0,-0.5999999999999999,-0.06999999999999984,0.0,0.0,-0.6699999999999997
JAINREC,2026-03,73.59,3.02,10.11,26.41,,,,,0.0,0.0
JAIPURKURT,2026-03,41.31,2.21,,58.69,0.0,-0.2400000000000002,,0.0,0.0,-0.2400000000000002
JAMNAAUTO,2026-03,49.84,9.25,4.83,50.16,-0.09999999999999432,6.49,-0.79,0.09999999999999432,-0.0899999999999963,5.7
JARO,2026-03,57.28,0.79,4.87,42.72,,,,,-0.04999999999999716,0.0
JASH,2026-03,43.24,1.78,0.39,56.3,-0.14999999999999858,-0.17999999999999994,-0.51,-0.3100000000000023,-0.19999999999999574,-0.69
JAYAGROGN,2026-03,67.13,0.04,,32.87,0.009999999999990905,-0.019999999999999997,,-0.010000000000005116,0.0,-0.019999999999999997
JAYBARMARU,2026-03,59.35,1.32,0.02,40.65,0.0,0.4600000000000001,-0.009999999999999998,0.0,0.0,0.45000000000000007
JAYKAY,2026-03,65.19,0.18,0.0,34.81,,,,,0.0,0.0
JAYNECOIND,2026-03,55.15,0.9,0.3,44.85,0.0,0.88,0.3,0.0,0.0,1.18
JAYSREETEA,2026-03,50.68,4.86,0.51,49.32,0.0,0.010000000000000675,0.0,0.0,0.0,0.010000000000000675
JBCHEPHARM,2026-03,48.8,16.33,21.38,51.2,1.0700000000000003,-1.4400000000000013,1.75,-1.0700000000000003,-0.1699999999999946,0.3099999999999987
JBMA,2026-03,67.53,1.97,0.11,32.47,0.0,-0.78,0.03,0.0,0.0,-0.75
JETFREIGHT,2026-03,50.92,,,49.08,0.0,,,0.0,0.0,0.0
JGCHEM,2026-03,70.99,3.28,3.47,29.01,0.0,-2.81,-0.22999999999999998,0.0,0.0,-3.04
JHS,2026-03,33.85,3.6,,66.15,-0.7100000000000009,2.01,,0.710000000000008,-0.7100000000000009,2.01
JINDALPHOT,2026-03,74.2,0.01,0.02,25.8,0.0,0.01,0.0,0.0,0.0,0.01
JINDALPOLY,2026-03,74.55,2.55,0.0,25.45,0.0,-0.9900000000000002,-0.01,0.0,0.0,-1.0000000000000002
JINDALSAW,2026-03,63.25,13.46,5.8,36.46,-0.030000000000001137,-3.5299999999999976,1.3999999999999995,0.11999999999999744,-0.020000000000003126,-2.129999999999998
JINDALSTEL,2026-03,62.69,9.2,19.13,37.05,0.46999999999999886,-0.39000000000000057,1.4100000000000001,0.0799999999999983,0.0,1.0199999999999996
JINDRILL,2026-03,66.78,0.62,0.0,33.22,2.530000000000001,-1.4299999999999997,-0.95,-2.530000000000001,-0.010000000000005116,-2.38
JINDWORLD,2026-03,61.76,0.16,0.0,38.24,1.9600000000000009,0.03,-0.04,-1.9600000000000009,-0.010000000000005116,-0.010000000000000002
JIOFIN,2026-04,49.13,11.61,13.42,50.87,2.010000000000005,-0.6900000000000013,-1.3599999999999994,-2.010000000000005,0.0,-2.0500000000000007
JISLDVREQS,2026-03,30.37,0.0,0.31,69.63,0.0,-0.04,0.0,0.0,0.0,-0.04
JISLJALEQS,2026-03,26.68,3.91,8.6,73.27,0.0,-0.7599999999999998,-0.25,0.030000000000001137,0.0,-1.0099999999999998
JITFINFRA,2026-03,63.03,1.96,0.04,36.97,0.0,-0.1200000000000001,0.0,0.0,0.0,-0.1200000000000001
JKCEMENT,2026-03,45.66,16.86,23.75,54.34,-0.020000000000003126,0.7199999999999989,-0.75,0.020000000000003126,-0.020000000000003126,-0.030000000000001137
JKIL,2026-03,46.65,12.55,15.16,53.35,0.0,0.6000000000000014,-0.33999999999999986,0.0,0.0,0.26000000000000156
JKIPL,2026-03,74.99,0.82,4.17,25.01,,,,,0.0,0.0
JKLAKSHMI,2026-03,45.12,11.96,23.0,54.88,-1.220000000000006,-0.08999999999999986,-2.25,1.220000000000006,-1.220000000000006,-2.34
JKPAPER,2026-03,52.94,11.63,6.06,47.06,3.309999999999995,-0.22999999999999865,0.5499999999999998,-3.309999999999995,0.0,0.3200000000000012
JKTYRE,2026-03,51.72,18.6,7.45,48.28,1.1700000000000017,2.660000000000002,1.2999999999999998,-1.1700000000000017,0.0,3.9600000000000017
JLHL,2026-03,40.91,8.48,17.01,59.09,0.0,-1.549999999999999,1.3800000000000008,0.0,0.0,-0.16999999999999815
JMA,2026-03,51.0,0.05,0.01,49.0,0.0,0.0,0.0,0.0,0.0,0.0
JMFINANCIL,2026-03,57.07,17.15,5.89,42.93,0.5700000000000003,-0.33999999999999986,-1.1800000000000006,-0.5700000000000003,0.00999999999999801,-1.5200000000000005
JNKINDIA,2026-03,67.79,1.17,12.56,32.21,0.010000000000005116,-1.8900000000000001,-5.3199999999999985,-0.00999999999999801,-0.18000000000000682,-7.209999999999999
JOCIL,2026-03,55.02,,,44.98,0.0,,,0.0,0.0,0.0
JPOLYINVST,2026-03,74.63,0.19,0.44,25.37,0.0,0.07,-0.010000000000000009,0.0,0.0,0.06
JPPOWER,2026-03,24.0,6.59,17.03,76.0,0.0,0.28000000000000025,-0.48999999999999844,0.0,0.0,-0.2099999999999982
JSFB,2026-03,21.85,4.31,16.27,78.15,-0.4299999999999997,3.4199999999999995,0.3899999999999988,0.4300000000000068,-0.40000000000000213,3.8099999999999983
JSL,2026-03,62.05,20.87,7.15,37.9,1.1699999999999946,-0.509999999999998,0.23000000000000043,-1.2000000000000028,0.0,-0.2799999999999976
JSLL,2026-03,63.62,6.17,0.46,36.38,0.0899999999999963,0.21999999999999975,0.29000000000000004,-0.0899999999999963,0.0,0.5099999999999998
JSWCEMENT,2026-03,72.03,2.94,8.74,26.35,,,,,-0.29999999999999716,0.0
JSWDULUX,2026-03,61.2,8.44,21.78,38.8,-13.560000000000002,4.77,13.280000000000001,13.559999999999999,-8.560000000000002,18.05
JSWENERGY,2026-03,69.41,9.74,14.33,30.52,0.14999999999999147,-3.6899999999999995,3.3900000000000006,-0.07000000000000028,0.0,-0.29999999999999893
JSWHL,2026-03,66.29,22.65,0.09,33.7,0.0,0.029999999999997584,-0.12,0.0,0.0,-0.09000000000000241
JSWINFRA,2026-03,83.62,6.92,2.43,15.68,-2.0,2.16,-0.27,2.5600000000000005,-2.0,1.8900000000000001
JSWSTEEL,2026-03,45.32,25.38,11.15,54.49,0.4799999999999969,-0.40000000000000213,0.6300000000000008,-0.46999999999999886,0.0,0.22999999999999865
JTEKTINDIA,2026-03,74.98,0.47,11.14,25.02,0.0,0.019999999999999962,1.8399999999999999,0.0,0.0,1.8599999999999999
JTLIND,2026-03,49.26,3.4,0.0,50.74,0.3500000000000014,-1.4600000000000004,-3.04,-0.3500000000000014,0.0,-4.5
JUBLCPL,2026-03,74.36,0.27,0.14,25.64,-0.4200000000000017,0.14,0.06000000000000001,0.4200000000000017,-0.4099999999999966,0.2
JUBLFOOD,2026-03,40.27,17.29,36.58,59.4,-1.6699999999999946,-3.2600000000000016,5.349999999999998,1.6700000000000017,-1.6699999999999946,2.0899999999999963
JUBLINGREA,2026-03,45.22,6.49,24.76,53.79,-6.25,-0.6299999999999999,8.840000000000002,5.990000000000002,-6.25,8.21
JUBLPHARMA,2026-03,47.68,15.9,11.62,51.76,-3.0,-1.3199999999999985,4.569999999999999,2.989999999999995,-3.0,3.250000000000001
JUNIPER,2026-03,77.53,4.49,12.51,22.47,0.0,-2.92,1.8100000000000005,0.0,0.0,-1.1099999999999994
JUSTDIAL,2026-03,74.15,4.83,9.31,25.85,0.0,-1.7400000000000002,0.39000000000000057,0.0,0.0,-1.3499999999999996
JWL,2026-03,68.31,4.19,0.78,31.69,0.20000000000000284,0.3300000000000005,-0.9299999999999999,-0.1999999999999993,-0.01999999999999602,-0.5999999999999994
JYOTHYLAB,2026-03,62.89,12.35,14.63,37.11,0.0,-0.7900000000000009,-1.6199999999999992,0.0,0.0,-2.41
JYOTICNC,2026-03,62.55,8.94,13.68,37.45,0.0,1.7399999999999993,3.26,0.0,0.0,4.999999999999999
JYOTISTRUC,2026-03,,1.37,0.13,100.0,,-0.1499999999999999,-0.38,0.0,0.0,-0.5299999999999999
KABRAEXTRU,2026-03,60.49,0.35,0.02,39.51,0.25,-1.1099999999999999,-0.6799999999999999,-0.25,-0.030000000000001137,-1.7899999999999998
KAJARIACER,2026-03,47.69,10.23,27.48,52.31,0.21000000000000085,-5.559999999999999,-0.1999999999999993,-0.21000000000000085,0.0,-5.759999999999998
KAKATCEM,2026-03,54.25,,0.0,45.75,0.0,,0.0,0.0,0.0,0.0
KALAMANDIR,2026-03,60.97,0.55,8.55,35.11,0.10000000000000142,-2.62,-7.1899999999999995,-0.10000000000000142,0.0,-9.809999999999999
KALPATARU,2026-03,81.34,8.09,6.29,18.66,,,,,0.0,0.0
KALYANI,2026-03,53.14,,,46.86,0.0,,,0.0,0.0,0.0
KALYANIFRG,2025-12,58.76,,,41.24,0.04999999999999716,,,-0.04999999999999716,0.0,0.0
KALYANKJIL,2026-03,62.87,14.55,14.12,37.13,0.01999999999999602,-2.34,2.1499999999999986,-0.01999999999999602,-0.03999999999999915,-0.19000000000000128
KAMATHOTEL,2026-03,57.78,0.26,3.85,42.22,0.0,-0.010000000000000009,-0.31000000000000005,0.0,0.0,-0.32000000000000006
KAMDHENU,2026-03,49.03,1.89,0.01,50.97,-0.7999999999999972,-4.550000000000001,0.0,0.7999999999999972,-0.7100000000000009,-4.550000000000001
KAMOPAINTS,2026-03,52.54,,0.01,47.46,2.210000000000001,,0.0,-2.210000000000001,0.0,0.0
KANANIIND,2026-03,33.79,,,66.21,0.0,,,0.0,0.0,0.0
KANORICHEM,2026-03,74.4,0.04,0.07,25.6,0.0,-0.019999999999999997,0.0,0.0,0.0,-0.019999999999999997
KANPRPLA,2026-03,68.12,0.0,1.48,31.88,0.8599999999999994,-0.05,,-0.860000000000003,0.0,-0.05
KANSAINER,2026-03,74.96,3.61,11.9,25.04,-0.020000000000010232,-1.69,1.8000000000000007,0.019999999999999574,-0.020000000000010232,0.11000000000000076
KAPSTON,2026-03,72.87,0.02,,27.13,0.0,0.02,,0.0,0.0,0.02
KARMAENG,2026-03,74.7,,,25.3,0.0,,,0.0,0.0,0.0
KARURVYSYA,2026-03,2.07,19.25,39.26,97.93,-0.040000000000000036,4.130000000000001,0.39000000000000057,0.04000000000000625,-0.03000000000000025,4.520000000000001
KAUSHALYA,2026-03,51.42,,0.0,48.58,0.0,,0.0,0.0,0.0,0.0
KAVDEFENCE,2026-03,24.56,2.04,0.01,75.44,9.149999999999999,-5.57,0.0,-9.150000000000006,0.0,-5.57
KAYA,2026-03,51.43,0.68,2.95,48.57,-8.21,-0.2699999999999999,0.8600000000000003,8.21,-8.21,0.5900000000000004
KAYNES,2026-03,53.46,7.28,15.14,46.54,-4.289999999999999,-3.8899999999999997,-1.8299999999999983,4.289999999999999,-4.229999999999997,-5.719999999999998
KCP,2026-03,44.25,2.64,0.56,55.75,0.0,-0.2599999999999998,-0.18999999999999995,0.0,0.0,-0.44999999999999973
KCPSUGIND,2026-03,41.54,0.11,0.01,58.46,0.9499999999999957,0.1,0.0,-0.9499999999999957,0.0,0.1
KDDL,2026-03,50.43,8.16,1.88,49.57,0.0,-0.5899999999999999,-0.2200000000000002,0.0,0.0,-0.81
KEC,2026-03,50.1,9.84,26.87,49.9,0.0,-5.58,2.6900000000000013,0.0,0.0,-2.889999999999999
KECL,2026-03,49.74,4.03,1.18,50.26,0.14999999999999858,0.050000000000000266,0.0,-0.14999999999999858,0.0,0.050000000000000266
KEEPLEARN,2026-03,55.42,,0.7,44.58,-1.4899999999999949,,-0.10000000000000009,1.4899999999999949,-1.4899999999999949,-0.10000000000000009
KEI,2026-03,35.0,27.27,25.83,65.0,-0.020000000000003126,1.4400000000000013,2.3199999999999967,0.01999999999999602,-0.020000000000003126,3.759999999999998
KELLTONTEC,2026-03,37.67,1.04,0.0,62.33,-3.1099999999999994,-0.22999999999999998,0.0,3.1099999999999994,-2.0799999999999983,-0.22999999999999998
KERNEX,2026-03,28.85,0.3,0.02,71.15,-0.23999999999999844,0.22999999999999998,-1.08,0.2400000000000091,-0.120000000000001,-0.8500000000000001
KESORAMIND,2026-03,43.34,2.27,4.05,56.66,0.0,-2.73,-11.899999999999999,0.0,0.0,-14.629999999999999
KEYFINSERV,2026-03,71.88,9.26,0.01,28.12,0.0,0.0,0.0,0.0,0.0,0.0
KFINTECH,2026-03,22.86,26.26,25.23,77.14,-10.049999999999997,3.700000000000003,4.859999999999999,10.049999999999997,-10.009999999999998,8.560000000000002
KHADIM,2026-03,59.87,1.06,1.31,40.13,0.03999999999999915,1.04,-4.459999999999999,-0.03999999999999915,0.0,-3.419999999999999
KHAICHEM,2026-03,72.65,0.34,0.01,27.35,0.13000000000000966,0.18000000000000002,0.0,-0.129999999999999,0.0,0.18000000000000002
KHAITANLTD,2026-03,60.24,,0.03,39.76,0.0,,0.0,0.0,0.0,0.0
KHANDSE,2026-03,48.73,,,51.27,0.4799999999999969,,,-0.4799999999999969,0.0,0.0
KICL,2026-03,74.97,0.65,0.52,25.03,0.0,0.13,0.11000000000000004,0.0,0.0,0.24000000000000005
KILITCH,2026-03,63.77,0.0,0.0,36.23,-5.460000000000001,0.0,0.0,5.459999999999997,-5.460000000000001,0.0
KIMS,2026-03,34.11,14.57,32.5,65.89,-4.710000000000001,-0.879999999999999,0.5500000000000007,4.710000000000001,-4.710000000000001,-0.3299999999999983
KINGFA,2026-03,67.02,7.76,8.85,32.98,-7.969999999999999,1.4100000000000001,8.68,7.969999999999995,-7.969999999999999,10.09
KIOCL,2026-03,99.03,0.04,0.03,0.97,0.0,0.02,-0.04000000000000001,0.0,0.0,-0.020000000000000007
KIRIINDUS,2026-04,41.71,16.87,1.18,58.29,4.990000000000002,-4.890000000000001,0.040000000000000036,-4.990000000000002,0.0,-4.8500000000000005
KIRLOSBROS,2026-03,65.95,6.24,10.38,34.05,0.0,0.14000000000000057,0.7700000000000014,0.0,0.0,0.9100000000000019
KIRLOSENG,2026-03,41.07,10.79,26.69,58.93,-0.0799999999999983,1.6499999999999986,0.11000000000000298,0.0799999999999983,-0.03999999999999915,1.7600000000000016
KIRLOSIND,2026-03,71.87,0.5,1.88,28.13,-0.6899999999999977,-0.09999999999999998,-0.010000000000000009,0.6899999999999977,-0.6499999999999915,-0.10999999999999999
KIRLPNU,2026-03,38.81,9.56,26.53,61.19,-0.03999999999999915,1.8200000000000003,-2.599999999999998,0.03999999999999915,-0.020000000000003126,-0.7799999999999976
KITEX,2026-03,56.66,0.88,0.13,43.34,0.0,-0.020000000000000018,-0.74,0.0,0.0,-0.76
KKCL,2026-03,74.29,2.32,8.6,25.71,0.020000000000010232,-0.07000000000000028,0.8399999999999999,-0.019999999999999574,0.0,0.7699999999999996
KMEW,2026-03,53.63,11.75,1.72,46.37,-7.059999999999995,11.26,1.57,7.059999999999995,-7.059999999999995,12.83
KMSUGAR,2026-03,56.51,0.19,0.0,43.49,0.0,0.06,0.0,0.0,-0.00999999999999801,0.06
KNAGRI,2026-03,68.86,3.11,0.42,31.14,-4.799999999999997,0.5099999999999998,-1.62,4.800000000000001,-4.799999999999997,-1.1100000000000003
KNRCON,2026-03,48.81,6.29,19.31,51.19,0.0,-0.6200000000000001,-9.010000000000002,0.0,0.0,-9.630000000000003
KOHINOOR,2026-03,37.67,0.03,0.0,62.33,0.0,0.019999999999999997,0.0,0.0,0.0,0.019999999999999997
KOKUYOCMLN,2026-03,74.99,0.1,0.0,25.01,0.0,-0.12,0.0,0.0,0.0,-0.12
KOLTEPATIL,2026-03,73.81,9.96,3.39,26.19,4.359999999999999,5.8100000000000005,-2.1999999999999997,-4.359999999999999,0.0,3.6100000000000008
KOPRAN,2026-03,44.42,0.57,0.0,55.58,0.0,-0.5500000000000002,0.0,0.0,0.0,-0.5500000000000002
KOTAKBANK,2026-03,25.87,26.4,36.18,74.13,-0.00999999999999801,-6.25,7.039999999999999,0.009999999999990905,-0.00999999999999801,0.7899999999999991
KOTARISUG,2026-03,73.53,0.16,0.49,26.47,0.0,-0.4,-0.17000000000000004,0.0,0.0,-0.5700000000000001
KOTHARIPET,2026-03,72.22,0.01,0.09,27.78,1.2399999999999949,0.0,0.0,-1.2399999999999984,0.0,0.0
KOTHARIPRO,2026-03,74.99,,,25.01,0.0,,,0.0,0.0,0.0
KOTYARK,2026-03,63.84,1.03,,36.16,-3.8100000000000023,0.09000000000000008,,3.809999999999995,-3.9200000000000017,0.09000000000000008
KPEL,2026-03,45.44,0.66,1.0,54.56,0.4199999999999946,-0.14,0.08999999999999997,-0.4199999999999946,-0.14000000000000057,-0.050000000000000044
KPIGREEN,2026-03,49.49,8.25,0.64,50.51,0.8200000000000003,-0.009999999999999787,-0.17000000000000004,-0.8200000000000003,0.0,-0.17999999999999983
KPIL,2026-03,33.58,10.92,45.11,66.42,0.05999999999999517,-0.6799999999999997,0.0799999999999983,-0.060000000000002274,0.0,-0.6000000000000014
KPITTECH,2026-03,39.42,13.25,24.65,59.88,-0.04999999999999716,-3.9299999999999997,3.349999999999998,0.240000000000002,-0.01999999999999602,-0.5800000000000018
KPRMILL,2026-03,67.52,6.63,19.47,32.48,-3.160000000000011,0.3799999999999999,2.9899999999999984,3.1599999999999966,-3.160000000000011,3.3699999999999983
KRBL,2026-03,60.17,7.76,0.71,39.83,0.0,2.63,0.31999999999999995,0.0,0.0,2.9499999999999997
KREBSBIO,2026-03,72.74,0.5,,27.26,0.0,0.0,,0.0,0.0,0.0
KRIDHANINF,2026-03,44.88,,0.0,55.12,-2.269999999999996,,0.0,2.269999999999996,-2.269999999999996,0.0
KRISHANA,2026-03,72.94,0.26,0.0,27.06,1.0799999999999983,0.22,0.0,-1.0800000000000018,0.0,0.22
KRISHIVAL,2026-03,37.23,0.54,1.33,62.77,0.01999999999999602,-0.35,-9.59,-0.01999999999999602,0.0,-9.94
KRISHNADEF,2026-03,59.96,0.61,2.06,40.04,0.0,0.57,2.06,0.0,-0.060000000000002274,2.63
KRITI,2026-03,69.07,0.12,0.0,30.93,1.3299999999999983,0.039999999999999994,0.0,-1.3299999999999983,0.0,0.039999999999999994
KRITIKA,2026-03,63.32,0.0,0.0,36.68,0.0,0.0,0.0,0.0,0.0,0.0
KRITINUT,2026-03,66.68,,0.02,33.32,0.0,,0.02,0.0,0.0,0.02
KRN,2026-03,70.79,6.67,6.39,29.21,0.0,5.46,0.10999999999999943,0.0,-1.1700000000000017,5.569999999999999
KRONOX,2026-03,74.21,0.08,2.05,25.79,0.0,0.04,-0.15000000000000036,0.0,0.0,-0.11000000000000035
KROSS,2026-03,68.52,2.62,6.03,31.48,0.5300000000000011,-0.56,-3.6900000000000004,-0.5299999999999976,0.0,-4.25
KRSNAA,2026-03,27.11,3.91,13.89,72.89,-0.129999999999999,0.3600000000000003,-0.3699999999999992,0.12999999999999545,-0.129999999999999,-0.009999999999998899
KRYSTAL,2026-03,69.96,1.25,3.76,30.04,0.0,-0.8399999999999999,-0.03000000000000025,0.0,0.0,-0.8700000000000001
KSB,2026-03,69.8,4.66,11.64,30.2,0.0,-0.20000000000000018,0.5800000000000001,0.0,0.0,0.3799999999999999
KSCL,2026-03,60.5,18.55,2.87,38.72,0.0,-1.8599999999999994,-0.040000000000000036,-0.20000000000000284,0.0,-1.8999999999999995
KSHINTL,2026-03,74.58,5.04,13.9,25.42,,,,,0.0,0.0
KSHITIJPOL,2026-03,0.0,0.16,,100.0,0.0,-0.13999999999999999,,0.0,0.0,-0.13999999999999999
KSL,2026-03,64.7,1.82,11.15,35.3,0.0,-0.34999999999999987,0.6500000000000004,0.0,0.0,0.3000000000000005
KSOLVES,2026-03,58.92,0.08,0.01,41.08,-0.01999999999999602,-0.54,0.01,0.01999999999999602,-0.01999999999999602,-0.53
KSR,2026-03,60.94,0.01,,39.06,,,,,0.269999999999996,0.0
KTKBANK,2026-03,,11.79,16.16,100.0,,-1.0900000000000016,-2.0,0.0,,-3.0900000000000016
KUANTUM,2026-03,70.3,0.05,0.01,29.7,0.0,-0.039999999999999994,0.0,0.0,0.0,-0.039999999999999994
KWIL,2026-03,61.9,5.15,13.04,38.1,,,,,0.0,0.0
LAGNAM,2026-03,68.5,,,31.5,0.0,,,0.0,0.0,0.0
LAKPRE,2019-09,62.85,,,37.15,0.0,,,-0.00999999999999801,0.0,0.0
LAL,2026-03,56.17,1.28,,43.83,0.0,-0.34999999999999987,,0.0,0.0,-0.34999999999999987
LALPATHLAB,2026-03,53.21,17.18,21.38,46.44,-0.6999999999999957,-6.73,5.300000000000001,0.6099999999999994,-0.5799999999999983,-1.4299999999999997
LAMBODHARA,2026-03,73.17,0.16,,26.83,0.0,-0.04000000000000001,,0.0,0.0,-0.04000000000000001
LANCORHOL,2026-03,51.31,,,48.69,-0.3499999999999943,,,0.3499999999999943,-0.38999999999999346,0.0
LANDMARK,2026-03,49.8,5.05,20.78,50.2,-1.7600000000000051,-4.79,7.170000000000002,1.7600000000000051,-1.75,2.3800000000000017
LANDSMILL,2026-03,19.17,1.37,0.0,80.83,0.05000000000000071,1.37,0.0,-0.04999999999999716,0.0,1.37
LAOPALA,2026-03,66.15,0.47,19.65,33.85,0.3100000000000023,-0.45000000000000007,0.05999999999999872,-0.30999999999999517,0.0,-0.39000000000000135
LASA,2025-12,53.65,,,46.35,0.0,,,0.0,0.0,0.0
LATENTVIEW,2026-03,65.1,3.15,4.12,34.9,-0.14000000000000057,0.1299999999999999,0.8500000000000001,0.14000000000000057,-0.10000000000000853,0.98
LATTEYS,2026-03,70.42,,,29.58,0.0,,,0.0,0.0,0.0
LAURUSLABS,2026-03,27.49,25.82,13.97,72.51,-0.13000000000000256,0.3000000000000007,2.200000000000001,0.13000000000000966,-0.10000000000000142,2.5000000000000018
LAXMICOT,2026-03,58.63,,,41.37,0.0,,,0.0,0.0,0.0
LAXMIDENTL,2026-03,41.77,31.21,10.52,58.23,0.07000000000000028,-3.030000000000001,-2.34,-0.07000000000000028,0.0,-5.370000000000001
LAXMIINDIA,2026-03,60.31,1.58,4.34,39.69,,,,,-0.14000000000000057,0.0
LCCINFOTEC,2026-03,34.43,,0.04,65.57,-11.410000000000004,,-0.09,11.409999999999997,-45.84,-0.09
LEMERITE,2026-03,59.65,0.22,0.16,40.35,-2.940000000000005,-0.30000000000000004,0.16,2.940000000000005,-1.6600000000000037,-0.14000000000000004
LEMONTREE,2026-03,22.32,21.6,15.67,77.63,-0.019999999999999574,0.7000000000000028,-4.020000000000001,0.01999999999999602,-0.05999999999999872,-3.3199999999999985
LENSKART,2026-03,17.55,4.26,15.48,82.03,,,,,-0.019999999999999574,0.0
LEXUS,2026-03,53.12,,,46.88,-2.010000000000005,,,2.010000000000005,-0.8000000000000043,0.0
LFIC,2026-03,47.0,0.0,0.03,53.0,0.0,,0.0,0.0,0.0,0.0
LGBBROSLTD,2026-03,34.83,6.61,13.35,65.17,0.030000000000001137,0.6800000000000006,-0.5199999999999996,-0.030000000000001137,0.0,0.16000000000000103
LGEINDIA,2026-03,85.0,2.73,8.03,15.0,,,,,0.0,0.0
LGHL,2026-03,74.97,0.11,,25.03,0.0,,,0.0,0.0,0.0
LIBAS,2026-03,31.55,,,68.45,0.8500000000000014,,,-0.8499999999999943,0.0,0.0
LIBERTSHOE,2026-03,59.1,0.11,0.0,40.9,0.7800000000000011,-0.63,0.0,-0.7800000000000011,-0.060000000000002274,-0.63
LICHSGFIN,2026-03,45.24,21.39,20.89,54.76,0.0,-0.16000000000000014,-0.4499999999999993,0.0,0.0,-0.6099999999999994
LICI,2026-03,96.5,0.31,1.28,3.5,0.0,0.21,0.0,0.0,0.0,0.21
LIKHITHA,2026-03,70.25,0.1,,29.75,0.0,-0.81,,0.0,0.0,-0.81
LINC,2026-03,61.02,0.84,,38.98,0.0,-0.2300000000000001,,0.0,0.0,-0.2300000000000001
LINCOLN,2026-03,49.78,5.19,1.09,50.22,0.0,0.03000000000000025,1.09,0.0,0.0,1.1200000000000003
LINDEINDIA,2026-03,75.0,2.05,6.88,25.0,0.0,-0.5800000000000001,0.3899999999999997,0.0,0.0,-0.1900000000000004
LLOYDSENGG,2026-03,41.92,1.91,0.17,57.67,-7.439999999999998,-0.3100000000000003,0.020000000000000018,7.039999999999999,-7.140000000000001,-0.29000000000000026
LLOYDSENT,2026-04,62.72,0.39,0.13,37.28,0.0,-0.19999999999999996,0.020000000000000004,0.0,0.0,-0.17999999999999994
LLOYDSME,2026-03,61.64,2.23,1.74,38.32,-1.4099999999999966,-0.06999999999999984,-0.3600000000000001,1.3900000000000006,-2.0,-0.42999999999999994
LMW,2026-03,30.8,5.54,9.56,69.2,-0.3299999999999983,-0.3700000000000001,-0.08999999999999986,0.3299999999999983,-0.3299999999999983,-0.45999999999999996
LODHA,2026-03,72.27,21.25,4.62,27.73,0.3299999999999983,-3.3999999999999986,2.2600000000000002,-0.3299999999999983,-0.03999999999999204,-1.1399999999999983
LOKESHMACH,2026-03,53.6,,,46.4,1.4100000000000037,,,-1.4100000000000037,0.0,0.0
LORDSCHLO,2026-03,74.97,0.01,0.04,25.03,0.3100000000000023,,0.0,-0.3099999999999987,0.0,0.0
LOTUSDEV,2026-03,81.87,1.01,1.59,18.13,,,,,0.0,0.0
LOTUSEYE,2026-03,40.14,0.0,0.02,59.86,-0.0799999999999983,0.0,-0.02,0.0799999999999983,-0.9699999999999989,-0.02
LOVABLE,2026-03,63.95,0.0,0.01,36.05,0.0,-0.05,0.0,0.0,0.0,-0.05
LOYALTEX,2026-03,73.49,,0.04,26.51,0.0,,-0.04,0.0,0.0,-0.04
LPDC,2026-03,64.86,0.0,0.13,35.14,0.0,0.0,0.0,0.0,0.0,0.0
LT,2026-03,,18.78,43.33,100.0,,-1.0199999999999996,0.6199999999999974,0.0,,-0.40000000000000213
LTF,2026-03,65.99,7.63,14.9,34.01,-0.25,2.1499999999999995,1.6100000000000012,0.25,-0.0799999999999983,3.7600000000000007
LTFOODS,2026-03,51.01,8.74,10.3,48.99,0.00999999999999801,-1.049999999999999,4.140000000000001,-0.00999999999999801,0.0,3.0900000000000016
LTM,2026-03,68.52,6.63,17.01,31.47,-0.04999999999999716,-0.3600000000000003,1.4000000000000021,0.04999999999999716,-0.01999999999999602,1.0400000000000018
LTTS,2026-03,73.57,3.86,14.64,26.43,-0.09000000000000341,-1.3199999999999998,0.9600000000000009,0.08999999999999986,-0.06999999999999318,-0.359999999999999
LUMAXIND,2026-03,75.0,1.63,6.08,25.0,0.0,0.6599999999999999,0.4400000000000004,0.0,0.0,1.1000000000000003
LUMAXTECH,2026-03,55.98,8.38,16.8,44.02,0.0,3.070000000000001,0.7100000000000009,0.0,0.0,3.780000000000002
LUPIN,2026-03,46.86,21.71,25.32,53.14,-0.060000000000002274,0.25,-0.08999999999999986,0.060000000000002274,-0.030000000000001137,0.16000000000000014
LUXIND,2026-03,74.19,0.74,4.76,25.81,0.0,-0.47,-0.08999999999999986,0.0,0.0,-0.5599999999999998
LXCHEM,2026-03,69.35,1.15,3.82,30.65,-0.030000000000001137,-1.33,0.43999999999999995,0.029999999999997584,-0.020000000000010232,-0.8900000000000001
LYKALABS,2026-03,58.16,0.29,0.67,41.84,0.0,0.05999999999999997,0.0,0.0,0.0,0.05999999999999997
LYPSAGEMS,2026-03,36.37,,0.0,63.63,0.0,,0.0,0.0,0.0,0.0
M&M,2026-03,18.45,36.22,31.5,78.05,0.0,-2.0799999999999983,1.7100000000000009,0.09999999999999432,-0.00999999999999801,-0.36999999999999744
M&MFIN,2026-03,52.49,9.4,32.09,47.48,0.3300000000000054,-1.2799999999999994,0.7800000000000047,-0.3100000000000023,0.0,-0.49999999999999467
MAANALU,2026-03,55.82,0.01,1.59,44.18,-3.049999999999997,-0.36,1.59,3.049999999999997,-3.049999999999997,1.23
MACPOWER,2026-03,73.17,1.11,0.52,26.83,0.0,-0.20999999999999996,0.25,0.0,0.0,0.040000000000000036
MADHAV,2026-03,45.54,,0.59,54.46,1.6499999999999986,,0.59,-1.6499999999999986,0.29999999999999716,0.59
MADHUCON,2026-03,59.08,,,40.92,0.0,,,0.0,0.0,0.0
MADRASFERT,2026-03,85.27,0.01,0.05,14.73,0.0,-0.019999999999999997,0.0,0.0,0.0,-0.019999999999999997
MAGADSUGAR,2026-03,61.02,0.18,0.01,38.98,0.0,0.01999999999999999,0.0,0.0,0.0,0.01999999999999999
MAGNUM,2026-03,55.21,,2.92,44.79,-1.6599999999999966,,,1.6599999999999966,-1.6599999999999966,0.0
MAHABANK,2026-03,73.6,5.55,13.92,26.4,-6.0,3.82,3.25,6.0,-6.0,7.07
MAHAPEXLTD,2026-03,62.54,,0.01,37.46,0.0,,0.0,0.0,0.0,0.0
MAHASTEEL,2026-03,72.8,0.06,0.0,27.2,-0.6099999999999994,-0.6499999999999999,0.0,0.6099999999999994,-0.6099999999999994,-0.6499999999999999
MAHEPC,2026-03,54.2,0.02,,45.8,-0.00999999999999801,0.01,,0.00999999999999801,-0.00999999999999801,0.01
MAHESHWARI,2026-03,57.15,,,40.98,0.00999999999999801,,,-0.6500000000000057,-0.5600000000000023,0.0
MAHLIFE,2026-03,52.41,7.65,22.86,47.59,1.269999999999996,-1.9000000000000004,2.759999999999998,-1.269999999999996,-0.010000000000005116,0.8599999999999977
MAHLOG,2026-03,59.58,4.82,13.86,40.42,1.6099999999999994,0.020000000000000462,0.0,-1.6099999999999994,-0.020000000000003126,0.020000000000000462
MAHSCOOTER,2026-03,51.0,6.34,3.69,49.0,0.0,1.4299999999999997,-0.8299999999999996,0.0,0.0,0.6000000000000001
MAHSEAMLES,2026-03,70.28,9.59,3.29,29.72,1.4200000000000017,-0.040000000000000924,-0.6699999999999999,-1.4200000000000017,0.010000000000005116,-0.7100000000000009
MAITHANALL,2026-03,74.96,1.26,0.01,25.04,0.0,0.1399999999999999,-0.19,0.0,0.0,-0.0500000000000001
MALLCOM,2026-03,73.68,0.0,0.01,26.32,0.0,-0.04,-0.43,0.0,0.0,-0.47
MALUPAPER,2026-03,69.8,,,30.2,0.0,,,0.0,0.0,0.0
MAMATA,2026-03,62.45,0.16,1.66,37.55,0.0,-0.1,0.18999999999999995,0.0,0.0,0.08999999999999994
MANAKALUCO,2026-03,74.87,0.01,,25.13,2.010000000000005,0.01,,-2.0100000000000016,0.0,0.01
MANAKCOAT,2026-03,57.46,1.14,0.59,42.54,1.2899999999999991,-7.86,0.57,-1.2899999999999991,-0.6200000000000045,-7.29
MANAKSIA,2026-03,74.93,0.98,,25.07,0.0,-0.1200000000000001,,0.0,0.0,-0.1200000000000001
MANAKSTEEL,2026-03,74.75,,0.0,25.25,0.0,,0.0,0.0,0.0,0.0
MANALIPETC,2026-03,44.86,0.37,0.01,55.14,0.0,-0.29000000000000004,0.0,0.0,0.0,-0.29000000000000004
MANAPPURAM,2026-03,31.77,23.21,13.05,68.23,-3.4800000000000004,-5.210000000000001,5.050000000000001,3.480000000000004,-3.4800000000000004,-0.16000000000000014
MANBA,2026-03,74.98,0.87,,25.02,0.0,-0.050000000000000044,,0.0,0.0,-0.050000000000000044
MANCREDIT,2026-03,55.25,0.0,0.1,44.75,3.539999999999999,-0.15,0.09000000000000001,-3.539999999999999,0.0,-0.059999999999999984
MANGALAM,2026-03,35.65,0.32,0.0,64.35,-14.649999999999999,-0.14999999999999997,0.0,14.649999999999991,-14.659999999999997,-0.14999999999999997
MANGLMCEM,2026-03,40.0,5.59,6.17,60.0,0.4799999999999969,-0.21999999999999975,1.1899999999999995,-0.4799999999999969,0.0,0.9699999999999998
MANINDS,2026-03,43.21,2.41,1.34,56.79,-5.0,0.2200000000000002,0.4600000000000001,5.0,-5.0,0.6800000000000003
MANINFRA,2026-03,62.46,3.8,1.93,37.54,-2.6399999999999935,-0.4500000000000002,-0.19000000000000017,2.6400000000000006,-3.039999999999992,-0.6400000000000003
MANKIND,2026-03,72.66,10.24,14.46,27.34,-0.04000000000000625,-2.6799999999999997,2.9800000000000004,0.03999999999999915,-0.01999999999999602,0.3000000000000007
MANOMAY,2026-03,57.31,1.36,,42.69,0.09000000000000341,-0.17999999999999994,,-0.09000000000000341,0.0,-0.17999999999999994
MANORAMA,2026-03,54.32,2.89,3.0,45.68,-0.10000000000000142,0.08000000000000007,-2.1399999999999997,0.10000000000000142,-0.0899999999999963,-2.0599999999999996
MANORG,2026-03,58.65,,3.63,41.35,0.0,,2.21,0.0,0.0,2.21
MANUGRAPH,2026-03,57.67,,1.67,42.33,0.0,,-0.16000000000000014,0.0,0.0,-0.16000000000000014
MANYAVAR,2026-03,74.94,8.29,12.62,25.06,-0.010000000000005116,-1.8500000000000014,2.0299999999999994,0.00999999999999801,-0.010000000000005116,0.17999999999999794
MAPMYINDIA,2026-03,51.41,3.15,14.32,48.59,-0.240000000000002,-1.2900000000000005,5.41,0.240000000000002,-0.28999999999999915,4.119999999999999
MARALOVER,2026-03,74.95,0.08,0.0,25.05,0.0,0.0,0.0,0.0,0.0,0.0
MARATHON,2026-03,56.37,5.09,14.74,43.63,-17.259999999999998,4.15,12.43,17.26,-17.709999999999994,16.58
MARICO,2026-03,58.93,24.08,12.3,40.88,-0.11999999999999744,2.0,-1.9100000000000001,0.05000000000000426,-0.09000000000000341,0.08999999999999986
MARINE,2026-03,68.2,0.59,0.34,31.8,-0.25,0.51,0.27,0.25,-0.3400000000000034,0.78
MARKOLINES,2026-03,55.0,0.18,0.11,45.0,,,,,0.0,0.0
MARKSANS,2026-03,43.87,16.76,6.57,56.13,0.0,-5.439999999999998,2.0100000000000007,0.0,0.0,-3.429999999999997
MARSONS,2026-03,53.65,0.04,,46.35,,,,,,0.0
MARUTI,2026-03,58.53,14.12,24.18,41.47,0.25,-0.8400000000000016,0.5399999999999991,-0.25,0.0,-0.3000000000000025
MASFIN,2026-03,66.65,3.46,20.04,33.35,0.020000000000010232,0.33999999999999986,-0.08999999999999986,-0.01999999999999602,0.0,0.25
MASKINVEST,2026-03,72.25,,,27.75,0.0,,,0.0,0.0,0.0
MASTEK,2026-03,35.76,8.03,19.03,64.24,-0.21000000000000085,-1.9800000000000004,9.180000000000001,0.20999999999999375,-0.1600000000000037,7.200000000000001
MASTERTR,2026-03,71.93,0.02,,28.07,2.690000000000012,-0.13,,-2.6900000000000013,0.0,-0.13
MATRIMONY,2026-03,58.27,19.28,7.22,41.73,5.010000000000005,-3.049999999999997,-1.490000000000001,-5.010000000000005,0.3500000000000014,-4.539999999999998
MAWANASUG,2026-03,63.49,0.55,0.06,36.51,0.0,0.12000000000000005,-0.020000000000000004,0.0,0.0,0.10000000000000005
MAXESTATES,2026-03,45.27,25.88,7.65,54.73,0.020000000000003126,-1.5500000000000007,1.3500000000000005,-0.020000000000003126,-0.3300000000000054,-0.20000000000000018
MAXHEALTH,2026-03,23.71,45.39,26.32,76.29,-0.029999999999997584,-9.350000000000001,8.740000000000002,0.030000000000001137,-0.019999999999999574,-0.6099999999999994
MAXIND,2026-03,49.82,7.07,1.63,50.18,-0.6300000000000026,-0.0699999999999994,0.6799999999999999,0.6300000000000026,-0.29000000000000625,0.6100000000000005
MAYURUNIQ,2026-03,58.77,3.67,3.65,41.23,0.17999999999999972,0.33000000000000007,0.21999999999999975,-0.17999999999999972,0.0,0.5499999999999998
MAZDA,2026-03,48.58,0.05,0.05,51.42,0.0,-0.09999999999999999,0.0,0.0,0.0,-0.09999999999999999
MAZDOCK,2026-03,81.22,1.73,5.09,18.78,-3.6099999999999994,-0.5299999999999998,3.3899999999999997,3.610000000000001,-3.6099999999999994,2.86
MBAPL,2026-03,74.76,0.46,,25.24,0.20000000000000284,0.43000000000000005,,-0.20000000000000284,0.0,0.43000000000000005
MBEL,2026-03,70.54,2.86,9.73,29.46,,,,,0.0,0.0
MBLINFRA,2026-04,74.33,0.08,0.36,25.67,0.3199999999999932,0.06,-0.07,-0.31999999999999673,0.0,-0.010000000000000009
MCL,2026-03,65.21,,,34.79,-1.1300000000000097,,,1.1300000000000026,-1.1300000000000097,0.0
MCLEODRUSS,2026-03,6.25,1.84,0.58,93.75,0.0,0.3600000000000001,-0.7000000000000001,0.0,0.0,-0.33999999999999997
MCLOUD,2026-03,54.04,0.23,0.02,45.96,-4.259999999999998,-0.21,0.02,4.259999999999998,-3.8000000000000043,-0.19
MCX,2018-12,0.0,,,99.74,,,,,0.0,0.0
MEDANTA,2026-03,33.01,10.15,14.76,66.92,-0.020000000000003126,-1.6099999999999994,2.83,-0.04999999999999716,-0.020000000000003126,1.2200000000000006
MEDIASSIST,2026-03,4.61,24.32,49.19,95.39,-0.2599999999999998,1.3200000000000003,0.28999999999999915,0.2600000000000051,-0.2400000000000002,1.6099999999999994
MEDICAMEQ,2026-03,40.46,0.1,,59.54,0.0,-0.12,,0.0,0.0,-0.12
MEDICO,2026-03,61.38,0.03,,38.62,-2.4099999999999966,-0.09,,2.4099999999999966,-1.2100000000000009,-0.09
MEDPLUS,2026-03,40.22,15.53,27.82,59.74,-0.12000000000000455,-0.08000000000000007,1.629999999999999,0.12000000000000455,-0.07000000000000028,1.549999999999999
MEESHO,2026-03,16.57,4.17,5.55,83.43,,,,,-0.19000000000000128,0.0
MEGASTAR,2026-03,61.47,1.72,2.27,38.53,0.0,-0.5000000000000002,0.3999999999999999,0.0,0.0,-0.10000000000000031
MEIL,2026-03,74.79,2.2,4.43,25.21,,,,,0.0,0.0
MENONBE,2026-03,68.44,0.21,0.03,31.56,0.0,-0.25,0.03,0.0,0.0,-0.22
MEP,2026-03,25.68,0.12,4.41,74.32,-2.5500000000000007,0.0,-0.8899999999999997,2.549999999999997,-1.4699999999999989,-0.8899999999999997
METROBRAND,2026-03,71.8,3.77,7.58,28.2,-0.0799999999999983,0.31000000000000005,0.21999999999999975,0.0799999999999983,-0.030000000000001137,0.5299999999999998
METROPOLIS,2026-03,48.87,10.43,35.79,51.13,-0.030000000000001137,-4.859999999999999,5.489999999999998,0.030000000000001137,-0.010000000000005116,0.629999999999999
MFML,2026-03,64.8,0.8,0.08,35.2,0.0,0.0,0.0,0.0,0.0,0.0
MFSL,2026-03,1.25,47.88,44.75,98.75,-0.49,3.1300000000000026,-2.549999999999997,0.4899999999999949,-0.45999999999999996,0.5800000000000054
MGEL,2026-03,72.38,0.18,,27.62,0.36999999999999034,0.18,,-0.36999999999999744,-0.8500000000000085,0.18
MGL,2026-03,32.5,24.14,21.01,67.5,0.0,0.379999999999999,-2.8099999999999987,0.0,0.0,-2.4299999999999997
MHLXMIRU,2026-03,64.8,0.09,0.08,35.2,0.0,0.0,0.0,0.0,0.0,0.0
MHRIL,2026-03,66.74,5.3,11.01,33.08,0.0,-0.0600000000000005,0.9399999999999995,0.00999999999999801,0.0,0.879999999999999
MICEL,2026-03,51.7,1.84,0.0,48.3,-14.780000000000001,-1.9599999999999997,0.0,14.779999999999994,-4.420000000000002,-1.9599999999999997
MIDHANI,2026-03,74.0,1.32,7.82,26.0,0.0,-0.32999999999999985,-0.9699999999999989,0.0,0.0,-1.2999999999999987
MIDWESTLTD,2026-03,77.13,4.38,13.78,22.87,,,,,0.0,0.0
MINDACORP,2026-03,64.84,8.8,18.83,33.6,0.0,0.47000000000000064,0.34999999999999787,0.00999999999999801,0.0,0.8199999999999985
MINDTECK,2026-03,64.2,0.01,,35.8,-0.1599999999999966,-0.16999999999999998,,0.1599999999999966,-0.1599999999999966,-0.16999999999999998
MIRCELECTR,2026-03,40.51,0.06,0.0,59.49,-12.850000000000001,0.06,-0.01,12.850000000000001,-12.850000000000001,0.049999999999999996
MIRZAINT,2026-03,72.99,0.17,0.01,27.01,1.7199999999999989,0.03,0.0,-1.7199999999999989,0.0,0.03
MITCON,2026-03,,18.24,1.72,100.0,,0.29999999999999716,-0.51,0.0,,-0.21000000000000285
MITTAL,2026-03,34.05,0.0,0.0,65.95,-0.8000000000000043,,,0.7999999999999972,-0.8000000000000043,0.0
MKPL,2026-03,74.82,,,25.18,0.0,,,0.0,0.0,0.0
MMFL,2026-03,56.34,1.86,8.37,43.66,0.0,-1.2299999999999998,-0.5500000000000007,0.0,0.0,-1.7800000000000005
MMP,2026-03,74.48,0.02,,25.52,0.0,0.0,,0.0,0.0,0.0
MMTC,2026-03,89.93,0.13,1.77,10.07,0.0,-0.03,-0.10000000000000009,0.0,0.0,-0.1300000000000001
MOBIKWIK,2026-03,25.08,4.25,4.07,74.92,-0.10000000000000142,0.3500000000000001,-0.47999999999999954,0.10000000000000853,-0.16000000000000014,-0.12999999999999945
MODINATUR,2026-03,69.09,,0.0,30.91,,,,,0.0,0.0
MODIRUBBER,2026-03,62.69,2.01,0.01,37.31,0.0,0.009999999999999787,0.0,0.0,0.0,0.009999999999999787
MODIS,2026-03,63.79,8.82,1.16,36.21,,,,,0.0,0.0
MODISONLTD,2026-03,52.16,0.48,,47.84,0.04999999999999716,-0.08000000000000007,,-0.04999999999999716,0.0,-0.08000000000000007
MODTHREAD,2026-03,65.16,1.26,10.7,34.84,0.060000000000002274,0.0,-0.16999999999999993,-0.05999999999999517,0.0,-0.16999999999999993
MOHITIND,2026-03,54.94,,,45.06,0.0,,,0.0,0.0,0.0
MOIL,2026-03,64.68,4.17,7.63,35.32,0.0,0.9199999999999999,-0.020000000000000462,0.0,0.0,0.8999999999999995
MOKSH,2026-03,40.09,4.53,0.08,59.91,3.220000000000006,-1.63,,-3.220000000000006,0.0,-1.63
MOL,2026-03,48.95,1.34,0.0,51.05,-0.45999999999999375,-0.47,-0.48,0.45999999999999375,-0.4299999999999997,-0.95
MOLDTECH,2026-03,49.85,0.01,0.48,50.15,0.8100000000000023,-0.01,0.14999999999999997,-0.8100000000000023,-0.44999999999999574,0.13999999999999996
MOLDTKPAC,2026-03,33.19,9.69,20.95,66.81,0.1599999999999966,-1.2700000000000014,0.870000000000001,-0.1599999999999966,-0.00999999999999801,-0.40000000000000036
MONARCH,2026-03,53.86,1.47,0.15,46.14,1.0700000000000003,0.10999999999999988,-0.6799999999999999,-1.0700000000000003,-0.020000000000003126,-0.5700000000000001
MONEYBOXX,2026-03,46.79,0.01,0.0,53.21,,,,,0.0,0.0
MONTECARLO,2026-03,73.17,1.29,1.58,26.83,0.0,0.22999999999999998,-0.2999999999999998,0.0,0.0,-0.06999999999999984
MOREPENLAB,2026-03,35.65,1.58,1.25,64.35,0.0,-0.3599999999999999,-0.41999999999999993,0.0,0.0,-0.7799999999999998
MOSCHIP,2026-03,39.83,0.4,0.0,60.06,-4.68,-2.02,0.0,4.670000000000002,-2.6300000000000026,-2.02
MOTHERSON,2026-03,48.6,12.45,21.13,51.18,0.0,-0.16999999999999993,0.39000000000000057,-0.21999999999999886,-0.020000000000003126,0.22000000000000064
MOTILALOFS,2026-03,67.54,7.04,6.02,32.46,-0.8999999999999915,1.0300000000000002,0.3099999999999996,0.9000000000000021,-0.6400000000000006,1.3399999999999999
MOTISONS,2026-03,64.86,2.02,0.5,35.14,-1.1400000000000006,1.86,0.010000000000000009,1.1400000000000006,-0.8700000000000045,1.87
MOTOGENFIN,2026-03,69.6,2.66,0.04,30.4,0.030000000000001137,0.0,0.0,-0.030000000000001137,0.0,0.0
MPHASIS,2026-03,30.55,19.5,45.65,69.45,-9.59,-1.1099999999999994,10.740000000000002,9.590000000000003,-9.510000000000002,9.630000000000003
MPSLTD,2026-03,68.34,1.47,1.96,30.84,0.0,-0.51,1.0899999999999999,0.030000000000001137,0.0,0.5799999999999998
MRF,2026-03,27.77,17.98,12.25,72.23,-0.010000000000001563,0.4400000000000013,0.02999999999999936,0.010000000000005116,-0.0400000000000027,0.47000000000000064
MRPL,2026-03,88.58,3.41,0.34,11.42,0.0,2.1100000000000003,-0.99,0.0,0.0,1.1200000000000003
MSPL,2026-03,40.22,0.12,16.8,59.78,4.979999999999997,-0.28,0.10000000000000142,-4.980000000000004,0.0,-0.1799999999999986
MSTCLTD,2026-03,64.75,3.93,1.21,35.25,0.0,-1.5399999999999996,-0.48,0.0,0.0,-2.0199999999999996
MSUMI,2026-03,61.73,9.74,17.42,38.27,0.0,-0.629999999999999,1.1800000000000033,0.0,0.0,0.5500000000000043
MTARTECH,2026-03,30.44,17.31,27.67,69.56,-1.3299999999999983,10.569999999999999,3.270000000000003,1.3299999999999983,-0.8099999999999987,13.840000000000002
MTEDUCARE,2026-03,59.12,,,40.88,0.0,,,0.0,0.0,0.0
MTNL,2026-03,56.25,0.51,13.43,43.75,0.0,0.37,-0.019999999999999574,0.0,0.0,0.3500000000000004
MUFIN,2026-03,47.3,1.18,9.29,52.7,-7.010000000000005,-0.07000000000000006,-3.24,7.010000000000005,-6.810000000000002,-3.3100000000000005
MUFTI,2026-03,55.01,0.46,3.36,44.99,-0.05000000000000426,0.2,-1.0500000000000003,0.05000000000000426,-0.05000000000000426,-0.8500000000000003
MUKANDLTD,2026-03,74.7,0.26,1.1,25.3,0.0,-0.020000000000000018,0.0,0.0,0.0,-0.020000000000000018
MUKKA,2026-03,73.33,1.7,0.0,26.67,0.0,-0.9299999999999999,-1.98,0.0,0.0,-2.91
MUKTAARTS,2026-03,70.71,,,29.29,0.0,,,0.0,0.0,0.0
MUNJALAU,2026-03,74.81,0.0,0.03,25.19,0.0,-0.07,0.0,0.0,0.0,-0.07
MUNJALSHOW,2026-03,65.02,0.09,0.01,34.98,0.0,-2.1100000000000003,0.0,0.0,0.0,-2.1100000000000003
MURUDCERA,2026-03,73.94,,0.0,26.06,0.0,,0.0,0.0,0.0,0.0
MUTHOOTCAP,2026-03,63.33,1.3,1.01,36.67,0.7100000000000009,-0.08999999999999986,-0.3500000000000001,-0.7100000000000009,0.0,-0.43999999999999995
MUTHOOTFIN,2026-03,73.35,12.3,10.42,26.65,0.0,1.2700000000000014,-1.3200000000000003,0.0,0.0,-0.049999999999998934
MUTHOOTMF,2026-03,55.47,22.82,3.51,42.94,0.0,-2.6499999999999986,1.19,0.09999999999999432,0.0,-1.4599999999999986
MVGJL,2026-03,74.27,0.6,1.11,25.73,0.0,-0.08999999999999997,0.0,0.0,0.0,-0.08999999999999997
MWL,2026-03,66.5,0.01,,33.5,-0.9099999999999966,0.01,,0.9099999999999966,-0.9099999999999966,0.01
NACLIND,2026-03,53.7,0.05,1.46,46.3,-9.379999999999995,-0.06999999999999999,1.46,9.379999999999995,-9.989999999999995,1.39
NAGAFERT,2026-03,51.77,0.0,0.02,48.23,-0.23999999999999488,-0.02,-0.039999999999999994,0.23999999999999488,-0.23999999999999488,-0.06
NAGREEKCAP,2026-03,53.53,0.0,0.03,46.47,0.0,0.0,0.0,0.0,0.0,0.0
NAGREEKEXP,2026-03,57.32,,0.01,42.68,0.0,,0.0,0.0,0.0,0.0
NAHARCAP,2026-03,72.53,0.31,0.37,27.47,0.8799999999999955,0.0,0.0,-0.8800000000000026,0.0,0.0
NAHARINDUS,2026-03,71.24,0.0,0.25,28.76,0.0,-0.05,0.0,0.0,0.0,-0.05
NAHARPOLY,2026-03,72.5,0.03,0.01,27.5,0.28000000000000114,0.0,0.0,-0.28000000000000114,0.0,0.0
NAHARSPING,2026-03,67.96,0.08,0.01,32.04,0.5299999999999869,0.08,-0.58,-0.5300000000000011,0.0,-0.49999999999999994
NAM-INDIA,2026-03,71.93,7.34,14.78,28.07,-0.38999999999998636,-1.0,1.9799999999999986,0.39000000000000057,-0.15000000000000568,0.9799999999999986
NARMADA,2026-03,50.3,0.54,8.96,49.7,1.1899999999999977,0.54,0.0,-1.1899999999999977,0.0,0.54
NATCAPSUQ,2026-03,51.04,0.0,0.0,48.96,-0.1700000000000017,,,0.1700000000000017,-0.21999999999999886,0.0
NATCOPHARM,2026-03,49.42,17.37,5.46,50.58,-0.14000000000000057,-0.11999999999999744,-0.1900000000000004,0.14000000000000057,-0.0800000000000054,-0.30999999999999783
NATHBIOGEN,2026-03,45.6,0.23,0.01,54.4,0.0,0.020000000000000018,-3.93,0.0,0.0,-3.91
NATIONALUM,2026-03,51.28,22.28,10.76,48.72,0.0,6.470000000000001,-4.950000000000001,0.0,0.0,1.5199999999999996
NAUKRI,2026-03,37.5,27.97,24.08,62.4,-0.13000000000000256,-5.280000000000001,5.25,0.14000000000000057,-0.09000000000000341,-0.030000000000001137
NAVA,2026-03,50.11,10.61,0.53,49.89,-0.020000000000003126,0.8699999999999992,0.33,0.020000000000003126,-0.030000000000001137,1.1999999999999993
NAVINFLUOR,2026-03,27.11,23.78,27.62,72.89,-0.9000000000000021,2.2300000000000004,-1.0899999999999999,0.9000000000000057,-0.870000000000001,1.1400000000000006
NAVKARCORP,2026-03,70.37,0.17,1.65,29.63,-0.0799999999999983,-0.16,-0.3999999999999999,0.0799999999999983,-0.0799999999999983,-0.5599999999999999
NAVKARURB,2026-03,35.0,,,65.0,0.0,,,0.0,0.0,0.0
NAVNETEDUL,2026-03,63.29,3.11,13.03,36.71,-0.060000000000002274,-0.8400000000000003,0.34999999999999964,0.060000000000002274,-0.060000000000002274,-0.49000000000000066
NAZARA,2026-03,35.46,13.31,2.17,64.54,26.68,0.27000000000000135,-10.27,-26.679999999999993,-0.46999999999999886,-9.999999999999998
NBCC,2026-03,61.75,4.99,10.75,38.25,0.0,0.79,1.83,0.0,0.0,2.62
NBIFIN,2026-03,74.17,0.17,2.45,25.83,0.0,0.0,-0.009999999999999787,0.0,0.0,-0.009999999999999787
NCC,2026-03,22.81,12.11,16.4,77.19,0.6999999999999993,-1.6799999999999997,0.7899999999999991,-0.7000000000000028,0.0,-0.8900000000000006
NCLIND,2026-03,41.56,3.87,0.19,58.44,-0.7100000000000009,-1.38,0.16,0.7100000000000009,-1.2600000000000051,-1.22
NDGL,2026-03,73.58,,0.43,26.42,0.0,,0.0,0.0,0.0,0.0
NDL,2026-03,51.01,0.68,1.31,48.99,0.0,0.10000000000000009,0.06000000000000005,0.0,0.0,0.16000000000000014
NDLVENTURE,2026-03,66.2,5.39,0.04,33.8,0.0,0.009999999999999787,0.0,0.0,0.0,0.009999999999999787
NDRAUTO,2026-03,73.13,0.08,0.0,26.87,0.0,0.020000000000000004,0.0,0.0,0.0,0.020000000000000004
NDTV,2026-03,69.02,0.04,0.0,30.98,4.310000000000002,-0.07999999999999999,0.0,-4.309999999999999,0.0,-0.07999999999999999
NECCLTD,2026-03,54.19,,,45.81,0.0,,,0.0,0.0,0.0
NECLIFE,2026-03,51.84,0.6,4.01,48.16,7.310000000000002,-0.21000000000000008,3.82,-7.310000000000002,0.0,3.61
NELCAST,2026-03,74.87,0.36,0.11,25.13,0.0,0.3,0.11,0.0,0.0,0.41
NELCO,2026-03,50.09,4.72,0.26,49.91,0.0,-0.11000000000000032,0.13,0.0,0.0,0.019999999999999685
NEOGEN,2026-04,51.23,4.45,22.48,48.77,0.0,-2.91,-0.4800000000000004,0.0,0.0,-3.3900000000000006
NEPHROPLUS,2026-03,63.85,9.94,8.65,36.15,,,,,0.0,0.0
NESCO,2026-03,68.54,4.63,3.85,31.46,0.0,-0.27000000000000046,0.6600000000000001,0.0,0.0,0.3899999999999997
NESTLEIND,2026-03,62.76,9.74,12.39,37.24,0.0,-0.5499999999999989,1.2100000000000009,0.0,0.0,0.6600000000000019
NETWEB,2026-03,66.98,9.29,4.68,33.02,-4.049999999999997,-1.3800000000000008,-0.6600000000000001,4.050000000000004,-4.019999999999996,-2.040000000000001
NETWORK18,2026-03,56.89,6.29,0.13,43.11,0.0,-0.6900000000000004,-0.06,0.0,0.0,-0.7500000000000004
NEUEON,2026-03,90.0,,0.18,10.0,53.69,,-1.59,-53.69,0.0,-1.59
NEULANDLAB,2026-03,32.63,20.46,15.84,67.37,-0.04999999999999716,-1.6499999999999986,4.869999999999999,0.05000000000001137,-0.03999999999999915,3.2200000000000006
NEWGEN,2026-03,53.52,14.48,8.85,45.66,-0.259999999999998,-4.879999999999999,-0.28000000000000114,0.4399999999999977,-0.23999999999999488,-5.16
NEXTMEDIA,2026-03,74.99,2.45,0.0,25.01,0.0,0.0,0.0,0.0,0.0,0.0
NFL,2026-03,74.71,0.69,5.53,25.29,0.0,0.08999999999999997,-1.2999999999999998,0.0,0.0,-1.21
NGIL,2026-03,57.29,0.0,0.0,42.71,0.8900000000000006,0.0,0.0,-0.8900000000000006,0.0,0.0
NGLFINE,2026-03,72.74,0.03,,27.26,0.0,0.03,,0.0,0.0,0.03
NH,2026-03,63.27,9.98,9.15,36.11,-0.5799999999999983,0.3200000000000003,0.6300000000000008,0.5799999999999983,-0.5799999999999983,0.9500000000000011
NHPC,2026-03,67.4,10.34,10.78,32.6,0.0,1.5399999999999991,0.16000000000000014,0.0,0.0,1.6999999999999993
NIACL,2026-03,85.44,1.0,11.17,14.56,0.0,0.08999999999999997,-0.02999999999999936,0.0,0.0,0.06000000000000061
NIBE,2026-03,53.39,8.66,0.35,46.61,-0.3500000000000014,0.02999999999999936,-0.18000000000000005,0.3500000000000014,-1.6199999999999974,-0.1500000000000007
NIBL,2026-03,74.79,,0.01,25.21,2.0500000000000114,,0.0,-2.0500000000000007,-0.25,0.0
NIITLTD,2026-03,36.98,10.11,11.17,63.02,-0.21000000000000085,-2.3900000000000006,-0.33000000000000007,0.21000000000000085,-0.14999999999999858,-2.7200000000000006
NIITMTS,2026-03,34.1,16.75,24.46,65.9,-0.3500000000000014,-0.8099999999999987,2.59,0.3500000000000085,-0.14999999999999858,1.7800000000000011
NILAINFRA,2026-03,61.9,0.34,,38.1,0.0,-0.22999999999999993,,0.0,0.0,-0.22999999999999993
NILASPACES,2026-03,61.9,0.04,0.0,38.1,0.0,0.04,0.0,0.0,0.0,0.04
NILKAMAL,2026-03,64.54,0.98,13.72,35.46,0.0,-0.030000000000000027,-0.6799999999999997,0.0,0.0,-0.7099999999999997
NIMBSPROJ,2026-04,70.5,0.03,,29.5,,,,,0.0,0.0
NINSYS,2026-03,47.49,,,52.51,0.10999999999999943,,,-0.10999999999999943,0.0,0.0
NIPPOBATRY,2026-03,65.35,0.0,,34.65,0.0,0.0,,0.0,0.0,0.0
NIRAJ,2026-03,24.89,0.09,,75.11,0.0,0.09,,0.0,0.0,0.09
NIRAJISPAT,2026-03,74.44,,,25.56,0.01999999999999602,,,-0.019999999999999574,0.0,0.0
NITCO,2026-03,20.17,2.3,1.54,79.83,3.9400000000000013,1.89,-0.33999999999999986,-3.9399999999999977,-0.019999999999999574,1.55
NITINSPIN,2026-03,56.71,1.09,14.28,43.29,0.09000000000000341,0.10000000000000009,-1.1400000000000006,-0.09000000000000341,0.0,-1.0400000000000005
NITIRAJ,2026-03,69.07,,0.0,30.93,0.0,,0.0,0.0,0.0,0.0
NIVABUPA,2026-03,55.36,10.6,16.49,44.64,-0.6199999999999974,1.6999999999999993,6.789999999999999,0.6199999999999974,-0.5499999999999972,8.489999999999998
NKIND,2026-03,73.27,,0.02,26.73,0.0,,0.0,0.0,0.0,0.0
NLCINDIA,2026-03,72.2,3.62,13.97,27.8,0.0,0.71,-0.6600000000000001,0.0,0.0,0.04999999999999982
NMDC,2026-03,60.79,13.6,13.76,39.21,0.0,1.879999999999999,-1.370000000000001,0.0,0.0,0.509999999999998
NOCIL,2026-03,33.76,4.55,7.91,66.24,0.0,-3.6000000000000005,2.59,0.0,0.0,-1.0100000000000007
NOIDATOLL,2026-03,26.37,,0.6,73.63,0.0,,-0.030000000000000027,0.0,0.0,-0.030000000000000027
NORBTEAEXP,2026-03,38.89,,0.09,61.11,-4.310000000000002,,-0.010000000000000009,4.310000000000002,-4.310000000000002,-0.010000000000000009
NORTHARC,2026-03,,7.51,7.11,99.99,,2.2799999999999994,-15.41,0.04999999999999716,,-13.13
NOVAAGRI,2026-03,59.41,0.19,1.24,37.89,0.01999999999999602,0.15,-0.06000000000000005,-0.01999999999999602,0.0,0.08999999999999994
NPST,2026-03,60.52,0.12,10.02,39.48,-7.020000000000003,0.09,9.73,7.019999999999996,-7.270000000000003,9.82
NRAIL,2026-03,74.29,0.39,0.02,25.71,0.3300000000000125,0.0,-0.09999999999999999,-0.3299999999999983,0.0,-0.09999999999999999
NRBBEARING,2026-03,51.2,14.69,10.06,48.8,0.0,1.0399999999999991,-4.5,0.0,0.0,-3.460000000000001
NRL,2026-03,73.13,,,26.87,0.3399999999999892,,,-0.33999999999999986,0.0,0.0
NSIL,2026-03,55.62,6.2,0.16,44.38,0.0,0.6800000000000006,0.07,0.0,0.0,0.7500000000000007
NSLNISP,2026-03,60.79,4.85,15.86,39.21,0.0,0.25,-0.1700000000000017,0.0,0.0,0.0799999999999983
NTPC,2026-03,51.1,16.55,29.13,48.9,0.0,-1.2399999999999984,1.9100000000000001,0.0,0.0,0.6700000000000017
NTPCGREEN,2026-03,89.01,1.61,5.08,10.99,0.0,-0.3699999999999999,0.20999999999999996,0.0,0.0,-0.15999999999999992
NUCLEUS,2026-03,73.6,4.47,1.21,26.4,0.0,-0.3600000000000003,-0.29000000000000004,0.0,0.0,-0.6500000000000004
NURECA,2026-03,68.09,0.28,0.24,31.91,3.760000000000005,0.21000000000000002,0.19999999999999998,-3.7600000000000016,0.0,0.41000000000000003
NUVAMA,2026-03,54.13,16.94,8.3,45.87,-0.6499999999999986,0.370000000000001,2.490000000000001,0.6499999999999986,-0.44999999999999574,2.860000000000002
NUVOCO,2026-03,72.02,4.88,18.34,27.98,0.0,1.33,-1.0300000000000011,0.0,0.0,0.29999999999999893
NYKAA,2026-03,52.09,12.4,25.35,47.91,-0.06999999999999318,3.5700000000000003,0.15000000000000213,0.06999999999999318,-0.020000000000003126,3.7200000000000024
OAL,2026-03,74.17,0.0,0.0,25.83,0.0,-0.07,0.0,0.0,0.0,-0.07
OBCL,2026-03,71.94,,,28.06,3.6400000000000006,,,-3.6400000000000006,0.38000000000000966,0.0
OBEROIRLTY,2026-03,67.7,15.42,14.58,32.3,0.0,-4.549999999999999,4.380000000000001,0.0,0.0,-0.16999999999999815
OCCLLTD,2026-03,51.76,0.14,4.75,48.24,0.0,-0.06,-0.9400000000000004,0.0,0.0,-1.0000000000000004
ODIGMA,2026-03,27.45,1.27,0.0,72.55,0.019999999999999574,-0.28,0.0,-0.01999999999999602,0.0,-0.28
OFSS,2026-03,72.44,8.04,9.12,27.56,-0.15000000000000568,-0.7100000000000009,0.4299999999999997,0.14999999999999858,-0.07000000000000739,-0.28000000000000114
OIL,2026-03,56.66,7.67,19.44,43.34,0.0,-0.8399999999999999,1.1300000000000026,0.0,0.0,0.2900000000000027
OILCOUNTUB,2026-03,47.23,0.02,0.1,52.77,-9.510000000000005,-0.05,0.0,9.510000000000005,-9.5,-0.05
OLAELEC,2026-03,34.59,3.99,7.02,60.65,-2.1899999999999977,1.1,4.09,2.6999999999999957,-2.1899999999999977,5.1899999999999995
OLECTRA,2026-03,50.02,7.11,0.68,49.98,0.0,1.7300000000000004,0.24000000000000005,0.0,0.0,1.9700000000000004
OMAXAUTO,2026-03,54.86,0.36,,45.14,1.5399999999999991,0.36,,-1.5399999999999991,-0.46999999999999886,0.36
OMAXE,2026-03,74.14,6.18,1.56,25.86,0.0,-1.2000000000000002,-0.73,0.0,0.0,-1.9300000000000002
OMFREIGHT,2026-03,74.86,0.52,0.67,25.14,,,,,0.0,0.0
OMINFRAL,2026-03,67.05,0.11,4.06,32.95,0.0,0.07,0.0,0.0,0.0,0.07
OMNI,2026-03,74.19,4.26,11.93,25.81,,,,,,0.0
ONELIFECAP,2026-03,26.03,,0.0,73.97,-26.07,,-0.01,26.07,-26.07,-0.01
ONEPOINT,2026-03,52.31,6.14,1.0,47.69,0.010000000000005116,-9.77,0.64,-0.010000000000005116,-0.00999999999999801,-9.129999999999999
ONESOURCE,2026-03,30.48,17.5,20.61,69.52,-3.7699999999999996,-1.0399999999999991,2.5700000000000003,3.769999999999996,-4.460000000000001,1.5300000000000011
ONGC,2026-03,58.89,7.97,19.31,41.11,0.0,0.8499999999999996,-0.6300000000000026,0.0,0.0,0.2199999999999971
ONMOBILE,2026-03,47.9,0.17,,52.1,0.0,-0.06,,0.0,0.0,-0.06
ONWARDTEC,2026-03,39.07,9.83,3.53,59.57,0.4100000000000037,0.5299999999999994,-0.33000000000000007,-1.7700000000000031,-0.020000000000003126,0.1999999999999993
OPTIEMUS,2026-03,72.17,2.86,1.45,27.83,-0.980000000000004,0.6199999999999997,-0.050000000000000044,0.9799999999999969,-0.5900000000000034,0.5699999999999996
ORBTEXP,2026-03,66.05,,,33.95,-0.10999999999999943,,,0.10999999999999943,-0.10999999999999943,0.0
ORCHASP,2026-03,18.48,,0.0,81.52,6.860000000000001,,0.0,-6.859999999999999,0.0,0.0
ORCHPHARMA,2026-03,69.84,0.87,20.25,30.16,0.0,-1.8199999999999998,0.14999999999999858,0.0,0.0,-1.6700000000000013
ORICONENT,2026-03,65.7,0.08,0.31,34.3,0.0,0.07,-0.010000000000000009,0.0,0.0,0.06
ORIENTALTL,2026-03,27.21,,,72.79,-0.029999999999997584,,,0.030000000000001137,-0.029999999999997584,0.0
ORIENTBELL,2026-03,65.92,0.18,0.02,34.08,0.5799999999999983,-0.08000000000000002,0.0,-0.5799999999999983,-0.04999999999999716,-0.08000000000000002
ORIENTCEM,2026-03,72.66,4.7,1.96,27.34,34.8,-3.71,-11.41,-34.8,0.0,-15.120000000000001
ORIENTCER,2026-03,63.9,13.32,0.0,36.1,0.3200000000000003,0.08999999999999986,0.0,-0.3200000000000003,0.0,0.08999999999999986
ORIENTELEC,2026-03,38.31,3.41,32.52,61.69,0.0,-3.51,4.570000000000004,0.0,0.0,1.060000000000004
ORIENTHOT,2026-03,68.24,0.36,1.15,31.76,0.6899999999999977,-0.07,-1.54,-0.6900000000000013,0.0,-1.61
ORIENTLTD,2026-03,73.49,,0.01,26.51,0.4899999999999949,,0.0,-0.48999999999999844,0.0,0.0
ORIENTPPR,2026-03,38.74,0.22,0.37,61.26,0.0,-0.67,0.12,0.0,0.0,-0.55
ORIENTTECH,2026-03,70.66,0.03,,29.34,-2.5700000000000074,-1.42,,2.5700000000000003,-2.5799999999999983,-1.42
ORISSAMINE,2026-03,50.01,0.74,10.93,49.99,0.0,-1.4400000000000002,-0.16000000000000014,0.0,0.0,-1.6000000000000003
ORKLAINDIA,2026-03,75.0,2.42,8.74,25.0,,,,,0.0,0.0
ORTEL,2021-09,55.43,,,44.37,0.0,,,0.30999999999999517,0.0,0.0
ORTINGLOBE,2026-03,1.23,1.68,,98.77,0.0,-4.8500000000000005,,0.0,0.0,-4.8500000000000005
OSIAHYPER,2026-03,33.86,0.47,,66.14,-13.670000000000002,0.39999999999999997,,13.670000000000002,-12.759999999999998,0.39999999999999997
OSWALAGRO,2026-03,51.88,0.03,0.09,48.12,4.990000000000002,0.009999999999999998,-0.09,-4.990000000000002,0.0,-0.08
OSWALGREEN,2026-03,70.65,0.02,0.02,29.35,1.460000000000008,0.0,0.0,-1.4599999999999973,0.0,0.0
OSWALPUMPS,2026-03,75.67,0.85,6.6,24.33,,,,,0.0,0.0
OSWALSEEDS,2026-03,66.63,,,33.37,0.0,,,0.0,0.0,0.0
PACEDIGITK,2026-03,69.52,0.56,5.99,30.48,,,,,0.0,0.0
PAGEIND,2026-03,42.89,19.0,33.21,57.11,0.0,-4.579999999999998,4.600000000000001,0.0,0.0,0.020000000000003126
PAISALO,2026-03,41.75,17.54,6.84,58.25,-8.619999999999997,7.159999999999998,-3.9299999999999997,8.619999999999997,-7.050000000000004,3.2299999999999986
PAKKA,2026-03,41.65,0.17,8.01,58.35,0.0,-0.31999999999999995,-0.5700000000000003,0.0,0.0,-0.8900000000000002
PALASHSECU,2026-03,72.18,,0.71,27.82,0.0,,0.0,0.0,0.0,0.0
PALREDTEC,2026-03,30.13,,0.0,69.87,0.07000000000000028,,0.0,-0.06999999999999318,-0.07000000000000028,0.0
PANACEABIO,2026-03,72.48,1.6,1.97,27.52,0.0,0.44000000000000017,0.48,0.0,0.0,0.9200000000000002
PANACHE,2026-03,54.05,,,45.95,2.3699999999999974,,,-2.3699999999999974,0.0,0.0
PANAMAPET,2026-03,63.16,11.29,0.67,36.84,1.2199999999999989,-1.1500000000000004,0.38000000000000006,-1.2199999999999989,0.0,-0.7700000000000002
PANSARI,2026-03,73.88,,,26.12,0.0,,,0.0,0.0,0.0
PAR,2026-03,73.41,,,26.59,0.03999999999999204,,,-0.03999999999999915,0.0,0.0
PARACABLES,2026-03,49.18,0.51,0.11,50.82,0.11999999999999744,-0.30999999999999994,0.11,-0.11999999999999744,0.0,-0.19999999999999996
PARADEEP,2026-03,57.8,8.36,15.49,42.2,1.75,1.1799999999999997,-8.950000000000001,-1.75,-0.00999999999999801,-7.770000000000001
PARAGMILK,2026-03,40.65,8.77,5.25,59.27,-1.9600000000000009,0.3099999999999987,-1.67,2.020000000000003,-1.9600000000000009,-1.3600000000000012
PARAS,2026-03,53.2,5.06,1.24,46.8,-0.5399999999999991,-2.2200000000000006,-0.9299999999999999,0.5399999999999991,-0.5399999999999991,-3.1500000000000004
PARASPETRO,2026-03,40.19,,,59.81,-0.15000000000000568,,,0.15000000000000568,-0.15000000000000568,0.0
PARKHOSPS,2026-03,82.89,0.86,9.25,17.11,,,,,0.0,0.0
PARKHOTELS,2026-03,68.22,4.0,8.53,31.78,0.0799999999999983,0.020000000000000018,-3.0200000000000014,-0.0799999999999983,0.0,-3.0000000000000013
PARSVNATH,2026-03,49.86,1.23,0.31,50.14,-0.23000000000000398,-3.28,0.03999999999999998,0.23000000000000398,-0.23000000000000398,-3.2399999999999998
PASHUPATI,2026-03,65.99,13.22,0.19,34.01,0.0,0.8000000000000007,0.19,0.0,0.0,0.9900000000000007
PASUPTAC,2026-03,65.87,0.47,0.21,34.13,0.0,0.39999999999999997,0.0,0.0,0.0,0.39999999999999997
PATANJALI,2026-03,68.25,9.2,12.06,31.75,-1.2000000000000028,-4.220000000000001,3.3499999999999996,1.1999999999999993,-0.6200000000000045,-0.870000000000001
PATELENG,2026-03,31.48,2.86,6.17,64.78,-4.629999999999999,-2.15,1.4799999999999995,5.280000000000001,-4.629999999999999,-0.6700000000000004
PATELRMART,2026-03,70.0,1.59,2.84,30.0,,,,,0.0,0.0
PATINTLOG,2026-03,35.99,,,64.01,0.0800000000000054,,,-0.0799999999999983,0.0,0.0
PAUSHAKLTD,2026-03,67.28,0.0,0.25,32.72,,,,,0.0,0.0
PAVNAIND,2026-03,61.5,5.07,,38.5,0.0,-1.1099999999999994,,0.0,0.0,-1.1099999999999994
PAYTM,2026-03,,49.4,23.08,100.0,,-5.980000000000004,9.059999999999999,0.0,,3.0799999999999947
PCBL,2026-03,53.38,5.56,10.98,46.62,1.970000000000006,0.040000000000000036,1.0999999999999996,-1.970000000000006,0.0,1.1399999999999997
PCJEWELLER,2026-04,38.49,13.28,4.75,61.51,0.8900000000000006,5.879999999999999,-3.49,-0.8900000000000006,-1.3399999999999963,2.389999999999999
PDMJEPAPER,2026-03,71.55,1.01,0.01,28.45,0.23999999999999488,-0.49,0.0,-0.240000000000002,0.0,-0.49
PDSL,2026-03,61.37,3.32,5.77,38.47,-0.05000000000000426,-1.6800000000000002,0.02999999999999936,0.04999999999999716,-0.030000000000001137,-1.6500000000000008
PEARLPOLY,2026-03,55.58,0.05,0.03,44.42,0.0,0.0,-0.010000000000000002,0.0,0.0,-0.010000000000000002
PENIND,2026-03,39.67,4.04,5.28,60.33,0.010000000000005116,0.22999999999999998,3.5900000000000003,-0.010000000000005116,0.0,3.8200000000000003
PENINLAND,2026-03,67.71,0.14,0.34,32.29,0.0,-0.12,0.0,0.0,0.0,-0.12
PERSISTENT,2026-03,30.29,22.12,30.48,68.74,-0.370000000000001,-2.2399999999999984,3.629999999999999,0.22999999999998977,-0.2699999999999996,1.3900000000000006
PETRONET,2026-03,50.0,27.12,12.93,50.0,0.0,-1.6499999999999986,1.75,0.0,0.0,0.10000000000000142
PFC,2026-03,55.99,19.64,15.05,44.01,0.0,0.8000000000000007,-1.129999999999999,0.0,0.0,-0.3299999999999983
PFIZER,2026-03,63.92,2.81,16.89,36.08,0.0,0.6299999999999999,-0.21000000000000085,0.0,0.0,0.41999999999999904
PFOCUS,2026-03,60.77,3.67,1.16,39.23,-9.079999999999991,-7.57,1.16,9.079999999999998,-6.810000000000002,-6.41
PFS,2026-03,64.99,2.13,5.05,35.01,0.0,0.04999999999999982,-0.3799999999999999,0.0,0.0,-0.33000000000000007
PGEL,2026-03,43.41,9.74,24.48,56.58,-5.960000000000001,-0.7099999999999991,8.100000000000001,5.949999999999996,-5.649999999999999,7.390000000000002
PGHH,2026-03,70.64,0.97,15.97,29.36,0.0,-0.3600000000000001,0.46000000000000085,0.0,0.0,0.10000000000000075
PGHL,2026-03,51.82,6.2,13.67,48.18,0.0,-0.6699999999999999,-0.5400000000000009,0.0,0.0,-1.2100000000000009
PGIL,2026-03,61.16,6.49,18.8,38.84,-1.6500000000000057,-0.8999999999999995,7.24,1.6500000000000057,-1.509999999999998,6.340000000000001
PHOENIXLTD,2026-03,47.25,32.97,16.15,52.75,-0.00999999999999801,-3.1799999999999997,3.549999999999999,0.00999999999999801,-0.00999999999999801,0.3699999999999992
PICCADIL,2026-03,68.57,0.76,0.78,31.43,-1.9000000000000057,0.040000000000000036,0.77,1.8999999999999986,-2.549999999999997,0.81
PIDILITIND,2026-03,69.32,11.75,9.64,30.68,-0.18000000000000682,0.15000000000000036,0.21000000000000085,0.17999999999999972,-0.14000000000000057,0.3600000000000012
PIGL,2026-03,50.26,0.0,0.76,49.74,3.979999999999997,,,-3.979999999999997,0.0,0.0
PIIND,2026-03,46.09,15.87,31.35,53.9,0.0,-2.1800000000000015,3.780000000000001,0.0,0.0,1.5999999999999996
PILANIINVS,2026-03,58.68,0.43,1.38,41.32,1.1300000000000026,0.04999999999999999,0.9799999999999999,-1.1300000000000026,0.12000000000000455,1.0299999999999998
PILITA,2026-03,50.09,,0.83,49.91,0.0,,0.16999999999999993,0.0,0.0,0.16999999999999993
PINELABS,2026-03,,4.8,11.81,100.0,,,,,,0.0
PIONEEREMB,2026-03,32.71,0.27,6.49,67.29,0.0,-8.030000000000001,0.0,0.0,0.0,-8.030000000000001
PIRAMALFIN,2026-03,46.16,14.63,18.81,53.54,,,,,0.0,0.0
PITTIENG,2026-03,54.18,1.11,20.23,43.86,0.0,0.21000000000000008,1.4400000000000013,-1.1099999999999994,0.0,1.6500000000000012
PIXTRANS,2026-03,62.06,0.41,2.5,37.94,0.240000000000002,-0.39000000000000007,1.9300000000000002,-0.240000000000002,0.0,1.54
PKTEA,2026-03,66.33,,3.41,33.67,2.1400000000000006,,0.0,-2.1400000000000006,0.0,0.0
PLASTIBLEN,2026-03,62.81,0.24,,37.19,-0.259999999999998,-0.44999999999999996,,0.259999999999998,-0.21999999999999886,-0.44999999999999996
PLATIND,2026-03,70.03,0.59,3.6,29.97,-0.9699999999999989,-0.22999999999999998,0.9199999999999999,0.9699999999999989,-0.9699999999999989,0.69
PLAZACABLE,2026-03,69.83,0.03,,30.17,0.0,0.009999999999999998,,0.0,0.0,0.009999999999999998
PNB,2026-03,70.08,6.39,16.05,29.92,0.0,0.6899999999999995,1.3800000000000008,0.0,0.0,2.0700000000000003
PNBGILTS,2026-03,74.07,0.18,0.0,25.93,0.0,-0.16999999999999998,0.0,0.0,0.0,-0.16999999999999998
PNBHOUSING,2026-03,28.04,16.6,44.07,71.96,-0.060000000000002274,-4.84,14.2,0.05999999999998806,-0.03999999999999915,9.36
PNC,2026-03,59.72,,,40.28,0.0,,,0.0,0.0,0.0
PNCINFRA,2026-03,56.07,7.17,24.55,43.93,0.0,0.07000000000000028,-1.7100000000000009,0.0,0.0,-1.6400000000000006
PNGJL,2026-03,83.11,0.72,4.71,16.89,0.0,0.06999999999999995,-0.7700000000000005,0.0,0.0,-0.7000000000000005
PNGSREVA,2026-03,63.09,5.27,13.11,36.91,,,,,,0.0
POCL,2026-03,39.34,2.22,7.16,60.66,-1.269999999999996,0.11000000000000032,2.2800000000000002,1.269999999999996,-0.7100000000000009,2.3900000000000006
PODDARMENT,2026-03,62.43,,0.23,37.57,0.0,,0.0,0.0,0.0,0.0
POKARNA,2026-03,56.66,6.9,15.97,43.34,0.0,0.3000000000000007,0.7400000000000002,0.0,0.0,1.040000000000001
POLICYBZR,2026-03,,39.94,36.73,99.86,,-5.990000000000002,13.779999999999998,0.14000000000000057,,7.789999999999996
POLYCAB,2026-03,61.5,18.21,7.96,38.5,-1.5399999999999991,7.100000000000001,-2.9899999999999993,1.5399999999999991,-1.4899999999999949,4.110000000000002
POLYMED,2026-03,62.42,5.91,15.59,37.58,-0.01999999999999602,-5.550000000000001,3.629999999999999,0.01999999999999602,-0.01999999999999602,-1.9200000000000017
POLYPLEX,2026-03,26.73,9.9,2.91,73.27,0.03999999999999915,2.2300000000000004,0.0900000000000003,-0.04000000000000625,0.0,2.3200000000000007
PONNIERODE,2026-03,47.34,9.6,0.05,52.66,0.0,0.08000000000000007,-0.88,0.0,0.0,-0.7999999999999999
POONAWALLA,2026-04,59.03,11.26,16.67,40.42,-3.4299999999999997,0.5,4.400000000000002,3.530000000000001,-4.899999999999999,4.900000000000002
POWERGRID,2026-03,51.34,25.03,20.13,48.66,0.0,-1.75,1.7799999999999976,0.0,0.0,0.029999999999997584
POWERICA,2026-04,77.18,4.76,15.37,22.82,,,,,,0.0
POWERINDIA,2026-03,71.31,11.68,6.95,28.69,0.0,6.34,-5.180000000000001,0.0,0.0,1.1599999999999993
POWERMECH,2026-03,58.42,6.47,20.18,41.58,0.14000000000000057,1.7299999999999995,-3.219999999999999,-0.14000000000000057,0.0,-1.4899999999999993
PPAP,2026-03,64.48,5.66,,35.52,-0.12999999999999545,-0.009999999999999787,,0.13000000000000256,-0.12999999999999545,-0.009999999999999787
PPL,2026-03,44.5,0.43,0.01,55.5,0.09000000000000341,-0.8600000000000001,0.0,-0.09000000000000341,0.0,-0.8600000000000001
PPLPHARMA,2026-03,34.86,30.18,15.61,64.81,-0.09000000000000341,-1.3099999999999987,0.8300000000000001,0.10000000000000853,-0.09000000000000341,-0.47999999999999865
PRABHA,2026-04,74.94,1.84,0.08,25.06,-5.290000000000006,1.27,,5.289999999999999,-5.290000000000006,1.27
PRAENG,2026-03,36.8,,,63.2,0.0,,,0.0,0.0,0.0
PRAJIND,2026-03,32.81,17.74,12.69,67.19,0.0,-0.8900000000000006,-5.51,0.0,0.0,-6.4
PRAKASH,2026-03,44.38,3.89,0.01,55.62,0.10999999999999943,0.07000000000000028,0.0,-0.10999999999999943,0.0,0.07000000000000028
PRAKASHSTL,2026-03,33.56,,,66.44,0.010000000000005116,,,-0.010000000000005116,0.0,0.0
PRAXIS,2026-03,7.23,1.37,0.26,92.77,-16.38,-0.5199999999999998,-0.20999999999999996,16.379999999999995,-13.69,-0.7299999999999998
PRECAM,2026-03,65.37,0.13,0.09,34.63,0.0,-0.27,0.09,0.0,0.0,-0.18000000000000002
PRECOT,2026-03,61.51,,0.0,38.5,0.0,,0.0,0.0,0.0,0.0
PRECWIRE,2025-12,56.62,1.33,0.06,43.38,-1.3100000000000023,0.8900000000000001,0.06,1.3100000000000023,-0.8700000000000045,0.9500000000000002
PREMEXPLN,2026-03,41.33,1.18,9.16,58.67,0.0,0.45999999999999996,1.120000000000001,0.0,0.0,1.580000000000001
PREMIER,2026-03,27.37,0.0,5.76,72.63,0.0,-0.5,0.0,0.0,0.0,-0.5
PREMIERENE,2026-03,63.94,5.72,13.7,35.69,-0.3100000000000023,2.76,5.039999999999999,0.6599999999999966,-0.3100000000000023,7.799999999999999
PREMIERPOL,2026-03,69.39,0.07,1.02,30.61,1.7900000000000063,0.060000000000000005,0.0,-1.7899999999999991,0.0,0.060000000000000005
PRESTIGE,2026-03,60.94,14.2,22.59,39.06,0.0,-2.879999999999999,3.3599999999999994,0.0,0.0,0.4800000000000004
PRICOLLTD,2026-03,38.51,15.61,12.43,61.49,0.0,-0.6500000000000021,-3.2200000000000006,0.0,0.0,-3.8700000000000028
PRIMESECU,2026-03,,4.96,5.08,100.0,,0.3700000000000001,0.1299999999999999,0.0,,0.5
PRIMO,2026-03,32.4,0.08,1.92,67.6,1.0499999999999972,-0.03,0.0,-1.0500000000000114,0.0,-0.03
PRINCEPIPE,2026-03,60.95,3.54,15.54,39.05,0.010000000000005116,-2.6500000000000004,0.5599999999999987,-0.010000000000005116,0.0,-2.0900000000000016
PRITI,2026-03,64.6,0.0,0.0,35.4,0.0,-0.03,0.0,0.0,0.0,-0.03
PRITIKAUTO,2026-03,57.6,0.01,0.0,42.4,0.09000000000000341,-5.13,0.0,-0.09000000000000341,0.0,-5.13
PRIVISCL,2026-03,60.6,1.38,10.67,39.4,-13.449999999999996,0.9799999999999999,8.72,13.45,-9.29,9.700000000000001
PROSTARM,2026-03,72.82,0.86,0.82,27.18,0.0,-4.06,-4.47,0.0,0.0,-8.53
PROTEAN,2026-03,,8.61,21.25,100.0,,-2.3000000000000007,-6.539999999999999,0.0,,-8.84
PROZONER,2026-03,53.56,3.05,0.0,46.44,30.840000000000003,0.040000000000000036,-0.1,-30.840000000000003,0.0,-0.05999999999999997
PRSMJOHNSN,2026-03,74.87,3.55,6.05,25.13,0.0,0.1299999999999999,0.47999999999999954,0.0,0.0,0.6099999999999994
PRUDENT,2026-03,55.31,14.89,23.58,44.69,-0.4099999999999966,-2.7399999999999984,2.8699999999999974,0.4099999999999966,-0.4099999999999966,0.129999999999999
PRUDMOULI,2026-03,56.55,,1.06,43.45,-6.18,,-0.040000000000000036,6.18,-6.160000000000004,-0.040000000000000036
PSB,2026-03,93.85,0.15,3.91,6.15,0.0,-0.58,-0.41000000000000014,0.0,0.0,-0.9900000000000001
PSPPROJECT,2026-03,68.82,1.92,2.18,31.18,8.679999999999993,-1.19,-0.1599999999999997,-8.68,0.0,-1.3499999999999996
PTC,2026-03,16.22,27.46,7.52,83.78,0.0,1.740000000000002,0.7399999999999993,0.0,0.0,2.4800000000000013
PTCIL,2026-03,59.72,3.96,9.2,40.28,-0.030000000000001137,0.8900000000000001,1.6099999999999994,0.030000000000001137,-0.030000000000001137,2.4999999999999996
PTL,2026-03,69.82,0.0,0.91,30.18,0.0,0.0,0.0,0.0,0.0,0.0
PUNJABCHEM,2026-03,39.24,3.01,0.62,60.76,0.020000000000003126,-0.050000000000000266,0.06999999999999995,-0.020000000000003126,0.0,0.019999999999999685
PURVA,2026-03,75.0,16.73,0.53,25.0,0.0,-0.5999999999999979,-0.26,0.0,0.0,-0.8599999999999979
PVP,2026-03,61.3,0.5,0.0,38.7,-0.04000000000000625,0.46,-0.15,0.04000000000000625,-0.04000000000000625,0.31000000000000005
PVRINOX,2026-03,27.53,17.86,36.44,72.47,0.0,-2.530000000000001,0.14000000000000057,0.0,0.0,-2.3900000000000006
PVSL,2026-03,61.36,10.32,10.01,38.64,0.17999999999999972,-2.33,-1.7300000000000004,-0.17999999999999972,0.0,-4.0600000000000005
PWL,2026-03,72.3,11.56,13.46,27.7,,,,,0.0,0.0
PYRAMID,2026-03,74.94,0.97,3.26,25.06,0.0,-0.06000000000000005,0.48999999999999977,0.0,0.0,0.4299999999999997
QPOWER,2026-03,73.91,2.28,5.97,26.09,0.0,-1.7200000000000002,-2.79,0.0,0.0,-4.51
QUADFUTURE,2026-03,70.0,0.02,1.7,30.0,0.0,-2.27,-6.6499999999999995,0.0,0.0,-8.92
QUESS,2026-03,56.83,8.31,12.41,43.17,-0.1600000000000037,-6.52,2.630000000000001,0.1600000000000037,-0.05999999999999517,-3.889999999999999
QUICKHEAL,2026-03,71.5,0.73,1.16,28.5,-0.3199999999999932,-1.29,-1.47,0.3200000000000003,-0.1600000000000108,-2.76
RACE,2026-03,44.79,0.71,0.58,55.21,0.0,0.7,0.0,0.0,0.0,0.7
RACLGEAR,2026-03,42.69,9.54,3.23,57.31,0.00999999999999801,0.6999999999999993,0.6400000000000001,-0.00999999999999801,0.0,1.3399999999999994
RADAAN,2026-03,51.42,0.28,,48.58,0.0,0.0,,0.0,0.0,0.0
RADHIKAJWE,2026-03,57.68,0.13,,42.32,-6.049999999999997,0.1,,6.049999999999997,-6.049999999999997,0.1
RADIANTCMS,2026-03,56.92,0.3,0.95,43.08,0.0,-0.72,-7.6499999999999995,0.0,0.0,-8.37
RADICO,2026-03,40.2,17.63,27.35,59.8,-0.02999999999999403,0.6899999999999977,0.5700000000000003,0.02999999999999403,-0.00999999999999801,1.259999999999998
RADIOCITY,2026-03,74.05,0.0,3.75,25.95,0.0,-0.01,3.74,0.0,0.0,3.7300000000000004
RAILTEL,2026-03,72.84,3.72,0.99,27.16,0.0,0.3900000000000001,0.53,0.0,0.0,0.9200000000000002
RAIN,2026-03,41.35,8.06,2.15,58.65,0.1700000000000017,-2.59,-2.0500000000000003,-0.1700000000000017,0.0,-4.640000000000001
RAINBOW,2026-03,49.84,17.24,21.13,50.04,-0.00999999999999801,-6.450000000000003,5.8199999999999985,-0.10999999999999943,-0.00999999999999801,-0.6300000000000043
RAJESHEXPO,2026-03,54.55,14.25,10.8,45.45,0.0,-0.4499999999999993,-0.3199999999999985,0.0,0.0,-0.7699999999999978
RAJMET,2026-03,31.61,,,68.39,0.0,,,0.0,0.0,0.0
RAJOOENG,2026-03,60.7,1.66,0.77,39.3,-5.429999999999993,1.63,0.77,5.43,-5.429999999999993,2.4
RAJRATAN,2026-03,65.2,0.58,8.29,34.8,0.060000000000002274,0.37,0.09999999999999964,-0.060000000000002274,0.0,0.46999999999999964
RAJRILTD,2026-03,94.13,,0.04,5.87,0.0,,-0.010000000000000002,0.0,0.0,-0.010000000000000002
RAJSREESUG,2026-03,40.72,,2.88,59.28,0.0,,0.0,0.0,0.0,0.0
RAJTV,2026-03,70.91,0.02,,29.09,0.030000000000001137,0.02,,-0.030000000000001137,0.0,0.02
RALLIS,2026-03,55.08,11.55,11.31,44.92,0.0,0.14000000000000057,-2.469999999999999,0.0,0.0,-2.3299999999999983
RAMANEWS,2026-03,74.76,0.43,1.57,25.24,0.0,0.38,0.0,0.0,0.0,0.38
RAMAPHO,2026-03,75.0,0.26,0.03,25.0,0.0,0.26,0.0,0.0,0.0,0.26
RAMASTEEL,2026-03,35.89,5.71,0.0,64.11,-12.07,5.27,0.0,12.07,-10.080000000000005,5.27
RAMCOCEM,2026-03,42.56,8.04,28.92,57.44,0.0,0.7499999999999991,-1.2199999999999989,0.0,0.0,-0.46999999999999975
RAMCOIND,2026-03,54.79,0.81,3.34,45.21,-0.020000000000003126,0.0,-0.8500000000000005,0.020000000000003126,-0.020000000000003126,-0.8500000000000005
RAMCOSYS,2026-03,55.68,10.02,2.03,44.32,2.469999999999999,0.41999999999999993,-3.5900000000000003,-2.469999999999999,-0.07000000000000028,-3.1700000000000004
RAMKY,2026-03,69.81,1.85,0.91,30.19,0.0,0.6300000000000001,0.30000000000000004,0.0,0.0,0.9300000000000002
RAMRAT,2026-03,69.3,0.16,0.44,30.7,-3.6700000000000017,-0.010000000000000009,0.09000000000000002,3.669999999999998,-4.039999999999992,0.08000000000000002
RANASUG,2026-03,22.64,0.11,0.0,77.36,0.0,0.009999999999999995,0.0,0.0,0.0,0.009999999999999995
RANEHOLDIN,2026-03,46.63,0.77,4.12,53.37,0.0800000000000054,-0.040000000000000036,0.28000000000000025,-0.0800000000000054,0.0,0.2400000000000002
RATEGAIN,2026-03,48.77,5.35,20.86,51.17,0.6000000000000014,-2.25,-2.1400000000000006,-0.6000000000000014,-0.010000000000005116,-4.390000000000001
RATNAMANI,2026-03,59.77,10.6,19.45,40.23,0.0,-1.0199999999999996,0.6499999999999986,0.0,0.0,-0.370000000000001
RATNAVEER,2026-03,42.74,7.28,2.54,57.26,-7.979999999999997,6.050000000000001,,7.979999999999997,-8.089999999999996,6.050000000000001
RAYMOND,2026-03,48.87,9.75,3.62,51.1,0.0,-5.890000000000001,-3.2299999999999995,0.0,0.0,-9.120000000000001
RAYMONDLSL,2026-03,59.53,8.7,5.13,40.44,4.850000000000001,-1.8100000000000005,-2.76,-4.850000000000001,1.009999999999998,-4.57
RAYMONDREL,2026-03,50.71,7.62,3.91,49.26,,,,,0.0,0.0
RBA,2026-03,11.26,10.59,45.61,88.74,-0.009999999999999787,-9.77,5.170000000000002,0.009999999999990905,-0.009999999999999787,-4.599999999999998
RBLBANK,2026-03,,20.23,43.32,100.0,,5.800000000000001,22.18,0.0,,27.98
RBZJEWEL,2026-03,75.0,,0.07,25.0,0.0,,-1.51,0.0,0.0,-1.51
RCF,2026-03,75.0,2.6,0.39,25.0,0.0,0.14000000000000012,0.09000000000000002,0.0,0.0,0.23000000000000015
RCOM,2026-03,0.77,0.08,4.38,98.46,0.0,0.0,0.0,0.0,0.0,0.0
RECLTD,2026-03,52.63,15.79,16.35,47.37,0.0,-4.690000000000001,1.5600000000000023,0.0,0.0,-3.129999999999999
REDINGTON,2026-03,,61.49,17.12,100.0,,0.9200000000000017,-0.75,0.0,,0.1700000000000017
REDTAPE,2026-03,71.83,3.81,11.01,28.17,0.030000000000001137,0.29000000000000004,0.7699999999999996,-0.029999999999997584,-0.009999999999990905,1.0599999999999996
REFEX,2026-03,55.85,1.37,0.13,44.15,2.520000000000003,-0.49,-0.03,-2.520000000000003,-0.12000000000000455,-0.52
REGAAL,2026-03,71.32,0.34,2.82,28.68,,,,,0.0,0.0
REGENCERAM,2026-03,60.43,,1.91,39.57,-0.1600000000000037,,0.31999999999999984,0.1600000000000037,-0.1600000000000037,0.31999999999999984
RELAXO,2026-03,71.27,3.04,9.74,28.73,0.0,-0.029999999999999805,-0.8100000000000005,0.0,0.0,-0.8400000000000003
RELCHEMQ,2026-03,67.68,,,32.32,0.0,,,0.0,0.0,0.0
RELIABLE,2026-03,67.79,0.45,,32.21,-3.9799999999999898,0.4,,3.9800000000000004,-3.9799999999999898,0.4
RELIANCE,2026-03,50.0,18.67,20.55,50.0,-0.10999999999999943,-0.389999999999997,1.0899999999999999,0.10999999999999943,-0.060000000000002274,0.7000000000000028
RELIGARE,2026-03,30.27,7.85,8.52,69.73,4.599999999999998,-0.40000000000000036,-3.24,-4.599999999999994,0.0,-3.6400000000000006
RELTD,2026-03,63.66,1.98,2.81,36.34,-1.1099999999999994,-1.23,1.45,1.1100000000000065,-1.1099999999999994,0.21999999999999997
REMSONSIND,2026-03,65.52,2.33,1.22,34.48,-0.6000000000000085,-1.31,0.86,0.5999999999999943,-0.7199999999999989,-0.45000000000000007
RENUKA,2026-03,62.48,3.53,10.1,37.52,0.0,0.06999999999999984,-0.05000000000000071,0.0,0.0,0.01999999999999913
REPCOHOME,2026-03,37.13,13.37,24.28,62.87,0.0,2.129999999999999,3.1900000000000013,0.0,0.0,5.32
REPL,2026-03,68.64,,0.14,31.36,0.09000000000000341,,0.020000000000000018,-0.08999999999999986,0.0,0.020000000000000018
REPRO,2026-03,46.71,9.06,0.09,53.29,-0.07000000000000028,-0.75,0.09,0.07000000000000028,-0.07000000000000028,-0.66
RESPONIND,2026-03,59.14,32.2,3.22,40.86,0.0,0.5800000000000018,-0.2899999999999996,0.0,0.0,0.29000000000000226
RETAIL,2026-03,44.52,,,55.48,-4.809999999999995,,,4.809999999999995,-4.809999999999995,0.0
RGL,2026-03,61.7,2.02,,38.3,2.730000000000004,0.8200000000000001,,-2.730000000000004,-0.6000000000000014,0.8200000000000001
RHETAN,2026-03,62.12,0.87,,37.88,,,,,0.0,0.0
RHFL,2025-03,0.74,0.01,1.55,99.26,0.0,-0.38,-0.010000000000000009,0.0,0.0,-0.39
RHIM,2026-03,56.07,4.38,13.47,43.93,0.0,-0.6100000000000003,0.5,0.0,0.0,-0.11000000000000032
RHL,2026-03,65.63,0.01,0.22,34.37,0.0,0.01,0.0,0.0,0.0,0.01
RICOAUTO,2026-03,50.34,2.14,0.09,49.66,0.0,0.5700000000000001,0.09,0.0,0.0,0.66
RIIL,2026-03,45.43,0.85,0.01,54.57,0.0,-0.39,0.0,0.0,0.0,-0.39
RISHABH,2026-03,69.55,0.1,11.73,30.45,-0.6000000000000085,-0.07,-1.3599999999999994,0.5999999999999979,-0.3400000000000034,-1.4299999999999995
RITCO,2026-03,62.68,0.02,2.82,36.78,0.39000000000000057,-0.039999999999999994,0.029999999999999805,-0.10000000000000142,0.0,-0.01000000000000019
RITES,2026-03,72.2,3.47,8.7,27.8,0.0,0.14000000000000012,0.02999999999999936,0.0,0.0,0.16999999999999948
RKDL,2026-03,23.62,,0.0,76.38,0.030000000000001137,,0.0,-0.030000000000001137,0.0,0.0
RKEC,2026-03,66.51,0.13,,33.49,2.240000000000009,-0.04999999999999999,,-2.239999999999995,-0.28999999999999204,-0.04999999999999999
RKFORGE,2026-03,43.33,21.74,4.45,56.55,0.19999999999999574,-2.7300000000000004,-1.5499999999999998,-0.19000000000000483,0.0,-4.28
RKSWAMY,2026-03,69.61,0.34,3.34,30.39,0.0,-0.45,-3.76,0.0,0.0,-4.21
RMC,2026-03,51.97,2.69,0.39,48.03,,,,,,0.0
RMDRIP,2026-03,21.06,3.85,0.1,78.94,3.2799999999999976,1.73,0.1,-3.280000000000001,0.0,1.83
RML,2026-03,70.45,0.06,0.98,29.55,0.0,0.049999999999999996,-0.06000000000000005,0.0,0.0,-0.010000000000000057
RNBDENIMS,2026-04,57.39,2.07,0.18,42.61,,,,,0.0,0.0
ROHLTD,2026-03,64.06,8.54,0.87,35.94,0.35999999999999943,1.2399999999999993,0.14,-0.35999999999999943,0.0,1.3799999999999994
ROLEXRINGS,2026-03,52.24,6.01,30.26,47.76,-1.1099999999999994,-1.2599999999999998,-1.7899999999999956,1.1099999999999994,-1.1299999999999955,-3.0499999999999954
ROLLT,2026-03,50.96,,0.0,49.04,0.0,,0.0,0.0,0.0,0.0
ROML,2026-03,75.0,,0.0,25.0,0.0,,0.0,0.0,0.0,0.0
ROSSARI,2026-03,68.15,2.18,18.2,31.85,-0.030000000000001137,-1.7999999999999998,0.6099999999999994,0.030000000000001137,-0.010000000000005116,-1.1900000000000004
ROSSELLIND,2026-03,74.8,0.02,2.66,25.2,0.0,-1.14,0.0,0.0,0.0,-1.14
ROSSTECH,2026-03,74.8,1.6,3.51,25.2,0.0,0.1200000000000001,1.0899999999999999,0.0,0.0,1.21
ROTO,2026-03,66.8,0.14,0.15,33.2,0.1799999999999926,-0.06,-0.91,-0.17999999999999972,-0.010000000000005116,-0.97
ROUTE,2026-03,74.85,2.5,4.01,25.15,-0.010000000000005116,-1.9500000000000002,-4.120000000000001,0.00999999999999801,-0.010000000000005116,-6.070000000000001
RPEL,2026-03,62.91,0.37,,37.09,-0.010000000000005116,0.19,,0.010000000000005116,-0.010000000000005116,0.19
RPGLIFE,2026-03,72.95,0.87,7.45,27.05,0.0,-0.58,1.3100000000000005,0.0,0.0,0.7300000000000005
RPOWER,2026-03,24.98,14.13,3.12,75.02,0.0,1.2600000000000016,-0.08000000000000007,0.0,0.0,1.1800000000000015
RPPINFRA,2026-03,39.18,0.12,0.01,60.82,0.0,-0.28,0.0,0.0,0.0,-0.28
RPPL,2026-03,43.97,,,56.03,-0.28999999999999915,,,0.28999999999999915,-0.4799999999999969,0.0
RPSGVENT,2026-03,63.51,3.27,1.94,36.49,0.0,-0.25,-0.010000000000000009,0.0,0.0,-0.26
RPTECH,2026-03,64.01,0.78,17.45,35.99,0.4000000000000057,-0.3400000000000001,1.0899999999999999,-0.3999999999999986,0.030000000000008242,0.7499999999999998
RRKABEL,2026-03,61.65,9.11,13.33,38.35,-0.14999999999999858,1.9299999999999997,-1.42,0.14999999999999858,-0.10000000000000142,0.5099999999999998
RSL,2026-03,57.03,4.3,0.18,42.97,,,,,,0.0
RSSOFTWARE,2026-03,40.88,0.96,0.05,59.12,0.38000000000000256,-0.28,0.0,-0.38000000000000256,0.0,-0.28
RSWM,2026-03,55.69,1.2,0.43,44.31,0.0,-0.30000000000000004,-0.020000000000000018,0.0,0.0,-0.32000000000000006
RSYSTEMS,2026-03,51.85,3.76,8.6,48.15,-0.04999999999999716,-0.2100000000000004,-0.0600000000000005,0.04999999999999716,-0.030000000000001137,-0.2700000000000009
RTNINDIA,2026-03,74.87,5.55,0.08,25.03,0.010000000000005116,-0.5499999999999998,-0.039999999999999994,-0.00999999999999801,0.0,-0.5899999999999999
RTNPOWER,2026-03,44.06,5.13,6.62,55.94,0.0,-0.1200000000000001,-0.040000000000000036,0.0,0.0,-0.16000000000000014
RUBFILA,2026-03,58.27,0.01,,41.73,1.0300000000000011,0.0,,-1.0300000000000011,0.0,0.0
RUBICON,2026-03,59.86,7.54,10.02,40.14,,,,,-0.13000000000000256,0.0
RUBYMILLS,2026-03,74.9,0.0,0.0,25.1,0.0,-0.02,0.0,0.0,0.0,-0.02
RUCHINFRA,2026-03,53.7,8.6,,46.3,-1.7199999999999989,0.0,,1.7199999999999989,-1.7199999999999989,0.0
RUCHIRA,2026-03,68.67,0.9,0.0,31.33,0.0,-0.010000000000000009,0.0,0.0,0.0,-0.010000000000000009
RUDRA,2026-03,72.88,,,27.12,,,,,0.0,0.0
RUPA,2026-03,73.28,0.31,3.78,26.72,0.0,-0.8,-0.4100000000000006,0.0,0.0,-1.2100000000000006
RUSHIL,2026-03,55.1,1.29,0.06,44.9,-1.269999999999996,-0.5899999999999999,0.0,1.269999999999996,-1.269999999999996,-0.5899999999999999
RUSTOMJEE,2026-03,74.59,2.55,17.12,25.41,-3.75,-0.26000000000000023,0.8200000000000003,3.75,-3.6200000000000045,0.56
RVHL,2026-03,74.74,,,25.26,0.0,,,0.0,0.0,0.0
RVNL,2026-03,72.84,4.86,6.42,27.16,0.0,-0.20999999999999996,0.20999999999999996,0.0,0.0,0.0
RVTH,2026-03,63.91,,0.0,36.09,0.06999999999999318,,0.0,-0.06999999999999318,0.0,0.0
S&SPOWER,2026-03,74.97,,0.23,25.03,0.0,,0.020000000000000018,0.0,0.0,0.020000000000000018
SAATVIKGL,2026-03,75.99,0.03,10.52,24.01,,,,,0.0,0.0
SADBHAV,2026-03,25.52,0.32,,74.48,-10.7,-0.09999999999999998,,10.700000000000003,-10.7,-0.09999999999999998
SADBHIN,2026-03,70.25,0.0,,29.75,0.0,0.0,,0.0,0.0,0.0
SADHNANIQ,2026-03,65.85,0.0,0.01,34.15,0.9499999999999886,-0.05,-0.01,-0.9500000000000028,-26.759999999999998,-0.060000000000000005
SAFARI,2026-03,44.7,10.81,28.3,55.3,-0.7099999999999937,-2.4399999999999995,4.59,0.7099999999999937,-0.5,2.1500000000000004
SAGARDEEP,2026-03,72.69,,,27.31,-0.9300000000000068,,,0.9299999999999997,-0.8700000000000045,0.0
SAGCEM,2026-03,48.33,1.66,18.49,51.67,0.0,-0.9200000000000002,0.4799999999999969,0.0,0.0,-0.4400000000000033
SAGILITY,2026-03,50.95,10.02,22.29,49.05,-31.439999999999998,6.629999999999999,14.809999999999999,31.439999999999998,-16.429999999999993,21.439999999999998
SAHLIBHFI,2026-03,57.78,2.24,,42.22,,,,,,0.0
SAHYADRI,2026-03,71.12,,0.01,28.88,0.0,,0.0,0.0,0.0,0.0
SAIL,2026-03,65.0,5.01,18.41,35.0,0.0,1.8099999999999996,2.66,0.0,0.0,4.47
SAILIFE,2026-03,34.61,21.17,31.54,65.39,-0.5600000000000023,8.810000000000002,18.28,0.5600000000000023,-0.23999999999999488,27.090000000000003
SAIPARENT,2026-04,51.16,5.73,12.86,48.84,,,,,0.0,0.0
SAKAR,2026-03,52.86,12.94,11.32,47.14,-0.7199999999999989,-0.6699999999999999,0.34999999999999964,0.7199999999999989,-0.7199999999999989,-0.3200000000000003
SAKHTISUG,2026-03,59.83,0.02,0.01,40.17,0.0,-0.009999999999999998,0.0,0.0,0.0,-0.009999999999999998
SAKSOFT,2026-03,66.71,2.4,0.0,29.73,0.029999999999986926,-0.3900000000000001,-0.05,0.5,0.0,-0.4400000000000001
SAKUMA,2026-03,46.29,,,53.71,0.0,,,0.0,0.0,0.0
SALASAR,2026-03,47.24,4.97,,52.76,-3.710000000000001,-0.2400000000000002,,3.710000000000001,-2.030000000000001,-0.2400000000000002
SALONA,2026-03,68.42,,,31.58,1.3299999999999983,,,-1.3299999999999983,0.0,0.0
SALSTEEL,2026-03,70.98,0.0,,29.02,20.42,0.0,,-20.419999999999998,-9.340000000000003,0.0
SALZERELEC,2026-03,37.48,4.45,0.01,62.52,-0.060000000000002274,1.87,-0.09000000000000001,0.060000000000002274,-0.07000000000000028,1.78
SAMBHAAV,2026-03,62.93,0.25,,37.07,0.0,0.0,,0.0,0.0,0.0
SAMBHV,2026-03,56.15,1.52,3.09,43.85,,,,,0.0,0.0
SAMHI,2026-03,,44.29,16.39,100.0,,-7.649999999999999,2.4299999999999997,0.0,,-5.219999999999999
SAMMAANCAP,2026-03,,46.2,12.61,98.63,,21.51,6.699999999999999,0.539999999999992,,28.21
SAMPANN,2026-03,40.66,19.96,,59.34,0.1599999999999966,7.790000000000001,,-0.1599999999999966,0.0,7.790000000000001
SANATHAN,2026-03,78.58,1.58,12.3,21.42,0.0,-0.2999999999999998,0.20000000000000107,0.0,0.0,-0.09999999999999876
SANCO,2026-03,42.5,,,57.5,0.0,,,0.0,0.0,0.0
SANDESH,2026-03,74.81,0.09,0.01,25.19,0.0,-0.05000000000000002,0.0,0.0,0.0,-0.05000000000000002
SANDHAR,2026-03,70.38,0.76,17.39,29.62,0.0,0.07000000000000006,1.6900000000000013,0.0,0.0,1.7600000000000013
SANDUMA,2026-03,74.22,1.64,0.67,25.78,0.0,0.51,-0.7599999999999999,0.0,0.0,-0.2499999999999999
SANGAMIND,2026-03,70.52,2.4,0.09,27.62,0.35999999999999943,-0.28000000000000025,-0.48,-1.2199999999999989,0.0,-0.7600000000000002
SANGHVIMOV,2026-03,47.25,1.48,1.31,52.75,0.0,-0.6299999999999999,-1.94,0.0,0.0,-2.57
SANGINITA,2026-03,25.4,0.19,,74.6,-11.840000000000003,0.19,,11.839999999999996,-7.240000000000002,0.19
SANOFI,2026-03,60.4,5.64,21.13,39.6,0.0,0.0699999999999994,-1.8900000000000006,0.0,0.0,-1.8200000000000012
SANOFICONR,2026-03,71.27,2.76,17.57,28.73,10.869999999999997,-1.7700000000000005,-7.91,-10.870000000000001,0.0,-9.68
SANSERA,2026-03,30.1,18.79,35.39,69.9,-0.25,-1.3100000000000023,-1.6199999999999974,0.25,-0.10000000000000142,-2.9299999999999997
SANSTAR,2026-03,70.53,0.02,0.3,29.47,0.15000000000000568,-0.69,-3.74,-0.15000000000000213,0.0,-4.43
SANWARIA,2026-03,12.42,,0.0,87.58,0.0,,0.0,0.0,0.0,0.0
SAPPHIRE,2026-03,26.07,28.98,37.49,73.93,-0.00999999999999801,-1.4400000000000013,-1.019999999999996,0.010000000000005116,-0.00999999999999801,-2.4599999999999973
SARDAEN,2026-03,73.16,3.51,3.32,26.84,0.0,0.03999999999999959,-0.45999999999999996,0.0,0.0,-0.4200000000000004
SAREGAMA,2026-03,60.84,12.18,7.11,38.72,1.1900000000000048,-4.27,2.4800000000000004,-1.3299999999999983,0.0,-1.7899999999999991
SARLAPOLY,2026-03,57.11,0.78,0.9,42.89,0.21000000000000085,-0.020000000000000018,0.10999999999999999,-0.21000000000000085,0.0,0.08999999999999997
SARVESHWAR,2026-03,40.87,0.45,0.0,59.13,-10.560000000000002,0.41000000000000003,0.0,10.560000000000002,-10.46,0.41000000000000003
SASKEN,2026-03,42.96,18.54,1.05,57.04,-0.10999999999999943,0.08999999999999986,-0.15999999999999992,0.10999999999999943,-0.11999999999999744,-0.07000000000000006
SATIA,2026-03,52.46,0.73,0.07,47.54,0.0,-0.30000000000000004,0.010000000000000009,0.0,0.0,-0.29000000000000004
SATIN,2026-03,36.17,3.51,5.3,63.39,0.0,-1.0099999999999998,-1.0499999999999998,0.0,0.0,-2.0599999999999996
SAURASHCEM,2026-03,66.62,0.16,0.12,33.38,-0.0799999999999983,0.12,-0.25,0.0800000000000054,-0.0799999999999983,-0.13
SBC,2026-03,50.35,0.77,0.0,49.65,-7.409999999999997,0.61,-0.21,7.409999999999997,-4.93,0.4
SBCL,2026-03,33.37,1.74,20.0,66.63,0.19999999999999574,-1.89,-1.0700000000000003,-0.20000000000000284,0.0,-2.96
SBFC,2026-03,52.35,6.21,21.97,47.59,-0.9799999999999969,-0.3200000000000003,4.309999999999999,1.0,-0.46999999999999886,3.9899999999999984
SBGLP,2026-03,73.39,,,26.61,0.0,,,0.0,0.0,0.0
SBICARD,2026-03,68.92,9.54,18.12,31.08,0.3200000000000074,-0.34000000000000163,0.9000000000000021,-0.3200000000000003,-0.010000000000005116,0.5600000000000005
SBILIFE,2026-03,55.33,21.51,19.13,44.67,-0.05000000000000426,-0.36999999999999744,0.4599999999999973,0.05000000000000426,-0.01999999999999602,0.08999999999999986
SBIN,2026-03,55.52,11.41,26.24,44.48,-1.8999999999999986,2.08,0.5699999999999967,1.8999999999999986,-1.9200000000000017,2.649999999999997
SCHAEFFLER,2026-03,74.13,4.25,16.35,25.87,0.0,-0.2400000000000002,0.2900000000000027,0.0,0.0,0.05000000000000249
SCHAND,2026-03,46.99,4.47,2.04,53.01,-0.030000000000001137,0.6299999999999999,-0.8999999999999999,0.030000000000001137,-0.030000000000001137,-0.27
SCHNEIDER,2026-03,75.0,3.19,4.07,25.0,0.0,0.18999999999999995,0.8400000000000003,0.0,0.0,1.0300000000000002
SCI,2026-03,63.75,8.98,2.49,36.25,0.0,4.300000000000001,-0.6799999999999997,0.0,0.0,3.620000000000001
SCILAL,2026-03,63.75,1.04,6.2,36.25,0.0,-0.08999999999999986,0.0,0.0,0.0,-0.08999999999999986
SCODATUBES,2026-03,66.43,8.16,7.37,33.57,,,,,0.0,0.0
SCPL,2026-03,67.07,,,32.93,1.4799999999999898,,,-1.4799999999999969,0.0,0.0
SDBL,2026-03,39.44,1.2,0.0,60.56,0.6899999999999977,-0.40000000000000013,-0.09,-0.6899999999999977,0.0,-0.4900000000000001
SEAMECLTD,2026-03,72.72,3.73,4.48,27.28,0.4099999999999966,0.6800000000000002,-2.1499999999999995,-0.41000000000000014,0.0,-1.4699999999999993
SECMARK,2026-03,75.0,0.0,0.0,25.0,0.29000000000000625,0.0,0.0,-0.28999999999999915,0.0,0.0
SECURKLOUD,2026-03,43.52,0.02,,56.48,0.0,0.0,,0.0,0.0,0.0
SEDEMAC,2026-03,26.24,2.52,43.93,73.76,,,,,,0.0
SEJALLTD,2026-03,69.96,0.19,4.44,30.04,-5.040000000000006,-0.01999999999999999,3.9700000000000006,5.039999999999999,-5.040000000000006,3.9500000000000006
SELMC,2026-03,75.0,0.08,10.81,25.0,0.0,-0.05,-0.9900000000000002,0.0,0.0,-1.0400000000000003
SEMAC,2026-03,62.85,0.04,0.0,37.15,0.0,0.0,0.0,0.0,0.0,0.0
SENCO,2026-03,64.48,7.61,12.62,35.52,0.15000000000000568,0.4300000000000006,0.06999999999999851,-0.14999999999999858,0.020000000000010232,0.4999999999999991
SENORES,2026-03,45.82,3.64,9.61,54.18,0.04999999999999716,-0.5299999999999998,-0.040000000000000924,-0.04999999999999716,0.0,-0.5700000000000007
SEPC,2026-03,18.67,0.96,13.91,81.33,-8.68,0.2799999999999999,-1.8399999999999999,8.679999999999993,-7.859999999999999,-1.56
SERVOTECH,2026-03,58.61,0.14,0.0,41.39,-0.3100000000000023,-2.7199999999999998,0.0,0.3100000000000023,-0.2700000000000031,-2.7199999999999998
SESHAPAPER,2026-03,43.11,12.94,0.1,56.89,0.21000000000000085,-0.120000000000001,0.010000000000000009,-0.21000000000000085,0.0,-0.11000000000000099
SETCO,2026-03,59.25,0.03,0.0,40.75,0.0,-0.04000000000000001,0.0,0.0,0.0,-0.04000000000000001
SETL,2026-03,60.47,2.43,0.35,39.53,0.060000000000002274,-0.19999999999999973,-1.8599999999999999,-0.060000000000002274,0.0,-2.0599999999999996
SEYAIND,2026-03,64.5,,0.99,35.5,0.0,,0.16000000000000003,0.0,0.0,0.16000000000000003
SFL,2026-03,65.69,4.15,20.56,34.31,0.0,-2.08,-0.610000000000003,0.0,0.0,-2.690000000000003
SGFIN,2026-04,52.91,0.23,3.25,47.09,4.529999999999994,0.16,-1.3899999999999997,-4.529999999999994,-0.11000000000000654,-1.2299999999999998
SGIL,2026-03,69.5,0.22,1.51,30.45,-0.3100000000000023,0.010000000000000009,1.51,0.259999999999998,-0.45000000000000284,1.52
SGL,2026-03,65.76,,,34.24,0.0,,,0.0,0.0,0.0
SGMART,2026-03,36.27,1.87,5.27,63.73,,,,,0.0,0.0
SHADOWFAX,2026-03,16.59,7.65,20.64,83.41,,,,,-0.120000000000001,0.0
SHAH,2026-03,29.15,,0.04,70.85,-4.020000000000003,,-0.010000000000000002,4.019999999999996,-4.020000000000003,-0.010000000000000002
SHAHALLOYS,2026-03,53.75,,,46.25,-0.030000000000001137,,,0.030000000000001137,-0.030000000000001137,0.0
SHAILY,2026-03,43.4,16.74,10.6,56.6,-0.3200000000000003,9.349999999999998,-3.120000000000001,0.3200000000000003,-0.3200000000000003,6.229999999999997
SHAKTIPUMP,2026-03,50.35,4.83,4.97,49.65,-1.259999999999998,-0.22999999999999954,0.1299999999999999,1.259999999999998,-1.3399999999999963,-0.09999999999999964
SHALBY,2026-03,74.33,4.36,0.25,25.02,0.060000000000002274,-0.17999999999999972,0.07,-0.019999999999999574,0.0,-0.10999999999999971
SHALPAINTS,2026-03,74.96,0.08,0.03,25.04,0.0,0.07,0.0,0.0,0.0,0.07
SHANKARA,2026-03,44.45,6.47,11.17,55.55,-4.799999999999997,0.7699999999999996,6.14,4.799999999999997,-9.07,6.909999999999999
SHANTI,2026-03,,0.0,0.0,100.0,,0.0,0.0,6.540000000000006,-3.79,0.0
SHANTIGEAR,2026-03,70.47,3.14,0.22,29.53,0.0,-0.10999999999999988,-0.52,0.0,0.0,-0.6299999999999999
SHANTIGOLD,2026-03,74.89,2.18,2.13,25.11,,,,,0.0,0.0
SHARDACROP,2026-03,74.82,4.6,9.69,25.18,0.0,-0.09000000000000075,-0.5800000000000001,0.0,0.0,-0.6700000000000008
SHARDAMOTR,2026-03,64.31,2.43,11.51,35.69,0.0,0.17000000000000037,-0.009999999999999787,0.0,0.0,0.1600000000000006
SHAREINDIA,2026-03,48.62,1.54,0.48,51.38,-0.05000000000000426,-0.33999999999999986,-0.5700000000000001,0.05000000000000426,-0.13000000000000256,-0.9099999999999999
SHEKHAWATI,2026-03,64.12,,,35.88,1.750000000000007,,,-1.75,0.0,0.0
SHEMAROO,2026-03,67.24,,,32.76,1.6999999999999886,,,-1.7000000000000028,0.0,0.0
SHILCTECH,2026-03,62.12,2.55,1.91,37.88,,,,,0.0,0.0
SHILPAMED,2026-03,40.13,11.08,8.58,59.87,-4.099999999999994,0.10999999999999943,1.0300000000000002,4.099999999999994,-4.099999999999994,1.1399999999999997
SHIVALIK,2026-03,47.37,4.2,,52.63,0.0,-0.0699999999999994,,0.0,0.0,-0.0699999999999994
SHIVAMAUTO,2026-03,69.52,,7.07,30.48,0.0,,0.0,0.0,0.0,0.0
SHIVAMILLS,2026-03,74.94,0.32,0.01,25.06,0.0,0.0,0.0,0.0,0.0,0.0
SHIVATEX,2026-03,74.04,,0.01,25.96,0.0,,0.0,0.0,0.0,0.0
SHIVAUM,2026-03,73.53,,,26.47,0.0,,,0.0,0.0,0.0
SHK,2026-03,54.87,7.42,5.18,45.13,-0.6099999999999994,0.20000000000000018,1.7399999999999998,0.6099999999999994,-0.44999999999999574,1.94
SHOPERSTOP,2026-03,66.06,2.05,25.44,33.94,0.5400000000000063,-1.08,-0.0799999999999983,-0.5399999999999991,0.0,-1.1599999999999984
SHRADHA,2026-03,74.97,,,25.03,0.030000000000001137,,,-0.029999999999997584,0.0,0.0
SHREDIGCEM,2026-03,59.2,0.37,1.3,40.8,4.520000000000003,-0.7500000000000001,0.21999999999999997,-4.520000000000003,-9.54,-0.5300000000000001
SHREECEM,2026-03,62.55,8.93,16.03,37.45,0.0,-0.7800000000000011,0.7100000000000009,0.0,0.0,-0.07000000000000028
SHREEJISPG,2026-03,90.0,0.22,1.14,10.0,,,,,0.0,0.0
SHREEPUSHK,2026-03,69.36,0.43,0.29,30.64,0.0,-0.43,0.29,0.0,0.0,-0.14
SHREERAMA,2026-03,61.57,,0.0,38.43,0.0,,0.0,0.0,0.0,0.0
SHRENIK,2026-03,24.53,,,75.48,-0.8499999999999979,,,0.8599999999999994,-0.4599999999999973,0.0
SHREYANIND,2026-03,50.5,0.24,0.17,49.5,-0.030000000000001137,-0.040000000000000036,0.0,0.030000000000001137,-0.030000000000001137,-0.040000000000000036
SHRINGARMS,2026-03,74.8,5.78,1.53,25.2,,,,,0.0,0.0
SHRIPISTON,2026-03,43.75,7.64,12.88,56.25,0.0,2.33,-0.2699999999999996,0.0,0.0,2.0600000000000005
SHRIRAMFIN,2026-04,20.3,56.13,18.63,79.7,-5.09,3.510000000000005,2.3000000000000007,5.090000000000003,-5.079999999999998,5.810000000000006
SHRIRAMPPS,2026-03,27.89,6.06,2.5,72.11,-0.05000000000000071,3.5899999999999994,0.69,0.04999999999999716,-0.05000000000000071,4.279999999999999
SHYAMCENT,2026-03,49.44,0.0,,50.56,-1.2600000000000051,-0.04,,1.2600000000000051,-0.6199999999999974,-0.04
SHYAMMETL,2026-03,74.59,3.09,9.17,25.11,0.0,-0.75,2.4299999999999997,0.08999999999999986,0.0,1.6799999999999997
SHYAMTEL,2026-03,66.16,,0.0,33.84,0.0,,0.0,0.0,0.0,0.0
SICAGEN,2021-06,39.85,,,60.15,-1.9399999999999977,,,1.9399999999999977,-1.9399999999999977,0.0
SICALLOG,2026-03,73.5,3.09,0.08,26.5,-16.5,3.09,0.06,16.5,-16.370000000000005,3.15
SIEMENS,2026-03,75.0,6.8,8.59,25.0,0.0,-1.3899999999999997,1.2999999999999998,0.0,0.0,-0.08999999999999986
SIGACHI,2026-03,36.69,1.3,0.0,63.31,-7.450000000000003,1.22,0.0,7.450000000000003,-3.6600000000000037,1.22
SIGIND,2026-03,73.3,0.0,0.0,26.7,0.519999999999996,0.0,0.0,-0.5199999999999996,0.0,0.0
SIGMA,2026-03,73.22,0.0,,26.78,0.0,0.0,,0.0,0.0,0.0
SIGMAADV,2026-03,71.22,0.07,0.0,28.78,36.15,-0.12,0.0,-36.150000000000006,0.0,-0.12
SIGNATURE,2026-03,69.63,9.53,5.4,30.37,0.0,-0.8300000000000001,0.25,0.0,0.0,-0.5800000000000001
SIGNPOST,2026-03,60.38,0.09,0.02,39.62,-13.869999999999997,-0.19000000000000003,-0.76,13.869999999999997,-7.359999999999992,-0.9500000000000001
SIKKO,2026-03,54.96,8.01,,45.04,0.0,3.24,,0.0,0.0,3.24
SIL,2026-03,20.31,38.86,4.05,79.69,0.0,0.0,0.0,0.0,0.0,0.0
SILGO,2026-03,40.44,0.01,,59.56,-14.93,0.0,,14.93,-12.130000000000003,0.0
SILINV,2026-03,63.79,0.09,0.02,36.21,0.0,0.0,-0.030000000000000002,0.0,0.0,-0.030000000000000002
SILLYMONKS,2026-03,50.04,,,49.96,3.8599999999999994,,,-3.8599999999999994,-0.0799999999999983,0.0
SILVERTUC,2026-03,74.62,1.15,,25.38,0.09000000000000341,1.15,,-0.08999999999999986,0.0,1.15
SIMPLEXINF,2026-03,35.99,0.49,5.82,64.01,-0.9600000000000009,-0.10999999999999999,2.43,0.960000000000008,-0.9600000000000009,2.3200000000000003
SINCLAIR,2026-03,63.6,0.03,0.12,36.4,0.9400000000000048,0.019999999999999997,0.12,-0.9400000000000048,0.0,0.13999999999999999
SINDHUTRAD,2026-03,74.97,3.18,0.0,25.03,0.010000000000005116,3.14,-0.01,-0.00999999999999801,0.0,3.1300000000000003
SINGERIND,2026-03,30.49,,0.02,69.51,,,,,,0.0
SINTERCOM,2026-03,69.74,,,30.26,0.0,,,0.0,0.0,0.0
SIRCA,2026-03,65.19,6.3,0.0,34.81,-2.3599999999999994,2.0199999999999996,0.0,2.3599999999999994,-2.3599999999999994,2.0199999999999996
SIS,2026-03,71.88,12.56,6.62,28.12,-0.10000000000000853,-0.4599999999999991,1.3600000000000003,0.10000000000000142,-0.14000000000000057,0.9000000000000012
SITINET,2026-03,6.1,2.05,2.43,93.9,0.0,0.0,0.0,0.0,0.0,0.0
SIYSIL,2026-03,67.44,2.26,2.47,32.56,0.0,-0.3700000000000001,-0.04999999999999982,0.0,0.0,-0.41999999999999993
SJS,2026-03,21.15,15.68,31.09,78.85,-0.45000000000000284,-1.2300000000000004,2.219999999999999,0.44999999999998863,-0.379999999999999,0.9899999999999984
SJVN,2026-03,81.85,2.75,3.75,18.15,0.0,0.2599999999999998,-0.4500000000000002,0.0,0.0,-0.1900000000000004
SKFINDIA,2026-03,52.58,7.1,27.01,47.42,0.0,-1.120000000000001,0.4800000000000004,0.0,0.0,-0.6400000000000006
SKFINDUS,2026-03,52.58,4.86,29.73,47.42,,,,,0.0,0.0
SKIPPER,2026-03,66.5,6.07,1.66,33.5,0.01999999999999602,0.9400000000000004,1.3499999999999999,-0.020000000000003126,0.0,2.29
SKMEGGPROD,2026-03,57.47,0.49,0.36,42.53,2.0700000000000003,0.42,0.36,-2.0700000000000003,0.03999999999999915,0.78
SKYGOLD,2026-03,51.74,1.19,13.14,48.26,-2.1199999999999974,0.31999999999999995,3.7300000000000004,2.1199999999999974,-2.1199999999999974,4.050000000000001
SMARTLINK,2026-03,72.85,,0.0,27.15,0.009999999999990905,,0.0,-0.010000000000001563,0.0,0.0
SMARTWORKS,2026-03,58.32,0.15,9.06,41.68,,,,,-0.060000000000002274,0.0
SMCGLOBAL,2026-03,66.72,2.39,0.01,33.28,-0.5799999999999983,-0.1599999999999997,-0.019999999999999997,0.5799999999999983,-0.8900000000000006,-0.1799999999999997
SMLMAH,2026-03,58.97,0.77,1.56,41.03,15.009999999999998,-14.47,1.52,-15.009999999999998,0.0,-12.950000000000001
SMLT,2026-03,68.81,0.14,,31.19,-0.03999999999999204,-0.009999999999999981,,0.0400000000000027,-0.03999999999999204,-0.009999999999999981
SMSPHARMA,2026-03,68.07,0.31,3.02,31.93,1.809999999999988,0.22999999999999998,0.5899999999999999,-1.8100000000000023,0.0,0.8199999999999998
SNOWMAN,2026-03,50.01,3.05,0.84,49.99,0.0,0.48999999999999977,-0.31999999999999995,0.0,0.0,0.16999999999999982
SOBHA,2026-03,52.88,6.23,26.1,47.12,0.0,-1.9100000000000001,1.0600000000000023,0.0,0.0,-0.8499999999999979
SOFTTECH,2026-03,18.88,0.0,0.0,81.12,-0.010000000000001563,-0.07,0.0,0.010000000000005116,-0.05000000000000071,-0.07
SOLARA,2026-03,42.0,11.59,3.75,58.0,4.060000000000002,-3.040000000000001,1.1400000000000001,-4.060000000000002,-0.00999999999999801,-1.9000000000000008
SOLARINDS,2026-03,73.15,6.6,12.9,26.85,0.0,0.7799999999999994,-1.209999999999999,0.0,0.0,-0.4299999999999997
SOLARWORLD,2026-03,65.77,1.24,11.41,34.23,,,,,0.0,0.0
SOLEX,2026-03,66.15,0.13,0.81,33.85,0.0,0.1,-0.25,0.0,0.0,-0.15
SOMANYCERA,2026-03,55.2,1.34,21.64,44.8,0.19000000000000483,-0.1499999999999999,-1.9899999999999984,-0.19000000000000483,-0.00999999999999801,-2.1399999999999983
SOMATEX,2026-03,80.6,0.0,0.04,19.4,5.61999999999999,0.0,0.0,-5.620000000000001,0.0,0.0
SOMICONVEY,2026-03,59.09,0.0,,40.91,0.0,-0.01,,0.0,0.0,-0.01
SONACOMS,2026-03,28.02,23.7,41.46,71.98,0.0,-6.220000000000002,7.039999999999999,0.0,0.0,0.8199999999999967
SONAMLTD,2026-03,57.55,0.26,,42.45,2.3999999999999986,-0.15999999999999998,,-2.3999999999999986,0.15000000000000568,-0.15999999999999998
SONATSOFTW,2026-03,28.17,8.74,25.55,70.54,0.0,-2.0199999999999996,-0.3000000000000007,-0.28999999999999204,0.0,-2.3200000000000003
SOTL,2026-03,68.93,0.88,13.18,31.07,0.020000000000010232,-0.040000000000000036,0.21999999999999886,-0.019999999999999574,0.0,0.17999999999999883
SOUTHBANK,2026-03,,24.21,12.76,100.0,,12.25,2.34,0.0,,14.59
SOUTHWEST,2026-03,68.85,0.76,0.0,31.15,0.0,0.74,0.0,0.0,0.0,0.74
SPAL,2026-03,61.81,1.48,16.57,38.19,-0.11999999999999744,-0.33000000000000007,-3.1099999999999994,0.11999999999999744,-0.11999999999999744,-3.4399999999999995
SPANDANA,2026-03,48.16,19.89,5.79,51.84,0.02999999999999403,0.10000000000000142,0.13999999999999968,-0.02999999999999403,0.0,0.2400000000000011
SPARC,2026-03,65.67,2.04,0.88,34.33,0.0,0.5900000000000001,-0.2499999999999999,0.0,0.0,0.3400000000000002
SPCENET,2026-03,15.52,1.65,,84.48,-0.08000000000000007,0.45999999999999996,,0.0799999999999983,-0.040000000000000924,0.45999999999999996
SPECIALITY,2026-03,50.71,0.48,0.0,49.29,0.6099999999999994,0.08999999999999997,-1.59,-0.6099999999999994,0.0,-1.5
SPECTRUM,2026-03,72.72,4.94,0.34,27.28,0.18999999999999773,1.2700000000000005,0.0,-0.18999999999999773,0.0,1.2700000000000005
SPENCERS,2026-03,58.81,6.55,2.0,41.05,0.0,-2.2,0.0,0.0,0.0,-2.2
SPIC,2026-03,53.38,5.08,0.14,46.62,0.0,0.20999999999999996,-0.15999999999999998,0.0,0.0,0.04999999999999999
SPLIL,2026-03,74.85,0.13,,25.15,5.9199999999999875,0.0,,-5.920000000000002,-0.09000000000000341,0.0
SPLPETRO,2026-03,64.24,3.69,4.24,35.76,0.0,0.19999999999999973,1.1800000000000002,0.0,0.0,1.38
SPMLINFRA,2026-04,40.96,0.52,14.34,59.04,3.1700000000000017,0.37,-1.1999999999999993,-3.1700000000000017,0.44000000000000483,-0.8299999999999993
SPORTKING,2026-03,74.36,0.24,,25.64,0.0,0.22,,0.0,0.0,0.22
SRD,2026-03,73.61,0.04,,26.39,0.0,0.010000000000000002,,0.0,0.0,0.010000000000000002
SREEL,2026-03,75.0,6.9,,25.0,0.0,0.0,,0.0,0.0,0.0
SRF,2026-03,50.26,16.66,21.17,49.73,0.0,-1.6099999999999994,2.740000000000002,-0.010000000000005116,0.0,1.1300000000000026
SRGHFL,2026-03,59.03,,,40.97,-0.10000000000000142,,,0.10000000000000142,-0.04999999999999716,0.0
SRHHYPOLTD,2026-03,61.84,0.06,0.05,38.16,0.0,-0.08000000000000002,0.010000000000000002,0.0,-1.3900000000000006,-0.07
SRM,2026-03,72.59,0.44,1.11,27.41,-0.3299999999999983,0.39,-2.34,0.33000000000000185,-0.4399999999999977,-1.9499999999999997
SRTL,2026-03,34.59,3.2,11.92,65.41,,,,,0.0,0.0
SSDL,2026-03,74.98,0.02,,25.02,0.0,-0.15000000000000002,,0.0,0.0,-0.15000000000000002
SSWL,2026-03,61.14,8.21,5.08,38.86,-0.10000000000000142,1.5000000000000009,0.020000000000000462,0.10000000000000142,-0.10000000000000142,1.5200000000000014
STALLION,2026-03,47.8,1.78,4.04,52.2,-20.10000000000001,-1.5399999999999998,-0.6600000000000001,20.1,-17.040000000000006,-2.2
STANLEY,2026-03,56.7,3.59,15.81,43.3,-0.01999999999999602,-1.2300000000000004,-5.01,0.01999999999999602,-0.01999999999999602,-6.24
STAR,2026-03,27.91,28.68,14.45,72.09,-0.39000000000000057,0.35999999999999943,0.7299999999999986,0.39000000000000057,-0.4400000000000013,1.089999999999998
STARCEMENT,2026-03,58.12,2.27,2.65,41.88,0.46000000000000085,0.25,-2.52,-0.46000000000000085,-0.06999999999999318,-2.27
STARHEALTH,2026-03,57.98,15.05,20.31,42.02,0.30999999999999517,-3.629999999999999,4.879999999999999,-0.30999999999999517,-0.04000000000000625,1.25
STARPAPER,2026-03,44.93,1.68,0.01,55.07,0.0,-0.010000000000000009,0.01,0.0,0.0,-8.673617379884035e-18
STARTECK,2026-03,73.3,0.0,,26.7,0.3499999999999943,0.0,,-0.3500000000000014,0.0,0.0
STCINDIA,2026-03,90.0,0.0,0.47,10.0,0.0,0.0,-0.040000000000000036,0.0,0.0,-0.040000000000000036
STEELCAS,2026-03,45.0,0.25,2.53,55.0,0.0,0.01999999999999999,2.23,0.0,0.0,2.25
STEELCITY,2026-03,74.7,0.17,,25.3,2.0600000000000023,-0.04999999999999999,,-2.0599999999999987,0.0,-0.04999999999999999
STEELXIND,2026-04,49.67,0.29,2.53,50.33,-1.1299999999999955,-0.08000000000000002,-0.050000000000000266,1.1299999999999955,-1.1299999999999955,-0.13000000000000028
STEL,2026-03,71.66,0.01,0.13,28.34,2.1899999999999977,-0.01,-0.04000000000000001,-2.1900000000000013,0.0,-0.05000000000000001
STERTOOLS,2026-03,64.86,0.24,0.34,35.14,-0.1599999999999966,-0.27,-2.5100000000000002,0.1600000000000037,-0.29000000000000625,-2.7800000000000002
STLNETWORK,2026-03,44.15,0.7,6.18,55.85,,,,,-0.00999999999999801,0.0
STLTECH,2026-03,44.44,11.47,10.84,55.56,0.28000000000000114,4.19,-0.7699999999999996,-0.28000000000000114,-0.010000000000005116,3.420000000000001
STOVEKRAFT,2026-03,55.79,0.81,7.97,44.21,-0.05000000000000426,-0.3899999999999999,0.96,0.05000000000000426,-0.04000000000000625,0.5700000000000001
STUDDS,2026-03,61.75,1.07,9.6,38.25,,,,,0.0,0.0
STYL,2026-03,81.8,0.32,7.05,18.2,,,,,0.0,0.0
STYLAMIND,2026-03,54.11,2.8,13.32,45.89,1.9200000000000017,-0.8800000000000003,0.7100000000000009,-1.9200000000000017,0.0,-0.16999999999999948
STYLEBAAZA,2026-03,45.71,1.68,6.65,54.29,0.14000000000000057,-0.8499999999999999,-4.5,-0.14000000000000057,0.0,-5.35
STYRENIX,2026-03,46.24,0.95,17.33,53.76,0.0,-1.53,4.809999999999999,0.0,0.0,3.2799999999999985
SUBEXLTD,2026-03,,1.1,0.02,98.73,,-0.6399999999999999,0.01,0.10999999999999943,,-0.6299999999999999
SUBROS,2026-03,36.79,32.79,10.77,63.21,0.0,-0.00999999999999801,-0.41000000000000014,0.0,0.0,-0.41999999999999815
SUDARCOLOR,2026-03,70.26,0.19,0.5,29.74,15.890000000000008,-0.96,-10.12,-15.890000000000004,0.0,-11.079999999999998
SUDARSCHEM,2026-03,8.19,7.96,24.9,91.81,-15.700000000000001,0.009999999999999787,1.3299999999999983,15.700000000000003,-8.209999999999999,1.339999999999998
SUDEEPPHRM,2026-03,76.15,1.55,18.11,23.85,,,,,0.0,0.0
SUKHJITS,2026-03,66.07,0.0,,33.93,0.029999999999986926,0.0,,-0.030000000000001137,0.0,0.0
SULA,2026-03,24.55,1.11,17.3,75.45,-0.10999999999999943,-6.85,-0.9600000000000009,0.10999999999999943,-0.3000000000000007,-7.8100000000000005
SUMEETINDS,2026-03,89.83,0.01,,10.17,89.83,,,-89.83,0.0,0.0
SUMICHEM,2026-03,75.0,3.4,8.98,25.0,0.0,-0.22999999999999998,0.8399999999999999,0.0,0.0,0.6099999999999999
SUMIT,2026-03,60.78,0.27,,39.22,2.469999999999999,,,-2.469999999999999,0.0,0.0
SUMMITSEC,2026-03,74.65,0.08,0.45,25.35,0.0,0.04,0.18,0.0,0.0,0.22
SUNCLAY,2026-03,59.09,0.43,21.08,40.91,-2.809999999999995,-0.51,1.9699999999999989,2.809999999999995,-2.809999999999995,1.4599999999999989
SUNDARAM,2026-03,31.11,,0.05,68.89,0.0,,0.0,0.0,0.0,0.0
SUNDARMFIN,2026-03,37.21,18.97,7.69,62.0,-0.00999999999999801,-0.030000000000001137,0.15000000000000036,0.020000000000003126,-0.00999999999999801,0.11999999999999922
SUNDRMBRAK,2026-03,63.94,,,36.06,0.0,,,0.0,0.0,0.0
SUNDRMFAST,2026-03,46.95,11.25,22.39,53.05,0.0,-1.7100000000000009,1.4400000000000013,0.0,0.0,-0.2699999999999996
SUNDROP,2026-03,38.91,0.23,5.56,61.09,4.989999999999995,-0.33999999999999997,0.4299999999999997,-4.989999999999995,0.0,0.08999999999999975
SUNFLAG,2026-03,51.16,0.54,0.04,48.84,0.0,0.06000000000000005,-0.10999999999999999,0.0,0.0,-0.04999999999999993
SUNPHARMA,2026-03,54.48,15.93,21.11,45.52,0.0,-2.030000000000001,2.41,0.0,0.0,0.379999999999999
SUNTECK,2026-03,63.15,20.59,5.62,36.85,-0.13000000000000256,1.25,-2.6000000000000005,0.13000000000000256,-0.14999999999999858,-1.3500000000000005
SUNTV,2026-03,75.0,6.64,10.91,25.0,0.0,-0.23000000000000043,0.4499999999999993,0.0,0.0,0.21999999999999886
SUPERHOUSE,2026-03,54.88,0.72,0.01,45.12,0.0,0.0,0.0,0.0,0.0,0.0
SUPERSPIN,2026-03,42.8,0.0,0.0,57.2,0.0,0.0,0.0,0.0,0.0,0.0
SUPRAJIT,2026-03,45.27,6.51,17.18,54.73,0.6600000000000037,-0.54,-0.019999999999999574,-0.6600000000000037,0.00999999999999801,-0.5599999999999996
SUPREME,2026-03,58.17,0.39,,41.83,-0.03999999999999915,0.0,,0.03999999999999915,-0.030000000000001137,0.0
SUPREMEENG,2026-03,41.27,,,58.73,0.0,,,0.0,0.0,0.0
SUPREMEIND,2026-03,48.96,17.12,19.23,51.04,0.10999999999999943,-5.809999999999999,5.98,-0.10999999999999943,0.0,0.1700000000000017
SUPREMEINF,2026-03,47.32,3.02,5.99,52.68,12.64,-5.460000000000001,,-12.639999999999993,0.0,-5.460000000000001
SUPRIYA,2026-03,68.3,5.16,5.7,31.7,0.0,-2.0300000000000002,1.4400000000000004,0.0,0.0,-0.5899999999999999
SURAJEST,2026-03,69.8,2.23,1.11,30.2,0.20000000000000284,-0.10000000000000009,-0.8799999999999999,-0.1999999999999993,0.0,-0.98
SURAJLTD,2026-03,75.0,,,25.0,0.0,,,0.0,0.0,0.0
SURAKSHA,2026-03,49.1,13.46,23.14,50.9,0.3200000000000003,-1.0,1.0899999999999999,-0.3200000000000003,0.020000000000003126,0.08999999999999986
SURANASOL,2026-03,44.34,,0.04,55.66,1.1300000000000026,,0.010000000000000002,-1.1300000000000026,-0.00999999999999801,0.010000000000000002
SURANAT&P,2026-03,71.89,0.0,0.05,28.11,1.7199999999999989,-0.04,0.010000000000000002,-1.7199999999999989,0.25,-0.03
SURYALAXMI,2026-03,60.93,0.21,1.82,39.07,0.0,0.0,1.46,0.0,0.0,1.46
SURYAROSNI,2026-03,63.0,4.68,2.1,36.99,0.5300000000000011,0.5599999999999996,0.48,-0.509999999999998,0.0,1.0399999999999996
SURYODAY,2026-03,22.48,5.23,5.72,77.52,0.03999999999999915,0.5600000000000005,0.05999999999999961,-0.04000000000000625,0.0,0.6200000000000001
SUTLEJTEX,2026-03,63.96,1.05,0.02,36.04,0.0,-0.3999999999999999,0.0,0.0,0.0,-0.3999999999999999
SUVEN,2026-03,70.15,0.91,4.62,29.85,-0.11999999999999034,0.32000000000000006,4.6000000000000005,0.120000000000001,-2.839999999999989,4.920000000000001
SUVIDHAA,2026-03,38.33,3.16,,61.67,0.0,0.0,,0.0,0.0,0.0
SUYOG,2026-03,52.02,0.64,0.01,47.98,2.230000000000004,-2.3899999999999997,-0.65,-2.230000000000004,-0.01999999999999602,-3.0399999999999996
SUZLON,2026-03,11.73,23.85,9.18,88.27,-1.5199999999999996,0.8200000000000003,0.4499999999999993,1.519999999999996,-1.5099999999999998,1.2699999999999996
SVLL,2026-03,73.65,,,26.35,0.04000000000000625,,,-0.03999999999999915,0.0,0.0
SVPGLOB,2025-12,52.75,,,47.25,0.0,,,0.0,0.0,0.0
SWANCORP,2026-03,53.96,10.42,12.89,46.04,0.0,0.16000000000000014,-0.34999999999999964,0.0,0.0,-0.1899999999999995
SWANDEF,2026-03,89.9,0.61,2.06,10.1,-5.009999999999991,0.59,1.6600000000000001,5.01,-5.009999999999991,2.25
SWARAJENG,2026-03,52.11,2.82,9.09,47.89,-0.00999999999999801,-0.6600000000000001,-0.8000000000000007,0.00999999999999801,-0.00999999999999801,-1.4600000000000009
SWELECTES,2026-03,56.37,0.23,,43.63,0.0,0.17,,0.0,0.0,0.17
SWIGGY,2026-03,,14.59,25.45,94.41,,10.07,16.799999999999997,2.569999999999993,,26.869999999999997
SWSOLAR,2026-03,45.72,6.97,3.19,54.28,-0.00999999999999801,-1.4699999999999998,-4.3100000000000005,0.00999999999999801,-0.00999999999999801,-5.78
SYMPHONY,2026-03,73.43,3.27,8.72,26.57,0.0,-2.9099999999999997,0.040000000000000924,0.0,0.0,-2.8699999999999988
SYNCOMF,2026-03,50.57,0.21,0.0,49.43,0.0,0.09999999999999999,0.0,0.0,0.0,0.09999999999999999
SYNGENE,2026-03,52.68,13.9,26.44,47.03,-0.060000000000002274,-5.5699999999999985,4.940000000000001,0.060000000000002274,-0.060000000000002274,-0.6299999999999972
SYRMA,2026-03,42.28,6.61,16.59,57.61,-4.140000000000001,0.27000000000000046,7.4399999999999995,4.100000000000001,-3.450000000000003,7.71
SYSTMTXC,2026-03,70.58,4.12,0.07,29.42,,,,,0.0,0.0
TAINWALCHM,2026-03,67.85,0.04,0.22,32.15,0.39000000000000057,0.0,0.0,-0.39000000000000057,0.0,0.0
TAJGVK,2026-03,71.0,0.31,4.02,29.0,-3.989999999999995,-1.44,0.05999999999999961,3.9899999999999984,-3.989999999999995,-1.3800000000000003
TAKE,2026-03,0.0,0.29,,100.0,-53.41,0.29,,53.41,-48.150000000000006,0.29
TALBROAUTO,2026-03,58.43,0.49,0.09,41.57,0.0,-0.20999999999999996,0.06999999999999999,0.0,0.0,-0.13999999999999996
TANLA,2026-03,46.17,7.6,0.28,53.36,2.0700000000000003,-2.8000000000000007,-0.52,-2.299999999999997,0.0,-3.3200000000000007
TARACHAND,2026-03,71.64,0.13,,28.36,0.9699999999999989,-0.010000000000000009,,-0.9699999999999989,0.0,-0.010000000000000009
TARAPUR,2026-03,21.95,,,78.05,-5.760000000000002,,,5.759999999999991,-5.760000000000002,0.0
TARC,2026-03,65.12,0.92,6.4,34.88,0.0,-1.5300000000000002,1.5200000000000005,0.0,0.0,-0.009999999999999787
TARIL,2026-03,64.36,8.33,1.77,35.64,0.0,-3.0,-5.449999999999999,0.0,0.0,-8.45
TARMAT,2026-03,29.05,1.8,,70.95,-0.7799999999999976,-1.14,,0.7800000000000011,-1.1899999999999977,-1.14
TARSONS,2026-03,47.3,0.87,0.19,52.7,-0.010000000000005116,-8.65,-0.09999999999999998,0.010000000000005116,-0.010000000000005116,-8.75
TASTYBITE,2026-03,74.23,3.67,0.46,25.77,0.0,-0.07000000000000028,-0.14999999999999997,0.0,0.0,-0.22000000000000025
TATACAP,2026-03,85.41,4.88,3.61,13.93,,,,,0.0,0.0
TATACHEM,2026-03,37.98,11.9,22.84,62.02,0.0,-1.4000000000000004,0.870000000000001,0.0,0.0,-0.5299999999999994
TATACOMM,2026-03,58.86,14.43,19.14,41.14,0.0,-2.5500000000000007,4.630000000000001,0.0,0.0,2.08
TATACONSUM,2026-03,33.83,20.79,24.19,66.17,-0.010000000000005116,-0.75,2.240000000000002,0.010000000000005116,-0.010000000000005116,1.490000000000002
TATAELXSI,2026-03,43.9,11.09,11.39,56.1,-0.00999999999999801,-1.6400000000000006,2.8500000000000014,0.00999999999999801,-0.00999999999999801,1.2100000000000009
TATAINVEST,2026-03,73.38,2.62,0.56,26.62,0.0,0.16000000000000014,0.030000000000000027,0.0,0.0,0.19000000000000017
TATAPOWER,2026-03,46.86,10.04,18.28,53.14,0.0,0.6499999999999986,2.080000000000002,0.0,0.0,2.7300000000000004
TATASTEEL,2026-03,33.19,19.05,26.85,66.81,0.0,0.2699999999999996,2.1799999999999997,0.0,0.0,2.4499999999999993
TATATECH,2026-03,55.18,5.77,3.44,44.82,-0.03999999999999915,2.6699999999999995,0.96,0.03999999999999915,-0.030000000000001137,3.6299999999999994
TATVA,2026-03,72.02,3.82,2.99,27.98,0.0,0.52,-2.4699999999999998,0.0,0.0,-1.9499999999999997
TBOTEK,2026-03,44.41,29.71,20.34,53.93,0.0,-1.8999999999999986,2.460000000000001,0.4399999999999977,0.0,0.5600000000000023
TBZ,2026-03,74.12,0.26,0.0,25.88,0.0,-0.37,0.0,0.0,0.0,-0.37
TCC,2026-03,45.69,2.63,2.27,54.31,,,,,0.0,0.0
TCI,2026-03,68.73,3.04,12.86,31.27,-0.0799999999999983,-0.1299999999999999,0.4599999999999991,0.0799999999999983,-0.0799999999999983,0.3299999999999992
TCIEXP,2026-03,69.46,0.81,9.39,30.54,-0.0800000000000125,0.010000000000000009,-0.20999999999999908,0.0799999999999983,-0.0800000000000125,-0.19999999999999907
TCIFINANCE,2026-03,24.72,,,75.28,0.0,,,0.0,0.0,0.0
TCPLPACK,2026-03,55.74,1.04,13.57,44.05,0.0,-0.1399999999999999,2.0199999999999996,0.00999999999999801,0.0,1.8799999999999997
TCS,2026-03,71.77,9.66,13.41,28.23,0.0,-2.379999999999999,1.8499999999999996,0.0,0.0,-0.5299999999999994
TDPOWERSYS,2026-03,26.87,26.68,22.24,73.13,-6.349999999999998,7.559999999999999,-2.6700000000000017,6.349999999999994,-6.34,4.889999999999997
TEAMGTY,2026-03,74.92,2.08,0.05,25.08,0.0,0.16000000000000014,0.0,0.0,0.0,0.16000000000000014
TEAMLEASE,2026-03,31.11,6.76,49.61,68.86,-0.5,-4.25,1.9600000000000009,0.5100000000000051,-0.5,-2.289999999999999
TECHM,2026-03,34.97,18.59,37.33,65.03,-0.03999999999999915,-4.359999999999999,5.210000000000001,0.04000000000000625,-0.020000000000003126,0.8500000000000014
TECHNOE,2026-03,56.92,8.65,22.72,43.08,0.0,-0.6799999999999997,-1.7800000000000011,0.0,0.0,-2.460000000000001
TECILCHEM,2026-03,47.71,,5.42,52.29,0.0,,-0.7800000000000002,0.0,0.0,-0.7800000000000002
TEGA,2026-03,67.5,2.14,18.96,32.5,-7.299999999999997,0.3900000000000001,0.5800000000000018,7.300000000000001,-7.530000000000001,0.970000000000002
TEJASNET,2026-03,53.4,5.29,4.32,46.47,-0.4299999999999997,-1.79,-0.5299999999999994,0.9299999999999997,-0.19999999999999574,-2.3199999999999994
TEMBO,2026-03,36.38,8.58,0.95,63.62,-5.029999999999994,8.53,0.73,5.029999999999994,-6.589999999999996,9.26
TENNIND,2026-03,74.79,8.94,12.57,25.21,,,,,0.0,0.0
TERASOFT,2026-03,47.53,0.08,0.0,52.47,0.0,0.08,0.0,0.0,0.0,0.08
TEXINFRA,2026-03,66.4,1.51,2.28,33.6,0.6000000000000085,1.44,-0.4200000000000004,-0.6000000000000014,0.0,1.0199999999999996
TEXMOPIPES,2026-03,44.24,0.22,0.0,55.76,0.0,-0.01999999999999999,0.0,0.0,0.0,-0.01999999999999999
TEXRAIL,2026-03,48.34,7.22,5.79,51.66,0.0800000000000054,-0.9200000000000008,-2.1100000000000003,-0.0800000000000054,0.0,-3.030000000000001
TFCILTD,2026-03,3.85,2.76,0.06,96.15,0.0,-0.6800000000000002,0.06,0.0,0.0,-0.6200000000000001
TFL,2026-03,53.99,,,46.01,-2.009999999999998,,,2.009999999999998,-1.1599999999999966,0.0
TGBHOTELS,2026-03,31.23,,,68.77,0.0,,,0.0,0.0,0.0
THANGAMAYL,2026-03,61.61,4.37,17.41,38.39,0.11999999999999744,-0.040000000000000036,2.5999999999999996,-0.11999999999999744,0.0,2.5599999999999996
THEINVEST,2026-03,72.12,6.55,,27.88,0.0,0.0,,0.0,0.0,0.0
THEJO,2026-03,53.61,0.84,3.17,46.39,-0.00999999999999801,0.16999999999999993,0.1499999999999999,0.00999999999999801,-0.00999999999999801,0.31999999999999984
THELEELA,2026-03,75.91,8.62,10.51,24.09,0.0,0.019999999999999574,2.34,0.0,0.0,2.3599999999999994
THEMISMED,2026-03,67.11,0.11,0.01,32.89,-0.04000000000000625,-0.030000000000000013,0.0,0.03999999999999915,-0.04000000000000625,-0.030000000000000013
THERMAX,2026-03,61.98,11.24,15.49,32.56,0.0,-4.619999999999999,3.24,0.010000000000005116,0.0,-1.379999999999999
THOMASCOOK,2026-03,63.83,7.56,6.55,35.23,0.0,3.04,-1.5499999999999998,0.05999999999999517,0.0,1.4900000000000002
THOMASCOTT,2026-03,52.32,0.05,2.45,47.68,0.10999999999999943,-0.6699999999999999,0.4400000000000004,-0.10999999999999943,-0.060000000000002274,-0.22999999999999954
THYROCARE,2026-03,60.92,5.37,20.99,39.08,-10.14,2.96,6.019999999999998,10.139999999999997,-10.130000000000003,8.979999999999997
TI,2026-03,31.71,16.87,5.92,68.29,-8.259999999999998,1.5800000000000018,4.54,8.260000000000005,-5.700000000000003,6.120000000000002
TICL,2026-03,84.06,0.01,0.12,15.94,-10.269999999999996,0.01,0.12,10.27,-4.959999999999994,0.13
TIGERLOGS,2026-03,57.3,11.48,,42.7,,,,,0.0,0.0
TIIL,2026-03,74.75,0.4,6.85,25.25,0.0,0.010000000000000009,-0.16999999999999993,0.0,0.0,-0.15999999999999992
TIINDIA,2026-03,44.04,21.42,21.75,55.96,-0.060000000000002274,-5.509999999999998,5.640000000000001,0.060000000000002274,-0.04000000000000625,0.13000000000000256
TIJARIA,2026-03,36.07,,0.0,63.93,0.8100000000000023,,0.0,-0.8099999999999952,0.0,0.0
TIL,2026-04,61.3,2.43,2.01,38.7,-7.13000000000001,2.39,0.8999999999999997,7.130000000000003,-8.820000000000007,3.29
TIMETECHNO,2026-03,47.56,10.88,17.37,52.44,-4.059999999999995,2.5900000000000016,4.450000000000001,4.059999999999995,-4.159999999999997,7.040000000000003
TIMKEN,2026-03,51.05,6.96,30.63,48.95,0.0,-3.7199999999999998,3.8200000000000003,0.0,0.0,0.10000000000000053
TINNARUBR,2026-03,67.58,0.36,5.62,32.42,-3.5,-0.20999999999999996,4.5600000000000005,3.5,-3.5,4.3500000000000005
TIPSFILMS,2026-03,74.98,0.05,,25.02,0.0,0.0,,0.0,0.0,0.0
TIPSMUSIC,2026-03,64.15,7.48,4.94,35.85,0.0,-0.7400000000000002,1.4200000000000004,0.0,0.0,0.6800000000000002
TIRUMALCHM,2026-03,37.13,2.06,9.94,62.87,-4.739999999999995,0.18000000000000016,8.879999999999999,4.739999999999995,-5.739999999999995,9.059999999999999
TIRUPATIFL,2026-04,49.75,0.76,,50.25,0.8200000000000003,0.74,,-0.8200000000000003,-0.4299999999999997,0.74
TITAGARH,2026-03,40.46,10.67,12.45,59.54,0.0,-0.9600000000000009,-0.9600000000000009,0.0,0.0,-1.9200000000000017
TITAN,2026-03,52.9,15.65,15.04,47.02,0.0,-2.1599999999999984,2.8599999999999994,0.0,0.0,0.7000000000000011
TMB,2026-03,,6.19,1.91,100.0,,1.9700000000000006,-0.7500000000000002,0.0,,1.2200000000000004
TMCV,2026-03,42.56,19.03,17.84,57.44,,,,,0.0,0.0
TMPV,2026-03,42.56,17.29,17.04,57.44,-0.01999999999999602,-0.5500000000000007,-0.10000000000000142,0.01999999999999602,-0.00999999999999801,-0.6500000000000021
TNPETRO,2026-03,34.54,10.78,0.0,65.46,0.0,5.22,-0.03,0.0,0.0,5.1899999999999995
TNPL,2026-03,35.32,4.96,10.54,64.68,0.0,-0.41000000000000014,-1.83,0.0,0.0,-2.24
TNTELE,2026-03,63.63,,11.42,36.37,0.0,,-0.4399999999999995,0.0,-0.01999999999999602,-0.4399999999999995
TOKYOPLAST,2026-03,68.82,,,31.18,1.9499999999999886,,,-1.9500000000000028,0.01999999999999602,0.0
TOLINS,2026-03,68.53,0.27,1.78,31.47,0.0,-0.48,0.08000000000000007,0.0,0.0,-0.3999999999999999
TORNTPHARM,2026-03,68.31,16.18,9.06,31.69,0.0,-0.129999999999999,0.7100000000000009,0.0,0.0,0.5800000000000018
TORNTPOWER,2026-03,51.09,8.4,22.83,48.91,0.0,-1.0299999999999994,0.9299999999999997,0.0,0.0,-0.09999999999999964
TOTAL,2026-03,49.74,,,50.26,1.5200000000000031,,,-1.5200000000000031,0.0,0.0
TOUCHWOOD,2026-03,62.89,,2.38,37.11,0.0,,2.15,0.0,0.0,2.15
TPHQ,2026-03,26.48,,0.0,73.52,0.0,,0.0,0.0,0.0,0.0
TPLPLASTEH,2026-03,74.86,0.5,0.04,25.14,0.0,0.5,-0.04,0.0,0.0,0.46
TRACXN,2026-03,34.54,0.52,3.45,65.46,0.35999999999999943,-2.63,-1.0199999999999996,-0.35999999999999943,-0.20000000000000284,-3.6499999999999995
TRANSRAILL,2026-03,71.12,2.16,8.15,28.88,0.0,1.5500000000000003,-5.93,0.0,0.0,-4.379999999999999
TRANSWORLD,2026-03,70.44,0.01,,29.56,0.0,-0.07,,0.0,0.0,-0.07
TRAVELFOOD,2026-03,86.19,1.55,9.71,13.81,,,,,0.0,0.0
TREEHOUSE,2026-03,24.56,7.14,0.0,75.44,4.02,0.0,-5.24,-4.019999999999996,0.5700000000000003,-5.24
TREJHARA,2026-03,33.87,0.02,,66.13,10.799999999999997,-1.3699999999999999,,-10.800000000000011,-11.68,-1.3699999999999999
TREL,2026-03,70.96,5.89,1.34,29.04,0.7199999999999989,-0.5700000000000003,0.08000000000000007,-0.7200000000000024,0.0,-0.4900000000000002
TRENT,2026-03,37.01,15.59,22.37,62.99,0.0,-4.07,5.130000000000003,0.0,0.0,1.0600000000000023
TRF,2026-03,34.12,0.49,0.02,65.88,0.0,0.020000000000000018,0.0,0.0,0.0,0.020000000000000018
TRIDENT,2026-03,73.68,3.07,0.23,26.32,0.0,0.04999999999999982,0.13,0.3000000000000007,0.0,0.17999999999999983
TRIGYN,2026-03,44.51,0.18,0.01,55.49,0.0,-0.04000000000000001,0.0,0.0,0.0,-0.04000000000000001
TRITURBINE,2026-03,55.84,20.81,16.52,44.16,0.0,-7.200000000000003,5.9,0.0,0.0,-1.3000000000000025
TRIVENI,2026-03,60.98,7.44,8.21,39.02,0.0,1.8600000000000003,-1.2799999999999994,0.0,0.0,0.580000000000001
TRU,2026-03,30.96,5.19,0.99,69.04,-4.799999999999997,-0.9899999999999993,0.050000000000000044,4.800000000000011,-4.799999999999997,-0.9399999999999993
TRUALT,2026-03,70.55,0.66,9.4,29.45,,,,,0.0,0.0
TSFINV,2026-03,54.99,3.2,4.75,44.37,0.020000000000003126,2.1900000000000004,-0.4400000000000004,-0.030000000000001137,-0.01999999999999602,1.75
TTKHLTCARE,2026-03,74.56,1.9,1.11,25.44,0.0,0.0,-0.029999999999999805,0.0,0.0,-0.029999999999999805
TTKPRESTIG,2026-03,70.52,7.85,14.48,29.48,0.0,0.4499999999999993,0.0600000000000005,0.0,0.0,0.5099999999999998
TTL,2026-03,51.02,,0.0,48.98,-5.07,,0.0,5.07,-6.190000000000005,0.0
TTML,2026-03,74.36,2.6,0.17,25.64,0.0,0.06000000000000005,0.05000000000000002,0.0,0.0,0.11000000000000007
TVSELECT,2026-03,59.77,0.01,0.03,40.23,-0.13999999999999346,-0.019999999999999997,0.019999999999999997,0.13999999999999346,-0.13999999999999346,0.0
TVSHLTD,2026-03,74.45,3.29,9.83,25.55,0.0,0.6000000000000001,-0.4499999999999993,0.0,0.0,0.1500000000000008
TVSMOTOR,2026-03,50.27,22.57,18.83,49.71,0.0,1.0899999999999999,-0.9100000000000001,0.05000000000000426,0.0,0.17999999999999972
TVSSCS,2026-03,43.03,2.45,2.17,56.97,0.0,-1.13,-1.2600000000000002,0.0,0.0,-2.39
TVSSRICHAK,2026-03,45.7,0.97,6.17,54.3,0.0,-0.09000000000000008,1.2199999999999998,0.0,0.0,1.1299999999999997
TVTODAY,2026-03,63.21,4.53,0.07,36.79,4.759999999999998,-0.1899999999999995,-9.37,-4.759999999999998,0.0,-9.559999999999999
TVVISION,2026-03,32.2,0.0,5.95,67.8,0.0,0.0,-0.1200000000000001,0.0,0.0,-0.1200000000000001
UBL,2026-03,70.83,4.94,18.08,29.17,0.0,-1.9699999999999998,1.9099999999999966,0.0,0.0,-0.06000000000000316
UCAL,2026-03,70.28,,0.01,29.72,0.0,,0.0,0.0,0.0,0.0
UCOBANK,2026-03,90.95,0.08,4.4,9.05,0.0,-0.36,-0.96,0.0,0.0,-1.3199999999999998
UDS,2026-03,59.09,4.03,12.96,40.91,0.21000000000000085,1.3000000000000003,-2.379999999999999,-0.21000000000000085,0.0,-1.0799999999999987
UEL,2026-03,74.96,,,25.04,-15.02000000000001,,,15.02,-15.02000000000001,0.0
UFBL,2026-03,34.59,9.67,16.73,65.41,0.8700000000000045,-0.7799999999999994,-4.759999999999998,-0.8700000000000045,-0.010000000000005116,-5.539999999999997
UFLEX,2026-03,44.58,9.21,0.53,55.42,0.0,1.6400000000000006,0.010000000000000009,0.0,0.0,1.6500000000000006
UFO,2026-03,22.33,0.84,24.22,77.67,0.0,-0.010000000000000009,0.0,0.0,0.0,-0.010000000000000009
UGARSUGAR,2026-03,44.54,0.19,,55.46,-2.030000000000001,-0.2,,2.030000000000001,-2.210000000000001,-0.2
UGROCAP,2026-03,1.99,22.33,1.68,96.41,-0.2500000000000002,-6.66,0.08999999999999986,0.769999999999996,-0.3600000000000003,-6.57
UJJIVANSFB,2026-03,,17.23,31.13,100.0,,-2.280000000000001,22.659999999999997,0.0,,20.379999999999995
ULTRACEMCO,2026-03,59.33,14.11,18.42,40.5,0.10000000000000142,-1.6000000000000014,1.620000000000001,-0.09000000000000341,0.0,0.019999999999999574
UMAEXPORTS,2026-03,72.51,,,27.49,0.0,,,0.0,0.0,0.0
UMESLTD,2026-03,39.82,1.74,1.26,60.18,0.0,0.0,0.0,0.0,0.0,0.0
UMIYA-MRO,2026-03,65.02,0.0,,34.98,4.989999999999995,0.0,,-4.990000000000002,0.25,0.0
UNICHEMLAB,2026-03,70.22,1.0,10.63,29.78,0.0,0.020000000000000018,-0.6899999999999995,0.0,0.0,-0.6699999999999995
UNIDT,2026-03,74.65,0.44,0.01,25.35,0.0,0.020000000000000018,0.0,0.0,0.0,0.020000000000000018
UNIECOM,2026-03,36.02,0.15,3.83,63.98,-3.1699999999999946,0.0,-2.29,3.1699999999999946,-2.1599999999999966,-2.29
UNIENTER,2026-03,73.79,15.82,0.0,26.21,0.0,0.09999999999999964,0.0,0.0,0.0,0.09999999999999964
UNIINFO,2026-03,50.91,,,49.09,0.0,,,0.0,0.0,0.0
UNIMECH,2026-03,79.82,0.38,5.99,20.18,0.0,-0.06,-1.7699999999999996,0.0,0.0,-1.8299999999999996
UNIONBANK,2026-03,74.76,9.37,11.51,25.24,0.0,2.259999999999999,-0.13000000000000078,0.0,0.0,2.129999999999998
UNIPARTS,2026-03,65.88,2.82,5.34,34.03,0.21999999999999886,0.6399999999999997,-0.9400000000000004,-0.17999999999999972,-0.010000000000005116,-0.3000000000000007
UNITDSPR,2026-03,56.67,14.41,15.37,43.33,0.0,-0.5700000000000003,0.7699999999999996,0.0,0.0,0.1999999999999993
UNITECH,2026-03,5.13,0.49,1.02,94.87,0.0,-0.33999999999999997,-0.030000000000000027,0.0,0.0,-0.37
UNITEDPOLY,2026-03,51.51,6.04,2.16,48.49,0.0,-0.08000000000000007,-0.020000000000000018,0.0,0.0,-0.10000000000000009
UNITEDTEA,2026-03,49.86,0.0,3.92,50.14,0.07000000000000028,0.0,0.0,-0.07000000000000028,0.0,0.0
UNIVASTU,2026-03,67.46,,,32.54,0.0,,,0.0,0.0,0.0
UNIVCABLES,2026-03,61.89,0.68,4.54,38.11,0.0,0.5,-2.08,0.0,0.0,-1.58
UNIVPHOTO,2026-03,74.55,,0.0,25.45,0.0,,0.0,0.0,0.0,0.0
UNOMINDA,2026-03,68.37,8.96,16.89,31.63,-0.37999999999999545,-1.129999999999999,1.6900000000000013,0.379999999999999,-0.2599999999999909,0.5600000000000023
UPL,2026-03,33.51,43.1,14.63,66.49,0.00999999999999801,5.280000000000001,-3.4700000000000006,-0.010000000000005116,0.0,1.8100000000000005
URAVIDEF,2026-03,58.04,6.74,,41.96,-12.890000000000008,1.92,,12.89,-11.909999999999997,1.92
URBANCO,2026-03,19.02,55.87,10.63,75.79,,,,,-1.2699999999999996,0.0
URJA,2026-03,18.35,0.1,0.0,81.65,-1.0799999999999983,-0.01999999999999999,0.0,1.0800000000000125,-0.7800000000000011,-0.01999999999999999
USHAMART,2026-03,40.52,14.76,14.81,59.37,-3.3699999999999974,0.5099999999999998,5.550000000000001,3.3299999999999983,-1.4399999999999977,6.0600000000000005
USK,2026-03,67.35,,,32.65,1.3999999999999915,,,-1.3999999999999986,0.0,0.0
UTIAMC,2026-03,,7.11,60.07,100.0,,-0.7399999999999993,0.35999999999999943,0.0,,-0.3799999999999999
UTKARSHBNK,2026-03,42.67,11.49,9.57,57.33,-26.25,9.64,6.790000000000001,26.25,-26.25,16.43
UTLSOLAR,2026-03,86.77,1.93,5.6,13.23,,,,,0.0,0.0
UTTAMSUGAR,2026-03,74.71,0.26,,25.29,0.3199999999999932,0.0,,-0.3200000000000003,0.0,0.0
UYFINCORP,2026-03,71.38,0.06,,28.62,0.0,0.009999999999999995,,0.0,0.0,0.009999999999999995
V2RETAIL,2026-03,51.43,2.62,9.28,48.57,-2.789999999999999,0.7200000000000002,1.9399999999999995,2.789999999999999,-2.789999999999999,2.6599999999999997
VADILALIND,2026-03,64.72,0.58,0.42,35.28,-0.010000000000005116,-0.10000000000000009,0.42,0.00999999999999801,-0.010000000000005116,0.3199999999999999
VAIBHAVGBL,2026-03,57.43,16.44,2.23,42.54,0.13000000000000256,-2.1499999999999986,1.38,-0.03999999999999915,-0.10999999999999943,-0.7699999999999987
VAISHALI,2026-03,31.61,,,68.39,5.289999999999999,,,-5.290000000000006,0.0,0.0
VAKRANGEE,2026-03,40.05,0.45,4.13,59.95,0.0,-2.69,-0.33999999999999986,0.0,0.0,-3.03
VALIANTLAB,2026-03,74.94,0.2,0.0,25.06,0.0,-0.43,-0.46,0.0,0.0,-0.89
VALIANTORG,2026-03,37.89,0.28,,62.11,-0.01999999999999602,-0.08999999999999997,,0.01999999999999602,-0.01999999999999602,-0.08999999999999997
VARDHACRLC,2026-03,74.97,0.02,,25.03,0.0,-0.11,,0.0,0.0,-0.11
VARDMNPOLY,2026-03,37.5,5.63,0.0,62.5,3.280000000000001,5.09,0.0,-3.280000000000001,0.0,5.09
VARROC,2026-03,75.0,4.45,11.35,25.0,0.0,0.5300000000000002,-1.450000000000001,0.0,0.0,-0.9200000000000008
VASCONEQ,2026-03,30.38,0.51,,69.62,-0.7300000000000004,-0.20999999999999996,,0.730000000000004,-0.40000000000000213,-0.20999999999999996
VASWANI,2026-03,62.06,,,37.94,1.9400000000000048,,,-1.9400000000000048,0.0,0.0
VBL,2026-03,59.44,19.51,14.4,40.56,-0.7899999999999991,-3.469999999999999,5.1899999999999995,0.7899999999999991,-0.4099999999999966,1.7200000000000006
VCL,2026-03,0.5,11.19,,99.5,-17.6,11.19,,17.599999999999994,-15.629999999999999,11.19
VEDL,2026-03,56.38,13.93,13.43,43.47,0.0,2.7799999999999994,-2.9499999999999993,-0.020000000000003126,0.0,-0.16999999999999993
VEEDOL,2026-03,64.58,1.06,1.17,32.95,0.28999999999999204,-0.19999999999999996,0.0,-0.29999999999999716,-1.9400000000000048,-0.19999999999999996
VENKEYS,2026-03,56.11,1.14,0.14,43.89,0.0,-0.25,-0.01999999999999999,0.0,0.0,-0.27
VENTIVE,2026-03,88.98,1.42,5.16,11.02,0.0,-1.5,-0.25,0.0,0.0,-1.75
VENUSPIPES,2026-03,48.41,2.71,17.49,51.59,0.28999999999999915,-3.0999999999999996,2.969999999999999,-0.28999999999999915,-0.030000000000001137,-0.13000000000000078
VENUSREM,2026-03,41.76,2.8,1.2,58.24,0.0,1.4599999999999997,1.2,0.0,0.0,2.6599999999999997
VERANDA,2026-03,33.8,2.37,0.56,66.2,-18.770000000000003,1.01,0.44000000000000006,18.770000000000003,-10.79,1.4500000000000002
VERTOZ,2026-03,64.8,2.16,,35.2,0.060000000000002274,-0.79,,-0.05999999999999517,0.0,-0.79
VESUVIUS,2026-03,55.57,4.56,22.04,44.43,0.0,0.41999999999999993,1.0899999999999999,0.0,0.0,1.5099999999999998
VETO,2026-03,45.06,0.01,0.0,54.94,0.0,-0.41,0.0,0.0,0.0,-0.41
VGL,2026-03,65.63,0.01,1.3,34.37,35.06999999999999,,0.0,-35.07,0.0,0.0
VGUARD,2026-03,53.23,12.07,23.39,46.77,-1.0700000000000003,-1.3599999999999994,2.7699999999999996,1.0700000000000003,-0.9600000000000009,1.4100000000000001
VHL,2026-03,74.9,0.05,0.07,25.1,0.0,-0.020000000000000004,0.010000000000000009,0.0,0.0,-0.009999999999999995
VHLTD,2026-03,84.11,,0.04,15.89,0.0,,-1.44,0.0,0.0,-1.44
VIDHIING,2026-03,64.27,0.12,0.0,35.73,0.0,0.009999999999999995,0.0,0.0,0.0,0.009999999999999995
VIDYAWIRES,2026-03,72.8,1.12,10.46,27.2,,,,,0.0,0.0
VIJAYA,2026-03,52.51,13.38,29.93,47.49,-0.5399999999999991,-5.979999999999999,6.210000000000001,0.5399999999999991,-0.4199999999999946,0.2300000000000022
VIJIFIN,2026-03,47.68,,0.25,52.32,-6.030000000000001,,0.25,6.030000000000001,-5.340000000000003,0.25
VIKASECO,2026-03,10.65,0.0,0.0,89.35,0.0,-0.02,0.0,0.0,0.0,-0.02
VIKASLIFE,2026-03,14.2,0.26,0.0,85.8,0.0,-0.2,0.0,0.0,0.0,-0.2
VIKRAMSOLR,2026-03,63.01,2.94,4.8,36.99,,,,,-0.10999999999999943,0.0
VIKRAN,2026-03,56.27,1.11,6.83,43.73,,,,,0.0,0.0
VIMTALABS,2026-03,35.85,4.89,0.14,64.15,-0.8500000000000014,1.2299999999999995,-1.29,0.8500000000000085,-0.6799999999999997,-0.0600000000000005
VINATIORGA,2026-03,74.28,3.72,9.91,25.72,0.0,-0.10999999999999988,0.6999999999999993,0.0,0.0,0.5899999999999994
VINCOFE,2026-03,34.65,4.83,7.63,65.35,-4.520000000000003,1.5,5.6899999999999995,4.519999999999996,-4.600000000000001,7.1899999999999995
VINDHYATEL,2026-03,43.54,1.33,8.25,56.46,0.0,-0.09999999999999987,-0.009999999999999787,0.0,0.0,-0.10999999999999965
VINEETLAB,2026-03,5.98,0.36,,94.02,-23.28,,,23.28,-13.370000000000001,0.0
VINNY,2026-03,39.27,,,60.73,2.3800000000000026,,,-2.3800000000000026,0.0,0.0
VINYLINDIA,2026-03,50.41,0.02,0.02,49.59,0.0,0.02,0.0,0.0,0.0,0.02
VIPCLOTHNG,2026-03,46.55,0.15,0.0,53.45,0.0,-0.31999999999999995,0.0,0.0,0.0,-0.31999999999999995
VIPIND,2026-03,42.35,7.05,16.86,57.65,-9.379999999999995,-0.6299999999999999,4.109999999999999,9.379999999999995,-7.3799999999999955,3.4799999999999995
VIPULLTD,2026-03,18.25,13.21,1.66,81.75,0.0,5.960000000000001,1.0299999999999998,0.0,0.0,6.99
VIRINCHI,2026-03,40.1,0.12,,59.9,2.5900000000000034,0.06,,-2.5900000000000034,0.0,0.06
VISAKAIND,2026-03,53.24,0.1,0.15,46.76,4.82,-0.36,0.09,-4.82,0.0,-0.27
VISASTEEL,2026-04,62.4,10.6,,37.6,9.740000000000002,-2.74,,-9.740000000000002,0.0,-2.74
VISHNU,2026-03,69.21,2.3,5.72,30.79,0.0,1.48,-0.9900000000000002,0.0,0.0,0.48999999999999977
VISHWARAJ,2026-03,29.05,,2.03,70.95,0.010000000000001563,,-3.7600000000000002,-0.009999999999990905,0.0,-3.7600000000000002
VITAL,2026-03,73.43,1.62,0.25,26.57,0.0,1.06,-0.08000000000000002,0.0,0.0,0.98
VIVIDHA,2026-03,5.63,,,94.37,0.0,,,0.0,0.0,0.0
VIVIMEDLAB,2026-03,7.57,1.64,0.0,92.43,-13.370000000000001,0.0,0.0,13.370000000000005,-13.170000000000002,0.0
VIYASH,2026-03,61.31,2.94,7.99,38.59,8.700000000000003,-3.11,-4.83,-8.639999999999993,-0.28000000000000114,-7.9399999999999995
VLEGOV,2026-03,23.24,1.37,6.14,76.76,0.0,-0.77,-0.03000000000000025,0.0,0.0,-0.8000000000000003
VLSFINANCE,2026-03,56.38,1.32,0.09,43.62,4.359999999999999,-0.6099999999999999,0.049999999999999996,-4.359999999999999,0.0,-0.5599999999999998
VMART,2026-03,44.2,16.91,31.87,55.8,-0.0799999999999983,-0.5599999999999987,-1.0599999999999987,0.0799999999999983,-0.09000000000000341,-1.6199999999999974
VMM,2026-03,40.12,22.01,32.73,59.88,-35.9,17.46,26.33,35.900000000000006,-20.439999999999998,43.79
VMSTMT,2026-03,67.18,2.04,2.84,32.82,,,,,0.0,0.0
VOLTAMP,2026-03,30.0,22.81,31.66,70.0,-8.0,-1.1000000000000014,8.120000000000001,8.0,-7.799999999999997,7.02
VOLTAS,2026-03,30.3,18.45,38.4,69.7,0.0,-2.8599999999999994,3.789999999999999,0.0,0.0,0.9299999999999997
VPRPL,2026-03,44.61,0.27,4.08,55.39,-23.200000000000003,0.1,-0.009999999999999787,23.200000000000003,-9.150000000000006,0.09000000000000022
VRAJ,2026-03,74.95,0.18,3.66,25.05,-0.009999999999990905,-0.34,0.0,0.010000000000001563,-0.009999999999990905,-0.34
VRLLOG,2026-03,60.24,2.98,25.05,39.76,0.0,-1.0,0.5,0.0,0.0,-0.5
VSSL,2026-03,51.06,0.55,3.34,48.94,-9.309999999999995,-0.029999999999999916,-0.8399999999999999,9.309999999999995,-9.239999999999995,-0.8699999999999998
VSTIND,2026-03,32.16,1.34,6.63,67.65,0.0,-0.52,-0.5899999999999999,0.0,0.0,-1.1099999999999999
VSTL,2026-03,74.62,0.31,,25.38,0.960000000000008,0.15,,-0.9600000000000009,0.0,0.15
VSTTILLERS,2026-03,55.61,1.84,19.61,44.39,-0.020000000000003126,-0.6399999999999999,-1.1099999999999994,0.020000000000003126,-0.020000000000003126,-1.7499999999999993
VTL,2026-03,65.09,5.69,16.02,34.91,0.8700000000000045,-0.05999999999999961,-0.7100000000000009,-0.8700000000000045,-0.010000000000005116,-0.7700000000000005
WAAREEENER,2026-03,64.19,7.05,4.32,35.81,-0.10999999999999943,6.35,1.8600000000000003,0.10999999999999943,-0.0799999999999983,8.21
WAAREEINDO,2026-03,74.93,0.55,0.12,25.07,-21.22,0.55,0.12,21.22,-20.069999999999993,0.67
WAAREERTL,2026-03,74.32,1.85,0.09,25.68,-0.07000000000000739,0.7200000000000002,-0.15,0.07000000000000028,-0.07000000000000739,0.5700000000000002
WABAG,2026-03,19.09,16.6,5.77,80.91,-0.03999999999999915,-1.9899999999999984,2.7499999999999996,0.03999999999999204,-0.019999999999999574,0.7600000000000011
WAKEFIT,2026-03,37.03,15.38,26.62,62.97,,,,,-0.35999999999999943,0.0
WALCHANNAG,2026-03,31.59,0.47,0.79,68.41,-0.17999999999999972,-0.17000000000000004,0.65,0.1799999999999926,-0.16999999999999815,0.48
WANBURY,2026-03,43.02,0.59,0.0,56.98,3.260000000000005,-0.9600000000000001,0.0,-3.260000000000005,-0.12999999999999545,-0.9600000000000001
WCIL,2026-03,72.97,0.04,4.75,27.03,1.0799999999999983,-0.24999999999999997,-3.789999999999999,-1.0799999999999983,0.0,-4.039999999999999
WEALTH,2026-03,74.04,0.0,0.11,25.96,0.0,0.0,0.07,0.0,0.0,0.07
WEBELSOLAR,2026-03,29.72,5.19,0.02,70.28,2.009999999999998,0.9500000000000002,0.0,-2.010000000000005,0.0,0.9500000000000002
WEIZMANIND,2026-03,68.34,,,31.66,0.0,,,0.0,0.0,0.0
WEL,2026-03,71.79,9.97,,28.21,0.0,0.9600000000000009,,0.0,0.0,0.9600000000000009
WELCORP,2026-03,49.73,11.23,21.49,50.24,-0.28000000000000114,-0.9499999999999993,1.0,0.28000000000000114,-0.1699999999999946,0.05000000000000071
WELENT,2026-03,56.13,3.46,9.33,41.85,0.8200000000000003,-0.71,-0.09999999999999964,-1.6099999999999994,0.0,-0.8099999999999996
WELINV,2026-03,74.58,,0.13,25.42,0.0,,0.0,0.0,0.0,0.0
WELSPUNLIV,2026-03,66.24,4.99,11.19,33.42,0.0,-0.3700000000000001,2.26,0.6799999999999997,0.0,1.8899999999999997
WENDT,2026-03,37.5,1.0,12.76,62.5,-37.5,0.91,6.05,37.5,-37.5,6.96
WESTLIFE,2026-03,56.36,7.71,27.26,43.17,0.10000000000000142,-5.1499999999999995,4.930000000000003,-0.21999999999999886,-0.00999999999999801,-0.2199999999999962
WEWIN,2026-03,70.96,,,29.04,0.05999999999998806,,,-0.060000000000002274,0.0,0.0
WEWORK,2026-03,49.42,20.37,25.61,50.58,,,,,-0.37999999999999545,0.0
WHEELS,2026-03,58.31,1.15,9.64,41.69,0.0,0.7699999999999999,-2.039999999999999,0.0,0.0,-1.2699999999999991
WHIRLPOOL,2026-03,39.76,11.47,35.85,60.24,-11.240000000000002,0.75,7.740000000000002,11.240000000000002,-11.240000000000002,8.490000000000002
WILLAMAGOR,2026-03,62.01,,0.06,37.99,0.0,,0.0,0.0,0.0,0.0
WINDLAS,2026-03,61.9,0.6,11.81,38.1,-0.44000000000000483,-0.92,0.9199999999999999,0.44000000000000483,-0.3500000000000014,-1.1102230246251565e-16
WINDMACHIN,2026-04,47.86,1.58,2.47,52.14,3.3399999999999963,0.52,-0.029999999999999805,-3.3399999999999963,0.0,0.4900000000000002
WINSOME,2026-03,38.67,1.96,0.02,61.33,0.0,-7.03,0.0,0.0,0.0,-7.03
WIPL,2026-03,37.06,,2.67,62.94,-3.729999999999997,,0.0,3.729999999999997,-2.309999999999995,0.0
WIPRO,2026-03,72.62,10.79,7.86,27.27,-0.10999999999999943,-0.34000000000000163,0.39000000000000057,0.120000000000001,-0.060000000000002274,0.049999999999998934
WOCKPHARMA,2026-03,49.08,7.09,10.96,50.92,-0.010000000000005116,0.28000000000000025,0.370000000000001,0.010000000000005116,-0.010000000000005116,0.6500000000000012
WONDERLA,2026-03,62.25,5.24,11.46,37.75,-0.00999999999999801,-1.67,-0.48999999999999844,0.00999999999999801,-0.00999999999999801,-2.1599999999999984
WORTHPERI,2026-03,68.16,0.0,0.0,31.84,0.0,-0.01,0.0,0.0,0.0,-0.01
WSI,2026-03,51.64,13.67,0.09,48.36,-9.490000000000002,12.69,-0.020000000000000004,9.490000000000002,-7.780000000000001,12.67
WSTCSTPAPR,2026-03,56.58,3.24,13.11,43.42,0.030000000000001137,-0.96,3.289999999999999,-0.030000000000001137,0.0,2.329999999999999
XCHANGING,2026-03,75.0,0.11,0.3,25.0,0.0,0.1,0.0,0.0,0.0,0.1
XELPMOC,2026-03,49.52,0.06,,50.48,-2.6699999999999946,0.06,,2.6699999999999946,-1.7100000000000009,0.06
XPROINDIA,2026-03,40.31,13.89,2.88,59.69,-2.1199999999999974,0.13000000000000078,-0.1299999999999999,2.1199999999999974,-1.7000000000000028,8.881784197001252e-16
XTGLOBAL,2026-03,62.54,0.0,0.0,37.46,-0.2700000000000031,0.0,0.0,0.2700000000000031,-0.2700000000000031,0.0
YASHO,2026-03,67.91,5.71,1.97,32.09,-0.0799999999999983,-1.5300000000000002,1.46,0.0800000000000054,-0.0799999999999983,-0.07000000000000028
YATHARTH,2026-03,55.8,5.25,12.0,44.2,-5.840000000000003,0.7999999999999998,-1.5600000000000005,5.840000000000003,-5.840000000000003,-0.7600000000000007
YATRA,2026-03,62.66,4.25,11.85,37.34,-1.7999999999999972,1.5,-8.44,1.8000000000000043,-1.7999999999999972,-6.9399999999999995
YESBANK,2026-03,,46.42,21.82,100.0,,19.55,-17.71,0.0,,1.8399999999999999
YUKEN,2026-03,58.04,0.07,1.21,41.96,1.8800000000000026,0.04000000000000001,-0.43999999999999995,-1.8800000000000026,0.0,-0.3999999999999999
ZAGGLE,2026-03,44.15,4.06,7.4,55.85,-0.060000000000002274,-4.38,-5.869999999999999,0.060000000000002274,-0.07000000000000028,-10.25
ZEEL,2026-03,3.99,25.33,10.9,96.01,0.0,2.5,-5.110000000000001,0.0,0.0,-2.610000000000001
ZEELEARN,2026-03,15.01,6.38,0.22,84.99,0.0,-0.03000000000000025,0.22,0.0,0.0,0.18999999999999975
ZEEMEDIA,2026-03,9.48,16.04,4.19,90.52,7.86,2.389999999999999,-0.02999999999999936,-7.859999999999999,0.0,2.3599999999999994
ZENITHEXPO,2026-03,45.54,,,54.46,0.0,,,0.0,0.0,0.0
ZENITHSTL,2026-03,15.64,,0.02,84.36,0.0,,0.0,0.0,0.0,0.0
ZENSARTECH,2026-03,49.0,10.5,23.66,50.65,-0.07000000000000028,-4.48,3.7699999999999996,-0.28000000000000114,-0.03999999999999915,-0.7100000000000009
ZENTEC,2026-03,48.51,5.99,10.07,51.09,-0.5399999999999991,0.040000000000000036,0.5899999999999999,0.5800000000000054,-0.5399999999999991,0.6299999999999999
ZFCVINDIA,2026-03,60.0,5.78,26.21,40.0,-3.1599999999999966,0.20999999999999996,2.8800000000000026,3.1599999999999966,-3.1599999999999966,3.0900000000000025
ZIMLAB,2026-03,30.35,,0.07,69.65,-2.9099999999999966,,-0.16999999999999998,2.910000000000011,-2.9099999999999966,-0.16999999999999998
ZODIAC,2026-03,69.97,0.15,0.2,30.03,-0.04000000000000625,-0.76,-0.36000000000000004,0.0400000000000027,-0.12000000000000455,-1.12
ZODIACLOTH,2026-03,72.93,,,27.07,1.5300000000000011,,,-1.5300000000000011,0.0,0.0
ZOTA,2026-03,49.38,8.21,6.4,50.62,-8.729999999999997,4.610000000000001,3.4800000000000004,8.729999999999997,-5.170000000000002,8.090000000000002
ZUARI,2026-03,65.21,2.83,0.09,34.79,0.0,1.49,0.0,0.0,0.0,1.49
ZUARIIND,2026-03,56.71,1.15,1.22,43.29,0.0,-0.15000000000000013,0.5599999999999999,0.0,0.0,0.4099999999999998
ZYDUSLIFE,2026-03,75.0,6.95,11.2,25.0,0.010000000000005116,-0.3700000000000001,0.1899999999999995,-0.010000000000001563,0.0,-0.1800000000000006
ZYDUSWELL,2026-03,69.63,3.18,18.87,30.37,0.0,-0.10999999999999988,-0.8900000000000006,0.0,0.0,-1.0000000000000004
