date,symbol,borrow_available,borrow_fee_pct,shortable,locates_available,settle_date
2015-01-01,MOCK1,37429,0.0807882144803685,True,True,2015-01-02
2015-01-02,MOCK1,602586,0.11176622878299954,True,True,2015-01-03
2015-01-05,MOCK1,230123,0.02692849371207716,True,True,2015-01-06
2015-01-06,MOCK1,153268,0.06538909558233004,True,True,2015-01-07
2015-01-07,MOCK1,649319,0.03920167797688387,True,True,2015-01-08
2015-01-08,MOCK1,835712,0.13757438743060518,True,True,2015-01-09
2015-01-09,MOCK1,925913,0.05041588934650504,True,True,2015-01-10
2015-01-12,MOCK1,116251,0.06263702923441075,True,True,2015-01-13
2015-01-13,MOCK1,213122,0.04861213582894106,True,True,2015-01-14
2015-01-14,MOCK1,371772,0.10204690149516535,True,True,2015-01-15
2015-01-15,MOCK1,626722,0.03607239784311472,True,True,2015-01-16
2015-01-16,MOCK1,470468,0.14557689441751273,True,True,2015-01-17
2015-01-19,MOCK1,52403,0.105463266308091,True,True,2015-01-20
2015-01-20,MOCK1,583417,0.06555457260489368,True,True,2015-01-21
2015-01-21,MOCK1,49304,0.06650350137260831,True,True,2015-01-22
2015-01-22,MOCK1,242952,0.1278189688403906,True,True,2015-01-23
2015-01-23,MOCK1,362827,0.08445674087038742,True,True,2015-01-24
2015-01-26,MOCK1,147430,0.12956414382359566,True,True,2015-01-27
2015-01-27,MOCK1,10129,0.02862134122062287,True,True,2015-01-28
2015-01-28,MOCK1,388198,0.1051587521520896,True,True,2015-01-29
2015-01-29,MOCK1,330123,0.09743038658142564,True,True,2015-01-30
2015-01-30,MOCK1,698200,0.05980185807618313,True,True,2015-01-31
2015-02-02,MOCK1,596251,0.11226355971887,True,True,2015-02-03
2015-02-03,MOCK1,705151,0.11257603565385667,True,True,2015-02-04
2015-02-04,MOCK1,914163,0.058994821871938365,True,True,2015-02-05
2015-02-05,MOCK1,839062,0.051477740919465546,True,True,2015-02-06
2015-02-06,MOCK1,825452,0.050389321401645815,True,True,2015-02-07
2015-02-09,MOCK1,132832,0.14316921432081708,True,True,2015-02-10
2015-02-10,MOCK1,588912,0.058016497011273316,True,True,2015-02-11
2015-02-11,MOCK1,998090,0.1196791025335817,True,True,2015-02-12
2015-02-12,MOCK1,20939,0.06422091837279627,True,True,2015-02-13
2015-02-13,MOCK1,499074,0.12716462712109444,True,True,2015-02-14
2015-02-16,MOCK1,893509,0.01699693763216124,True,True,2015-02-17
2015-02-17,MOCK1,378168,0.13479957704332704,True,True,2015-02-18
2015-02-18,MOCK1,924831,0.11054235006553628,True,True,2015-02-19
2015-02-19,MOCK1,668884,0.06332687642719448,True,True,2015-02-20
2015-02-20,MOCK1,617356,0.012131246043465674,True,True,2015-02-21
2015-02-23,MOCK1,879696,0.13785105341028317,True,True,2015-02-24
2015-02-24,MOCK1,980398,0.09740991187999871,True,True,2015-02-25
2015-02-25,MOCK1,157697,0.05034116186869025,True,True,2015-02-26
2015-02-26,MOCK1,865706,0.10951223200288965,True,True,2015-02-27
2015-02-27,MOCK1,205535,0.0317673869864619,True,True,2015-02-28
2015-03-02,MOCK1,360977,0.11620823648567137,True,True,2015-03-03
2015-03-03,MOCK1,854499,0.11508533822366115,True,True,2015-03-04
2015-03-04,MOCK1,648689,0.0812472776241863,True,True,2015-03-05
2015-03-05,MOCK1,262682,0.06907829736367774,True,True,2015-03-06
2015-03-06,MOCK1,864539,0.0789958089332368,True,True,2015-03-07
2015-03-09,MOCK1,548807,0.11073739630022184,True,True,2015-03-10
2015-03-10,MOCK1,144730,0.028142287819079286,True,True,2015-03-11
2015-03-11,MOCK1,858729,0.05443911148408288,True,True,2015-03-12
2015-03-12,MOCK1,816769,0.09029988564277885,True,True,2015-03-13
2015-03-13,MOCK1,181239,0.07771528726193083,True,True,2015-03-14
2015-03-16,MOCK1,494030,0.05893513202948702,True,True,2015-03-17
2015-03-17,MOCK1,242879,0.09299598111150618,True,True,2015-03-18
2015-03-18,MOCK1,474787,0.10794060899632972,True,True,2015-03-19
2015-03-19,MOCK1,379584,0.04134888156556852,True,True,2015-03-20
2015-03-20,MOCK1,902862,0.05208681885599999,True,True,2015-03-21
2015-03-23,MOCK1,692452,0.06236898510301739,True,True,2015-03-24
2015-03-24,MOCK1,576621,0.03270843590713992,True,True,2015-03-25
2015-03-25,MOCK1,162129,0.13026000450365016,True,True,2015-03-26
2015-03-26,MOCK1,809572,0.07028569316680544,True,True,2015-03-27
2015-03-27,MOCK1,634956,0.028552670781220507,True,True,2015-03-28
2015-03-30,MOCK1,952998,0.14122554021653952,True,True,2015-03-31
2015-03-31,MOCK1,431276,0.07002605324892183,True,True,2015-04-01
2015-04-01,MOCK1,303113,0.018206540305156643,True,True,2015-04-02
2015-04-02,MOCK1,241625,0.05885769706122773,True,True,2015-04-03
2015-04-03,MOCK1,504708,0.13483072290453857,True,True,2015-04-04
2015-04-06,MOCK1,834042,0.029145599649960427,True,True,2015-04-07
2015-04-07,MOCK1,967609,0.08040678653388503,True,True,2015-04-08
2015-04-08,MOCK1,977177,0.07959388612836318,True,True,2015-04-09
2015-04-09,MOCK1,416564,0.0971087514504833,True,True,2015-04-10
2015-04-10,MOCK1,578340,0.04492578441763183,True,True,2015-04-11
2015-04-13,MOCK1,245672,0.0990298166925801,True,True,2015-04-14
2015-04-14,MOCK1,151981,0.1152869484225058,True,True,2015-04-15
2015-04-15,MOCK1,115162,0.13882606404531375,True,True,2015-04-16
2015-04-16,MOCK1,676822,0.13221862879112062,True,True,2015-04-17
2015-04-17,MOCK1,145929,0.07398314794170485,True,True,2015-04-18
2015-04-20,MOCK1,136547,0.026668431187233492,True,True,2015-04-21
2015-04-21,MOCK1,520327,0.08234895866349973,True,True,2015-04-22
2015-04-22,MOCK1,941590,0.0789511678577034,True,True,2015-04-23
2015-04-23,MOCK1,417155,0.12219430250974046,True,True,2015-04-24
2015-04-24,MOCK1,343798,0.1264874344661947,True,True,2015-04-25
2015-04-27,MOCK1,261846,0.1220807362821483,True,True,2015-04-28
2015-04-28,MOCK1,361622,0.12359714350831875,True,True,2015-04-29
2015-04-29,MOCK1,200285,0.04860697684712011,True,True,2015-04-30
2015-04-30,MOCK1,691383,0.07918548420551746,True,True,2015-05-01
2015-05-01,MOCK1,503358,0.13197075752450801,True,True,2015-05-02
2015-05-04,MOCK1,775287,0.08798499837817278,True,True,2015-05-05
2015-05-05,MOCK1,492701,0.01747440111794733,True,True,2015-05-06
2015-05-06,MOCK1,531522,0.08899812085798767,True,True,2015-05-07
2015-05-07,MOCK1,997790,0.103546600818682,True,True,2015-05-08
2015-05-08,MOCK1,584665,0.10899837608744203,True,True,2015-05-09
2015-05-11,MOCK1,572743,0.0680428597069992,True,True,2015-05-12
2015-05-12,MOCK1,480258,0.1444935624823403,True,True,2015-05-13
2015-05-13,MOCK1,38991,0.05868562294506304,True,True,2015-05-14
2015-05-14,MOCK1,372519,0.045955283382920216,True,True,2015-05-15
2015-05-15,MOCK1,689881,0.06613304497479726,True,True,2015-05-16
2015-05-18,MOCK1,560438,0.06716039354458934,True,True,2015-05-19
2015-05-19,MOCK1,531607,0.08648585431919595,True,True,2015-05-20
2015-05-20,MOCK1,683375,0.12549322078369834,True,True,2015-05-21
2015-05-21,MOCK1,955504,0.024285989211483443,True,True,2015-05-22
2015-05-22,MOCK1,4831,0.1041560399205917,True,True,2015-05-23
2015-05-25,MOCK1,29586,0.06294028967508287,True,True,2015-05-26
2015-05-26,MOCK1,115757,0.049432415794786265,True,True,2015-05-27
2015-05-27,MOCK1,775913,0.011550960804861933,True,True,2015-05-28
2015-05-28,MOCK1,591086,0.12651883202995182,True,True,2015-05-29
2015-05-29,MOCK1,238422,0.06132144278890631,True,True,2015-05-30
2015-06-01,MOCK1,745830,0.13887348077057113,True,True,2015-06-02
2015-06-02,MOCK1,533214,0.07977428103483068,True,True,2015-06-03
2015-06-03,MOCK1,27587,0.0308834853491195,True,True,2015-06-04
2015-06-04,MOCK1,924433,0.073888898366937,True,True,2015-06-05
2015-06-05,MOCK1,511980,0.08538227357742055,True,True,2015-06-06
2015-06-08,MOCK1,950628,0.07046127043617967,True,True,2015-06-09
2015-06-09,MOCK1,816136,0.06715264412353189,True,True,2015-06-10
2015-06-10,MOCK1,20577,0.10998758196438883,True,True,2015-06-11
2015-06-11,MOCK1,992846,0.0543485855866249,True,True,2015-06-12
2015-06-12,MOCK1,615905,0.04609567472403106,True,True,2015-06-13
2015-06-15,MOCK1,865637,0.033272324573753745,True,True,2015-06-16
2015-06-16,MOCK1,495692,0.03372328251434292,True,True,2015-06-17
2015-06-17,MOCK1,882058,0.12201683217506154,True,True,2015-06-18
2015-06-18,MOCK1,991511,0.09745193827220003,True,True,2015-06-19
2015-06-19,MOCK1,386018,0.11159478509231553,True,True,2015-06-20
2015-06-22,MOCK1,304528,0.06992365390789332,True,True,2015-06-23
2015-06-23,MOCK1,794391,0.14845439422760048,True,True,2015-06-24
2015-06-24,MOCK1,506268,0.026666374095073768,True,True,2015-06-25
2015-06-25,MOCK1,550902,0.14449988206740783,True,True,2015-06-26
2015-06-26,MOCK1,638265,0.061838270080556534,True,True,2015-06-27
2015-06-29,MOCK1,43833,0.011096606388255683,True,True,2015-06-30
2015-06-30,MOCK1,722035,0.0680115261759949,True,True,2015-07-01
2015-07-01,MOCK1,360777,0.04841941132001072,True,True,2015-07-02
2015-07-02,MOCK1,112634,0.11179546616714181,True,True,2015-07-03
2015-07-03,MOCK1,845725,0.018711949233726873,True,True,2015-07-04
2015-07-06,MOCK1,631538,0.038010501505994124,True,True,2015-07-07
2015-07-07,MOCK1,979461,0.1348289308274371,True,True,2015-07-08
2015-07-08,MOCK1,418475,0.13402800577544272,True,True,2015-07-09
2015-07-09,MOCK1,807435,0.14073885054721652,True,True,2015-07-10
2015-07-10,MOCK1,748981,0.12065981291616253,True,True,2015-07-11
2015-07-13,MOCK1,355851,0.021986598287782776,True,True,2015-07-14
2015-07-14,MOCK1,48653,0.10489271944847951,True,True,2015-07-15
2015-07-15,MOCK1,791433,0.13634882357930375,True,True,2015-07-16
2015-07-16,MOCK1,302949,0.05526993513092446,True,True,2015-07-17
2015-07-17,MOCK1,753059,0.01297853413049221,True,True,2015-07-18
2015-07-20,MOCK1,365654,0.11628740918213619,True,True,2015-07-21
2015-07-21,MOCK1,770272,0.13282492132881463,True,True,2015-07-22
2015-07-22,MOCK1,856138,0.10881668564289544,True,True,2015-07-23
2015-07-23,MOCK1,492384,0.04862493753475997,True,True,2015-07-24
2015-07-24,MOCK1,973110,0.016729770724550022,True,True,2015-07-25
2015-07-27,MOCK1,206479,0.03371521711908693,True,True,2015-07-28
2015-07-28,MOCK1,28638,0.08190220426459371,True,True,2015-07-29
2015-07-29,MOCK1,613143,0.015536235958225801,True,True,2015-07-30
2015-07-30,MOCK1,176684,0.09348239084221581,True,True,2015-07-31
2015-07-31,MOCK1,626292,0.04644906550022404,True,True,2015-08-01
2015-08-03,MOCK1,115843,0.11482081592539123,True,True,2015-08-04
2015-08-04,MOCK1,319076,0.09515048279975838,True,True,2015-08-05
2015-08-05,MOCK1,380217,0.09653213059731229,True,True,2015-08-06
2015-08-06,MOCK1,237769,0.0772179495591781,True,True,2015-08-07
2015-08-07,MOCK1,616605,0.12508587521660108,True,True,2015-08-08
2015-08-10,MOCK1,44975,0.040276543444144525,True,True,2015-08-11
2015-08-11,MOCK1,57256,0.0778020464017037,True,True,2015-08-12
2015-08-12,MOCK1,820898,0.05184853169687403,True,True,2015-08-13
2015-08-13,MOCK1,520213,0.07607338992704232,True,True,2015-08-14
2015-08-14,MOCK1,2787,0.011837435703788417,True,True,2015-08-15
2015-08-17,MOCK1,696158,0.07035429627254254,True,True,2015-08-18
2015-08-18,MOCK1,458379,0.08830949315361586,True,True,2015-08-19
2015-08-19,MOCK1,291840,0.037390117850263804,True,True,2015-08-20
2015-08-20,MOCK1,881250,0.12744958012640592,True,True,2015-08-21
2015-08-21,MOCK1,573111,0.06374225709886303,True,True,2015-08-22
2015-08-24,MOCK1,752855,0.03928969985445075,True,True,2015-08-25
2015-08-25,MOCK1,940053,0.08018827331915827,True,True,2015-08-26
2015-08-26,MOCK1,536479,0.06505654089011302,True,True,2015-08-27
2015-08-27,MOCK1,156075,0.13927155381162162,True,True,2015-08-28
2015-08-28,MOCK1,457752,0.03833323703804921,True,True,2015-08-29
2015-08-31,MOCK1,986064,0.09752983718833802,True,True,2015-09-01
2015-09-01,MOCK1,497204,0.03898771142065353,True,True,2015-09-02
2015-09-02,MOCK1,880431,0.014579264824078904,True,True,2015-09-03
2015-09-03,MOCK1,954906,0.011757623362146637,True,True,2015-09-04
2015-09-04,MOCK1,451256,0.13355054809515327,True,True,2015-09-05
2015-09-07,MOCK1,205410,0.1019569070492727,True,True,2015-09-08
2015-09-08,MOCK1,673856,0.13617257184164358,True,True,2015-09-09
2015-09-09,MOCK1,353604,0.01653505160342618,True,True,2015-09-10
2015-09-10,MOCK1,866751,0.07061702238299353,True,True,2015-09-11
2015-09-11,MOCK1,370120,0.039021911068041225,True,True,2015-09-12
2015-09-14,MOCK1,530303,0.012135438226982355,True,True,2015-09-15
2015-09-15,MOCK1,740913,0.10897096555419869,True,True,2015-09-16
2015-09-16,MOCK1,38734,0.026434855947163632,True,True,2015-09-17
2015-09-17,MOCK1,399696,0.1493602511643836,True,True,2015-09-18
2015-09-18,MOCK1,754823,0.09908823443750253,True,True,2015-09-19
2015-09-21,MOCK1,547620,0.0987698348765077,True,True,2015-09-22
2015-09-22,MOCK1,656898,0.051091546082123615,True,True,2015-09-23
2015-09-23,MOCK1,535656,0.056774617514605004,True,True,2015-09-24
2015-09-24,MOCK1,470529,0.14470454312609896,True,True,2015-09-25
2015-09-25,MOCK1,764350,0.07568560298423496,True,True,2015-09-26
2015-09-28,MOCK1,901524,0.12521092572464543,True,True,2015-09-29
2015-09-29,MOCK1,169399,0.10637946655099793,True,True,2015-09-30
2015-09-30,MOCK1,683902,0.024750256659895397,True,True,2015-10-01
2015-10-01,MOCK1,341308,0.08159215929279882,True,True,2015-10-02
2015-10-02,MOCK1,593584,0.14823006421740065,True,True,2015-10-03
2015-10-05,MOCK1,839656,0.09792509896385442,True,True,2015-10-06
2015-10-06,MOCK1,590743,0.12415991354944211,True,True,2015-10-07
2015-10-07,MOCK1,286384,0.09382298132956914,True,True,2015-10-08
2015-10-08,MOCK1,88689,0.017300241213740398,True,True,2015-10-09
2015-10-09,MOCK1,919533,0.09751586098576707,True,True,2015-10-10
2015-10-12,MOCK1,626303,0.04521557216402476,True,True,2015-10-13
2015-10-13,MOCK1,56680,0.10848704489690734,True,True,2015-10-14
2015-10-14,MOCK1,873495,0.022333066824925744,True,True,2015-10-15
2015-10-15,MOCK1,384451,0.030625276343963448,True,True,2015-10-16
2015-10-16,MOCK1,288203,0.07107544865013907,True,True,2015-10-17
2015-10-19,MOCK1,996883,0.14575753966187338,True,True,2015-10-20
2015-10-20,MOCK1,515289,0.015052802596611712,True,True,2015-10-21
2015-10-21,MOCK1,770068,0.058285766914548995,True,True,2015-10-22
2015-10-22,MOCK1,755717,0.0956922560954589,True,True,2015-10-23
2015-10-23,MOCK1,721113,0.039637261715965925,True,True,2015-10-24
2015-10-26,MOCK1,89464,0.05248770430445749,True,True,2015-10-27
2015-10-27,MOCK1,411729,0.06284204563783795,True,True,2015-10-28
2015-10-28,MOCK1,371008,0.02048177262873515,True,True,2015-10-29
2015-10-29,MOCK1,28791,0.10421476936636466,True,True,2015-10-30
2015-10-30,MOCK1,25214,0.046564292391416504,True,True,2015-10-31
2015-11-02,MOCK1,29481,0.021371414083747833,True,True,2015-11-03
2015-11-03,MOCK1,852478,0.04052545220338446,True,True,2015-11-04
2015-11-04,MOCK1,744352,0.02987965075799679,True,True,2015-11-05
2015-11-05,MOCK1,289899,0.08871314440950906,True,True,2015-11-06
2015-11-06,MOCK1,723766,0.14568526657659497,True,True,2015-11-07
2015-11-09,MOCK1,883827,0.05261758765196967,True,True,2015-11-10
2015-11-10,MOCK1,657576,0.12699879255107246,True,True,2015-11-11
2015-11-11,MOCK1,386118,0.02482600576907718,True,True,2015-11-12
2015-11-12,MOCK1,654325,0.025493088882136968,True,True,2015-11-13
2015-11-13,MOCK1,534255,0.026914499667866812,True,True,2015-11-14
2015-11-16,MOCK1,545071,0.02779729037793701,True,True,2015-11-17
2015-11-17,MOCK1,437347,0.03786331549895454,True,True,2015-11-18
2015-11-18,MOCK1,869963,0.11086107629344644,True,True,2015-11-19
2015-11-19,MOCK1,244090,0.13663265004634007,True,True,2015-11-20
2015-11-20,MOCK1,730551,0.12764980113783483,True,True,2015-11-21
2015-11-23,MOCK1,723314,0.049134340808401754,True,True,2015-11-24
2015-11-24,MOCK1,543775,0.1261325500305917,True,True,2015-11-25
2015-11-25,MOCK1,740849,0.14263540345546588,True,True,2015-11-26
2015-11-26,MOCK1,718924,0.1406806094865089,True,True,2015-11-27
2015-11-27,MOCK1,937720,0.1277849383741816,True,True,2015-11-28
2015-11-30,MOCK1,428518,0.01994780985024668,True,True,2015-12-01
2015-12-01,MOCK1,613581,0.09212905597835076,True,True,2015-12-02
2015-12-02,MOCK1,880399,0.06746882165558085,True,True,2015-12-03
2015-12-03,MOCK1,316505,0.09736471583294709,True,True,2015-12-04
2015-12-04,MOCK1,171893,0.0632009781363641,True,True,2015-12-05
2015-12-07,MOCK1,495341,0.05939931768409333,True,True,2015-12-08
2015-12-08,MOCK1,608989,0.10053907493797616,True,True,2015-12-09
2015-12-09,MOCK1,161705,0.030020548715069963,True,True,2015-12-10
2015-12-10,MOCK1,487222,0.09370173898478844,True,True,2015-12-11
2015-12-11,MOCK1,490707,0.023505213262957687,True,True,2015-12-12
2015-12-14,MOCK1,75280,0.0270297297375253,True,True,2015-12-15
2015-12-15,MOCK1,220491,0.09555892824141564,True,True,2015-12-16
2015-12-16,MOCK1,806121,0.058187560245599214,True,True,2015-12-17
2015-12-17,MOCK1,235699,0.03259002847854986,True,True,2015-12-18
2015-12-18,MOCK1,865663,0.07074193902275511,True,True,2015-12-19
2015-12-21,MOCK1,287397,0.1291061747072596,True,True,2015-12-22
2015-12-22,MOCK1,415351,0.10310580263938048,True,True,2015-12-23
2015-12-23,MOCK1,2253,0.13006392358846905,True,True,2015-12-24
2015-12-24,MOCK1,203766,0.11088121693019015,True,True,2015-12-25
2015-12-25,MOCK1,793454,0.017290794176304452,True,True,2015-12-26
2015-12-28,MOCK1,911783,0.05147577338827057,True,True,2015-12-29
2015-12-29,MOCK1,111748,0.037616411294672136,True,True,2015-12-30
2015-12-30,MOCK1,885365,0.08240042253164064,True,True,2015-12-31
2015-12-31,MOCK1,759226,0.022650633380588155,True,True,2016-01-01
2016-01-01,MOCK1,270876,0.035965488355101445,True,True,2016-01-02
2016-01-04,MOCK1,430943,0.1355477270768251,True,True,2016-01-05
2016-01-05,MOCK1,362262,0.13991381563310232,True,True,2016-01-06
2016-01-06,MOCK1,1636,0.12365845302941202,True,True,2016-01-07
2016-01-07,MOCK1,948622,0.10646794353710332,True,True,2016-01-08
2016-01-08,MOCK1,749753,0.06560157936285006,True,True,2016-01-09
2016-01-11,MOCK1,854282,0.14514039840374615,True,True,2016-01-12
2016-01-12,MOCK1,16756,0.02878352341597295,True,True,2016-01-13
2016-01-13,MOCK1,482766,0.10144126636238092,True,True,2016-01-14
2016-01-14,MOCK1,55906,0.029401236383102172,True,True,2016-01-15
2016-01-15,MOCK1,414685,0.018738395055830838,True,True,2016-01-16
2016-01-18,MOCK1,65569,0.1482481606835432,True,True,2016-01-19
2016-01-19,MOCK1,630913,0.06987229455118743,True,True,2016-01-20
2016-01-20,MOCK1,717468,0.096668996914862,True,True,2016-01-21
2016-01-21,MOCK1,946835,0.07386562034039093,True,True,2016-01-22
2016-01-22,MOCK1,464821,0.03051058933549626,True,True,2016-01-23
2016-01-25,MOCK1,669238,0.028160883281694207,True,True,2016-01-26
2016-01-26,MOCK1,198728,0.024184407420532145,True,True,2016-01-27
2016-01-27,MOCK1,258590,0.06733617960039963,True,True,2016-01-28
2016-01-28,MOCK1,898908,0.1112862065308794,True,True,2016-01-29
2016-01-29,MOCK1,462720,0.05685120371006962,True,True,2016-01-30
2016-02-01,MOCK1,525604,0.14026898067437188,True,True,2016-02-02
2016-02-02,MOCK1,625777,0.053545780642966244,True,True,2016-02-03
2016-02-03,MOCK1,41117,0.07272219699872684,True,True,2016-02-04
2016-02-04,MOCK1,593891,0.03957211506170807,True,True,2016-02-05
2016-02-05,MOCK1,65620,0.10260083900411872,True,True,2016-02-06
2016-02-08,MOCK1,647671,0.0338207767288922,True,True,2016-02-09
2016-02-09,MOCK1,212668,0.08576142547900596,True,True,2016-02-10
2016-02-10,MOCK1,106483,0.13121378350506835,True,True,2016-02-11
2016-02-11,MOCK1,180569,0.1484112476926007,True,True,2016-02-12
2016-02-12,MOCK1,801450,0.09684804900277759,True,True,2016-02-13
2016-02-15,MOCK1,814879,0.12368510966723,True,True,2016-02-16
2016-02-16,MOCK1,285586,0.025161217159508878,True,True,2016-02-17
2016-02-17,MOCK1,788731,0.012435738927422696,True,True,2016-02-18
2016-02-18,MOCK1,174102,0.037872070882274136,True,True,2016-02-19
2016-02-19,MOCK1,721205,0.14510994961322907,True,True,2016-02-20
2016-02-22,MOCK1,397087,0.02866477690251394,True,True,2016-02-23
2016-02-23,MOCK1,524575,0.10341341397873503,True,True,2016-02-24
2016-02-24,MOCK1,970520,0.12089314159788947,True,True,2016-02-25
2016-02-25,MOCK1,910648,0.11393648053370709,True,True,2016-02-26
2016-02-26,MOCK1,180631,0.030228168817501504,True,True,2016-02-27
2016-02-29,MOCK1,750073,0.1259134152088271,True,True,2016-03-01
2016-03-01,MOCK1,493384,0.02471038608390041,True,True,2016-03-02
2016-03-02,MOCK1,286281,0.04307820936834081,True,True,2016-03-03
2016-03-03,MOCK1,680527,0.09757885604283606,True,True,2016-03-04
2016-03-04,MOCK1,772086,0.09213805949639634,True,True,2016-03-05
2016-03-07,MOCK1,554706,0.012293601133583368,True,True,2016-03-08
2016-03-08,MOCK1,774127,0.011395834454535177,True,True,2016-03-09
2016-03-09,MOCK1,675722,0.029946634619812368,True,True,2016-03-10
2016-03-10,MOCK1,928984,0.10511971695912975,True,True,2016-03-11
2016-03-11,MOCK1,417334,0.08195442421439329,True,True,2016-03-12
2016-03-14,MOCK1,380650,0.041077863793322386,True,True,2016-03-15
2016-03-15,MOCK1,790830,0.053658364739267224,True,True,2016-03-16
2016-03-16,MOCK1,468287,0.09707673653475364,True,True,2016-03-17
2016-03-17,MOCK1,411314,0.0727621994951296,True,True,2016-03-18
2016-03-18,MOCK1,495408,0.02862882866489211,True,True,2016-03-19
2016-03-21,MOCK1,323210,0.13405947519420594,True,True,2016-03-22
2016-03-22,MOCK1,630010,0.05672850357163298,True,True,2016-03-23
2016-03-23,MOCK1,315254,0.12183251026482213,True,True,2016-03-24
2016-03-24,MOCK1,965881,0.037266580668134326,True,True,2016-03-25
2016-03-25,MOCK1,544806,0.07831445509188383,True,True,2016-03-26
2016-03-28,MOCK1,932407,0.08129718500240506,True,True,2016-03-29
2016-03-29,MOCK1,362319,0.14428388903208675,True,True,2016-03-30
2016-03-30,MOCK1,958764,0.049299550043547975,True,True,2016-03-31
2016-03-31,MOCK1,855371,0.0911799292728527,True,True,2016-04-01
2016-04-01,MOCK1,479815,0.1109623458946359,True,True,2016-04-02
2016-04-04,MOCK1,983847,0.12906976407837958,True,True,2016-04-05
2016-04-05,MOCK1,137743,0.03824000789660716,True,True,2016-04-06
2016-04-06,MOCK1,857329,0.10775553885680059,True,True,2016-04-07
2016-04-07,MOCK1,849054,0.049319387391111066,True,True,2016-04-08
2016-04-08,MOCK1,706393,0.07396088249977475,True,True,2016-04-09
2016-04-11,MOCK1,311305,0.12600048287577045,True,True,2016-04-12
2016-04-12,MOCK1,773432,0.018056906589138087,True,True,2016-04-13
2016-04-13,MOCK1,839507,0.020842958500509733,True,True,2016-04-14
2016-04-14,MOCK1,37983,0.13597342704994161,True,True,2016-04-15
2016-04-15,MOCK1,991428,0.07830637108868911,True,True,2016-04-16
2016-04-18,MOCK1,841922,0.02216801032786444,True,True,2016-04-19
2016-04-19,MOCK1,832139,0.07761187899145225,True,True,2016-04-20
2016-04-20,MOCK1,230790,0.14928927964056832,True,True,2016-04-21
2016-04-21,MOCK1,488074,0.10455551210334012,True,True,2016-04-22
2016-04-22,MOCK1,893991,0.13931112375833057,True,True,2016-04-23
2016-04-25,MOCK1,414126,0.06725669865767707,True,True,2016-04-26
2016-04-26,MOCK1,462998,0.08462274690234306,True,True,2016-04-27
2016-04-27,MOCK1,972737,0.02113765742970134,True,True,2016-04-28
2016-04-28,MOCK1,968108,0.14834016561926558,True,True,2016-04-29
2016-04-29,MOCK1,805519,0.13905229708471334,True,True,2016-04-30
2016-05-02,MOCK1,607334,0.09676776802710546,True,True,2016-05-03
2016-05-03,MOCK1,794193,0.10236777105538819,True,True,2016-05-04
2016-05-04,MOCK1,754560,0.09141055761582896,True,True,2016-05-05
2016-05-05,MOCK1,814216,0.1331641749658716,True,True,2016-05-06
2016-05-06,MOCK1,498407,0.07422595898425523,True,True,2016-05-07
2016-05-09,MOCK1,273252,0.045401369514823264,True,True,2016-05-10
2016-05-10,MOCK1,39157,0.05123460228087796,True,True,2016-05-11
2016-05-11,MOCK1,717978,0.07117139389678798,True,True,2016-05-12
2016-05-12,MOCK1,393327,0.06568584617947965,True,True,2016-05-13
2016-05-13,MOCK1,368085,0.10795335456185169,True,True,2016-05-14
2016-05-16,MOCK1,423394,0.12809610248052467,True,True,2016-05-17
2016-05-17,MOCK1,656734,0.07000430031338492,True,True,2016-05-18
2016-05-18,MOCK1,638464,0.13425886733653591,True,True,2016-05-19
2016-05-19,MOCK1,565877,0.019758453550656252,True,True,2016-05-20
2016-05-20,MOCK1,594192,0.13566563580675395,True,True,2016-05-21
2016-05-23,MOCK1,627179,0.03750934596180093,True,True,2016-05-24
2016-05-24,MOCK1,268294,0.14247288718074666,True,True,2016-05-25
2016-05-25,MOCK1,162406,0.11461620875854632,True,True,2016-05-26
2016-05-26,MOCK1,246126,0.11870148235329435,True,True,2016-05-27
2016-05-27,MOCK1,619146,0.08624047078923668,True,True,2016-05-28
2016-05-30,MOCK1,597717,0.13657634439388672,True,True,2016-05-31
2016-05-31,MOCK1,348679,0.09193634732735348,True,True,2016-06-01
2016-06-01,MOCK1,697494,0.09660444790237795,True,True,2016-06-02
2016-06-02,MOCK1,295013,0.12186302673374247,True,True,2016-06-03
2016-06-03,MOCK1,171409,0.07647967321888312,True,True,2016-06-04
2016-06-06,MOCK1,64379,0.13888805692847084,True,True,2016-06-07
2016-06-07,MOCK1,948562,0.06996336956738632,True,True,2016-06-08
2016-06-08,MOCK1,783089,0.12992782873938852,True,True,2016-06-09
2016-06-09,MOCK1,905352,0.03240895665438808,True,True,2016-06-10
2016-06-10,MOCK1,317250,0.14492724453546696,True,True,2016-06-11
2016-06-13,MOCK1,365352,0.1007970527708035,True,True,2016-06-14
2016-06-14,MOCK1,499476,0.03232327105050091,True,True,2016-06-15
2016-06-15,MOCK1,915762,0.1182307932348175,True,True,2016-06-16
2016-06-16,MOCK1,714219,0.13442189338651112,True,True,2016-06-17
2016-06-17,MOCK1,370471,0.1381955034988886,True,True,2016-06-18
2016-06-20,MOCK1,657674,0.04244925370424065,True,True,2016-06-21
2016-06-21,MOCK1,531246,0.13652982190244145,True,True,2016-06-22
2016-06-22,MOCK1,662847,0.12932791219435932,True,True,2016-06-23
2016-06-23,MOCK1,403734,0.011686953247925238,True,True,2016-06-24
2016-06-24,MOCK1,876695,0.0755101868237824,True,True,2016-06-25
2016-06-27,MOCK1,853396,0.1274162001230891,True,True,2016-06-28
2016-06-28,MOCK1,275598,0.12659653957359637,True,True,2016-06-29
2016-06-29,MOCK1,13650,0.142229242097078,True,True,2016-06-30
2016-06-30,MOCK1,554432,0.11359653745938104,True,True,2016-07-01
2016-07-01,MOCK1,67898,0.12812491901967363,True,True,2016-07-02
2016-07-04,MOCK1,113322,0.1448345655965544,True,True,2016-07-05
2016-07-05,MOCK1,953592,0.0989771408868313,True,True,2016-07-06
2016-07-06,MOCK1,865496,0.014131023154458248,True,True,2016-07-07
2016-07-07,MOCK1,79662,0.12524081860452732,True,True,2016-07-08
2016-07-08,MOCK1,642393,0.042695566266532106,True,True,2016-07-09
2016-07-11,MOCK1,14058,0.06964595727042104,True,True,2016-07-12
2016-07-12,MOCK1,910775,0.032182950828078906,True,True,2016-07-13
2016-07-13,MOCK1,70625,0.01422538446683553,True,True,2016-07-14
2016-07-14,MOCK1,253834,0.036135661544495955,True,True,2016-07-15
2016-07-15,MOCK1,577791,0.06422018962303307,True,True,2016-07-16
2016-07-18,MOCK1,723435,0.0258679795177688,True,True,2016-07-19
2016-07-19,MOCK1,741513,0.07275325009825873,True,True,2016-07-20
2016-07-20,MOCK1,201430,0.020874842160744263,True,True,2016-07-21
2016-07-21,MOCK1,331494,0.0616194430215153,True,True,2016-07-22
2016-07-22,MOCK1,801838,0.07780785194349805,True,True,2016-07-23
2016-07-25,MOCK1,977430,0.07800473956647186,True,True,2016-07-26
2016-07-26,MOCK1,705991,0.034804315554493856,True,True,2016-07-27
2016-07-27,MOCK1,539254,0.1340545088056399,True,True,2016-07-28
2016-07-28,MOCK1,769799,0.12476301108760642,True,True,2016-07-29
2016-07-29,MOCK1,479389,0.0625441179961916,True,True,2016-07-30
2016-08-01,MOCK1,981935,0.12928384226944326,True,True,2016-08-02
2016-08-02,MOCK1,138593,0.10884224318863484,True,True,2016-08-03
2016-08-03,MOCK1,367382,0.0634691346861431,True,True,2016-08-04
2016-08-04,MOCK1,597385,0.02533568296043401,True,True,2016-08-05
2016-08-05,MOCK1,901764,0.06987178740347379,True,True,2016-08-06
2016-08-08,MOCK1,168115,0.023969631522197006,True,True,2016-08-09
2016-08-09,MOCK1,758971,0.07980890666917373,True,True,2016-08-10
2016-08-10,MOCK1,874900,0.07955910670687473,True,True,2016-08-11
2016-08-11,MOCK1,112362,0.12072096052023688,True,True,2016-08-12
2016-08-12,MOCK1,869109,0.08659984942072664,True,True,2016-08-13
2016-08-15,MOCK1,174940,0.09617088321690602,True,True,2016-08-16
2016-08-16,MOCK1,66036,0.01752924010726598,True,True,2016-08-17
2016-08-17,MOCK1,973300,0.07599630388892574,True,True,2016-08-18
2016-08-18,MOCK1,107655,0.0580679239166246,True,True,2016-08-19
2016-08-19,MOCK1,258767,0.03119252597428178,True,True,2016-08-20
2016-08-22,MOCK1,644550,0.061787630097553635,True,True,2016-08-23
2016-08-23,MOCK1,900156,0.10707480116010791,True,True,2016-08-24
2016-08-24,MOCK1,882998,0.1416883176957689,True,True,2016-08-25
2016-08-25,MOCK1,696758,0.05795078305222615,True,True,2016-08-26
2016-08-26,MOCK1,32154,0.09807456275578347,True,True,2016-08-27
2016-08-29,MOCK1,475929,0.06443699757864056,True,True,2016-08-30
2016-08-30,MOCK1,900529,0.11122514687594362,True,True,2016-08-31
2016-08-31,MOCK1,189952,0.09986239306505172,True,True,2016-09-01
2016-09-01,MOCK1,620023,0.13391417042052248,True,True,2016-09-02
2016-09-02,MOCK1,841513,0.09050949527769915,True,True,2016-09-03
2016-09-05,MOCK1,940736,0.09896821228586222,True,True,2016-09-06
2016-09-06,MOCK1,949281,0.03335748928155286,True,True,2016-09-07
2016-09-07,MOCK1,841681,0.08624636773102849,True,True,2016-09-08
2016-09-08,MOCK1,863883,0.04365479824634012,True,True,2016-09-09
2016-09-09,MOCK1,632186,0.050875405122871684,True,True,2016-09-10
2016-09-12,MOCK1,372253,0.11883345993102393,True,True,2016-09-13
2016-09-13,MOCK1,219558,0.07841242851287529,True,True,2016-09-14
2016-09-14,MOCK1,890125,0.12565815512612663,True,True,2016-09-15
2016-09-15,MOCK1,158698,0.06466931230851572,True,True,2016-09-16
2016-09-16,MOCK1,173067,0.10478022554005657,True,True,2016-09-17
2016-09-19,MOCK1,28940,0.09779285688793003,True,True,2016-09-20
2016-09-20,MOCK1,467421,0.031040100754501664,True,True,2016-09-21
2016-09-21,MOCK1,310553,0.11140542676803589,True,True,2016-09-22
2016-09-22,MOCK1,723778,0.05070740316589345,True,True,2016-09-23
2016-09-23,MOCK1,385002,0.03680679423631105,True,True,2016-09-24
2016-09-26,MOCK1,387123,0.07511290342479345,True,True,2016-09-27
2016-09-27,MOCK1,241609,0.13621858241770568,True,True,2016-09-28
2016-09-28,MOCK1,97672,0.046382345427276664,True,True,2016-09-29
2016-09-29,MOCK1,155211,0.025671572961476055,True,True,2016-09-30
2016-09-30,MOCK1,937716,0.09559921419452616,True,True,2016-10-01
2016-10-03,MOCK1,820126,0.0841000731272864,True,True,2016-10-04
2016-10-04,MOCK1,543120,0.06359205038804248,True,True,2016-10-05
2016-10-05,MOCK1,426542,0.06063249891799655,True,True,2016-10-06
2016-10-06,MOCK1,384194,0.05421953717811044,True,True,2016-10-07
2016-10-07,MOCK1,873322,0.07437056157159933,True,True,2016-10-08
2016-10-10,MOCK1,941056,0.0326389743199872,True,True,2016-10-11
2016-10-11,MOCK1,827638,0.10822123593654163,True,True,2016-10-12
2016-10-12,MOCK1,958873,0.055528555110009634,True,True,2016-10-13
2016-10-13,MOCK1,679829,0.1125211928915277,True,True,2016-10-14
2016-10-14,MOCK1,497395,0.05101482409870137,True,True,2016-10-15
2016-10-17,MOCK1,979176,0.03100200423772253,True,True,2016-10-18
2016-10-18,MOCK1,647320,0.1418817846485098,True,True,2016-10-19
2016-10-19,MOCK1,251049,0.06926442063368855,True,True,2016-10-20
2016-10-20,MOCK1,919536,0.13982544236223468,True,True,2016-10-21
2016-10-21,MOCK1,766598,0.09040822689707856,True,True,2016-10-22
2016-10-24,MOCK1,438283,0.07245469313336786,True,True,2016-10-25
2016-10-25,MOCK1,325327,0.036665802026247266,True,True,2016-10-26
2016-10-26,MOCK1,782607,0.11867612369527693,True,True,2016-10-27
2016-10-27,MOCK1,716488,0.08013249180661978,True,True,2016-10-28
2016-10-28,MOCK1,330369,0.09904260439424548,True,True,2016-10-29
2016-10-31,MOCK1,417979,0.03316272806466997,True,True,2016-11-01
2016-11-01,MOCK1,683698,0.09263855718619883,True,True,2016-11-02
2016-11-02,MOCK1,330689,0.01845860728313383,True,True,2016-11-03
2016-11-03,MOCK1,732384,0.05403986653719396,True,True,2016-11-04
2016-11-04,MOCK1,773669,0.14395254406678382,True,True,2016-11-05
2016-11-07,MOCK1,813291,0.02769716444793712,True,True,2016-11-08
2016-11-08,MOCK1,659015,0.018479561892705644,True,True,2016-11-09
2016-11-09,MOCK1,225013,0.03860932238594925,True,True,2016-11-10
2016-11-10,MOCK1,379935,0.14815050335158667,True,True,2016-11-11
2016-11-11,MOCK1,950175,0.07336421206614588,True,True,2016-11-12
2016-11-14,MOCK1,792938,0.1451064134087822,True,True,2016-11-15
2016-11-15,MOCK1,33185,0.13902705121682832,True,True,2016-11-16
2016-11-16,MOCK1,879611,0.05687025734764833,True,True,2016-11-17
2016-11-17,MOCK1,48720,0.11259832337707902,True,True,2016-11-18
2016-11-18,MOCK1,88714,0.11250797036187633,True,True,2016-11-19
2016-11-21,MOCK1,623727,0.10015417564443048,True,True,2016-11-22
2016-11-22,MOCK1,54250,0.07972111758480577,True,True,2016-11-23
2016-11-23,MOCK1,64073,0.07835684619279801,True,True,2016-11-24
2016-11-24,MOCK1,456500,0.0656009269050676,True,True,2016-11-25
2016-11-25,MOCK1,378924,0.12500508545809652,True,True,2016-11-26
2016-11-28,MOCK1,242069,0.042476377581009826,True,True,2016-11-29
2016-11-29,MOCK1,207116,0.04217909832398122,True,True,2016-11-30
2016-11-30,MOCK1,23209,0.10053542594304561,True,True,2016-12-01
2016-12-01,MOCK1,149172,0.06985187758775804,True,True,2016-12-02
2016-12-02,MOCK1,362097,0.07559756082211258,True,True,2016-12-03
2016-12-05,MOCK1,587956,0.11208875866907364,True,True,2016-12-06
2016-12-06,MOCK1,6851,0.04341236376824359,True,True,2016-12-07
2016-12-07,MOCK1,622948,0.12614626423936184,True,True,2016-12-08
2016-12-08,MOCK1,587503,0.12017004969631445,True,True,2016-12-09
2016-12-09,MOCK1,55755,0.11304035118769913,True,True,2016-12-10
2016-12-12,MOCK1,579600,0.11395174675320181,True,True,2016-12-13
2016-12-13,MOCK1,728418,0.13708468261320822,True,True,2016-12-14
2016-12-14,MOCK1,938086,0.043917397268270764,True,True,2016-12-15
2016-12-15,MOCK1,368587,0.11887447043736293,True,True,2016-12-16
2016-12-16,MOCK1,980202,0.06730913187974007,True,True,2016-12-17
2016-12-19,MOCK1,99284,0.06452072467251094,True,True,2016-12-20
2016-12-20,MOCK1,224040,0.11130887542836952,True,True,2016-12-21
2016-12-21,MOCK1,795879,0.0187002426218168,True,True,2016-12-22
2016-12-22,MOCK1,15097,0.04181932173795157,True,True,2016-12-23
2016-12-23,MOCK1,322720,0.04306482736310548,True,True,2016-12-24
2016-12-26,MOCK1,439762,0.10023290976743827,True,True,2016-12-27
2016-12-27,MOCK1,978722,0.01974597109581663,True,True,2016-12-28
2016-12-28,MOCK1,866828,0.049151489477159485,True,True,2016-12-29
2016-12-29,MOCK1,480698,0.14764023573465124,True,True,2016-12-30
2016-12-30,MOCK1,37255,0.024330177410182473,True,True,2016-12-31
2017-01-02,MOCK1,661172,0.0977335558060984,True,True,2017-01-03
2017-01-03,MOCK1,895620,0.12318684155980773,True,True,2017-01-04
2017-01-04,MOCK1,586414,0.010269588180366645,True,True,2017-01-05
2017-01-05,MOCK1,74608,0.114141809961877,True,True,2017-01-06
2017-01-06,MOCK1,538484,0.014422730107624397,True,True,2017-01-07
2017-01-09,MOCK1,590618,0.05348084332041668,True,True,2017-01-10
2017-01-10,MOCK1,430272,0.039764925222682476,True,True,2017-01-11
2017-01-11,MOCK1,638012,0.09209895880043448,True,True,2017-01-12
2017-01-12,MOCK1,1729,0.1434541532928071,True,True,2017-01-13
2017-01-13,MOCK1,934192,0.11908735937082261,True,True,2017-01-14
2017-01-16,MOCK1,409269,0.14502688547937453,True,True,2017-01-17
2017-01-17,MOCK1,495627,0.08975153370182051,True,True,2017-01-18
2017-01-18,MOCK1,518464,0.07599876057959326,True,True,2017-01-19
2017-01-19,MOCK1,499806,0.01511563318929099,True,True,2017-01-20
2017-01-20,MOCK1,986595,0.07700501360846061,True,True,2017-01-21
2017-01-23,MOCK1,665874,0.010326332858823008,True,True,2017-01-24
2017-01-24,MOCK1,192509,0.06690410304116294,True,True,2017-01-25
2017-01-25,MOCK1,59267,0.03504560917470698,True,True,2017-01-26
2017-01-26,MOCK1,441074,0.0377876476244658,True,True,2017-01-27
2017-01-27,MOCK1,967303,0.0198422548898336,True,True,2017-01-28
2017-01-30,MOCK1,189313,0.05801038985701605,True,True,2017-01-31
2017-01-31,MOCK1,370479,0.10228342406505729,True,True,2017-02-01
2017-02-01,MOCK1,929921,0.10120572314971059,True,True,2017-02-02
2017-02-02,MOCK1,636794,0.06506193215942833,True,True,2017-02-03
2017-02-03,MOCK1,677601,0.0171359631673439,True,True,2017-02-04
2017-02-06,MOCK1,635501,0.03630860292183249,True,True,2017-02-07
2017-02-07,MOCK1,33208,0.04823914702429829,True,True,2017-02-08
2017-02-08,MOCK1,574028,0.05417230206484949,True,True,2017-02-09
2017-02-09,MOCK1,642974,0.011436053802156588,True,True,2017-02-10
2017-02-10,MOCK1,541584,0.12518606365861532,True,True,2017-02-11
2017-02-13,MOCK1,266714,0.03893480387207972,True,True,2017-02-14
2017-02-14,MOCK1,791173,0.05895936726990012,True,True,2017-02-15
2017-02-15,MOCK1,584564,0.012502451121682176,True,True,2017-02-16
2017-02-16,MOCK1,57209,0.10138585134303102,True,True,2017-02-17
2017-02-17,MOCK1,231737,0.12504388970280103,True,True,2017-02-18
2017-02-20,MOCK1,801879,0.145210967178841,True,True,2017-02-21
2017-02-21,MOCK1,176126,0.03187160167232555,True,True,2017-02-22
2017-02-22,MOCK1,292876,0.011971993037873094,True,True,2017-02-23
2017-02-23,MOCK1,827665,0.019178761720570835,True,True,2017-02-24
2017-02-24,MOCK1,490678,0.04011431260961055,True,True,2017-02-25
2017-02-27,MOCK1,289519,0.05087805135040242,True,True,2017-02-28
2017-02-28,MOCK1,475733,0.07002775277934732,True,True,2017-03-01
2017-03-01,MOCK1,722371,0.05419351127608723,True,True,2017-03-02
2017-03-02,MOCK1,784021,0.11255038365438243,True,True,2017-03-03
2017-03-03,MOCK1,472123,0.11421864585568586,True,True,2017-03-04
2017-03-06,MOCK1,917340,0.07637746969557006,True,True,2017-03-07
2017-03-07,MOCK1,141655,0.015486133773686128,True,True,2017-03-08
2017-03-08,MOCK1,159109,0.017674348684940888,True,True,2017-03-09
2017-03-09,MOCK1,993913,0.14970084190695465,True,True,2017-03-10
2017-03-10,MOCK1,694979,0.12380181645512561,True,True,2017-03-11
2017-03-13,MOCK1,889622,0.13532480432717495,True,True,2017-03-14
2017-03-14,MOCK1,107297,0.12854430315800291,True,True,2017-03-15
2017-03-15,MOCK1,269868,0.031166876319367112,True,True,2017-03-16
2017-03-16,MOCK1,999310,0.049141023786699246,True,True,2017-03-17
2017-03-17,MOCK1,132961,0.0455494801578101,True,True,2017-03-18
2017-03-20,MOCK1,590003,0.06943858967407746,True,True,2017-03-21
2017-03-21,MOCK1,555662,0.09001520056227333,True,True,2017-03-22
2017-03-22,MOCK1,921171,0.06763711642164794,True,True,2017-03-23
2017-03-23,MOCK1,511556,0.04638147150232457,True,True,2017-03-24
2017-03-24,MOCK1,305224,0.05935074548424144,True,True,2017-03-25
2017-03-27,MOCK1,168132,0.07663457456360376,True,True,2017-03-28
2017-03-28,MOCK1,857143,0.12541686739084848,True,True,2017-03-29
2017-03-29,MOCK1,475946,0.11752656260183908,True,True,2017-03-30
2017-03-30,MOCK1,326496,0.028539797471007287,True,True,2017-03-31
2017-03-31,MOCK1,767488,0.026097596501312346,True,True,2017-04-01
2017-04-03,MOCK1,341678,0.12740410143407804,True,True,2017-04-04
2017-04-04,MOCK1,387142,0.11526654325213025,True,True,2017-04-05
2017-04-05,MOCK1,717946,0.07411873937427153,True,True,2017-04-06
2017-04-06,MOCK1,477238,0.0688460070627062,True,True,2017-04-07
2017-04-07,MOCK1,906882,0.0422699603970385,True,True,2017-04-08
2017-04-10,MOCK1,639774,0.08199120458443038,True,True,2017-04-11
2017-04-11,MOCK1,914647,0.07322615620027995,True,True,2017-04-12
2017-04-12,MOCK1,618711,0.0358164999453384,True,True,2017-04-13
2017-04-13,MOCK1,647713,0.05661851576095548,True,True,2017-04-14
2017-04-14,MOCK1,278405,0.11275155593549,True,True,2017-04-15
2017-04-17,MOCK1,613817,0.1250330129741591,True,True,2017-04-18
2017-04-18,MOCK1,336179,0.09884229650083749,True,True,2017-04-19
2017-04-19,MOCK1,143853,0.028999734987053105,True,True,2017-04-20
2017-04-20,MOCK1,834864,0.0886670284074823,True,True,2017-04-21
2017-04-21,MOCK1,811199,0.11104290182715487,True,True,2017-04-22
2017-04-24,MOCK1,883123,0.03996536569015494,True,True,2017-04-25
2017-04-25,MOCK1,700475,0.09547788086048477,True,True,2017-04-26
2017-04-26,MOCK1,765179,0.044741443391803214,True,True,2017-04-27
2017-04-27,MOCK1,255548,0.08385109687174354,True,True,2017-04-28
2017-04-28,MOCK1,498993,0.12407442606684116,True,True,2017-04-29
2017-05-01,MOCK1,819874,0.0758121996235649,True,True,2017-05-02
2017-05-02,MOCK1,177693,0.03424509258254921,True,True,2017-05-03
2017-05-03,MOCK1,250524,0.08143723569098876,True,True,2017-05-04
2017-05-04,MOCK1,563758,0.11117836885282038,True,True,2017-05-05
2017-05-05,MOCK1,429072,0.1381473393530322,True,True,2017-05-06
2017-05-08,MOCK1,553460,0.03409755399095164,True,True,2017-05-09
2017-05-09,MOCK1,76579,0.047223637791045305,True,True,2017-05-10
2017-05-10,MOCK1,337509,0.1018016471187381,True,True,2017-05-11
2017-05-11,MOCK1,255441,0.07310652958931027,True,True,2017-05-12
2017-05-12,MOCK1,502993,0.07480616765709051,True,True,2017-05-13
2017-05-15,MOCK1,579107,0.09933290188801067,True,True,2017-05-16
2017-05-16,MOCK1,818876,0.126003247005244,True,True,2017-05-17
2017-05-17,MOCK1,916720,0.10209898702979113,True,True,2017-05-18
2017-05-18,MOCK1,990808,0.10444550871093686,True,True,2017-05-19
2017-05-19,MOCK1,782765,0.013764939238951425,True,True,2017-05-20
2017-05-22,MOCK1,457840,0.14973855540833383,True,True,2017-05-23
2017-05-23,MOCK1,488448,0.08886827141935795,True,True,2017-05-24
2017-05-24,MOCK1,704512,0.14163077766060345,True,True,2017-05-25
2017-05-25,MOCK1,689785,0.031940105327670575,True,True,2017-05-26
2017-05-26,MOCK1,946797,0.06926435068916144,True,True,2017-05-27
2017-05-29,MOCK1,30554,0.11287422683242057,True,True,2017-05-30
2017-05-30,MOCK1,928947,0.041455450594754396,True,True,2017-05-31
2017-05-31,MOCK1,47827,0.11127320092506261,True,True,2017-06-01
2017-06-01,MOCK1,868120,0.015319609160403142,True,True,2017-06-02
2017-06-02,MOCK1,7065,0.07609406994251533,True,True,2017-06-03
2017-06-05,MOCK1,186165,0.04742096761789641,True,True,2017-06-06
2017-06-06,MOCK1,774347,0.05924894732309838,True,True,2017-06-07
2017-06-07,MOCK1,539743,0.019756629066447387,True,True,2017-06-08
2017-06-08,MOCK1,69187,0.014301155928464515,True,True,2017-06-09
2017-06-09,MOCK1,938361,0.12353065001854473,True,True,2017-06-10
2017-06-12,MOCK1,97833,0.02055484316981649,True,True,2017-06-13
2017-06-13,MOCK1,163866,0.05777586971068173,True,True,2017-06-14
2017-06-14,MOCK1,919328,0.11265641366117102,True,True,2017-06-15
2017-06-15,MOCK1,591767,0.06297679191936757,True,True,2017-06-16
2017-06-16,MOCK1,732690,0.12387474722946284,True,True,2017-06-17
2017-06-19,MOCK1,494914,0.05726473039621744,True,True,2017-06-20
2017-06-20,MOCK1,480362,0.14439927690282392,True,True,2017-06-21
2017-06-21,MOCK1,867439,0.10338452900346413,True,True,2017-06-22
2017-06-22,MOCK1,885942,0.08878303016213747,True,True,2017-06-23
2017-06-23,MOCK1,399836,0.04138550056403218,True,True,2017-06-24
2017-06-26,MOCK1,523287,0.07965113989740046,True,True,2017-06-27
2017-06-27,MOCK1,128500,0.0449311777307467,True,True,2017-06-28
2017-06-28,MOCK1,827219,0.12649760582965575,True,True,2017-06-29
2017-06-29,MOCK1,749462,0.14842534836722418,True,True,2017-06-30
2017-06-30,MOCK1,809816,0.10179625486781117,True,True,2017-07-01
2017-07-03,MOCK1,907743,0.13612613278870928,True,True,2017-07-04
2017-07-04,MOCK1,845428,0.04621068121315096,True,True,2017-07-05
2017-07-05,MOCK1,295891,0.03809702234366798,True,True,2017-07-06
2017-07-06,MOCK1,632836,0.09400848298919737,True,True,2017-07-07
2017-07-07,MOCK1,651959,0.05329026277482705,True,True,2017-07-08
2017-07-10,MOCK1,584096,0.1377712027111009,True,True,2017-07-11
2017-07-11,MOCK1,383787,0.11533418528388019,True,True,2017-07-12
2017-07-12,MOCK1,601180,0.0387356741788003,True,True,2017-07-13
2017-07-13,MOCK1,327102,0.08685892325522702,True,True,2017-07-14
2017-07-14,MOCK1,209451,0.10552413803818433,True,True,2017-07-15
2017-07-17,MOCK1,915967,0.0852726480655545,True,True,2017-07-18
2017-07-18,MOCK1,764811,0.08212156772454418,True,True,2017-07-19
2017-07-19,MOCK1,723365,0.09334442889304162,True,True,2017-07-20
2017-07-20,MOCK1,593408,0.04141986380580974,True,True,2017-07-21
2017-07-21,MOCK1,371908,0.08188663171025909,True,True,2017-07-22
2017-07-24,MOCK1,322874,0.055083479486621,True,True,2017-07-25
2017-07-25,MOCK1,673594,0.039243967855719215,True,True,2017-07-26
2017-07-26,MOCK1,944675,0.053993518542093534,True,True,2017-07-27
2017-07-27,MOCK1,266010,0.017886325295886542,True,True,2017-07-28
2017-07-28,MOCK1,978853,0.12121812750794485,True,True,2017-07-29
2017-07-31,MOCK1,437869,0.1181439307235662,True,True,2017-08-01
2017-08-01,MOCK1,390500,0.12302009172788006,True,True,2017-08-02
2017-08-02,MOCK1,362327,0.12749452920502274,True,True,2017-08-03
2017-08-03,MOCK1,530676,0.13209970016346914,True,True,2017-08-04
2017-08-04,MOCK1,994915,0.11804231582265738,True,True,2017-08-05
2017-08-07,MOCK1,332181,0.02198732468485337,True,True,2017-08-08
2017-08-08,MOCK1,330633,0.0637738156641308,True,True,2017-08-09
2017-08-09,MOCK1,283899,0.13129565928222858,True,True,2017-08-10
2017-08-10,MOCK1,791807,0.1185553651199276,True,True,2017-08-11
2017-08-11,MOCK1,530592,0.07362180565406537,True,True,2017-08-12
2017-08-14,MOCK1,117241,0.13859872646460336,True,True,2017-08-15
2017-08-15,MOCK1,691491,0.06692454355979602,True,True,2017-08-16
2017-08-16,MOCK1,370702,0.13926153316575457,True,True,2017-08-17
2017-08-17,MOCK1,20460,0.07744093453388697,True,True,2017-08-18
2017-08-18,MOCK1,954137,0.03470949905097038,True,True,2017-08-19
2017-08-21,MOCK1,992104,0.14217945773221974,True,True,2017-08-22
2017-08-22,MOCK1,440789,0.14564479877605876,True,True,2017-08-23
2017-08-23,MOCK1,840437,0.11837439625608927,True,True,2017-08-24
2017-08-24,MOCK1,546998,0.07014810280175936,True,True,2017-08-25
2017-08-25,MOCK1,666995,0.06208307837315357,True,True,2017-08-26
2017-08-28,MOCK1,742426,0.07924906057520555,True,True,2017-08-29
2017-08-29,MOCK1,116294,0.07162132053939269,True,True,2017-08-30
2017-08-30,MOCK1,299740,0.0545582010758551,True,True,2017-08-31
2017-08-31,MOCK1,448567,0.07825047467927261,True,True,2017-09-01
2017-09-01,MOCK1,564807,0.09345051960881105,True,True,2017-09-02
2017-09-04,MOCK1,671511,0.1455703611614749,True,True,2017-09-05
2017-09-05,MOCK1,484733,0.14567931800387376,True,True,2017-09-06
2017-09-06,MOCK1,194654,0.054917357367789965,True,True,2017-09-07
2017-09-07,MOCK1,213174,0.09646598508214635,True,True,2017-09-08
2017-09-08,MOCK1,979146,0.029602764024476848,True,True,2017-09-09
2017-09-11,MOCK1,440962,0.09061989045038227,True,True,2017-09-12
2017-09-12,MOCK1,382756,0.04392073852591089,True,True,2017-09-13
2017-09-13,MOCK1,805071,0.059065569346488565,True,True,2017-09-14
2017-09-14,MOCK1,579413,0.04552999912397569,True,True,2017-09-15
2017-09-15,MOCK1,543841,0.10444158664240183,True,True,2017-09-16
2017-09-18,MOCK1,175270,0.05121253184439838,True,True,2017-09-19
2017-09-19,MOCK1,396994,0.024488538233642828,True,True,2017-09-20
2017-09-20,MOCK1,864431,0.13501422030776786,True,True,2017-09-21
2017-09-21,MOCK1,187517,0.1218005734021502,True,True,2017-09-22
2017-09-22,MOCK1,456239,0.06191627710391296,True,True,2017-09-23
2017-09-25,MOCK1,599561,0.032899012069486575,True,True,2017-09-26
2017-09-26,MOCK1,620478,0.04185338437949361,True,True,2017-09-27
2017-09-27,MOCK1,435429,0.0464737625475514,True,True,2017-09-28
2017-09-28,MOCK1,951624,0.02562375380278928,True,True,2017-09-29
2017-09-29,MOCK1,439758,0.023921708396263806,True,True,2017-09-30
2017-10-02,MOCK1,23638,0.016191358136599915,True,True,2017-10-03
2017-10-03,MOCK1,230500,0.10527573416266486,True,True,2017-10-04
2017-10-04,MOCK1,632185,0.05934139006866132,True,True,2017-10-05
2017-10-05,MOCK1,887347,0.08534744046855589,True,True,2017-10-06
2017-10-06,MOCK1,294106,0.14683080033252294,True,True,2017-10-07
2017-10-09,MOCK1,42979,0.07501588863530136,True,True,2017-10-10
2017-10-10,MOCK1,726973,0.13375362529762574,True,True,2017-10-11
2017-10-11,MOCK1,588299,0.05554467385185004,True,True,2017-10-12
2017-10-12,MOCK1,659413,0.0561808399132638,True,True,2017-10-13
2017-10-13,MOCK1,395583,0.03968908204948014,True,True,2017-10-14
2017-10-16,MOCK1,172575,0.05494429041280057,True,True,2017-10-17
2017-10-17,MOCK1,897284,0.09520854482418191,True,True,2017-10-18
2017-10-18,MOCK1,573650,0.019074765491469123,True,True,2017-10-19
2017-10-19,MOCK1,288273,0.07164945315996307,True,True,2017-10-20
2017-10-20,MOCK1,894278,0.0444581779172342,True,True,2017-10-21
2017-10-23,MOCK1,824056,0.13900668378136097,True,True,2017-10-24
2017-10-24,MOCK1,900606,0.021503100026649076,True,True,2017-10-25
2017-10-25,MOCK1,489678,0.07737363014416518,True,True,2017-10-26
2017-10-26,MOCK1,519900,0.0666222005701068,True,True,2017-10-27
2017-10-27,MOCK1,271942,0.012688656198240195,True,True,2017-10-28
2017-10-30,MOCK1,597048,0.11605589581244108,True,True,2017-10-31
2017-10-31,MOCK1,140355,0.08740389239710111,True,True,2017-11-01
2017-11-01,MOCK1,192034,0.04683931473595456,True,True,2017-11-02
2017-11-02,MOCK1,275260,0.04010061413016039,True,True,2017-11-03
2017-11-03,MOCK1,494416,0.033375475803930556,True,True,2017-11-04
2017-11-06,MOCK1,103457,0.03890833311241731,True,True,2017-11-07
2017-11-07,MOCK1,917793,0.06828091046534447,True,True,2017-11-08
2017-11-08,MOCK1,304319,0.06437900843949909,True,True,2017-11-09
2017-11-09,MOCK1,65976,0.13919285420832975,True,True,2017-11-10
2017-11-10,MOCK1,662973,0.09695029004807412,True,True,2017-11-11
2017-11-13,MOCK1,212728,0.05193544031383853,True,True,2017-11-14
2017-11-14,MOCK1,15980,0.08223790094635518,True,True,2017-11-15
2017-11-15,MOCK1,889493,0.03500759316686657,True,True,2017-11-16
2017-11-16,MOCK1,749097,0.13676709022671532,True,True,2017-11-17
2017-11-17,MOCK1,557494,0.08980119190636764,True,True,2017-11-18
2017-11-20,MOCK1,261385,0.14886344983756467,True,True,2017-11-21
2017-11-21,MOCK1,180996,0.10552440241681367,True,True,2017-11-22
2017-11-22,MOCK1,818269,0.13907509250809066,True,True,2017-11-23
2017-11-23,MOCK1,559454,0.1100461740552175,True,True,2017-11-24
2017-11-24,MOCK1,669638,0.12980137178504858,True,True,2017-11-25
2017-11-27,MOCK1,959650,0.031104282986841897,True,True,2017-11-28
2017-11-28,MOCK1,515261,0.14581828054711782,True,True,2017-11-29
2017-11-29,MOCK1,135023,0.04699020456219758,True,True,2017-11-30
2017-11-30,MOCK1,552196,0.05720420653547293,True,True,2017-12-01
2017-12-01,MOCK1,884828,0.037642862801446575,True,True,2017-12-02
2017-12-04,MOCK1,170922,0.1345934882444451,True,True,2017-12-05
2017-12-05,MOCK1,702815,0.076595280284503,True,True,2017-12-06
2017-12-06,MOCK1,433129,0.07137072142301013,True,True,2017-12-07
2017-12-07,MOCK1,897306,0.08666148517707223,True,True,2017-12-08
2017-12-08,MOCK1,219697,0.1121803973010554,True,True,2017-12-09
2017-12-11,MOCK1,754864,0.04277503302411275,True,True,2017-12-12
2017-12-12,MOCK1,409065,0.0684493652047786,True,True,2017-12-13
2017-12-13,MOCK1,200121,0.04293594098266776,True,True,2017-12-14
2017-12-14,MOCK1,957681,0.04059455902006513,True,True,2017-12-15
2017-12-15,MOCK1,291223,0.1257606334753962,True,True,2017-12-16
2017-12-18,MOCK1,777865,0.14312627895374172,True,True,2017-12-19
2017-12-19,MOCK1,384637,0.10264040874008658,True,True,2017-12-20
2017-12-20,MOCK1,704653,0.060680239602382925,True,True,2017-12-21
2017-12-21,MOCK1,424989,0.05193160661754692,True,True,2017-12-22
2017-12-22,MOCK1,438606,0.057593899507923714,True,True,2017-12-23
2017-12-25,MOCK1,70145,0.08015675587701909,True,True,2017-12-26
2017-12-26,MOCK1,718301,0.11247148731683491,True,True,2017-12-27
2017-12-27,MOCK1,768979,0.07753641318356114,True,True,2017-12-28
2017-12-28,MOCK1,657346,0.12299654128951928,True,True,2017-12-29
2017-12-29,MOCK1,65853,0.028810997852868198,True,True,2017-12-30
2018-01-01,MOCK1,525300,0.10303863314971963,True,True,2018-01-02
2018-01-02,MOCK1,147396,0.09812488460202264,True,True,2018-01-03
2018-01-03,MOCK1,683153,0.1120637177136017,True,True,2018-01-04
2018-01-04,MOCK1,948907,0.035475831994008555,True,True,2018-01-05
2018-01-05,MOCK1,715521,0.11893238860467024,True,True,2018-01-06
2018-01-08,MOCK1,173900,0.016239657362610075,True,True,2018-01-09
2018-01-09,MOCK1,716660,0.035977740034940406,True,True,2018-01-10
2018-01-10,MOCK1,813826,0.10705228745731123,True,True,2018-01-11
2018-01-11,MOCK1,458318,0.14689345590673977,True,True,2018-01-12
2018-01-12,MOCK1,531801,0.04748187228437417,True,True,2018-01-13
2018-01-15,MOCK1,18918,0.06346419153602323,True,True,2018-01-16
2018-01-16,MOCK1,484779,0.06711354215595393,True,True,2018-01-17
2018-01-17,MOCK1,937076,0.036403574426605384,True,True,2018-01-18
2018-01-18,MOCK1,471885,0.02199144320429929,True,True,2018-01-19
2018-01-19,MOCK1,821773,0.1325003706639408,True,True,2018-01-20
2018-01-22,MOCK1,730621,0.018902199355470373,True,True,2018-01-23
2018-01-23,MOCK1,143321,0.14585295916620966,True,True,2018-01-24
2018-01-24,MOCK1,934470,0.030964065103360174,True,True,2018-01-25
2018-01-25,MOCK1,898460,0.02100840564250127,True,True,2018-01-26
2018-01-26,MOCK1,29954,0.12817196452859592,True,True,2018-01-27
2018-01-29,MOCK1,894579,0.010107209190647478,True,True,2018-01-30
2018-01-30,MOCK1,119279,0.08782384601888914,True,True,2018-01-31
2018-01-31,MOCK1,117279,0.12855552451144314,True,True,2018-02-01
2018-02-01,MOCK1,603904,0.08154656147125292,True,True,2018-02-02
2018-02-02,MOCK1,946456,0.021015871657291282,True,True,2018-02-03
2018-02-05,MOCK1,713347,0.013555632849010546,True,True,2018-02-06
2018-02-06,MOCK1,333388,0.015417272237085045,True,True,2018-02-07
2018-02-07,MOCK1,538992,0.08373891728927348,True,True,2018-02-08
2018-02-08,MOCK1,431439,0.13338076844552113,True,True,2018-02-09
2018-02-09,MOCK1,651540,0.019745797812635045,True,True,2018-02-10
2018-02-12,MOCK1,609973,0.10107631714970378,True,True,2018-02-13
2018-02-13,MOCK1,783355,0.12946812147401202,True,True,2018-02-14
2018-02-14,MOCK1,736002,0.13860231782703974,True,True,2018-02-15
2018-02-15,MOCK1,134557,0.016840241016392133,True,True,2018-02-16
2018-02-16,MOCK1,982147,0.031002071273843586,True,True,2018-02-17
2018-02-19,MOCK1,684781,0.09137952715118641,True,True,2018-02-20
2018-02-20,MOCK1,420531,0.08849464147819056,True,True,2018-02-21
2018-02-21,MOCK1,395088,0.03759201477224347,True,True,2018-02-22
2018-02-22,MOCK1,34731,0.14740027202358888,True,True,2018-02-23
2018-02-23,MOCK1,125549,0.14027695539515703,True,True,2018-02-24
2018-02-26,MOCK1,951065,0.050908151804980206,True,True,2018-02-27
2018-02-27,MOCK1,967925,0.12679408200552217,True,True,2018-02-28
2018-02-28,MOCK1,274741,0.022524135004288695,True,True,2018-03-01
2018-03-01,MOCK1,405312,0.12015888165446732,True,True,2018-03-02
2018-03-02,MOCK1,688148,0.09286640026854219,True,True,2018-03-03
2018-03-05,MOCK1,562046,0.1421524514111589,True,True,2018-03-06
2018-03-06,MOCK1,704924,0.10926644416559017,True,True,2018-03-07
2018-03-07,MOCK1,995818,0.11819498852282728,True,True,2018-03-08
2018-03-08,MOCK1,233416,0.03569857209889903,True,True,2018-03-09
2018-03-09,MOCK1,758870,0.062313058813775,True,True,2018-03-10
2018-03-12,MOCK1,237379,0.062357270922315376,True,True,2018-03-13
2018-03-13,MOCK1,135536,0.10407240851356167,True,True,2018-03-14
2018-03-14,MOCK1,222865,0.09815729843699987,True,True,2018-03-15
2018-03-15,MOCK1,564405,0.14915406001712783,True,True,2018-03-16
2018-03-16,MOCK1,376366,0.0749135537343364,True,True,2018-03-17
2018-03-19,MOCK1,321570,0.03210009719653572,True,True,2018-03-20
2018-03-20,MOCK1,53760,0.04587625964409829,True,True,2018-03-21
2018-03-21,MOCK1,825666,0.1457288545914705,True,True,2018-03-22
2018-03-22,MOCK1,990181,0.09360353120571928,True,True,2018-03-23
2018-03-23,MOCK1,980533,0.03211493121763911,True,True,2018-03-24
2018-03-26,MOCK1,378073,0.11085595803893981,True,True,2018-03-27
2018-03-27,MOCK1,867047,0.03350512944703617,True,True,2018-03-28
2018-03-28,MOCK1,502881,0.061459644206455014,True,True,2018-03-29
2018-03-29,MOCK1,752533,0.13786240942200498,True,True,2018-03-30
2018-03-30,MOCK1,324344,0.011479461476488711,True,True,2018-03-31
2018-04-02,MOCK1,660152,0.07889601480280334,True,True,2018-04-03
2018-04-03,MOCK1,585377,0.08227134304294949,True,True,2018-04-04
2018-04-04,MOCK1,415008,0.042972907915966405,True,True,2018-04-05
2018-04-05,MOCK1,70204,0.03471879503364759,True,True,2018-04-06
2018-04-06,MOCK1,960645,0.026727311033919447,True,True,2018-04-07
2018-04-09,MOCK1,67388,0.08988273293853977,True,True,2018-04-10
2018-04-10,MOCK1,72438,0.05841825477850585,True,True,2018-04-11
2018-04-11,MOCK1,553839,0.10913138709694088,True,True,2018-04-12
2018-04-12,MOCK1,474405,0.10063445529389418,True,True,2018-04-13
2018-04-13,MOCK1,713599,0.07512158466441991,True,True,2018-04-14
2018-04-16,MOCK1,99618,0.05456135047074367,True,True,2018-04-17
2018-04-17,MOCK1,360565,0.011419644363507887,True,True,2018-04-18
2018-04-18,MOCK1,727681,0.016818626902394412,True,True,2018-04-19
2018-04-19,MOCK1,294918,0.048196966127157896,True,True,2018-04-20
2018-04-20,MOCK1,521161,0.0715759550285765,True,True,2018-04-21
2018-04-23,MOCK1,901549,0.1396643295478765,True,True,2018-04-24
2018-04-24,MOCK1,246613,0.1297392112226569,True,True,2018-04-25
2018-04-25,MOCK1,364377,0.014608927388263103,True,True,2018-04-26
2018-04-26,MOCK1,543139,0.027535777825795908,True,True,2018-04-27
2018-04-27,MOCK1,157349,0.1107857648537282,True,True,2018-04-28
2018-04-30,MOCK1,210188,0.04170767718488022,True,True,2018-05-01
2018-05-01,MOCK1,343797,0.01955894437393149,True,True,2018-05-02
2018-05-02,MOCK1,463783,0.07159488346609813,True,True,2018-05-03
2018-05-03,MOCK1,989276,0.01042382716417628,True,True,2018-05-04
2018-05-04,MOCK1,653394,0.0762458371452792,True,True,2018-05-05
2018-05-07,MOCK1,108668,0.03908066671573567,True,True,2018-05-08
2018-05-08,MOCK1,176378,0.14684268518379553,True,True,2018-05-09
2018-05-09,MOCK1,538011,0.10524077380921318,True,True,2018-05-10
2018-05-10,MOCK1,329490,0.08042325970442202,True,True,2018-05-11
2018-05-11,MOCK1,125198,0.11432636787625264,True,True,2018-05-12
2018-05-14,MOCK1,204895,0.05785253183214147,True,True,2018-05-15
2018-05-15,MOCK1,938544,0.03803623119524936,True,True,2018-05-16
2018-05-16,MOCK1,838402,0.07840685321900179,True,True,2018-05-17
2018-05-17,MOCK1,901041,0.021279244677754557,True,True,2018-05-18
2018-05-18,MOCK1,401208,0.0831194466055006,True,True,2018-05-19
2018-05-21,MOCK1,349533,0.12444935156796091,True,True,2018-05-22
2018-05-22,MOCK1,35921,0.0909350606751323,True,True,2018-05-23
2018-05-23,MOCK1,362896,0.14509656125132306,True,True,2018-05-24
2018-05-24,MOCK1,168831,0.09806208481774163,True,True,2018-05-25
2018-05-25,MOCK1,93757,0.056677559451398275,True,True,2018-05-26
2018-05-28,MOCK1,963607,0.109786046352732,True,True,2018-05-29
2018-05-29,MOCK1,838103,0.055143389528072254,True,True,2018-05-30
2018-05-30,MOCK1,488010,0.14542710477632478,True,True,2018-05-31
2018-05-31,MOCK1,402855,0.07238986071874752,True,True,2018-06-01
2018-06-01,MOCK1,503437,0.09653463973621687,True,True,2018-06-02
2018-06-04,MOCK1,759823,0.03187861106195713,True,True,2018-06-05
2018-06-05,MOCK1,993860,0.10853632048450407,True,True,2018-06-06
2018-06-06,MOCK1,644275,0.03284076400662205,True,True,2018-06-07
2018-06-07,MOCK1,929288,0.07297712107436637,True,True,2018-06-08
2018-06-08,MOCK1,160991,0.12513223662704878,True,True,2018-06-09
2018-06-11,MOCK1,250291,0.09959122494322695,True,True,2018-06-12
2018-06-12,MOCK1,801389,0.020179416504292016,True,True,2018-06-13
2018-06-13,MOCK1,651956,0.09998057341350568,True,True,2018-06-14
2018-06-14,MOCK1,419713,0.1179482353723033,True,True,2018-06-15
2018-06-15,MOCK1,94150,0.04841166206373275,True,True,2018-06-16
2018-06-18,MOCK1,1927,0.016398134368070402,True,True,2018-06-19
2018-06-19,MOCK1,546158,0.022115550115839135,True,True,2018-06-20
2018-06-20,MOCK1,938941,0.01491733444251652,True,True,2018-06-21
2018-06-21,MOCK1,431861,0.09962418506901274,True,True,2018-06-22
2018-06-22,MOCK1,102409,0.05701264779163575,True,True,2018-06-23
2018-06-25,MOCK1,11057,0.09760330977934265,True,True,2018-06-26
2018-06-26,MOCK1,782046,0.10267541554684177,True,True,2018-06-27
2018-06-27,MOCK1,6334,0.07270344621231709,True,True,2018-06-28
2018-06-28,MOCK1,216161,0.07660030909092853,True,True,2018-06-29
2018-06-29,MOCK1,168941,0.011460855360971807,True,True,2018-06-30
2018-07-02,MOCK1,216261,0.08757208750480179,True,True,2018-07-03
2018-07-03,MOCK1,308668,0.11775249385425175,True,True,2018-07-04
2018-07-04,MOCK1,390154,0.13338172042798904,True,True,2018-07-05
2018-07-05,MOCK1,547973,0.12812754477073302,True,True,2018-07-06
2018-07-06,MOCK1,390406,0.03777250418023804,True,True,2018-07-07
2018-07-09,MOCK1,594765,0.0875618270396016,True,True,2018-07-10
2018-07-10,MOCK1,617575,0.03263789185979513,True,True,2018-07-11
2018-07-11,MOCK1,805502,0.055528127109299226,True,True,2018-07-12
2018-07-12,MOCK1,771078,0.09069912284088334,True,True,2018-07-13
2018-07-13,MOCK1,300258,0.0237335337884087,True,True,2018-07-14
2018-07-16,MOCK1,153543,0.0747344735764968,True,True,2018-07-17
2018-07-17,MOCK1,516476,0.13107758871637898,True,True,2018-07-18
2018-07-18,MOCK1,596943,0.13806784803863928,True,True,2018-07-19
2018-07-19,MOCK1,564134,0.10260249511837824,True,True,2018-07-20
2018-07-20,MOCK1,82555,0.09968804110217924,True,True,2018-07-21
2018-07-23,MOCK1,784121,0.034425791372860975,True,True,2018-07-24
2018-07-24,MOCK1,252384,0.029626393319625403,True,True,2018-07-25
2018-07-25,MOCK1,589964,0.13028040275389222,True,True,2018-07-26
2018-07-26,MOCK1,34869,0.12329140624748258,True,True,2018-07-27
2018-07-27,MOCK1,325144,0.040283458619442526,True,True,2018-07-28
2018-07-30,MOCK1,458738,0.1267630993984983,True,True,2018-07-31
2018-07-31,MOCK1,843172,0.0781017375013417,True,True,2018-08-01
2018-08-01,MOCK1,996134,0.14497182398004307,True,True,2018-08-02
2018-08-02,MOCK1,187562,0.09885919003327584,True,True,2018-08-03
2018-08-03,MOCK1,965154,0.118461128969238,True,True,2018-08-04
2018-08-06,MOCK1,667591,0.036199212451873304,True,True,2018-08-07
2018-08-07,MOCK1,110669,0.06490429635482119,True,True,2018-08-08
2018-08-08,MOCK1,744427,0.12771055154401187,True,True,2018-08-09
2018-08-09,MOCK1,823732,0.09437559928677103,True,True,2018-08-10
2018-08-10,MOCK1,176597,0.12460724680950089,True,True,2018-08-11
2018-08-13,MOCK1,735432,0.07997212201620513,True,True,2018-08-14
2018-08-14,MOCK1,361457,0.012645735439109476,True,True,2018-08-15
2018-08-15,MOCK1,632467,0.11770247961230652,True,True,2018-08-16
2018-08-16,MOCK1,398768,0.03169419069276615,True,True,2018-08-17
2018-08-17,MOCK1,150836,0.05645605556106837,True,True,2018-08-18
2018-08-20,MOCK1,267242,0.038565637925955326,True,True,2018-08-21
2018-08-21,MOCK1,823145,0.11178652605027344,True,True,2018-08-22
2018-08-22,MOCK1,889826,0.04027658120505286,True,True,2018-08-23
2018-08-23,MOCK1,736172,0.12980146146783536,True,True,2018-08-24
2018-08-24,MOCK1,720009,0.05827761375330366,True,True,2018-08-25
2018-08-27,MOCK1,519247,0.025279049239686,True,True,2018-08-28
2018-08-28,MOCK1,518231,0.03865877930130445,True,True,2018-08-29
2018-08-29,MOCK1,845796,0.08500992983337846,True,True,2018-08-30
2018-08-30,MOCK1,241686,0.024787348829743937,True,True,2018-08-31
2018-08-31,MOCK1,317167,0.016320498161056782,True,True,2018-09-01
2018-09-03,MOCK1,621115,0.10249387229672592,True,True,2018-09-04
2018-09-04,MOCK1,866517,0.04905489793238574,True,True,2018-09-05
2018-09-05,MOCK1,221380,0.0603476815250866,True,True,2018-09-06
2018-09-06,MOCK1,228053,0.1043085399915654,True,True,2018-09-07
2018-09-07,MOCK1,755352,0.08387278113638658,True,True,2018-09-08
2018-09-10,MOCK1,102967,0.023204906899225303,True,True,2018-09-11
2018-09-11,MOCK1,513394,0.09329231023647423,True,True,2018-09-12
2018-09-12,MOCK1,680338,0.10070497099562807,True,True,2018-09-13
2018-09-13,MOCK1,533094,0.1445360092874493,True,True,2018-09-14
2018-09-14,MOCK1,944661,0.07101019648154257,True,True,2018-09-15
2018-09-17,MOCK1,694260,0.07800790009737954,True,True,2018-09-18
2018-09-18,MOCK1,867164,0.06303451360292418,True,True,2018-09-19
2018-09-19,MOCK1,334718,0.09081200428085875,True,True,2018-09-20
2018-09-20,MOCK1,730125,0.12478568206751897,True,True,2018-09-21
2018-09-21,MOCK1,175566,0.07890764834626637,True,True,2018-09-22
2018-09-24,MOCK1,344049,0.08075702173691293,True,True,2018-09-25
2018-09-25,MOCK1,121900,0.11079223618682019,True,True,2018-09-26
2018-09-26,MOCK1,423664,0.13400796787385005,True,True,2018-09-27
2018-09-27,MOCK1,702420,0.07638070945813027,True,True,2018-09-28
2018-09-28,MOCK1,828024,0.10426700737630562,True,True,2018-09-29
2018-10-01,MOCK1,31440,0.05931295079438797,True,True,2018-10-02
2018-10-02,MOCK1,567093,0.10511213295514245,True,True,2018-10-03
2018-10-03,MOCK1,485740,0.0391906276628702,True,True,2018-10-04
2018-10-04,MOCK1,969866,0.10470253696585073,True,True,2018-10-05
2018-10-05,MOCK1,615165,0.04996724559368851,True,True,2018-10-06
2018-10-08,MOCK1,211593,0.10183441414259996,True,True,2018-10-09
2018-10-09,MOCK1,316466,0.14937509891255962,True,True,2018-10-10
2018-10-10,MOCK1,586048,0.12562378124386842,True,True,2018-10-11
2018-10-11,MOCK1,757718,0.05497866591276236,True,True,2018-10-12
2018-10-12,MOCK1,936001,0.060271358855600886,True,True,2018-10-13
2018-10-15,MOCK1,531178,0.08785660480440502,True,True,2018-10-16
2018-10-16,MOCK1,217782,0.04073115655166799,True,True,2018-10-17
2018-10-17,MOCK1,426282,0.07484379475089042,True,True,2018-10-18
2018-10-18,MOCK1,997011,0.03667556634752689,True,True,2018-10-19
2018-10-19,MOCK1,827734,0.04814445994438642,True,True,2018-10-20
2018-10-22,MOCK1,724854,0.04344965938031351,True,True,2018-10-23
2018-10-23,MOCK1,674872,0.013653733293107548,True,True,2018-10-24
2018-10-24,MOCK1,825738,0.10899421971679507,True,True,2018-10-25
2018-10-25,MOCK1,510571,0.013428568670638637,True,True,2018-10-26
2018-10-26,MOCK1,6439,0.08802806106358645,True,True,2018-10-27
2018-10-29,MOCK1,449206,0.08868928871515541,True,True,2018-10-30
2018-10-30,MOCK1,988934,0.05600102111044447,True,True,2018-10-31
2018-10-31,MOCK1,559378,0.0746405074328888,True,True,2018-11-01
2018-11-01,MOCK1,70368,0.024410266354830186,True,True,2018-11-02
2018-11-02,MOCK1,264689,0.013177709171197434,True,True,2018-11-03
2018-11-05,MOCK1,165942,0.079062256726246,True,True,2018-11-06
2018-11-06,MOCK1,951380,0.04852551743322948,True,True,2018-11-07
2018-11-07,MOCK1,344129,0.0636402687525569,True,True,2018-11-08
2018-11-08,MOCK1,899143,0.11543193829150096,True,True,2018-11-09
2018-11-09,MOCK1,631298,0.11282724286572642,True,True,2018-11-10
2018-11-12,MOCK1,502533,0.016071593455886938,True,True,2018-11-13
2018-11-13,MOCK1,43778,0.04788413246772129,True,True,2018-11-14
2018-11-14,MOCK1,12412,0.14615367290285528,True,True,2018-11-15
2018-11-15,MOCK1,563827,0.1031439729296472,True,True,2018-11-16
2018-11-16,MOCK1,781802,0.1339789950733397,True,True,2018-11-17
2018-11-19,MOCK1,100377,0.10264698838721176,True,True,2018-11-20
2018-11-20,MOCK1,675912,0.09929459114113204,True,True,2018-11-21
2018-11-21,MOCK1,574221,0.02037330511568686,True,True,2018-11-22
2018-11-22,MOCK1,418798,0.026042543546497175,True,True,2018-11-23
2018-11-23,MOCK1,376295,0.13830432847551244,True,True,2018-11-24
2018-11-26,MOCK1,898782,0.11616417673586103,True,True,2018-11-27
2018-11-27,MOCK1,301670,0.0820075641953657,True,True,2018-11-28
2018-11-28,MOCK1,40937,0.10795095463170844,True,True,2018-11-29
2018-11-29,MOCK1,602253,0.029285735637692434,True,True,2018-11-30
2018-11-30,MOCK1,769059,0.05060575540181506,True,True,2018-12-01
2018-12-03,MOCK1,263293,0.12332927204121712,True,True,2018-12-04
2018-12-04,MOCK1,854805,0.016921634437472435,True,True,2018-12-05
2018-12-05,MOCK1,655362,0.07294964572656056,True,True,2018-12-06
2018-12-06,MOCK1,839828,0.042269622785177006,True,True,2018-12-07
2018-12-07,MOCK1,617600,0.1180315474308266,True,True,2018-12-08
2018-12-10,MOCK1,774935,0.1302327131429755,True,True,2018-12-11
2018-12-11,MOCK1,27518,0.018674156854016646,True,True,2018-12-12
2018-12-12,MOCK1,23963,0.10541181671493649,True,True,2018-12-13
2018-12-13,MOCK1,175893,0.03689186313401823,True,True,2018-12-14
2018-12-14,MOCK1,200855,0.13422395296914555,True,True,2018-12-15
2018-12-17,MOCK1,361524,0.11135954026551256,True,True,2018-12-18
2018-12-18,MOCK1,81406,0.09447207416304154,True,True,2018-12-19
2018-12-19,MOCK1,480328,0.0945919596933256,True,True,2018-12-20
2018-12-20,MOCK1,745530,0.10630394889027031,True,True,2018-12-21
2018-12-21,MOCK1,276114,0.13367382972104236,True,True,2018-12-22
2018-12-24,MOCK1,284454,0.08797119332728763,True,True,2018-12-25
2018-12-25,MOCK1,403644,0.032706154439302644,True,True,2018-12-26
2018-12-26,MOCK1,565770,0.09788723005285382,True,True,2018-12-27
2018-12-27,MOCK1,666485,0.05203487002704835,True,True,2018-12-28
2018-12-28,MOCK1,598774,0.015924001863695168,True,True,2018-12-29
2018-12-31,MOCK1,586456,0.1205072400911257,True,True,2019-01-01
2019-01-01,MOCK1,177693,0.02089979308157222,True,True,2019-01-02
2019-01-02,MOCK1,889121,0.08194815198622275,True,True,2019-01-03
2019-01-03,MOCK1,67431,0.04254491216755089,True,True,2019-01-04
2019-01-04,MOCK1,56224,0.02313806603464081,True,True,2019-01-05
2019-01-07,MOCK1,480159,0.07686264371433557,True,True,2019-01-08
2019-01-08,MOCK1,699232,0.010907098491110424,True,True,2019-01-09
2019-01-09,MOCK1,717232,0.10246246186409151,True,True,2019-01-10
2019-01-10,MOCK1,205578,0.028308306936761743,True,True,2019-01-11
2019-01-11,MOCK1,428920,0.02004333172929463,True,True,2019-01-12
2019-01-14,MOCK1,631223,0.13257529185775513,True,True,2019-01-15
2019-01-15,MOCK1,385459,0.10912794628142554,True,True,2019-01-16
2019-01-16,MOCK1,409638,0.14458101336621298,True,True,2019-01-17
2019-01-17,MOCK1,648986,0.10008407286155396,True,True,2019-01-18
2019-01-18,MOCK1,469534,0.11817703571473999,True,True,2019-01-19
2019-01-21,MOCK1,496113,0.05977138606833321,True,True,2019-01-22
2019-01-22,MOCK1,39859,0.03743669103624157,True,True,2019-01-23
2019-01-23,MOCK1,945069,0.12603776126420216,True,True,2019-01-24
2019-01-24,MOCK1,567331,0.1414127373541775,True,True,2019-01-25
2019-01-25,MOCK1,852231,0.14386978133784167,True,True,2019-01-26
2019-01-28,MOCK1,710887,0.041958985267640254,True,True,2019-01-29
2019-01-29,MOCK1,544241,0.12128770535729075,True,True,2019-01-30
2019-01-30,MOCK1,839780,0.024657915191006328,True,True,2019-01-31
2019-01-31,MOCK1,510114,0.11682826173377293,True,True,2019-02-01
2019-02-01,MOCK1,122610,0.11343466343826257,True,True,2019-02-02
2019-02-04,MOCK1,405636,0.03545411492996593,True,True,2019-02-05
2019-02-05,MOCK1,859512,0.06107356168553923,True,True,2019-02-06
2019-02-06,MOCK1,702892,0.07779722046323254,True,True,2019-02-07
2019-02-07,MOCK1,72497,0.13087475754217567,True,True,2019-02-08
2019-02-08,MOCK1,974694,0.13684679560436577,True,True,2019-02-09
2019-02-11,MOCK1,776485,0.10603730065979831,True,True,2019-02-12
2019-02-12,MOCK1,718776,0.08156541832493826,True,True,2019-02-13
2019-02-13,MOCK1,892833,0.1370949745107585,True,True,2019-02-14
2019-02-14,MOCK1,75257,0.026507826847038,True,True,2019-02-15
2019-02-15,MOCK1,204256,0.13403133731693964,True,True,2019-02-16
2019-02-18,MOCK1,621026,0.13187470027826292,True,True,2019-02-19
2019-02-19,MOCK1,203595,0.06670166937612824,True,True,2019-02-20
2019-02-20,MOCK1,909094,0.11399949942668633,True,True,2019-02-21
2019-02-21,MOCK1,333883,0.07010609677289091,True,True,2019-02-22
2019-02-22,MOCK1,690679,0.03740137192511632,True,True,2019-02-23
2019-02-25,MOCK1,400846,0.04071493656896515,True,True,2019-02-26
2019-02-26,MOCK1,513631,0.03228671590063783,True,True,2019-02-27
2019-02-27,MOCK1,543978,0.10180690619093,True,True,2019-02-28
2019-02-28,MOCK1,800045,0.058936109752667165,True,True,2019-03-01
2019-03-01,MOCK1,843553,0.01479492624371253,True,True,2019-03-02
2019-03-04,MOCK1,442617,0.14137928950628004,True,True,2019-03-05
2019-03-05,MOCK1,418968,0.02522093247720461,True,True,2019-03-06
2019-03-06,MOCK1,394770,0.061131493931871464,True,True,2019-03-07
2019-03-07,MOCK1,365864,0.0369076566828229,True,True,2019-03-08
2019-03-08,MOCK1,231118,0.07392722909284118,True,True,2019-03-09
2019-03-11,MOCK1,666070,0.14542660974268756,True,True,2019-03-12
2019-03-12,MOCK1,596816,0.04990949906996721,True,True,2019-03-13
2019-03-13,MOCK1,885103,0.029776252315734567,True,True,2019-03-14
2019-03-14,MOCK1,943212,0.11108739896461377,True,True,2019-03-15
2019-03-15,MOCK1,75710,0.025405092397102688,True,True,2019-03-16
2019-03-18,MOCK1,258873,0.1484644404158428,True,True,2019-03-19
2019-03-19,MOCK1,202244,0.07382706047710573,True,True,2019-03-20
2019-03-20,MOCK1,805991,0.08326715057611803,True,True,2019-03-21
2019-03-21,MOCK1,475360,0.0447308900068652,True,True,2019-03-22
2019-03-22,MOCK1,547082,0.053501987520001515,True,True,2019-03-23
2019-03-25,MOCK1,758785,0.1296658005692429,True,True,2019-03-26
2019-03-26,MOCK1,460580,0.11152180394202693,True,True,2019-03-27
2019-03-27,MOCK1,793550,0.10618227958446234,True,True,2019-03-28
2019-03-28,MOCK1,71695,0.1453336442686938,True,True,2019-03-29
2019-03-29,MOCK1,474305,0.029221650702085877,True,True,2019-03-30
2019-04-01,MOCK1,170897,0.1064820414767573,True,True,2019-04-02
2019-04-02,MOCK1,620901,0.022995646769575728,True,True,2019-04-03
2019-04-03,MOCK1,41303,0.06493571175761123,True,True,2019-04-04
2019-04-04,MOCK1,526298,0.0374834962793897,True,True,2019-04-05
2019-04-05,MOCK1,721242,0.06575683937189684,True,True,2019-04-06
2019-04-08,MOCK1,42870,0.1447500048084559,True,True,2019-04-09
2019-04-09,MOCK1,708629,0.09059822857851907,True,True,2019-04-10
2019-04-10,MOCK1,802193,0.11469993894143585,True,True,2019-04-11
2019-04-11,MOCK1,262699,0.05983989073586973,True,True,2019-04-12
2019-04-12,MOCK1,130580,0.08623194503630555,True,True,2019-04-13
2019-04-15,MOCK1,910077,0.12994356868382875,True,True,2019-04-16
2019-04-16,MOCK1,724995,0.09688931241316245,True,True,2019-04-17
2019-04-17,MOCK1,399496,0.08862959855499489,True,True,2019-04-18
2019-04-18,MOCK1,911883,0.021689028195545582,True,True,2019-04-19
2019-04-19,MOCK1,981108,0.04293550092205034,True,True,2019-04-20
2019-04-22,MOCK1,732639,0.02809239237962556,True,True,2019-04-23
2019-04-23,MOCK1,598318,0.1389431631215501,True,True,2019-04-24
2019-04-24,MOCK1,742223,0.1472420840210932,True,True,2019-04-25
2019-04-25,MOCK1,804095,0.09088256864504098,True,True,2019-04-26
2019-04-26,MOCK1,522577,0.020571404756929923,True,True,2019-04-27
2019-04-29,MOCK1,188975,0.11781532342811922,True,True,2019-04-30
2019-04-30,MOCK1,50617,0.02003820864395785,True,True,2019-05-01
2019-05-01,MOCK1,472328,0.11345765655212321,True,True,2019-05-02
2019-05-02,MOCK1,611310,0.011841322713224816,True,True,2019-05-03
2019-05-03,MOCK1,963422,0.1289767764047008,True,True,2019-05-04
2019-05-06,MOCK1,184405,0.10229598306627835,True,True,2019-05-07
2019-05-07,MOCK1,979032,0.017073993801469668,True,True,2019-05-08
2019-05-08,MOCK1,578705,0.13773764941284286,True,True,2019-05-09
2019-05-09,MOCK1,259647,0.077282700577436,True,True,2019-05-10
2019-05-10,MOCK1,891087,0.14525080069109775,True,True,2019-05-11
2019-05-13,MOCK1,344748,0.030699493201618203,True,True,2019-05-14
2019-05-14,MOCK1,245100,0.10000518731456423,True,True,2019-05-15
2019-05-15,MOCK1,613907,0.11935172318396031,True,True,2019-05-16
2019-05-16,MOCK1,148118,0.06453222000853687,True,True,2019-05-17
2019-05-17,MOCK1,235318,0.07981060055360233,True,True,2019-05-18
2019-05-20,MOCK1,710565,0.1370431614402408,True,True,2019-05-21
2019-05-21,MOCK1,711227,0.08834375806082395,True,True,2019-05-22
2019-05-22,MOCK1,338173,0.08937645167762823,True,True,2019-05-23
2019-05-23,MOCK1,572008,0.012352595496659968,True,True,2019-05-24
2019-05-24,MOCK1,514517,0.07020277385373322,True,True,2019-05-25
2019-05-27,MOCK1,6608,0.14391119977754793,True,True,2019-05-28
2019-05-28,MOCK1,90939,0.12483283209032273,True,True,2019-05-29
2019-05-29,MOCK1,621959,0.10937172655054131,True,True,2019-05-30
2019-05-30,MOCK1,400490,0.08671874310181739,True,True,2019-05-31
2019-05-31,MOCK1,516117,0.13334800916967135,True,True,2019-06-01
2019-06-03,MOCK1,6844,0.14868818459817051,True,True,2019-06-04
2019-06-04,MOCK1,996663,0.11737494184110722,True,True,2019-06-05
2019-06-05,MOCK1,870252,0.06724679026276814,True,True,2019-06-06
2019-06-06,MOCK1,459338,0.12901656523371363,True,True,2019-06-07
2019-06-07,MOCK1,806018,0.08015015175272105,True,True,2019-06-08
2019-06-10,MOCK1,79539,0.12397581669819194,True,True,2019-06-11
2019-06-11,MOCK1,946400,0.13327767954612563,True,True,2019-06-12
2019-06-12,MOCK1,190042,0.11113592331777222,True,True,2019-06-13
2019-06-13,MOCK1,363643,0.12220108899978915,True,True,2019-06-14
2019-06-14,MOCK1,961985,0.010460106945876972,True,True,2019-06-15
2019-06-17,MOCK1,623043,0.05284026060982877,True,True,2019-06-18
2019-06-18,MOCK1,473391,0.029834781547826796,True,True,2019-06-19
2019-06-19,MOCK1,807922,0.07638122093546004,True,True,2019-06-20
2019-06-20,MOCK1,27182,0.11192182142746748,True,True,2019-06-21
2019-06-21,MOCK1,368532,0.10715248959795778,True,True,2019-06-22
2019-06-24,MOCK1,92585,0.0822779741127586,True,True,2019-06-25
2019-06-25,MOCK1,523532,0.10058260530886354,True,True,2019-06-26
2019-06-26,MOCK1,78380,0.11008248127339135,True,True,2019-06-27
2019-06-27,MOCK1,913069,0.02316681137324237,True,True,2019-06-28
2019-06-28,MOCK1,504956,0.08435634096996779,True,True,2019-06-29
2019-07-01,MOCK1,422438,0.10114234899111495,True,True,2019-07-02
2019-07-02,MOCK1,441334,0.07927147358542821,True,True,2019-07-03
2019-07-03,MOCK1,293627,0.042018823143923294,True,True,2019-07-04
2019-07-04,MOCK1,829687,0.0730187477802786,True,True,2019-07-05
2019-07-05,MOCK1,657990,0.09844610247969418,True,True,2019-07-06
2019-07-08,MOCK1,343363,0.03682247823937225,True,True,2019-07-09
2019-07-09,MOCK1,422451,0.0700166172022601,True,True,2019-07-10
2019-07-10,MOCK1,104254,0.07609107981877085,True,True,2019-07-11
2019-07-11,MOCK1,881361,0.11145011871177941,True,True,2019-07-12
2019-07-12,MOCK1,489164,0.051218650963586215,True,True,2019-07-13
2019-07-15,MOCK1,694342,0.09498085371163853,True,True,2019-07-16
2019-07-16,MOCK1,963584,0.11460579399493503,True,True,2019-07-17
2019-07-17,MOCK1,935981,0.0956213659864247,True,True,2019-07-18
2019-07-18,MOCK1,931342,0.12905678960921818,True,True,2019-07-19
2019-07-19,MOCK1,501587,0.10849762310586998,True,True,2019-07-20
2019-07-22,MOCK1,414314,0.12934557704597255,True,True,2019-07-23
2019-07-23,MOCK1,749471,0.08164686411067132,True,True,2019-07-24
2019-07-24,MOCK1,966405,0.08571295500077032,True,True,2019-07-25
2019-07-25,MOCK1,12142,0.1433170134699296,True,True,2019-07-26
2019-07-26,MOCK1,328693,0.13550466458117966,True,True,2019-07-27
2019-07-29,MOCK1,457564,0.06250450512928218,True,True,2019-07-30
2019-07-30,MOCK1,320016,0.08578796230846256,True,True,2019-07-31
2019-07-31,MOCK1,277905,0.03214339878521397,True,True,2019-08-01
2019-08-01,MOCK1,587803,0.012614135284961836,True,True,2019-08-02
2019-08-02,MOCK1,911888,0.06415864770529163,True,True,2019-08-03
2019-08-05,MOCK1,803454,0.12887727230980903,True,True,2019-08-06
2019-08-06,MOCK1,142627,0.10276649080709532,True,True,2019-08-07
2019-08-07,MOCK1,714628,0.03647993488683032,True,True,2019-08-08
2019-08-08,MOCK1,613236,0.06050141030089078,True,True,2019-08-09
2019-08-09,MOCK1,567939,0.13030876049406157,True,True,2019-08-10
2019-08-12,MOCK1,832560,0.012077311571168323,True,True,2019-08-13
2019-08-13,MOCK1,215722,0.12229001348157983,True,True,2019-08-14
2019-08-14,MOCK1,786716,0.1212501468219606,True,True,2019-08-15
2019-08-15,MOCK1,636955,0.12333701196421573,True,True,2019-08-16
2019-08-16,MOCK1,189610,0.10058625027555435,True,True,2019-08-17
2019-08-19,MOCK1,352973,0.05129892037033176,True,True,2019-08-20
2019-08-20,MOCK1,930835,0.0340893542613572,True,True,2019-08-21
2019-08-21,MOCK1,562550,0.07380984205479742,True,True,2019-08-22
2019-08-22,MOCK1,442558,0.11618316745800784,True,True,2019-08-23
2019-08-23,MOCK1,145333,0.09680202286511168,True,True,2019-08-24
2019-08-26,MOCK1,751270,0.12678959693607872,True,True,2019-08-27
2019-08-27,MOCK1,615686,0.05621792825632902,True,True,2019-08-28
2019-08-28,MOCK1,710945,0.14171154223208834,True,True,2019-08-29
2019-08-29,MOCK1,517610,0.0806153197546477,True,True,2019-08-30
2019-08-30,MOCK1,540659,0.07948783934555739,True,True,2019-08-31
2019-09-02,MOCK1,845046,0.03502959954677015,True,True,2019-09-03
2019-09-03,MOCK1,345023,0.07871793242990395,True,True,2019-09-04
2019-09-04,MOCK1,290186,0.09183078373991006,True,True,2019-09-05
2019-09-05,MOCK1,511573,0.03832686440955727,True,True,2019-09-06
2019-09-06,MOCK1,396540,0.08555963474323375,True,True,2019-09-07
2019-09-09,MOCK1,360970,0.10628846963335793,True,True,2019-09-10
2019-09-10,MOCK1,122627,0.013816299354258696,True,True,2019-09-11
2019-09-11,MOCK1,756698,0.03751323774951241,True,True,2019-09-12
2019-09-12,MOCK1,313789,0.03791464253687238,True,True,2019-09-13
2019-09-13,MOCK1,462423,0.06577420461255294,True,True,2019-09-14
2019-09-16,MOCK1,15622,0.08168002997240624,True,True,2019-09-17
2019-09-17,MOCK1,641273,0.09983982410819234,True,True,2019-09-18
2019-09-18,MOCK1,761304,0.032570160365985645,True,True,2019-09-19
2019-09-19,MOCK1,390585,0.03494986939614831,True,True,2019-09-20
2019-09-20,MOCK1,4898,0.11100361261692654,True,True,2019-09-21
2019-09-23,MOCK1,737082,0.12491498069427032,True,True,2019-09-24
2019-09-24,MOCK1,234501,0.014965780126685068,True,True,2019-09-25
2019-09-25,MOCK1,804156,0.059776965026611346,True,True,2019-09-26
2019-09-26,MOCK1,858310,0.03717629282924525,True,True,2019-09-27
2019-09-27,MOCK1,311389,0.14800865137269653,True,True,2019-09-28
2019-09-30,MOCK1,709772,0.02045174961859757,True,True,2019-10-01
2019-10-01,MOCK1,289443,0.03349672420548537,True,True,2019-10-02
2019-10-02,MOCK1,536711,0.06683434453836504,True,True,2019-10-03
2019-10-03,MOCK1,427246,0.05342201350644225,True,True,2019-10-04
2019-10-04,MOCK1,470399,0.03257107134798128,True,True,2019-10-05
2019-10-07,MOCK1,305023,0.12544917795943586,True,True,2019-10-08
2019-10-08,MOCK1,823363,0.12661004739372106,True,True,2019-10-09
2019-10-09,MOCK1,202873,0.13153162806071855,True,True,2019-10-10
2019-10-10,MOCK1,478653,0.01644127639611099,True,True,2019-10-11
2019-10-11,MOCK1,711559,0.059721491771517324,True,True,2019-10-12
2019-10-14,MOCK1,196878,0.06664195928629087,True,True,2019-10-15
2019-10-15,MOCK1,880155,0.08181003907451524,True,True,2019-10-16
2019-10-16,MOCK1,957364,0.11792738377162792,True,True,2019-10-17
2019-10-17,MOCK1,337514,0.12120163046993876,True,True,2019-10-18
2019-10-18,MOCK1,389471,0.10334831349910306,True,True,2019-10-19
2019-10-21,MOCK1,588356,0.023711114157220714,True,True,2019-10-22
2019-10-22,MOCK1,162998,0.1322698706659845,True,True,2019-10-23
2019-10-23,MOCK1,895662,0.020986372503276993,True,True,2019-10-24
2019-10-24,MOCK1,670958,0.04653056479089382,True,True,2019-10-25
2019-10-25,MOCK1,453192,0.01198844933521832,True,True,2019-10-26
2019-10-28,MOCK1,124730,0.01455420950020991,True,True,2019-10-29
2019-10-29,MOCK1,7093,0.02240598302545277,True,True,2019-10-30
2019-10-30,MOCK1,133886,0.11109712091159368,True,True,2019-10-31
2019-10-31,MOCK1,606842,0.024417440200079705,True,True,2019-11-01
2019-11-01,MOCK1,673192,0.0295436907157059,True,True,2019-11-02
2019-11-04,MOCK1,539897,0.04176366555572591,True,True,2019-11-05
2019-11-05,MOCK1,768292,0.10531314242207725,True,True,2019-11-06
2019-11-06,MOCK1,315404,0.09068049652147994,True,True,2019-11-07
2019-11-07,MOCK1,645641,0.08563405458946553,True,True,2019-11-08
2019-11-08,MOCK1,654185,0.04713604198856688,True,True,2019-11-09
2019-11-11,MOCK1,572423,0.04421360677841304,True,True,2019-11-12
2019-11-12,MOCK1,507291,0.03615622438157461,True,True,2019-11-13
2019-11-13,MOCK1,878725,0.10787745476716125,True,True,2019-11-14
2019-11-14,MOCK1,137959,0.12165396886197134,True,True,2019-11-15
2019-11-15,MOCK1,434218,0.07286440287951615,True,True,2019-11-16
2019-11-18,MOCK1,185888,0.08114945446819923,True,True,2019-11-19
2019-11-19,MOCK1,324515,0.09461045923118977,True,True,2019-11-20
2019-11-20,MOCK1,250723,0.05962168736403203,True,True,2019-11-21
2019-11-21,MOCK1,379812,0.13990968106817814,True,True,2019-11-22
2019-11-22,MOCK1,696859,0.10548649018400373,True,True,2019-11-23
2019-11-25,MOCK1,819798,0.14881368324288835,True,True,2019-11-26
2019-11-26,MOCK1,308247,0.0693611272253741,True,True,2019-11-27
2019-11-27,MOCK1,631869,0.13471980158276523,True,True,2019-11-28
2019-11-28,MOCK1,144259,0.053281075491265845,True,True,2019-11-29
2019-11-29,MOCK1,593175,0.1375839087070747,True,True,2019-11-30
2019-12-02,MOCK1,492669,0.02399802614861719,True,True,2019-12-03
2019-12-03,MOCK1,109996,0.0981197139433933,True,True,2019-12-04
2019-12-04,MOCK1,163869,0.07215766801019619,True,True,2019-12-05
2019-12-05,MOCK1,366046,0.13674093866447853,True,True,2019-12-06
2019-12-06,MOCK1,255813,0.12719229866730483,True,True,2019-12-07
2019-12-09,MOCK1,278116,0.022853520531557973,True,True,2019-12-10
2019-12-10,MOCK1,806008,0.07183852386126169,True,True,2019-12-11
2019-12-11,MOCK1,158628,0.07223193006701786,True,True,2019-12-12
2019-12-12,MOCK1,294471,0.021171171374413274,True,True,2019-12-13
2019-12-13,MOCK1,246839,0.07413214945738666,True,True,2019-12-14
2019-12-16,MOCK1,238965,0.06296487553119828,True,True,2019-12-17
2019-12-17,MOCK1,362992,0.14789913964887105,True,True,2019-12-18
2019-12-18,MOCK1,134045,0.08286079379076178,True,True,2019-12-19
2019-12-19,MOCK1,125878,0.13297714569179264,True,True,2019-12-20
2019-12-20,MOCK1,122759,0.05908058104437475,True,True,2019-12-21
2019-12-23,MOCK1,232943,0.04759100014176351,True,True,2019-12-24
2019-12-24,MOCK1,659470,0.06204791097553023,True,True,2019-12-25
2019-12-25,MOCK1,80382,0.05684872076358494,True,True,2019-12-26
2019-12-26,MOCK1,520951,0.07072813947323464,True,True,2019-12-27
2019-12-27,MOCK1,298586,0.06001878804875621,True,True,2019-12-28
2019-12-30,MOCK1,495416,0.07417147373696899,True,True,2019-12-31
2019-12-31,MOCK1,702621,0.0331538572686622,True,True,2020-01-01
2020-01-01,MOCK1,967716,0.09146153993401918,True,True,2020-01-02
2020-01-02,MOCK1,979240,0.08453050684021417,True,True,2020-01-03
2020-01-03,MOCK1,488732,0.10486998441216212,True,True,2020-01-04
2020-01-06,MOCK1,961577,0.12060256902461426,True,True,2020-01-07
2020-01-07,MOCK1,789429,0.058657839004089427,True,True,2020-01-08
2020-01-08,MOCK1,861503,0.08105274842522078,True,True,2020-01-09
2020-01-09,MOCK1,88902,0.11177973687469858,True,True,2020-01-10
2020-01-10,MOCK1,963923,0.10686261264103475,True,True,2020-01-11
2020-01-13,MOCK1,787514,0.024943514388546327,True,True,2020-01-14
2020-01-14,MOCK1,565000,0.026716186927359893,True,True,2020-01-15
2020-01-15,MOCK1,706951,0.029121597888246357,True,True,2020-01-16
2020-01-16,MOCK1,491723,0.04694854118463471,True,True,2020-01-17
2020-01-17,MOCK1,602360,0.04439890116066781,True,True,2020-01-18
2020-01-20,MOCK1,684585,0.09600288139432103,True,True,2020-01-21
2020-01-21,MOCK1,677419,0.012635397285224297,True,True,2020-01-22
2020-01-22,MOCK1,419762,0.03989710441483697,True,True,2020-01-23
2020-01-23,MOCK1,949477,0.050956806066591434,True,True,2020-01-24
2020-01-24,MOCK1,737232,0.03189587670468054,True,True,2020-01-25
2020-01-27,MOCK1,787958,0.016687672992047417,True,True,2020-01-28
2020-01-28,MOCK1,172704,0.05301873040648474,True,True,2020-01-29
2020-01-29,MOCK1,105602,0.06983962694386779,True,True,2020-01-30
2020-01-30,MOCK1,553999,0.11697224927465066,True,True,2020-01-31
2020-01-31,MOCK1,7326,0.011532672723760896,True,True,2020-02-01
2020-02-03,MOCK1,877088,0.10598929615946817,True,True,2020-02-04
2020-02-04,MOCK1,334594,0.11098924885537595,True,True,2020-02-05
2020-02-05,MOCK1,696762,0.06329822433282174,True,True,2020-02-06
2020-02-06,MOCK1,823393,0.13297168615239496,True,True,2020-02-07
2020-02-07,MOCK1,639263,0.025330632881877202,True,True,2020-02-08
2020-02-10,MOCK1,490713,0.06747377112144332,True,True,2020-02-11
2020-02-11,MOCK1,215000,0.08984452029586332,True,True,2020-02-12
2020-02-12,MOCK1,896503,0.06973441838237669,True,True,2020-02-13
2020-02-13,MOCK1,43630,0.06827312817616633,True,True,2020-02-14
2020-02-14,MOCK1,751198,0.027521122339696315,True,True,2020-02-15
2020-02-17,MOCK1,378800,0.10653184422416435,True,True,2020-02-18
2020-02-18,MOCK1,974406,0.06744622758386008,True,True,2020-02-19
2020-02-19,MOCK1,741293,0.042095130969991505,True,True,2020-02-20
2020-02-20,MOCK1,141342,0.029497469365150186,True,True,2020-02-21
2020-02-21,MOCK1,812293,0.12015567599234002,True,True,2020-02-22
2020-02-24,MOCK1,262413,0.12103906907393935,True,True,2020-02-25
2020-02-25,MOCK1,317460,0.1137905212789669,True,True,2020-02-26
2020-02-26,MOCK1,753714,0.0700999635634764,True,True,2020-02-27
2020-02-27,MOCK1,947299,0.07442817215523309,True,True,2020-02-28
2020-02-28,MOCK1,95671,0.08483876157782141,True,True,2020-02-29
2020-03-02,MOCK1,60769,0.06914697733503962,True,True,2020-03-03
2020-03-03,MOCK1,881258,0.01695858447311769,True,True,2020-03-04
2020-03-04,MOCK1,812900,0.0204113088406536,True,True,2020-03-05
2020-03-05,MOCK1,819120,0.1432169110502342,True,True,2020-03-06
2020-03-06,MOCK1,659806,0.06959657660128528,True,True,2020-03-07
2020-03-09,MOCK1,931841,0.12092710636041736,True,True,2020-03-10
2020-03-10,MOCK1,50253,0.04906365235913594,True,True,2020-03-11
2020-03-11,MOCK1,145015,0.1422656652855489,True,True,2020-03-12
2020-03-12,MOCK1,780537,0.08151264881949581,True,True,2020-03-13
2020-03-13,MOCK1,615365,0.14989731388634125,True,True,2020-03-14
2020-03-16,MOCK1,148026,0.09237665377990054,True,True,2020-03-17
2020-03-17,MOCK1,900161,0.022660725686630762,True,True,2020-03-18
2020-03-18,MOCK1,454323,0.09769479344679255,True,True,2020-03-19
2020-03-19,MOCK1,285469,0.07577006400640349,True,True,2020-03-20
2020-03-20,MOCK1,156368,0.0770564410735439,True,True,2020-03-21
2020-03-23,MOCK1,781164,0.07490922742882858,True,True,2020-03-24
2020-03-24,MOCK1,732037,0.08365659198872492,True,True,2020-03-25
2020-03-25,MOCK1,921636,0.11369715826365492,True,True,2020-03-26
2020-03-26,MOCK1,209558,0.12521748834436597,True,True,2020-03-27
2020-03-27,MOCK1,659211,0.09637539349510778,True,True,2020-03-28
2020-03-30,MOCK1,233340,0.042113896237567276,True,True,2020-03-31
2020-03-31,MOCK1,817759,0.1336161739587891,True,True,2020-04-01
2020-04-01,MOCK1,708504,0.13625615391544535,True,True,2020-04-02
2020-04-02,MOCK1,855623,0.1453942673494875,True,True,2020-04-03
2020-04-03,MOCK1,618208,0.14033771302947437,True,True,2020-04-04
2020-04-06,MOCK1,538698,0.06413287232783714,True,True,2020-04-07
2020-04-07,MOCK1,601462,0.04992577559568657,True,True,2020-04-08
2020-04-08,MOCK1,147365,0.018640748201134233,True,True,2020-04-09
2020-04-09,MOCK1,657249,0.11810470538337596,True,True,2020-04-10
2020-04-10,MOCK1,69963,0.0927231149630728,True,True,2020-04-11
2020-04-13,MOCK1,999242,0.043060154952293164,True,True,2020-04-14
2020-04-14,MOCK1,390090,0.13156474265189136,True,True,2020-04-15
2020-04-15,MOCK1,190469,0.05532483870170377,True,True,2020-04-16
2020-04-16,MOCK1,928201,0.11024245544037979,True,True,2020-04-17
2020-04-17,MOCK1,559002,0.13091315443376883,True,True,2020-04-18
2020-04-20,MOCK1,898242,0.08741480906730029,True,True,2020-04-21
2020-04-21,MOCK1,881544,0.06490512368215343,True,True,2020-04-22
2020-04-22,MOCK1,624042,0.13976901756166998,True,True,2020-04-23
2020-04-23,MOCK1,531628,0.1465279595564533,True,True,2020-04-24
2020-04-24,MOCK1,32809,0.147865883126925,True,True,2020-04-25
2020-04-27,MOCK1,800147,0.0917622504249183,True,True,2020-04-28
2020-04-28,MOCK1,386543,0.11953628564483028,True,True,2020-04-29
2020-04-29,MOCK1,746857,0.09668933065293427,True,True,2020-04-30
2020-04-30,MOCK1,167428,0.09973238878490882,True,True,2020-05-01
2020-05-01,MOCK1,100355,0.11423400428305616,True,True,2020-05-02
2020-05-04,MOCK1,827248,0.024591627699807578,True,True,2020-05-05
2020-05-05,MOCK1,312967,0.1419886250635777,True,True,2020-05-06
2020-05-06,MOCK1,634785,0.042183847685886705,True,True,2020-05-07
2020-05-07,MOCK1,543578,0.06122819976611058,True,True,2020-05-08
2020-05-08,MOCK1,414460,0.07121295812044746,True,True,2020-05-09
2020-05-11,MOCK1,8626,0.1285863684161161,True,True,2020-05-12
2020-05-12,MOCK1,598613,0.06969653184993892,True,True,2020-05-13
2020-05-13,MOCK1,914718,0.05064008364766436,True,True,2020-05-14
2020-05-14,MOCK1,433508,0.09315292287476197,True,True,2020-05-15
2020-05-15,MOCK1,715729,0.14264994464306563,True,True,2020-05-16
2020-05-18,MOCK1,413740,0.0523664253927735,True,True,2020-05-19
2020-05-19,MOCK1,473546,0.02981751828820107,True,True,2020-05-20
2020-05-20,MOCK1,926611,0.05002185791043516,True,True,2020-05-21
2020-05-21,MOCK1,225831,0.0553869628324572,True,True,2020-05-22
2020-05-22,MOCK1,891832,0.010953317921143315,True,True,2020-05-23
2020-05-25,MOCK1,243773,0.02259542138363569,True,True,2020-05-26
2020-05-26,MOCK1,479153,0.11352123052856418,True,True,2020-05-27
2020-05-27,MOCK1,707828,0.10257234582676096,True,True,2020-05-28
2020-05-28,MOCK1,892486,0.09879250198390858,True,True,2020-05-29
2020-05-29,MOCK1,86904,0.06168261134937045,True,True,2020-05-30
2020-06-01,MOCK1,279547,0.07308333302369152,True,True,2020-06-02
2020-06-02,MOCK1,343648,0.09875036530465794,True,True,2020-06-03
2020-06-03,MOCK1,358087,0.07325240990679958,True,True,2020-06-04
2020-06-04,MOCK1,271246,0.11937061881692139,True,True,2020-06-05
2020-06-05,MOCK1,755740,0.05796268861637078,True,True,2020-06-06
2020-06-08,MOCK1,922263,0.13018840668599185,True,True,2020-06-09
2020-06-09,MOCK1,846750,0.08821652536763464,True,True,2020-06-10
2020-06-10,MOCK1,659315,0.13684817691671058,True,True,2020-06-11
2020-06-11,MOCK1,896063,0.0845003657272334,True,True,2020-06-12
2020-06-12,MOCK1,179612,0.14023789093951997,True,True,2020-06-13
2020-06-15,MOCK1,759621,0.0737725780241338,True,True,2020-06-16
2020-06-16,MOCK1,48089,0.08392660690395494,True,True,2020-06-17
2020-06-17,MOCK1,553741,0.03139273879295975,True,True,2020-06-18
2020-06-18,MOCK1,773062,0.1397490174318476,True,True,2020-06-19
2020-06-19,MOCK1,322410,0.06600335511168925,True,True,2020-06-20
2020-06-22,MOCK1,674988,0.14162202399714538,True,True,2020-06-23
2020-06-23,MOCK1,76770,0.08090953667896068,True,True,2020-06-24
2020-06-24,MOCK1,612812,0.08077264633913402,True,True,2020-06-25
2020-06-25,MOCK1,58517,0.10625230844160197,True,True,2020-06-26
2020-06-26,MOCK1,744314,0.10351613664990383,True,True,2020-06-27
2020-06-29,MOCK1,991038,0.06871180688863594,True,True,2020-06-30
2020-06-30,MOCK1,713744,0.07849670908175639,True,True,2020-07-01
2020-07-01,MOCK1,475439,0.12220640926487986,True,True,2020-07-02
2020-07-02,MOCK1,155619,0.0747374653338134,True,True,2020-07-03
2020-07-03,MOCK1,721583,0.07528347244238999,True,True,2020-07-04
2020-07-06,MOCK1,427517,0.14130872874247857,True,True,2020-07-07
2020-07-07,MOCK1,529543,0.14907724149416696,True,True,2020-07-08
2020-07-08,MOCK1,560641,0.11261623448616674,True,True,2020-07-09
2020-07-09,MOCK1,720213,0.11904234842339871,True,True,2020-07-10
2020-07-10,MOCK1,341977,0.09003335760189543,True,True,2020-07-11
2020-07-13,MOCK1,532823,0.04467518988556417,True,True,2020-07-14
2020-07-14,MOCK1,134443,0.05205554446762193,True,True,2020-07-15
2020-07-15,MOCK1,650422,0.12492848450627658,True,True,2020-07-16
2020-07-16,MOCK1,756746,0.13135455828803416,True,True,2020-07-17
2020-07-17,MOCK1,90483,0.06727114022757871,True,True,2020-07-18
2020-07-20,MOCK1,934891,0.045361717380145855,True,True,2020-07-21
2020-07-21,MOCK1,512262,0.05923906740766956,True,True,2020-07-22
2020-07-22,MOCK1,214030,0.08474592096293009,True,True,2020-07-23
2020-07-23,MOCK1,946236,0.14752111566093282,True,True,2020-07-24
2020-07-24,MOCK1,918235,0.1007672840788955,True,True,2020-07-25
2020-07-27,MOCK1,70686,0.07201323087350243,True,True,2020-07-28
2020-07-28,MOCK1,492528,0.11933308351273593,True,True,2020-07-29
2020-07-29,MOCK1,860680,0.03210574066787393,True,True,2020-07-30
2020-07-30,MOCK1,720953,0.09679825731311532,True,True,2020-07-31
2020-07-31,MOCK1,637611,0.07324260447854804,True,True,2020-08-01
2020-08-03,MOCK1,431130,0.1007784761175098,True,True,2020-08-04
2020-08-04,MOCK1,606459,0.030984774835296408,True,True,2020-08-05
2020-08-05,MOCK1,325385,0.054156420303135444,True,True,2020-08-06
2020-08-06,MOCK1,782645,0.06529011137788732,True,True,2020-08-07
2020-08-07,MOCK1,994647,0.12074308904382798,True,True,2020-08-08
2020-08-10,MOCK1,126455,0.09841331738246283,True,True,2020-08-11
2020-08-11,MOCK1,585827,0.024479333349802443,True,True,2020-08-12
2020-08-12,MOCK1,204405,0.12974509029620232,True,True,2020-08-13
2020-08-13,MOCK1,144166,0.049299489993273556,True,True,2020-08-14
2020-08-14,MOCK1,38456,0.11592882782276434,True,True,2020-08-15
2020-08-17,MOCK1,75842,0.11390773353569716,True,True,2020-08-18
2020-08-18,MOCK1,513729,0.01939098326964961,True,True,2020-08-19
2020-08-19,MOCK1,93267,0.1034750645133834,True,True,2020-08-20
2020-08-20,MOCK1,340619,0.09100865448297653,True,True,2020-08-21
2020-08-21,MOCK1,992154,0.07312192002569506,True,True,2020-08-22
2020-08-24,MOCK1,879163,0.13842305561913518,True,True,2020-08-25
2020-08-25,MOCK1,766417,0.1382399583134282,True,True,2020-08-26
2020-08-26,MOCK1,422647,0.12922045727318476,True,True,2020-08-27
2020-08-27,MOCK1,645147,0.06850845501479583,True,True,2020-08-28
2020-08-28,MOCK1,736619,0.10333521847568355,True,True,2020-08-29
2020-08-31,MOCK1,892511,0.07293977028452696,True,True,2020-09-01
2020-09-01,MOCK1,736476,0.020731484072358836,True,True,2020-09-02
2020-09-02,MOCK1,701020,0.042568672490553516,True,True,2020-09-03
2020-09-03,MOCK1,62499,0.0687005654939479,True,True,2020-09-04
2020-09-04,MOCK1,417409,0.1349452685947539,True,True,2020-09-05
2020-09-07,MOCK1,872339,0.07265047291091974,True,True,2020-09-08
2020-09-08,MOCK1,906430,0.09177773428769957,True,True,2020-09-09
2020-09-09,MOCK1,196673,0.14232547070561224,True,True,2020-09-10
2020-09-10,MOCK1,757859,0.052457723773003825,True,True,2020-09-11
2020-09-11,MOCK1,12700,0.026606734100301843,True,True,2020-09-12
2020-09-14,MOCK1,870348,0.1436000626970281,True,True,2020-09-15
2020-09-15,MOCK1,349965,0.11226277395764409,True,True,2020-09-16
2020-09-16,MOCK1,244413,0.04263268702640653,True,True,2020-09-17
2020-09-17,MOCK1,578177,0.11264395414128693,True,True,2020-09-18
2020-09-18,MOCK1,492616,0.019527542729012307,True,True,2020-09-19
2020-09-21,MOCK1,139707,0.09827950975427613,True,True,2020-09-22
2020-09-22,MOCK1,419104,0.080139050198434,True,True,2020-09-23
2020-09-23,MOCK1,658539,0.0473515137447354,True,True,2020-09-24
2020-09-24,MOCK1,576539,0.04914933028922425,True,True,2020-09-25
2020-09-25,MOCK1,448965,0.07880670108853412,True,True,2020-09-26
2020-09-28,MOCK1,918900,0.13215281254000716,True,True,2020-09-29
2020-09-29,MOCK1,324253,0.07233565886820716,True,True,2020-09-30
2020-09-30,MOCK1,897455,0.1292719753034531,True,True,2020-10-01
2020-10-01,MOCK1,160700,0.1136669952381489,True,True,2020-10-02
2020-10-02,MOCK1,171623,0.11684506886218306,True,True,2020-10-03
2020-10-05,MOCK1,617693,0.1014024127089856,True,True,2020-10-06
2020-10-06,MOCK1,29736,0.11823461324800254,True,True,2020-10-07
2020-10-07,MOCK1,137752,0.11162887426955477,True,True,2020-10-08
2020-10-08,MOCK1,19672,0.12652585772417316,True,True,2020-10-09
2020-10-09,MOCK1,808113,0.06247720274421927,True,True,2020-10-10
2020-10-12,MOCK1,348863,0.13841557896198242,True,True,2020-10-13
2020-10-13,MOCK1,953963,0.10508600275697301,True,True,2020-10-14
2020-10-14,MOCK1,819299,0.11448731007229568,True,True,2020-10-15
2020-10-15,MOCK1,495736,0.028089437174439028,True,True,2020-10-16
2020-10-16,MOCK1,49886,0.11776379260528698,True,True,2020-10-17
2020-10-19,MOCK1,956708,0.044416420990324654,True,True,2020-10-20
2020-10-20,MOCK1,524351,0.06792060125718104,True,True,2020-10-21
2020-10-21,MOCK1,94546,0.10830784994212674,True,True,2020-10-22
2020-10-22,MOCK1,151846,0.11653360923473001,True,True,2020-10-23
2020-10-23,MOCK1,680318,0.12013670873455469,True,True,2020-10-24
2020-10-26,MOCK1,735907,0.06879434861857085,True,True,2020-10-27
2020-10-27,MOCK1,928705,0.03944951703703469,True,True,2020-10-28
2020-10-28,MOCK1,70724,0.09403116116921316,True,True,2020-10-29
2020-10-29,MOCK1,839138,0.05926434144902446,True,True,2020-10-30
2020-10-30,MOCK1,67400,0.10317801650070986,True,True,2020-10-31
2020-11-02,MOCK1,7651,0.09352360933161959,True,True,2020-11-03
2020-11-03,MOCK1,101209,0.1231340395428,True,True,2020-11-04
2020-11-04,MOCK1,349574,0.08604725985010576,True,True,2020-11-05
2020-11-05,MOCK1,848826,0.018935323110964554,True,True,2020-11-06
2020-11-06,MOCK1,961059,0.03282948519867332,True,True,2020-11-07
2020-11-09,MOCK1,322143,0.12965979278646494,True,True,2020-11-10
2020-11-10,MOCK1,732380,0.07052483132944068,True,True,2020-11-11
2020-11-11,MOCK1,268720,0.0757042209995638,True,True,2020-11-12
2020-11-12,MOCK1,871760,0.1299964084683178,True,True,2020-11-13
2020-11-13,MOCK1,773179,0.04877331670418131,True,True,2020-11-14
2020-11-16,MOCK1,490131,0.04115399250509117,True,True,2020-11-17
2020-11-17,MOCK1,407550,0.08038959046681884,True,True,2020-11-18
2020-11-18,MOCK1,120062,0.106040249861352,True,True,2020-11-19
2020-11-19,MOCK1,661113,0.01241734153538913,True,True,2020-11-20
2020-11-20,MOCK1,804333,0.03919041218343,True,True,2020-11-21
2020-11-23,MOCK1,8380,0.016917124786071387,True,True,2020-11-24
2020-11-24,MOCK1,425113,0.14114168005255795,True,True,2020-11-25
2020-11-25,MOCK1,215642,0.010544166246384854,True,True,2020-11-26
2020-11-26,MOCK1,342741,0.10696304501472793,True,True,2020-11-27
2020-11-27,MOCK1,978462,0.10430584264423295,True,True,2020-11-28
2020-11-30,MOCK1,721590,0.05368634345715159,True,True,2020-12-01
2020-12-01,MOCK1,47941,0.031850697174708724,True,True,2020-12-02
2020-12-02,MOCK1,713574,0.11152718740496602,True,True,2020-12-03
2020-12-03,MOCK1,52613,0.10818129271501686,True,True,2020-12-04
2020-12-04,MOCK1,828434,0.07593441168235485,True,True,2020-12-05
2020-12-07,MOCK1,182665,0.01002339514577497,True,True,2020-12-08
2020-12-08,MOCK1,496901,0.09041797356328879,True,True,2020-12-09
2020-12-09,MOCK1,968415,0.1288330874258644,True,True,2020-12-10
2020-12-10,MOCK1,864912,0.08426346249154794,True,True,2020-12-11
2020-12-11,MOCK1,756632,0.13485241343737425,True,True,2020-12-12
2020-12-14,MOCK1,395588,0.03320412437910807,True,True,2020-12-15
2020-12-15,MOCK1,798430,0.11088939160737885,True,True,2020-12-16
2020-12-16,MOCK1,417587,0.08283622958295113,True,True,2020-12-17
2020-12-17,MOCK1,485541,0.07142704456306792,True,True,2020-12-18
2020-12-18,MOCK1,98313,0.14148291332274182,True,True,2020-12-19
2020-12-21,MOCK1,199885,0.12202576477014994,True,True,2020-12-22
2020-12-22,MOCK1,491454,0.0855181160788404,True,True,2020-12-23
2020-12-23,MOCK1,908633,0.03694656940780603,True,True,2020-12-24
2020-12-24,MOCK1,845717,0.029946504873214853,True,True,2020-12-25
2020-12-25,MOCK1,910968,0.14329678655256778,True,True,2020-12-26
2020-12-28,MOCK1,699250,0.08690846430392594,True,True,2020-12-29
2020-12-29,MOCK1,519636,0.11899757759625541,True,True,2020-12-30
2020-12-30,MOCK1,73142,0.10499970507369887,True,True,2020-12-31
2020-12-31,MOCK1,63664,0.12417386641447514,True,True,2021-01-01
2021-01-01,MOCK1,829506,0.047083577878224675,True,True,2021-01-02
2021-01-04,MOCK1,508329,0.07962851816298391,True,True,2021-01-05
2021-01-05,MOCK1,245754,0.05493090996820254,True,True,2021-01-06
2021-01-06,MOCK1,535310,0.1325466755750952,True,True,2021-01-07
2021-01-07,MOCK1,663453,0.0887278404235053,True,True,2021-01-08
2021-01-08,MOCK1,964920,0.03174525803885924,True,True,2021-01-09
2021-01-11,MOCK1,63435,0.04461825585368128,True,True,2021-01-12
2021-01-12,MOCK1,179430,0.10824667217561375,True,True,2021-01-13
2021-01-13,MOCK1,744885,0.1348167230201267,True,True,2021-01-14
2021-01-14,MOCK1,988227,0.12752390214370202,True,True,2021-01-15
2021-01-15,MOCK1,485746,0.05362186999180587,True,True,2021-01-16
2021-01-18,MOCK1,280945,0.14023885939869654,True,True,2021-01-19
2021-01-19,MOCK1,506583,0.11031714923134947,True,True,2021-01-20
2021-01-20,MOCK1,637219,0.07345421273778859,True,True,2021-01-21
2021-01-21,MOCK1,33393,0.05943070015956893,True,True,2021-01-22
2021-01-22,MOCK1,282551,0.03245027197837541,True,True,2021-01-23
2021-01-25,MOCK1,220361,0.04879287154046057,True,True,2021-01-26
2021-01-26,MOCK1,926623,0.08336277004570299,True,True,2021-01-27
2021-01-27,MOCK1,331602,0.01673497442474442,True,True,2021-01-28
2021-01-28,MOCK1,32132,0.14298702027489119,True,True,2021-01-29
2021-01-29,MOCK1,190148,0.050206582978506574,True,True,2021-01-30
2021-02-01,MOCK1,444565,0.04990039829289608,True,True,2021-02-02
2021-02-02,MOCK1,768351,0.060183280544689396,True,True,2021-02-03
2021-02-03,MOCK1,609654,0.03147130825335149,True,True,2021-02-04
2021-02-04,MOCK1,914412,0.03110937724986209,True,True,2021-02-05
2021-02-05,MOCK1,430792,0.12763866464481233,True,True,2021-02-06
2021-02-08,MOCK1,628878,0.021093634950798634,True,True,2021-02-09
2021-02-09,MOCK1,40081,0.01830838986789922,True,True,2021-02-10
2021-02-10,MOCK1,41434,0.1032560525654823,True,True,2021-02-11
2021-02-11,MOCK1,928097,0.04219311006330073,True,True,2021-02-12
2021-02-12,MOCK1,226880,0.03547489278736296,True,True,2021-02-13
2021-02-15,MOCK1,496803,0.07849266501374406,True,True,2021-02-16
2021-02-16,MOCK1,972404,0.05756689720793847,True,True,2021-02-17
2021-02-17,MOCK1,415524,0.1331890635849611,True,True,2021-02-18
2021-02-18,MOCK1,347082,0.04553803947881897,True,True,2021-02-19
2021-02-19,MOCK1,845622,0.10119722381838502,True,True,2021-02-20
2021-02-22,MOCK1,540052,0.10422565790849142,True,True,2021-02-23
2021-02-23,MOCK1,280040,0.1345993188929993,True,True,2021-02-24
2021-02-24,MOCK1,948104,0.043287788779532856,True,True,2021-02-25
2021-02-25,MOCK1,89034,0.1203163662482056,True,True,2021-02-26
2021-02-26,MOCK1,13230,0.06956822912171212,True,True,2021-02-27
2021-03-01,MOCK1,361760,0.14148216767633126,True,True,2021-03-02
2021-03-02,MOCK1,33552,0.0831624424275414,True,True,2021-03-03
2021-03-03,MOCK1,187062,0.09394852451198824,True,True,2021-03-04
2021-03-04,MOCK1,409713,0.08348702870766736,True,True,2021-03-05
2021-03-05,MOCK1,305436,0.12567806589390648,True,True,2021-03-06
2021-03-08,MOCK1,715557,0.13126841884430807,True,True,2021-03-09
2021-03-09,MOCK1,604362,0.07925044944087345,True,True,2021-03-10
2021-03-10,MOCK1,90051,0.04108553521024301,True,True,2021-03-11
2021-03-11,MOCK1,234775,0.013426802641769257,True,True,2021-03-12
2021-03-12,MOCK1,269539,0.060726216534349085,True,True,2021-03-13
2021-03-15,MOCK1,373960,0.08912164734385233,True,True,2021-03-16
2021-03-16,MOCK1,90726,0.024338879102048003,True,True,2021-03-17
2021-03-17,MOCK1,804564,0.025390513642255176,True,True,2021-03-18
2021-03-18,MOCK1,562666,0.14150362875521397,True,True,2021-03-19
2021-03-19,MOCK1,122893,0.10962684460655772,True,True,2021-03-20
2021-03-22,MOCK1,137608,0.051206679712495845,True,True,2021-03-23
2021-03-23,MOCK1,859258,0.055226842236674234,True,True,2021-03-24
2021-03-24,MOCK1,171606,0.04870136454094465,True,True,2021-03-25
2021-03-25,MOCK1,802767,0.08716576744299064,True,True,2021-03-26
2021-03-26,MOCK1,392535,0.01984427532142828,True,True,2021-03-27
2021-03-29,MOCK1,810117,0.12562764909675814,True,True,2021-03-30
2021-03-30,MOCK1,672603,0.06256973457346454,True,True,2021-03-31
2021-03-31,MOCK1,455495,0.01638663770698716,True,True,2021-04-01
2021-04-01,MOCK1,351584,0.06134393976342028,True,True,2021-04-02
2021-04-02,MOCK1,666145,0.022227891038017568,True,True,2021-04-03
2021-04-05,MOCK1,776543,0.02651421449669053,True,True,2021-04-06
2021-04-06,MOCK1,728420,0.0866888835948988,True,True,2021-04-07
2021-04-07,MOCK1,211514,0.023208878201865967,True,True,2021-04-08
2021-04-08,MOCK1,224740,0.07557190652420355,True,True,2021-04-09
2021-04-09,MOCK1,253846,0.0726297226459905,True,True,2021-04-10
2021-04-12,MOCK1,742519,0.08225153083725645,True,True,2021-04-13
2021-04-13,MOCK1,101336,0.06957028197569841,True,True,2021-04-14
2021-04-14,MOCK1,523017,0.06544365578383614,True,True,2021-04-15
2021-04-15,MOCK1,317225,0.1392349890213861,True,True,2021-04-16
2021-04-16,MOCK1,611129,0.14522147549884248,True,True,2021-04-17
2021-04-19,MOCK1,192574,0.09535711356254867,True,True,2021-04-20
2021-04-20,MOCK1,528108,0.12705801762920793,True,True,2021-04-21
2021-04-21,MOCK1,996637,0.1371744315502689,True,True,2021-04-22
2021-04-22,MOCK1,519623,0.05254454253876458,True,True,2021-04-23
2021-04-23,MOCK1,849881,0.13364744027202496,True,True,2021-04-24
2021-04-26,MOCK1,143661,0.049288897260211954,True,True,2021-04-27
2021-04-27,MOCK1,139682,0.07338772217725975,True,True,2021-04-28
2021-04-28,MOCK1,359972,0.11547777702120864,True,True,2021-04-29
2021-04-29,MOCK1,234405,0.1348534787324466,True,True,2021-04-30
2021-04-30,MOCK1,665273,0.0872100271364104,True,True,2021-05-01
2021-05-03,MOCK1,59490,0.04421677695448118,True,True,2021-05-04
2021-05-04,MOCK1,19134,0.0655557543881088,True,True,2021-05-05
2021-05-05,MOCK1,733962,0.04929285106054113,True,True,2021-05-06
2021-05-06,MOCK1,208149,0.029792875548304044,True,True,2021-05-07
2021-05-07,MOCK1,361689,0.1398007780887093,True,True,2021-05-08
2021-05-10,MOCK1,86083,0.013017582652012485,True,True,2021-05-11
2021-05-11,MOCK1,940053,0.051274273263106095,True,True,2021-05-12
2021-05-12,MOCK1,403729,0.039731600296663075,True,True,2021-05-13
2021-05-13,MOCK1,705496,0.014528861569790972,True,True,2021-05-14
2021-05-14,MOCK1,114072,0.13076745874453746,True,True,2021-05-15
2021-05-17,MOCK1,372094,0.012441310534128518,True,True,2021-05-18
2021-05-18,MOCK1,241695,0.13773171509143137,True,True,2021-05-19
2021-05-19,MOCK1,616195,0.14762016482498597,True,True,2021-05-20
2021-05-20,MOCK1,881210,0.0893979777893202,True,True,2021-05-21
2021-05-21,MOCK1,230981,0.11468055324517991,True,True,2021-05-22
2021-05-24,MOCK1,909584,0.12941253722963547,True,True,2021-05-25
2021-05-25,MOCK1,960246,0.13503926633442417,True,True,2021-05-26
2021-05-26,MOCK1,396402,0.13182517219006273,True,True,2021-05-27
2021-05-27,MOCK1,760213,0.03542705735832125,True,True,2021-05-28
2021-05-28,MOCK1,305933,0.10775520304278731,True,True,2021-05-29
2021-05-31,MOCK1,238381,0.06662562001924771,True,True,2021-06-01
2021-06-01,MOCK1,842167,0.11827816931675036,True,True,2021-06-02
2021-06-02,MOCK1,766590,0.03961473689474,True,True,2021-06-03
2021-06-03,MOCK1,892178,0.073659372083674,True,True,2021-06-04
2021-06-04,MOCK1,902029,0.12217229618164052,True,True,2021-06-05
2021-06-07,MOCK1,775814,0.1293791823256182,True,True,2021-06-08
2021-06-08,MOCK1,443055,0.09832460568009178,True,True,2021-06-09
2021-06-09,MOCK1,298756,0.026263380270833935,True,True,2021-06-10
2021-06-10,MOCK1,769434,0.01676037626732234,True,True,2021-06-11
2021-06-11,MOCK1,852504,0.1302949639266169,True,True,2021-06-12
2021-06-14,MOCK1,108305,0.024831431312943693,True,True,2021-06-15
2021-06-15,MOCK1,181407,0.13195935014183016,True,True,2021-06-16
2021-06-16,MOCK1,548566,0.1497621682812391,True,True,2021-06-17
2021-06-17,MOCK1,731589,0.13477560990054302,True,True,2021-06-18
2021-06-18,MOCK1,225159,0.03903265041618274,True,True,2021-06-19
2021-06-21,MOCK1,112117,0.09940680868364697,True,True,2021-06-22
2021-06-22,MOCK1,124652,0.05343807375188234,True,True,2021-06-23
2021-06-23,MOCK1,614221,0.09451163226713856,True,True,2021-06-24
2021-06-24,MOCK1,850280,0.09310595464544141,True,True,2021-06-25
2021-06-25,MOCK1,863822,0.14454182888215283,True,True,2021-06-26
2021-06-28,MOCK1,361815,0.02240243614525884,True,True,2021-06-29
2021-06-29,MOCK1,446504,0.13749992713154485,True,True,2021-06-30
2021-06-30,MOCK1,518286,0.08833887960300847,True,True,2021-07-01
2021-07-01,MOCK1,359940,0.04674769684238825,True,True,2021-07-02
2021-07-02,MOCK1,558851,0.13095689453759446,True,True,2021-07-03
2021-07-05,MOCK1,794628,0.014164263757533841,True,True,2021-07-06
2021-07-06,MOCK1,448435,0.056348649649632446,True,True,2021-07-07
2021-07-07,MOCK1,431001,0.11704919529326929,True,True,2021-07-08
2021-07-08,MOCK1,930302,0.02861514224056627,True,True,2021-07-09
2021-07-09,MOCK1,408785,0.06711452305594767,True,True,2021-07-10
2021-07-12,MOCK1,900659,0.05929482658530778,True,True,2021-07-13
2021-07-13,MOCK1,584246,0.14213950693877905,True,True,2021-07-14
2021-07-14,MOCK1,236113,0.056928546954372015,True,True,2021-07-15
2021-07-15,MOCK1,34109,0.0944638774782055,True,True,2021-07-16
2021-07-16,MOCK1,676363,0.016282463824784252,True,True,2021-07-17
2021-07-19,MOCK1,896767,0.11441502370434363,True,True,2021-07-20
2021-07-20,MOCK1,724079,0.08113293433978064,True,True,2021-07-21
2021-07-21,MOCK1,374268,0.035210017502610914,True,True,2021-07-22
2021-07-22,MOCK1,741786,0.08155920824661457,True,True,2021-07-23
2021-07-23,MOCK1,845670,0.09058379913179199,True,True,2021-07-24
2021-07-26,MOCK1,430264,0.06602861031832534,True,True,2021-07-27
2021-07-27,MOCK1,543950,0.13441376553268472,True,True,2021-07-28
2021-07-28,MOCK1,41143,0.09565550933024994,True,True,2021-07-29
2021-07-29,MOCK1,291493,0.1139147240926622,True,True,2021-07-30
2021-07-30,MOCK1,381751,0.13189218012206624,True,True,2021-07-31
2021-08-02,MOCK1,624933,0.12689384203135115,True,True,2021-08-03
2021-08-03,MOCK1,136212,0.03222367897818303,True,True,2021-08-04
2021-08-04,MOCK1,414347,0.10994338013760654,True,True,2021-08-05
2021-08-05,MOCK1,332976,0.06342755436721163,True,True,2021-08-06
2021-08-06,MOCK1,495611,0.14782897979486376,True,True,2021-08-07
2021-08-09,MOCK1,126202,0.13776504180207585,True,True,2021-08-10
2021-08-10,MOCK1,970987,0.13955233927285432,True,True,2021-08-11
2021-08-11,MOCK1,600814,0.13138386945999642,True,True,2021-08-12
2021-08-12,MOCK1,849879,0.14720907225742394,True,True,2021-08-13
2021-08-13,MOCK1,835409,0.08380524345546596,True,True,2021-08-14
2021-08-16,MOCK1,460061,0.04531926338934031,True,True,2021-08-17
2021-08-17,MOCK1,582321,0.07441686301242438,True,True,2021-08-18
2021-08-18,MOCK1,550078,0.14453017980114236,True,True,2021-08-19
2021-08-19,MOCK1,892385,0.047372055938941345,True,True,2021-08-20
2021-08-20,MOCK1,459981,0.1408130368680967,True,True,2021-08-21
2021-08-23,MOCK1,42385,0.01355966812217764,True,True,2021-08-24
2021-08-24,MOCK1,411628,0.02768268197465735,True,True,2021-08-25
2021-08-25,MOCK1,750471,0.0773401341018294,True,True,2021-08-26
2021-08-26,MOCK1,654076,0.052071343180543635,True,True,2021-08-27
2021-08-27,MOCK1,961570,0.0579955063789863,True,True,2021-08-28
2021-08-30,MOCK1,110944,0.14155581994509442,True,True,2021-08-31
2021-08-31,MOCK1,129436,0.06992092827650725,True,True,2021-09-01
2021-09-01,MOCK1,203344,0.020444147108715956,True,True,2021-09-02
2021-09-02,MOCK1,324145,0.14857853492854284,True,True,2021-09-03
2021-09-03,MOCK1,92668,0.0931624180630592,True,True,2021-09-04
2021-09-06,MOCK1,891923,0.02673342670974678,True,True,2021-09-07
2021-09-07,MOCK1,979289,0.13729742425481925,True,True,2021-09-08
2021-09-08,MOCK1,63451,0.04130597046200696,True,True,2021-09-09
2021-09-09,MOCK1,352576,0.05511917983368877,True,True,2021-09-10
2021-09-10,MOCK1,328467,0.13485386640238514,True,True,2021-09-11
2021-09-13,MOCK1,835796,0.14381902831984858,True,True,2021-09-14
2021-09-14,MOCK1,184479,0.08940895341494998,True,True,2021-09-15
2021-09-15,MOCK1,735794,0.10378852790191949,True,True,2021-09-16
2021-09-16,MOCK1,673106,0.037441418148779874,True,True,2021-09-17
2021-09-17,MOCK1,605596,0.10164495886326705,True,True,2021-09-18
2021-09-20,MOCK1,179293,0.14257106195979055,True,True,2021-09-21
2021-09-21,MOCK1,597234,0.09163244788976482,True,True,2021-09-22
2021-09-22,MOCK1,340902,0.09655428234701324,True,True,2021-09-23
2021-09-23,MOCK1,652529,0.11997673214344991,True,True,2021-09-24
2021-09-24,MOCK1,863529,0.017056194330156878,True,True,2021-09-25
2021-09-27,MOCK1,210200,0.09786505258035903,True,True,2021-09-28
2021-09-28,MOCK1,228766,0.13331575514864147,True,True,2021-09-29
2021-09-29,MOCK1,542263,0.14374831345111902,True,True,2021-09-30
2021-09-30,MOCK1,949050,0.08675829862077586,True,True,2021-10-01
2021-10-01,MOCK1,69071,0.08218312258215978,True,True,2021-10-02
2021-10-04,MOCK1,710608,0.1349640347342873,True,True,2021-10-05
2021-10-05,MOCK1,592625,0.12336301423774378,True,True,2021-10-06
2021-10-06,MOCK1,340897,0.0697992247192051,True,True,2021-10-07
2021-10-07,MOCK1,383345,0.10988628454780042,True,True,2021-10-08
2021-10-08,MOCK1,893712,0.02269958053735812,True,True,2021-10-09
2021-10-11,MOCK1,342201,0.10941383866937318,True,True,2021-10-12
2021-10-12,MOCK1,71886,0.0658744349889083,True,True,2021-10-13
2021-10-13,MOCK1,114729,0.03934557078559163,True,True,2021-10-14
2021-10-14,MOCK1,554852,0.05493118987953057,True,True,2021-10-15
2021-10-15,MOCK1,303670,0.1296983050715102,True,True,2021-10-16
2021-10-18,MOCK1,761396,0.09269622520118924,True,True,2021-10-19
2021-10-19,MOCK1,168868,0.13015174767409188,True,True,2021-10-20
2021-10-20,MOCK1,874693,0.10257708705502384,True,True,2021-10-21
2021-10-21,MOCK1,608276,0.13611747328395593,True,True,2021-10-22
2021-10-22,MOCK1,688294,0.12599947994344854,True,True,2021-10-23
2021-10-25,MOCK1,937076,0.1434167129101614,True,True,2021-10-26
2021-10-26,MOCK1,934469,0.018663616671893434,True,True,2021-10-27
2021-10-27,MOCK1,603329,0.0480579505083027,True,True,2021-10-28
2021-10-28,MOCK1,956411,0.09835074664664673,True,True,2021-10-29
2021-10-29,MOCK1,705203,0.1310231849813294,True,True,2021-10-30
2021-11-01,MOCK1,322671,0.012815375746636668,True,True,2021-11-02
2021-11-02,MOCK1,730119,0.05608342739412332,True,True,2021-11-03
2021-11-03,MOCK1,152451,0.14193417687321114,True,True,2021-11-04
2021-11-04,MOCK1,774539,0.04534375690475873,True,True,2021-11-05
2021-11-05,MOCK1,53132,0.10745110976922945,True,True,2021-11-06
2021-11-08,MOCK1,319379,0.09264949505826744,True,True,2021-11-09
2021-11-09,MOCK1,54220,0.099306489551129,True,True,2021-11-10
2021-11-10,MOCK1,20906,0.11037643617343228,True,True,2021-11-11
2021-11-11,MOCK1,541232,0.13713685354194716,True,True,2021-11-12
2021-11-12,MOCK1,821451,0.1194656839488995,True,True,2021-11-13
2021-11-15,MOCK1,411241,0.14708563914551753,True,True,2021-11-16
2021-11-16,MOCK1,832612,0.11816124845758698,True,True,2021-11-17
2021-11-17,MOCK1,887891,0.09439056708914023,True,True,2021-11-18
2021-11-18,MOCK1,233298,0.058341967934299396,True,True,2021-11-19
2021-11-19,MOCK1,779869,0.09027129774114374,True,True,2021-11-20
2021-11-22,MOCK1,45517,0.06204630457721806,True,True,2021-11-23
2021-11-23,MOCK1,346107,0.136306792417429,True,True,2021-11-24
2021-11-24,MOCK1,505650,0.05669937476931891,True,True,2021-11-25
2021-11-25,MOCK1,307007,0.12673006287290367,True,True,2021-11-26
2021-11-26,MOCK1,760430,0.045697239847477755,True,True,2021-11-27
2021-11-29,MOCK1,517387,0.12646787087362238,True,True,2021-11-30
2021-11-30,MOCK1,670816,0.072919692802788,True,True,2021-12-01
2021-12-01,MOCK1,290047,0.14728575148948012,True,True,2021-12-02
2021-12-02,MOCK1,690116,0.1351794615163625,True,True,2021-12-03
2021-12-03,MOCK1,742441,0.06501126755643284,True,True,2021-12-04
2021-12-06,MOCK1,852358,0.09257427769867362,True,True,2021-12-07
2021-12-07,MOCK1,457504,0.011402041210085527,True,True,2021-12-08
2021-12-08,MOCK1,760509,0.08935356701915075,True,True,2021-12-09
2021-12-09,MOCK1,686930,0.1254037541535663,True,True,2021-12-10
2021-12-10,MOCK1,10088,0.12746267712849169,True,True,2021-12-11
2021-12-13,MOCK1,768026,0.11408684980409384,True,True,2021-12-14
2021-12-14,MOCK1,941865,0.030121542161870886,True,True,2021-12-15
2021-12-15,MOCK1,623711,0.07494041968051146,True,True,2021-12-16
2021-12-16,MOCK1,906432,0.06207330776121374,True,True,2021-12-17
2021-12-17,MOCK1,89244,0.14794111403260005,True,True,2021-12-18
2021-12-20,MOCK1,335899,0.022736513998316037,True,True,2021-12-21
2021-12-21,MOCK1,63413,0.0839374487278279,True,True,2021-12-22
2021-12-22,MOCK1,740101,0.11833882009317472,True,True,2021-12-23
2021-12-23,MOCK1,476811,0.05366640513619727,True,True,2021-12-24
2021-12-24,MOCK1,929184,0.05555047190486584,True,True,2021-12-25
2021-12-27,MOCK1,977884,0.1307985618887957,True,True,2021-12-28
2021-12-28,MOCK1,681580,0.13105864005027154,True,True,2021-12-29
2021-12-29,MOCK1,178276,0.1477282147156591,True,True,2021-12-30
2021-12-30,MOCK1,639443,0.08459028601273128,True,True,2021-12-31
2021-12-31,MOCK1,165295,0.13714466561821032,True,True,2022-01-01
2022-01-03,MOCK1,677945,0.026017210608192842,True,True,2022-01-04
2022-01-04,MOCK1,49990,0.139587170798211,True,True,2022-01-05
2022-01-05,MOCK1,973476,0.050326153628497954,True,True,2022-01-06
2022-01-06,MOCK1,385151,0.07004778526139045,True,True,2022-01-07
2022-01-07,MOCK1,162398,0.10772555654320537,True,True,2022-01-08
2022-01-10,MOCK1,750659,0.07072096381608414,True,True,2022-01-11
2022-01-11,MOCK1,318665,0.11305112321516744,True,True,2022-01-12
2022-01-12,MOCK1,353639,0.09869185452180644,True,True,2022-01-13
2022-01-13,MOCK1,77712,0.09247351417709215,True,True,2022-01-14
2022-01-14,MOCK1,610065,0.10855024722142434,True,True,2022-01-15
2022-01-17,MOCK1,923642,0.08175231402034748,True,True,2022-01-18
2022-01-18,MOCK1,507970,0.06727158583853349,True,True,2022-01-19
2022-01-19,MOCK1,546914,0.13094207571608554,True,True,2022-01-20
2022-01-20,MOCK1,200207,0.07781228023068094,True,True,2022-01-21
2022-01-21,MOCK1,94784,0.11220158823969878,True,True,2022-01-22
2022-01-24,MOCK1,147041,0.03615743033176095,True,True,2022-01-25
2022-01-25,MOCK1,131246,0.1112394300362482,True,True,2022-01-26
2022-01-26,MOCK1,77339,0.1325050332599074,True,True,2022-01-27
2022-01-27,MOCK1,597725,0.03924066923806236,True,True,2022-01-28
2022-01-28,MOCK1,712460,0.0904587341697673,True,True,2022-01-29
2022-01-31,MOCK1,483958,0.056077995869206726,True,True,2022-02-01
2022-02-01,MOCK1,190264,0.035101460842432326,True,True,2022-02-02
2022-02-02,MOCK1,255512,0.015820700436158207,True,True,2022-02-03
2022-02-03,MOCK1,711081,0.07790552225514659,True,True,2022-02-04
2022-02-04,MOCK1,832526,0.020158106953642778,True,True,2022-02-05
2022-02-07,MOCK1,827794,0.01562529442229539,True,True,2022-02-08
2022-02-08,MOCK1,260902,0.14784248237754027,True,True,2022-02-09
2022-02-09,MOCK1,832436,0.07246767241350717,True,True,2022-02-10
2022-02-10,MOCK1,642664,0.13366708185423312,True,True,2022-02-11
2022-02-11,MOCK1,519439,0.14363862644341158,True,True,2022-02-12
2022-02-14,MOCK1,838030,0.13852990630710782,True,True,2022-02-15
2022-02-15,MOCK1,466812,0.09916322130088563,True,True,2022-02-16
2022-02-16,MOCK1,532348,0.08563337039409097,True,True,2022-02-17
2022-02-17,MOCK1,120221,0.14566778591205634,True,True,2022-02-18
2022-02-18,MOCK1,493642,0.016618221327449657,True,True,2022-02-19
2022-02-21,MOCK1,631715,0.11084530394358902,True,True,2022-02-22
2022-02-22,MOCK1,243562,0.13369352881788885,True,True,2022-02-23
2022-02-23,MOCK1,241106,0.1479275691383638,True,True,2022-02-24
2022-02-24,MOCK1,998031,0.012786513547839549,True,True,2022-02-25
2022-02-25,MOCK1,470530,0.1451030372259754,True,True,2022-02-26
2022-02-28,MOCK1,512763,0.13373275801030043,True,True,2022-03-01
2022-03-01,MOCK1,451360,0.05243065025213395,True,True,2022-03-02
2022-03-02,MOCK1,777566,0.08559684621624966,True,True,2022-03-03
2022-03-03,MOCK1,592583,0.0824351389621452,True,True,2022-03-04
2022-03-04,MOCK1,607868,0.12551539577671308,True,True,2022-03-05
2022-03-07,MOCK1,691306,0.11419426979357858,True,True,2022-03-08
2022-03-08,MOCK1,234116,0.07292818211946701,True,True,2022-03-09
2022-03-09,MOCK1,683267,0.1145155395616652,True,True,2022-03-10
2022-03-10,MOCK1,538504,0.0901204540352783,True,True,2022-03-11
2022-03-11,MOCK1,438745,0.0473717582442282,True,True,2022-03-12
2022-03-14,MOCK1,847593,0.036960195609028836,True,True,2022-03-15
2022-03-15,MOCK1,786092,0.11262403898335957,True,True,2022-03-16
2022-03-16,MOCK1,512515,0.12732347042213446,True,True,2022-03-17
2022-03-17,MOCK1,529143,0.06161354098002916,True,True,2022-03-18
2022-03-18,MOCK1,558497,0.13427143283773127,True,True,2022-03-19
2022-03-21,MOCK1,792564,0.09087390762341595,True,True,2022-03-22
2022-03-22,MOCK1,361082,0.14517168356256205,True,True,2022-03-23
2022-03-23,MOCK1,479894,0.12868791244039957,True,True,2022-03-24
2022-03-24,MOCK1,106348,0.06100998978409247,True,True,2022-03-25
2022-03-25,MOCK1,780360,0.08587228541808124,True,True,2022-03-26
2022-03-28,MOCK1,402985,0.017941830313215813,True,True,2022-03-29
2022-03-29,MOCK1,924562,0.08363245746032107,True,True,2022-03-30
2022-03-30,MOCK1,399657,0.0942942748697267,True,True,2022-03-31
2022-03-31,MOCK1,144865,0.10407943509795224,True,True,2022-04-01
2022-04-01,MOCK1,534293,0.1428392236269312,True,True,2022-04-02
2022-04-04,MOCK1,935933,0.04840357204848387,True,True,2022-04-05
2022-04-05,MOCK1,578292,0.1116531632166654,True,True,2022-04-06
2022-04-06,MOCK1,46277,0.11352997778866436,True,True,2022-04-07
2022-04-07,MOCK1,622220,0.04457445036920242,True,True,2022-04-08
2022-04-08,MOCK1,33668,0.05777089628606175,True,True,2022-04-09
2022-04-11,MOCK1,552473,0.13313575975053846,True,True,2022-04-12
2022-04-12,MOCK1,432353,0.030272397249113327,True,True,2022-04-13
2022-04-13,MOCK1,472479,0.028860751667667807,True,True,2022-04-14
2022-04-14,MOCK1,608466,0.05106341530215495,True,True,2022-04-15
2022-04-15,MOCK1,245692,0.03606343420214023,True,True,2022-04-16
2022-04-18,MOCK1,411579,0.12151430065267359,True,True,2022-04-19
2022-04-19,MOCK1,88224,0.11985347280526247,True,True,2022-04-20
2022-04-20,MOCK1,836009,0.06179247896734901,True,True,2022-04-21
2022-04-21,MOCK1,197259,0.0529101767674232,True,True,2022-04-22
2022-04-22,MOCK1,545343,0.13399425527733566,True,True,2022-04-23
2022-04-25,MOCK1,32981,0.01775727101636152,True,True,2022-04-26
2022-04-26,MOCK1,249297,0.11936717824291883,True,True,2022-04-27
2022-04-27,MOCK1,291656,0.1160979326151721,True,True,2022-04-28
2022-04-28,MOCK1,867809,0.07212088179649444,True,True,2022-04-29
2022-04-29,MOCK1,540517,0.01830461743120176,True,True,2022-04-30
2022-05-02,MOCK1,491246,0.016593826605991027,True,True,2022-05-03
2022-05-03,MOCK1,649755,0.06280885776481404,True,True,2022-05-04
2022-05-04,MOCK1,663937,0.0710853010236851,True,True,2022-05-05
2022-05-05,MOCK1,577034,0.07319077037653166,True,True,2022-05-06
2022-05-06,MOCK1,322619,0.03246088098907763,True,True,2022-05-07
2022-05-09,MOCK1,870516,0.11845448197639805,True,True,2022-05-10
2022-05-10,MOCK1,378193,0.10497412564941398,True,True,2022-05-11
2022-05-11,MOCK1,999138,0.05753273742944374,True,True,2022-05-12
2022-05-12,MOCK1,708222,0.05323202333674924,True,True,2022-05-13
2022-05-13,MOCK1,997560,0.1378002248307659,True,True,2022-05-14
2022-05-16,MOCK1,21057,0.09878033889002859,True,True,2022-05-17
2022-05-17,MOCK1,517316,0.04983266215336645,True,True,2022-05-18
2022-05-18,MOCK1,995777,0.1116794950735879,True,True,2022-05-19
2022-05-19,MOCK1,340435,0.10841757935940338,True,True,2022-05-20
2022-05-20,MOCK1,77307,0.11957453326467303,True,True,2022-05-21
2022-05-23,MOCK1,57801,0.05100986454121196,True,True,2022-05-24
2022-05-24,MOCK1,682973,0.0545836359209551,True,True,2022-05-25
2022-05-25,MOCK1,987606,0.10771559238906775,True,True,2022-05-26
2022-05-26,MOCK1,285335,0.03577144878120441,True,True,2022-05-27
2022-05-27,MOCK1,652251,0.06341056501320634,True,True,2022-05-28
2022-05-30,MOCK1,424208,0.08660967369911278,True,True,2022-05-31
2022-05-31,MOCK1,776806,0.13570267268755673,True,True,2022-06-01
2022-06-01,MOCK1,96583,0.08356865793906852,True,True,2022-06-02
2022-06-02,MOCK1,836689,0.14715048080358265,True,True,2022-06-03
2022-06-03,MOCK1,719000,0.11415526360971594,True,True,2022-06-04
2022-06-06,MOCK1,299759,0.13193262006947798,True,True,2022-06-07
2022-06-07,MOCK1,444127,0.08258163133652759,True,True,2022-06-08
2022-06-08,MOCK1,696447,0.07958908104661856,True,True,2022-06-09
2022-06-09,MOCK1,812909,0.08678490936683726,True,True,2022-06-10
2022-06-10,MOCK1,925198,0.06865721279539491,True,True,2022-06-11
2022-06-13,MOCK1,4069,0.12195648850262275,True,True,2022-06-14
2022-06-14,MOCK1,923032,0.05590670754788737,True,True,2022-06-15
2022-06-15,MOCK1,649081,0.03275122194602463,True,True,2022-06-16
2022-06-16,MOCK1,730842,0.13704574402951683,True,True,2022-06-17
2022-06-17,MOCK1,225555,0.1263535444815195,True,True,2022-06-18
2022-06-20,MOCK1,618270,0.11204966871758404,True,True,2022-06-21
2022-06-21,MOCK1,182661,0.045855668306210025,True,True,2022-06-22
2022-06-22,MOCK1,797977,0.10475337795810498,True,True,2022-06-23
2022-06-23,MOCK1,212195,0.128642778148274,True,True,2022-06-24
2022-06-24,MOCK1,977466,0.05984539725706581,True,True,2022-06-25
2022-06-27,MOCK1,158650,0.0906950330780515,True,True,2022-06-28
2022-06-28,MOCK1,705813,0.03750147385947802,True,True,2022-06-29
2022-06-29,MOCK1,368863,0.09436722758991488,True,True,2022-06-30
2022-06-30,MOCK1,419637,0.11358918043887693,True,True,2022-07-01
2022-07-01,MOCK1,882553,0.06365366096275679,True,True,2022-07-02
2022-07-04,MOCK1,515111,0.037085314903592556,True,True,2022-07-05
2022-07-05,MOCK1,196583,0.10320625336760818,True,True,2022-07-06
2022-07-06,MOCK1,462774,0.1387309797596207,True,True,2022-07-07
2022-07-07,MOCK1,306777,0.11650872054818978,True,True,2022-07-08
2022-07-08,MOCK1,131763,0.13517565277273602,True,True,2022-07-09
2022-07-11,MOCK1,493029,0.1311136055577882,True,True,2022-07-12
2022-07-12,MOCK1,124393,0.051912713403044146,True,True,2022-07-13
2022-07-13,MOCK1,791033,0.12298295093436236,True,True,2022-07-14
2022-07-14,MOCK1,435968,0.14264142288203863,True,True,2022-07-15
2022-07-15,MOCK1,41566,0.054603701683562995,True,True,2022-07-16
2022-07-18,MOCK1,785889,0.06952774727717997,True,True,2022-07-19
2022-07-19,MOCK1,12295,0.016588232473684107,True,True,2022-07-20
2022-07-20,MOCK1,827950,0.08235413127123256,True,True,2022-07-21
2022-07-21,MOCK1,220073,0.018730005246875632,True,True,2022-07-22
2022-07-22,MOCK1,973033,0.08253131185028217,True,True,2022-07-23
2022-07-25,MOCK1,156726,0.04305826260313814,True,True,2022-07-26
2022-07-26,MOCK1,590000,0.09533823480251696,True,True,2022-07-27
2022-07-27,MOCK1,68522,0.06471875886167501,True,True,2022-07-28
2022-07-28,MOCK1,90592,0.07761577268881122,True,True,2022-07-29
2022-07-29,MOCK1,214810,0.046512601131128484,True,True,2022-07-30
2022-08-01,MOCK1,164114,0.09402864356883812,True,True,2022-08-02
2022-08-02,MOCK1,160454,0.10532258491919745,True,True,2022-08-03
2022-08-03,MOCK1,112004,0.14818210510047714,True,True,2022-08-04
2022-08-04,MOCK1,8800,0.04997441455936075,True,True,2022-08-05
2022-08-05,MOCK1,17606,0.06283285225686697,True,True,2022-08-06
2022-08-08,MOCK1,702691,0.12517895428869194,True,True,2022-08-09
2022-08-09,MOCK1,629894,0.14221035502940366,True,True,2022-08-10
2022-08-10,MOCK1,929442,0.024165984812653078,True,True,2022-08-11
2022-08-11,MOCK1,661450,0.06293436776500594,True,True,2022-08-12
2022-08-12,MOCK1,669990,0.10917406533799652,True,True,2022-08-13
2022-08-15,MOCK1,444303,0.08651976981880537,True,True,2022-08-16
2022-08-16,MOCK1,671693,0.02920140175334114,True,True,2022-08-17
2022-08-17,MOCK1,681992,0.09538003832355854,True,True,2022-08-18
2022-08-18,MOCK1,197040,0.07970908599855532,True,True,2022-08-19
2022-08-19,MOCK1,643459,0.08458852797403241,True,True,2022-08-20
2022-08-22,MOCK1,758080,0.04655949546714464,True,True,2022-08-23
2022-08-23,MOCK1,600172,0.022667827002267125,True,True,2022-08-24
2022-08-24,MOCK1,909813,0.06735362947668032,True,True,2022-08-25
2022-08-25,MOCK1,534962,0.030209339686465705,True,True,2022-08-26
2022-08-26,MOCK1,983987,0.10183067662354096,True,True,2022-08-27
2022-08-29,MOCK1,471728,0.11712008769362714,True,True,2022-08-30
2022-08-30,MOCK1,991517,0.11179028909941219,True,True,2022-08-31
2022-08-31,MOCK1,986970,0.0661712780754289,True,True,2022-09-01
2022-09-01,MOCK1,178207,0.04538122546451966,True,True,2022-09-02
2022-09-02,MOCK1,294979,0.11805618630723971,True,True,2022-09-03
2022-09-05,MOCK1,595913,0.06583048400501221,True,True,2022-09-06
2022-09-06,MOCK1,850728,0.0895889658916696,True,True,2022-09-07
2022-09-07,MOCK1,933486,0.024593594611363102,True,True,2022-09-08
2022-09-08,MOCK1,722584,0.14569091124891606,True,True,2022-09-09
2022-09-09,MOCK1,502311,0.06471548310443488,True,True,2022-09-10
2022-09-12,MOCK1,526194,0.14570409003182033,True,True,2022-09-13
2022-09-13,MOCK1,745056,0.04137476439706644,True,True,2022-09-14
2022-09-14,MOCK1,696041,0.07308669487012996,True,True,2022-09-15
2022-09-15,MOCK1,840640,0.08443093212040313,True,True,2022-09-16
2022-09-16,MOCK1,976417,0.08220562128726,True,True,2022-09-17
2022-09-19,MOCK1,260767,0.04116028818502091,True,True,2022-09-20
2022-09-20,MOCK1,833532,0.12872809975590113,True,True,2022-09-21
2022-09-21,MOCK1,15612,0.03159427974109102,True,True,2022-09-22
2022-09-22,MOCK1,175251,0.13293109538947387,True,True,2022-09-23
2022-09-23,MOCK1,922485,0.07838328391496431,True,True,2022-09-24
2022-09-26,MOCK1,304880,0.01318484277992655,True,True,2022-09-27
2022-09-27,MOCK1,74129,0.07871057737640602,True,True,2022-09-28
2022-09-28,MOCK1,481541,0.010168086174903288,True,True,2022-09-29
2022-09-29,MOCK1,345649,0.05588904490482791,True,True,2022-09-30
2022-09-30,MOCK1,454361,0.10739206767383275,True,True,2022-10-01
2022-10-03,MOCK1,861785,0.04939694332466743,True,True,2022-10-04
2022-10-04,MOCK1,808613,0.10722674281053424,True,True,2022-10-05
2022-10-05,MOCK1,240776,0.04306632979798733,True,True,2022-10-06
2022-10-06,MOCK1,170099,0.03558485184060389,True,True,2022-10-07
2022-10-07,MOCK1,620959,0.01901346505402128,True,True,2022-10-08
2022-10-10,MOCK1,247540,0.1063731306548203,True,True,2022-10-11
2022-10-11,MOCK1,922941,0.09295110153205775,True,True,2022-10-12
2022-10-12,MOCK1,355482,0.06991264609120552,True,True,2022-10-13
2022-10-13,MOCK1,670910,0.028734345614593634,True,True,2022-10-14
2022-10-14,MOCK1,187755,0.07609324162093276,True,True,2022-10-15
2022-10-17,MOCK1,209366,0.11914868274854824,True,True,2022-10-18
2022-10-18,MOCK1,506668,0.049702054283607945,True,True,2022-10-19
2022-10-19,MOCK1,16542,0.02003086985063332,True,True,2022-10-20
2022-10-20,MOCK1,599806,0.02671454363274222,True,True,2022-10-21
2022-10-21,MOCK1,28112,0.1111486404754571,True,True,2022-10-22
2022-10-24,MOCK1,678524,0.02876746921062382,True,True,2022-10-25
2022-10-25,MOCK1,474509,0.09887431697692738,True,True,2022-10-26
2022-10-26,MOCK1,156872,0.13841699260850654,True,True,2022-10-27
2022-10-27,MOCK1,643887,0.010559215588265372,True,True,2022-10-28
2022-10-28,MOCK1,376374,0.10566775223027564,True,True,2022-10-29
2022-10-31,MOCK1,668313,0.029661007196027336,True,True,2022-11-01
2022-11-01,MOCK1,22871,0.05865670720165876,True,True,2022-11-02
2022-11-02,MOCK1,633725,0.05709829731275783,True,True,2022-11-03
2022-11-03,MOCK1,656405,0.0823472313819594,True,True,2022-11-04
2022-11-04,MOCK1,802893,0.04065829457383066,True,True,2022-11-05
2022-11-07,MOCK1,24746,0.09009510220311964,True,True,2022-11-08
2022-11-08,MOCK1,614890,0.14410607892554442,True,True,2022-11-09
2022-11-09,MOCK1,244225,0.13293557304299833,True,True,2022-11-10
2022-11-10,MOCK1,609562,0.05419480735086522,True,True,2022-11-11
2022-11-11,MOCK1,775445,0.04205360544727221,True,True,2022-11-12
2022-11-14,MOCK1,865407,0.052190216379094774,True,True,2022-11-15
2022-11-15,MOCK1,906254,0.06995289425046339,True,True,2022-11-16
2022-11-16,MOCK1,362676,0.053464702984919656,True,True,2022-11-17
2022-11-17,MOCK1,14962,0.1112722752076694,True,True,2022-11-18
2022-11-18,MOCK1,347819,0.12571499216123735,True,True,2022-11-19
2022-11-21,MOCK1,728793,0.05474380832558101,True,True,2022-11-22
2022-11-22,MOCK1,832141,0.10702507372737706,True,True,2022-11-23
2022-11-23,MOCK1,834868,0.011536118300274978,True,True,2022-11-24
2022-11-24,MOCK1,893016,0.13485245850957828,True,True,2022-11-25
2022-11-25,MOCK1,614160,0.1489205067698805,True,True,2022-11-26
2022-11-28,MOCK1,11006,0.026890000272554587,True,True,2022-11-29
2022-11-29,MOCK1,901381,0.1400997447147244,True,True,2022-11-30
2022-11-30,MOCK1,178509,0.018071461659140586,True,True,2022-12-01
2022-12-01,MOCK1,84739,0.13499657346930463,True,True,2022-12-02
2022-12-02,MOCK1,437610,0.04916488599705129,True,True,2022-12-03
2022-12-05,MOCK1,353170,0.07291893139147373,True,True,2022-12-06
2022-12-06,MOCK1,437022,0.028371645299594753,True,True,2022-12-07
2022-12-07,MOCK1,74227,0.0833966122530599,True,True,2022-12-08
2022-12-08,MOCK1,488405,0.034265857954030414,True,True,2022-12-09
2022-12-09,MOCK1,180900,0.014045527767268933,True,True,2022-12-10
2022-12-12,MOCK1,374361,0.09077822708473161,True,True,2022-12-13
2022-12-13,MOCK1,771618,0.073861310598744,True,True,2022-12-14
2022-12-14,MOCK1,753506,0.14486798232194084,True,True,2022-12-15
2022-12-15,MOCK1,102150,0.06965854235865676,True,True,2022-12-16
2022-12-16,MOCK1,896763,0.08665625491757757,True,True,2022-12-17
2022-12-19,MOCK1,797902,0.02171906092768992,True,True,2022-12-20
2022-12-20,MOCK1,29170,0.08059546215127492,True,True,2022-12-21
2022-12-21,MOCK1,748953,0.13016569704812123,True,True,2022-12-22
2022-12-22,MOCK1,888537,0.06980275606234075,True,True,2022-12-23
2022-12-23,MOCK1,354307,0.05051528678826228,True,True,2022-12-24
2022-12-26,MOCK1,720205,0.11463477073332,True,True,2022-12-27
2022-12-27,MOCK1,287551,0.07433158962656992,True,True,2022-12-28
2022-12-28,MOCK1,276467,0.130059301438884,True,True,2022-12-29
2022-12-29,MOCK1,366234,0.06322210124046883,True,True,2022-12-30
2022-12-30,MOCK1,969940,0.13445392093749797,True,True,2022-12-31
2023-01-02,MOCK1,635473,0.03425614759667994,True,True,2023-01-03
2023-01-03,MOCK1,384953,0.14767048390586968,True,True,2023-01-04
2023-01-04,MOCK1,379264,0.01775061122365953,True,True,2023-01-05
2023-01-05,MOCK1,67599,0.09629800869191116,True,True,2023-01-06
2023-01-06,MOCK1,177955,0.04725886518702115,True,True,2023-01-07
2023-01-09,MOCK1,103681,0.03307805370855774,True,True,2023-01-10
2023-01-10,MOCK1,746985,0.13871741987703154,True,True,2023-01-11
2023-01-11,MOCK1,801266,0.023492289123659565,True,True,2023-01-12
2023-01-12,MOCK1,385810,0.09580536728972859,True,True,2023-01-13
2023-01-13,MOCK1,947165,0.1248389900904658,True,True,2023-01-14
2023-01-16,MOCK1,608534,0.13094819469029903,True,True,2023-01-17
2023-01-17,MOCK1,364664,0.011737651501450338,True,True,2023-01-18
2023-01-18,MOCK1,890335,0.08884166097898795,True,True,2023-01-19
2023-01-19,MOCK1,231778,0.07419114391844707,True,True,2023-01-20
2023-01-20,MOCK1,982712,0.08998221048847914,True,True,2023-01-21
2023-01-23,MOCK1,42549,0.038678389684966716,True,True,2023-01-24
2023-01-24,MOCK1,224949,0.11597572695716434,True,True,2023-01-25
2023-01-25,MOCK1,786845,0.1133689511386366,True,True,2023-01-26
2023-01-26,MOCK1,629119,0.025913326133495687,True,True,2023-01-27
2023-01-27,MOCK1,652105,0.06367359635452192,True,True,2023-01-28
2023-01-30,MOCK1,299568,0.10472791398504881,True,True,2023-01-31
2023-01-31,MOCK1,100341,0.061481553954320325,True,True,2023-02-01
2023-02-01,MOCK1,184227,0.13668603586562103,True,True,2023-02-02
2023-02-02,MOCK1,197295,0.13114408506620112,True,True,2023-02-03
2023-02-03,MOCK1,879679,0.08838625506659677,True,True,2023-02-04
2023-02-06,MOCK1,646677,0.06619383513452978,True,True,2023-02-07
2023-02-07,MOCK1,385466,0.09356341568020798,True,True,2023-02-08
2023-02-08,MOCK1,52676,0.04756953891665011,True,True,2023-02-09
2023-02-09,MOCK1,951603,0.017262585741312987,True,True,2023-02-10
2023-02-10,MOCK1,576295,0.076451463694905,True,True,2023-02-11
2023-02-13,MOCK1,336260,0.1284999644112369,True,True,2023-02-14
2023-02-14,MOCK1,913059,0.06926570261784123,True,True,2023-02-15
2023-02-15,MOCK1,843409,0.10262471231081656,True,True,2023-02-16
2023-02-16,MOCK1,667554,0.025319840726077243,True,True,2023-02-17
2023-02-17,MOCK1,807979,0.07759246397607876,True,True,2023-02-18
2023-02-20,MOCK1,621037,0.1097408446260504,True,True,2023-02-21
2023-02-21,MOCK1,948959,0.09694641988530056,True,True,2023-02-22
2023-02-22,MOCK1,598024,0.0797698648358265,True,True,2023-02-23
2023-02-23,MOCK1,6926,0.042723843607951555,True,True,2023-02-24
2023-02-24,MOCK1,260007,0.1063724425302491,True,True,2023-02-25
2023-02-27,MOCK1,47965,0.06694644259323665,True,True,2023-02-28
2023-02-28,MOCK1,217347,0.09959571318724583,True,True,2023-03-01
2023-03-01,MOCK1,49737,0.14722273023255322,True,True,2023-03-02
2023-03-02,MOCK1,802308,0.12501768681515749,True,True,2023-03-03
2023-03-03,MOCK1,125006,0.07842904122084025,True,True,2023-03-04
2023-03-06,MOCK1,482246,0.13908901825052938,True,True,2023-03-07
2023-03-07,MOCK1,792991,0.05383323001436373,True,True,2023-03-08
2023-03-08,MOCK1,942964,0.03643570870732258,True,True,2023-03-09
2023-03-09,MOCK1,442785,0.03219459971613089,True,True,2023-03-10
2023-03-10,MOCK1,409910,0.04291091194776787,True,True,2023-03-11
2023-03-13,MOCK1,942266,0.1364045378780322,True,True,2023-03-14
2023-03-14,MOCK1,131639,0.09532375632890365,True,True,2023-03-15
2023-03-15,MOCK1,976760,0.014802907660758723,True,True,2023-03-16
2023-03-16,MOCK1,895021,0.016688227387401645,True,True,2023-03-17
2023-03-17,MOCK1,461998,0.13689465964339648,True,True,2023-03-18
2023-03-20,MOCK1,792339,0.1462919763587987,True,True,2023-03-21
2023-03-21,MOCK1,745195,0.08539179669302663,True,True,2023-03-22
2023-03-22,MOCK1,907421,0.14759935503845711,True,True,2023-03-23
2023-03-23,MOCK1,439927,0.14326882984182268,True,True,2023-03-24
2023-03-24,MOCK1,942854,0.09681012234504512,True,True,2023-03-25
2023-03-27,MOCK1,887641,0.1299793501145638,True,True,2023-03-28
2023-03-28,MOCK1,415711,0.13263913657387627,True,True,2023-03-29
2023-03-29,MOCK1,842661,0.028954843379428483,True,True,2023-03-30
2023-03-30,MOCK1,383109,0.042262223030320574,True,True,2023-03-31
2023-03-31,MOCK1,209374,0.11933599711389421,True,True,2023-04-01
2023-04-03,MOCK1,939350,0.09198992469129946,True,True,2023-04-04
2023-04-04,MOCK1,287792,0.1333458485573738,True,True,2023-04-05
2023-04-05,MOCK1,790969,0.13463021007926115,True,True,2023-04-06
2023-04-06,MOCK1,134610,0.11513551797461608,True,True,2023-04-07
2023-04-07,MOCK1,521859,0.14154965760544735,True,True,2023-04-08
2023-04-10,MOCK1,602024,0.08100270498035333,True,True,2023-04-11
2023-04-11,MOCK1,604333,0.07088963509307268,True,True,2023-04-12
2023-04-12,MOCK1,566969,0.10718677489761119,True,True,2023-04-13
2023-04-13,MOCK1,192624,0.016866385104230275,True,True,2023-04-14
2023-04-14,MOCK1,684284,0.11937719999860005,True,True,2023-04-15
2023-04-17,MOCK1,519361,0.04420548081214623,True,True,2023-04-18
2023-04-18,MOCK1,925805,0.024659560345076718,True,True,2023-04-19
2023-04-19,MOCK1,650358,0.0958707542877765,True,True,2023-04-20
2023-04-20,MOCK1,284911,0.12336151746895103,True,True,2023-04-21
2023-04-21,MOCK1,676206,0.04370179156194804,True,True,2023-04-22
2023-04-24,MOCK1,69489,0.03722227269816763,True,True,2023-04-25
2023-04-25,MOCK1,708537,0.0674790549147528,True,True,2023-04-26
2023-04-26,MOCK1,952970,0.06290902118774853,True,True,2023-04-27
2023-04-27,MOCK1,59564,0.0807905477211059,True,True,2023-04-28
2023-04-28,MOCK1,727281,0.13222015025432926,True,True,2023-04-29
2023-05-01,MOCK1,724894,0.11153162856109278,True,True,2023-05-02
2023-05-02,MOCK1,675158,0.08187056889248157,True,True,2023-05-03
2023-05-03,MOCK1,672772,0.052404201664229,True,True,2023-05-04
2023-05-04,MOCK1,904465,0.10128625839188135,True,True,2023-05-05
2023-05-05,MOCK1,452278,0.028336747707873047,True,True,2023-05-06
2023-05-08,MOCK1,266422,0.08252942137367283,True,True,2023-05-09
2023-05-09,MOCK1,557106,0.09095512981093773,True,True,2023-05-10
2023-05-10,MOCK1,844554,0.010674728107751356,True,True,2023-05-11
2023-05-11,MOCK1,217328,0.0809096212351664,True,True,2023-05-12
2023-05-12,MOCK1,679730,0.10592282953003097,True,True,2023-05-13
2023-05-15,MOCK1,368637,0.05125859633780372,True,True,2023-05-16
2023-05-16,MOCK1,182525,0.0686866604212054,True,True,2023-05-17
2023-05-17,MOCK1,405247,0.011213025247118445,True,True,2023-05-18
2023-05-18,MOCK1,722609,0.08452675999907422,True,True,2023-05-19
2023-05-19,MOCK1,456291,0.08373644878177208,True,True,2023-05-20
2023-05-22,MOCK1,77280,0.07728761595567704,True,True,2023-05-23
2023-05-23,MOCK1,184770,0.012418125993080653,True,True,2023-05-24
2023-05-24,MOCK1,95839,0.06401926638578771,True,True,2023-05-25
2023-05-25,MOCK1,331351,0.14339920375874643,True,True,2023-05-26
2023-05-26,MOCK1,919829,0.014842079609997658,True,True,2023-05-27
2023-05-29,MOCK1,300986,0.09303139883589492,True,True,2023-05-30
2023-05-30,MOCK1,5609,0.061442164080293696,True,True,2023-05-31
2023-05-31,MOCK1,22881,0.11813586916152478,True,True,2023-06-01
2023-06-01,MOCK1,705536,0.13278884293484663,True,True,2023-06-02
2023-06-02,MOCK1,940144,0.06468609033155655,True,True,2023-06-03
2023-06-05,MOCK1,102479,0.13379032591314485,True,True,2023-06-06
2023-06-06,MOCK1,184262,0.11823648071704175,True,True,2023-06-07
2023-06-07,MOCK1,505249,0.028457808294951523,True,True,2023-06-08
2023-06-08,MOCK1,519472,0.057784854583487644,True,True,2023-06-09
2023-06-09,MOCK1,943174,0.05166293172479744,True,True,2023-06-10
2023-06-12,MOCK1,806901,0.06851428213081313,True,True,2023-06-13
2023-06-13,MOCK1,863974,0.12527080264190962,True,True,2023-06-14
2023-06-14,MOCK1,799797,0.1285187711963945,True,True,2023-06-15
2023-06-15,MOCK1,461045,0.07130265732185516,True,True,2023-06-16
2023-06-16,MOCK1,587580,0.06818121884005082,True,True,2023-06-17
2023-06-19,MOCK1,31238,0.055069969077180925,True,True,2023-06-20
2023-06-20,MOCK1,607924,0.10198277235196009,True,True,2023-06-21
2023-06-21,MOCK1,404978,0.061216166986519424,True,True,2023-06-22
2023-06-22,MOCK1,663703,0.01723609322531681,True,True,2023-06-23
2023-06-23,MOCK1,899875,0.07590056724902822,True,True,2023-06-24
2023-06-26,MOCK1,566724,0.052810152998543726,True,True,2023-06-27
2023-06-27,MOCK1,315358,0.0614731754520516,True,True,2023-06-28
2023-06-28,MOCK1,513536,0.0844063048657188,True,True,2023-06-29
2023-06-29,MOCK1,247330,0.13697494302586227,True,True,2023-06-30
2023-06-30,MOCK1,448478,0.07304044728551143,True,True,2023-07-01
2023-07-03,MOCK1,445115,0.08802994262144499,True,True,2023-07-04
2023-07-04,MOCK1,721485,0.01585508723383744,True,True,2023-07-05
2023-07-05,MOCK1,714404,0.022946630386345652,True,True,2023-07-06
2023-07-06,MOCK1,179550,0.05062614307100444,True,True,2023-07-07
2023-07-07,MOCK1,92215,0.0188593403642126,True,True,2023-07-08
2023-07-10,MOCK1,97187,0.12603375446241563,True,True,2023-07-11
2023-07-11,MOCK1,539450,0.10796588128133178,True,True,2023-07-12
2023-07-12,MOCK1,510790,0.03559884226219696,True,True,2023-07-13
2023-07-13,MOCK1,342668,0.05589979243825445,True,True,2023-07-14
2023-07-14,MOCK1,377732,0.08853823607423185,True,True,2023-07-15
2023-07-17,MOCK1,620258,0.1383053854602298,True,True,2023-07-18
2023-07-18,MOCK1,181519,0.046693896946724406,True,True,2023-07-19
2023-07-19,MOCK1,115936,0.07154742662001719,True,True,2023-07-20
2023-07-20,MOCK1,109795,0.03606947117383028,True,True,2023-07-21
2023-07-21,MOCK1,132633,0.13928628899285503,True,True,2023-07-22
2023-07-24,MOCK1,270176,0.057319855554333145,True,True,2023-07-25
2023-07-25,MOCK1,688431,0.03212023299785472,True,True,2023-07-26
2023-07-26,MOCK1,577472,0.07743409346090033,True,True,2023-07-27
2023-07-27,MOCK1,185276,0.02528250282194889,True,True,2023-07-28
2023-07-28,MOCK1,671280,0.04081855957065951,True,True,2023-07-29
2023-07-31,MOCK1,90399,0.11880528549696051,True,True,2023-08-01
2023-08-01,MOCK1,975623,0.058589893222601726,True,True,2023-08-02
2023-08-02,MOCK1,657932,0.0595501888537772,True,True,2023-08-03
2023-08-03,MOCK1,842560,0.14337175483895723,True,True,2023-08-04
2023-08-04,MOCK1,574034,0.022763085871885004,True,True,2023-08-05
2023-08-07,MOCK1,599597,0.05086239320108344,True,True,2023-08-08
2023-08-08,MOCK1,401791,0.08098956612410572,True,True,2023-08-09
2023-08-09,MOCK1,708627,0.14826221875308343,True,True,2023-08-10
2023-08-10,MOCK1,737880,0.0646809133780285,True,True,2023-08-11
2023-08-11,MOCK1,588755,0.011398149061583394,True,True,2023-08-12
2023-08-14,MOCK1,575957,0.14827073614316316,True,True,2023-08-15
2023-08-15,MOCK1,490288,0.059228295135661184,True,True,2023-08-16
2023-08-16,MOCK1,916369,0.037798783534144745,True,True,2023-08-17
2023-08-17,MOCK1,349187,0.12662659495270626,True,True,2023-08-18
2023-08-18,MOCK1,475461,0.026214440623003384,True,True,2023-08-19
2023-08-21,MOCK1,170590,0.1071764340643068,True,True,2023-08-22
2023-08-22,MOCK1,55413,0.10416421602149147,True,True,2023-08-23
2023-08-23,MOCK1,448358,0.019567685035407453,True,True,2023-08-24
2023-08-24,MOCK1,445371,0.11773699436230389,True,True,2023-08-25
2023-08-25,MOCK1,25730,0.055565701830008425,True,True,2023-08-26
2023-08-28,MOCK1,654081,0.06381668858766269,True,True,2023-08-29
2023-08-29,MOCK1,844828,0.1243333631401287,True,True,2023-08-30
2023-08-30,MOCK1,712265,0.11978237808399197,True,True,2023-08-31
2023-08-31,MOCK1,795093,0.09978258808406139,True,True,2023-09-01
2023-09-01,MOCK1,237448,0.0474826615591208,True,True,2023-09-02
2023-09-04,MOCK1,403374,0.017479961218415923,True,True,2023-09-05
2023-09-05,MOCK1,928533,0.0807870039742299,True,True,2023-09-06
2023-09-06,MOCK1,574236,0.11630037389229637,True,True,2023-09-07
2023-09-07,MOCK1,840774,0.0757350726715365,True,True,2023-09-08
2023-09-08,MOCK1,926342,0.12126537240497717,True,True,2023-09-09
2023-09-11,MOCK1,577692,0.13507086476493832,True,True,2023-09-12
2023-09-12,MOCK1,779867,0.03620978433331874,True,True,2023-09-13
2023-09-13,MOCK1,598406,0.07125061290967699,True,True,2023-09-14
2023-09-14,MOCK1,311638,0.08378161982927829,True,True,2023-09-15
2023-09-15,MOCK1,180461,0.04376530863979478,True,True,2023-09-16
2023-09-18,MOCK1,660532,0.05594999731786088,True,True,2023-09-19
2023-09-19,MOCK1,433644,0.07463201283416969,True,True,2023-09-20
2023-09-20,MOCK1,536085,0.09408661269222901,True,True,2023-09-21
2023-09-21,MOCK1,176176,0.06367336829122618,True,True,2023-09-22
2023-09-22,MOCK1,278113,0.05449527023460355,True,True,2023-09-23
2023-09-25,MOCK1,971701,0.09383256674514957,True,True,2023-09-26
2023-09-26,MOCK1,364242,0.12861029187790074,True,True,2023-09-27
2023-09-27,MOCK1,188045,0.13919346893391982,True,True,2023-09-28
2023-09-28,MOCK1,790219,0.036715466019488205,True,True,2023-09-29
2023-09-29,MOCK1,719081,0.02344684303002164,True,True,2023-09-30
2023-10-02,MOCK1,305077,0.028812050467235603,True,True,2023-10-03
2023-10-03,MOCK1,571446,0.13657292193659828,True,True,2023-10-04
2023-10-04,MOCK1,179683,0.0909196260016569,True,True,2023-10-05
2023-10-05,MOCK1,170798,0.07630169679766402,True,True,2023-10-06
2023-10-06,MOCK1,20234,0.07368110625356987,True,True,2023-10-07
2023-10-09,MOCK1,490138,0.1313535325883794,True,True,2023-10-10
2023-10-10,MOCK1,374183,0.14565040470099092,True,True,2023-10-11
2023-10-11,MOCK1,854970,0.13551658150269438,True,True,2023-10-12
2023-10-12,MOCK1,866046,0.1327561962847139,True,True,2023-10-13
2023-10-13,MOCK1,289943,0.050652826465446665,True,True,2023-10-14
2023-10-16,MOCK1,429153,0.08997809637619707,True,True,2023-10-17
2023-10-17,MOCK1,786693,0.05913088360461676,True,True,2023-10-18
2023-10-18,MOCK1,104031,0.07129908577618478,True,True,2023-10-19
2023-10-19,MOCK1,45211,0.03168760957131739,True,True,2023-10-20
2023-10-20,MOCK1,721810,0.062189825114654186,True,True,2023-10-21
2023-10-23,MOCK1,136850,0.12077016137279936,True,True,2023-10-24
2023-10-24,MOCK1,74809,0.09723357541518662,True,True,2023-10-25
2023-10-25,MOCK1,245311,0.10469368988718807,True,True,2023-10-26
2023-10-26,MOCK1,977212,0.0481722063695236,True,True,2023-10-27
2023-10-27,MOCK1,801340,0.14381080128067214,True,True,2023-10-28
2023-10-30,MOCK1,63344,0.012399722655165724,True,True,2023-10-31
2023-10-31,MOCK1,777350,0.12157232778182632,True,True,2023-11-01
2023-11-01,MOCK1,402179,0.12256503429651992,True,True,2023-11-02
2023-11-02,MOCK1,510874,0.1481677153489436,True,True,2023-11-03
2023-11-03,MOCK1,743602,0.029981883792801832,True,True,2023-11-04
2023-11-06,MOCK1,777018,0.03062512898162429,True,True,2023-11-07
2023-11-07,MOCK1,442977,0.0216068354138137,True,True,2023-11-08
2023-11-08,MOCK1,579570,0.09995451174987116,True,True,2023-11-09
2023-11-09,MOCK1,245558,0.023128616755981074,True,True,2023-11-10
2023-11-10,MOCK1,930767,0.0709423162004806,True,True,2023-11-11
2023-11-13,MOCK1,343980,0.11520232903460725,True,True,2023-11-14
2023-11-14,MOCK1,909238,0.1312058613882033,True,True,2023-11-15
2023-11-15,MOCK1,577706,0.047985574946486385,True,True,2023-11-16
2023-11-16,MOCK1,714083,0.13505739109393294,True,True,2023-11-17
2023-11-17,MOCK1,379323,0.11876184777143736,True,True,2023-11-18
2023-11-20,MOCK1,53210,0.08780832280868554,True,True,2023-11-21
2023-11-21,MOCK1,304334,0.0183267906470944,True,True,2023-11-22
2023-11-22,MOCK1,119910,0.04155969262938666,True,True,2023-11-23
2023-11-23,MOCK1,958245,0.11692044482928553,True,True,2023-11-24
2023-11-24,MOCK1,983738,0.06845986035197296,True,True,2023-11-25
2023-11-27,MOCK1,205966,0.12354683708544976,True,True,2023-11-28
2023-11-28,MOCK1,458842,0.06762462724791891,True,True,2023-11-29
2023-11-29,MOCK1,440148,0.12649626247766704,True,True,2023-11-30
2023-11-30,MOCK1,367153,0.06287232931143791,True,True,2023-12-01
2023-12-01,MOCK1,444939,0.06458941614794987,True,True,2023-12-02
2023-12-04,MOCK1,486240,0.04651656086045388,True,True,2023-12-05
2023-12-05,MOCK1,991909,0.1105902662778438,True,True,2023-12-06
2023-12-06,MOCK1,146853,0.07409535739636697,True,True,2023-12-07
2023-12-07,MOCK1,712026,0.08570328633880646,True,True,2023-12-08
2023-12-08,MOCK1,300562,0.03351798672216434,True,True,2023-12-09
2023-12-11,MOCK1,55159,0.14633565216329056,True,True,2023-12-12
2023-12-12,MOCK1,676669,0.14214974815527376,True,True,2023-12-13
2023-12-13,MOCK1,300476,0.14943683693549506,True,True,2023-12-14
2023-12-14,MOCK1,460867,0.03487194006910582,True,True,2023-12-15
2023-12-15,MOCK1,455517,0.12035707093686121,True,True,2023-12-16
2023-12-18,MOCK1,962731,0.13534747995079163,True,True,2023-12-19
2023-12-19,MOCK1,555792,0.021615572721388258,True,True,2023-12-20
2023-12-20,MOCK1,397871,0.10176775481582344,True,True,2023-12-21
2023-12-21,MOCK1,826787,0.03704142589173127,True,True,2023-12-22
2023-12-22,MOCK1,901296,0.10988298111411957,True,True,2023-12-23
2023-12-25,MOCK1,465129,0.06389181772747096,True,True,2023-12-26
2023-12-26,MOCK1,438102,0.021007446063452718,True,True,2023-12-27
2023-12-27,MOCK1,419869,0.07434189153145251,True,True,2023-12-28
2023-12-28,MOCK1,71151,0.08726331178403261,True,True,2023-12-29
2023-12-29,MOCK1,842198,0.034842439646891765,True,True,2023-12-30
2024-01-01,MOCK1,234666,0.10423003602230867,True,True,2024-01-02
2024-01-02,MOCK1,42210,0.12727255657554573,True,True,2024-01-03
2024-01-03,MOCK1,4284,0.08483658650621807,True,True,2024-01-04
2024-01-04,MOCK1,536995,0.07764522697809656,True,True,2024-01-05
2024-01-05,MOCK1,859079,0.09099772214739328,True,True,2024-01-06
2024-01-08,MOCK1,219804,0.10312281091700595,True,True,2024-01-09
2024-01-09,MOCK1,537821,0.06954413551590778,True,True,2024-01-10
2024-01-10,MOCK1,209174,0.038649375597642525,True,True,2024-01-11
2024-01-11,MOCK1,370709,0.0956588242832419,True,True,2024-01-12
2024-01-12,MOCK1,479864,0.02012071591656355,True,True,2024-01-13
2024-01-15,MOCK1,795949,0.04898488456866599,True,True,2024-01-16
2024-01-16,MOCK1,504664,0.1368540497094856,True,True,2024-01-17
2024-01-17,MOCK1,979810,0.0280257469618954,True,True,2024-01-18
2024-01-18,MOCK1,364095,0.0858149611599323,True,True,2024-01-19
2024-01-19,MOCK1,87023,0.06171881647329518,True,True,2024-01-20
2024-01-22,MOCK1,855341,0.1322760234101093,True,True,2024-01-23
2024-01-23,MOCK1,392448,0.12730865194963814,True,True,2024-01-24
2024-01-24,MOCK1,912578,0.12703528682654397,True,True,2024-01-25
2024-01-25,MOCK1,127630,0.07299472999246591,True,True,2024-01-26
2024-01-26,MOCK1,169911,0.1470473533459358,True,True,2024-01-27
2024-01-29,MOCK1,185242,0.09261838568095772,True,True,2024-01-30
2024-01-30,MOCK1,122114,0.060529605549886976,True,True,2024-01-31
2024-01-31,MOCK1,447389,0.12950455959085394,True,True,2024-02-01
2024-02-01,MOCK1,380007,0.016577443819007116,True,True,2024-02-02
2024-02-02,MOCK1,240950,0.1278060664895281,True,True,2024-02-03
2024-02-05,MOCK1,542503,0.12703282603755592,True,True,2024-02-06
2024-02-06,MOCK1,453027,0.033201257230792994,True,True,2024-02-07
2024-02-07,MOCK1,37989,0.0362787086555369,True,True,2024-02-08
2024-02-08,MOCK1,599435,0.0464211977104774,True,True,2024-02-09
2024-02-09,MOCK1,139094,0.03287230486274659,True,True,2024-02-10
2024-02-12,MOCK1,408636,0.12411225010687563,True,True,2024-02-13
2024-02-13,MOCK1,108161,0.030646508622844217,True,True,2024-02-14
2024-02-14,MOCK1,379134,0.015303805101968295,True,True,2024-02-15
2024-02-15,MOCK1,740833,0.06013783217705892,True,True,2024-02-16
2024-02-16,MOCK1,467525,0.13664611796712844,True,True,2024-02-17
2024-02-19,MOCK1,670999,0.10590368520631051,True,True,2024-02-20
2024-02-20,MOCK1,9017,0.09821333158800231,True,True,2024-02-21
2024-02-21,MOCK1,53055,0.12192473746063995,True,True,2024-02-22
2024-02-22,MOCK1,462380,0.13365088688632337,True,True,2024-02-23
2024-02-23,MOCK1,564831,0.1263410768313889,True,True,2024-02-24
2024-02-26,MOCK1,172934,0.07480569877613528,True,True,2024-02-27
2024-02-27,MOCK1,246128,0.04956061264094683,True,True,2024-02-28
2024-02-28,MOCK1,504273,0.09361272414844073,True,True,2024-02-29
2024-02-29,MOCK1,356670,0.14787657310569477,True,True,2024-03-01
2024-03-01,MOCK1,67487,0.06417162656321918,True,True,2024-03-02
2024-03-04,MOCK1,888661,0.10609719345228143,True,True,2024-03-05
2024-03-05,MOCK1,228977,0.025404879775719563,True,True,2024-03-06
2024-03-06,MOCK1,105120,0.11522346025941162,True,True,2024-03-07
2024-03-07,MOCK1,541298,0.13470012721105543,True,True,2024-03-08
2024-03-08,MOCK1,237672,0.09443610635378974,True,True,2024-03-09
2024-03-11,MOCK1,901813,0.03761938649710584,True,True,2024-03-12
2024-03-12,MOCK1,42673,0.12496744439995443,True,True,2024-03-13
2024-03-13,MOCK1,17766,0.060334982574961456,True,True,2024-03-14
2024-03-14,MOCK1,50951,0.1472179284261879,True,True,2024-03-15
2024-03-15,MOCK1,711033,0.029413346156017026,True,True,2024-03-16
2024-03-18,MOCK1,826013,0.10562709586603682,True,True,2024-03-19
2024-03-19,MOCK1,387165,0.12027668561250458,True,True,2024-03-20
2024-03-20,MOCK1,321426,0.07242826337476906,True,True,2024-03-21
2024-03-21,MOCK1,319933,0.11114019651724373,True,True,2024-03-22
2024-03-22,MOCK1,550410,0.0513751371691964,True,True,2024-03-23
2024-03-25,MOCK1,137028,0.10786568796982814,True,True,2024-03-26
2024-03-26,MOCK1,823274,0.0854135031304588,True,True,2024-03-27
2024-03-27,MOCK1,281925,0.02173999776807614,True,True,2024-03-28
2024-03-28,MOCK1,275407,0.02752246838927764,True,True,2024-03-29
2024-03-29,MOCK1,822268,0.14234438070550073,True,True,2024-03-30
2024-04-01,MOCK1,663412,0.037298409933157105,True,True,2024-04-02
2024-04-02,MOCK1,214130,0.04421981124175207,True,True,2024-04-03
2024-04-03,MOCK1,210618,0.09327607246472436,True,True,2024-04-04
2024-04-04,MOCK1,693259,0.024425589721680026,True,True,2024-04-05
2024-04-05,MOCK1,491429,0.04231982757834502,True,True,2024-04-06
2024-04-08,MOCK1,524913,0.10755966664825568,True,True,2024-04-09
2024-04-09,MOCK1,280501,0.021091438192220174,True,True,2024-04-10
2024-04-10,MOCK1,83679,0.013333725421450292,True,True,2024-04-11
2024-04-11,MOCK1,362181,0.08268204440927669,True,True,2024-04-12
2024-04-12,MOCK1,212771,0.10141727968373059,True,True,2024-04-13
2024-04-15,MOCK1,61236,0.0719579510606967,True,True,2024-04-16
2024-04-16,MOCK1,714580,0.11452357482208257,True,True,2024-04-17
2024-04-17,MOCK1,368544,0.09111969667800597,True,True,2024-04-18
2024-04-18,MOCK1,41328,0.11741930773481042,True,True,2024-04-19
2024-04-19,MOCK1,642336,0.10524557703090752,True,True,2024-04-20
2024-04-22,MOCK1,881720,0.04076400251357578,True,True,2024-04-23
2024-04-23,MOCK1,615773,0.05772349940847942,True,True,2024-04-24
2024-04-24,MOCK1,697089,0.018433760333343915,True,True,2024-04-25
2024-04-25,MOCK1,525157,0.023640944786187883,True,True,2024-04-26
2024-04-26,MOCK1,774193,0.12375552463261343,True,True,2024-04-27
2024-04-29,MOCK1,978246,0.0976152013833967,True,True,2024-04-30
2024-04-30,MOCK1,852851,0.023947409689406007,True,True,2024-05-01
2024-05-01,MOCK1,275702,0.11925945909231614,True,True,2024-05-02
2024-05-02,MOCK1,122977,0.03747821833286649,True,True,2024-05-03
2024-05-03,MOCK1,986854,0.09882071136219386,True,True,2024-05-04
2024-05-06,MOCK1,159822,0.03251088534952625,True,True,2024-05-07
2024-05-07,MOCK1,890923,0.0546161821143345,True,True,2024-05-08
2024-05-08,MOCK1,530736,0.03335663920240501,True,True,2024-05-09
2024-05-09,MOCK1,366484,0.011239694136133594,True,True,2024-05-10
2024-05-10,MOCK1,146587,0.11336129056357734,True,True,2024-05-11
2024-05-13,MOCK1,406499,0.14596714766565963,True,True,2024-05-14
2024-05-14,MOCK1,501031,0.1398581791518088,True,True,2024-05-15
2024-05-15,MOCK1,298314,0.05497286922519415,True,True,2024-05-16
2024-05-16,MOCK1,80165,0.10017247539025556,True,True,2024-05-17
2024-05-17,MOCK1,535962,0.088126177527933,True,True,2024-05-18
2024-05-20,MOCK1,379051,0.04876211942226761,True,True,2024-05-21
2024-05-21,MOCK1,850746,0.08277474213120317,True,True,2024-05-22
2024-05-22,MOCK1,837241,0.013482977064326473,True,True,2024-05-23
2024-05-23,MOCK1,585081,0.050806684118034996,True,True,2024-05-24
2024-05-24,MOCK1,103630,0.07910985999688923,True,True,2024-05-25
2024-05-27,MOCK1,653925,0.13878402798137826,True,True,2024-05-28
2024-05-28,MOCK1,444233,0.025191045098496977,True,True,2024-05-29
2024-05-29,MOCK1,373997,0.04581463838520994,True,True,2024-05-30
2024-05-30,MOCK1,430867,0.1358015728025945,True,True,2024-05-31
2024-05-31,MOCK1,400602,0.09140195765628391,True,True,2024-06-01
2024-06-03,MOCK1,211753,0.01461488041153195,True,True,2024-06-04
2024-06-04,MOCK1,762897,0.056954322900430766,True,True,2024-06-05
2024-06-05,MOCK1,566041,0.1250367237194406,True,True,2024-06-06
2024-06-06,MOCK1,975367,0.03844041761231183,True,True,2024-06-07
2024-06-07,MOCK1,906083,0.044219146069828894,True,True,2024-06-08
2024-06-10,MOCK1,288969,0.14998053925766672,True,True,2024-06-11
2024-06-11,MOCK1,592415,0.14810848081042144,True,True,2024-06-12
2024-06-12,MOCK1,158623,0.07573330105058057,True,True,2024-06-13
2024-06-13,MOCK1,117913,0.11059883662914735,True,True,2024-06-14
2024-06-14,MOCK1,581959,0.04724965137031164,True,True,2024-06-15
2024-06-17,MOCK1,913300,0.14735691112408467,True,True,2024-06-18
2024-06-18,MOCK1,174834,0.05799888470421877,True,True,2024-06-19
2024-06-19,MOCK1,167546,0.12636916979893745,True,True,2024-06-20
2024-06-20,MOCK1,574049,0.14194282078901713,True,True,2024-06-21
2024-06-21,MOCK1,833588,0.14892937140740556,True,True,2024-06-22
2024-06-24,MOCK1,720511,0.08265881367868247,True,True,2024-06-25
2024-06-25,MOCK1,390200,0.04448270466947433,True,True,2024-06-26
2024-06-26,MOCK1,981001,0.1002569467051388,True,True,2024-06-27
2024-06-27,MOCK1,249698,0.0631525074113506,True,True,2024-06-28
2024-06-28,MOCK1,353536,0.12542294692143952,True,True,2024-06-29
2024-07-01,MOCK1,755857,0.10718513593496701,True,True,2024-07-02
2024-07-02,MOCK1,893982,0.1059665307088385,True,True,2024-07-03
2024-07-03,MOCK1,98055,0.05752481584844105,True,True,2024-07-04
2024-07-04,MOCK1,230652,0.06503897457668606,True,True,2024-07-05
2024-07-05,MOCK1,608348,0.08214373143862945,True,True,2024-07-06
2024-07-08,MOCK1,344654,0.028548939496204122,True,True,2024-07-09
2024-07-09,MOCK1,755907,0.13022384846449883,True,True,2024-07-10
2024-07-10,MOCK1,679721,0.01173142741345534,True,True,2024-07-11
2024-07-11,MOCK1,107287,0.082597762646573,True,True,2024-07-12
2024-07-12,MOCK1,2388,0.08421115470308702,True,True,2024-07-13
2024-07-15,MOCK1,694423,0.062463232617733525,True,True,2024-07-16
2024-07-16,MOCK1,618001,0.0852322959358598,True,True,2024-07-17
2024-07-17,MOCK1,455236,0.07475725993309007,True,True,2024-07-18
2024-07-18,MOCK1,539524,0.04075923545137353,True,True,2024-07-19
2024-07-19,MOCK1,589739,0.07957178321348346,True,True,2024-07-20
2024-07-22,MOCK1,722279,0.06699662386092793,True,True,2024-07-23
2024-07-23,MOCK1,275477,0.06476695425523797,True,True,2024-07-24
2024-07-24,MOCK1,327205,0.08092535764728054,True,True,2024-07-25
2024-07-25,MOCK1,88503,0.059483136789614886,True,True,2024-07-26
2024-07-26,MOCK1,710948,0.02498821499004564,True,True,2024-07-27
2024-07-29,MOCK1,315589,0.037107732409955255,True,True,2024-07-30
2024-07-30,MOCK1,587065,0.11280662642917301,True,True,2024-07-31
2024-07-31,MOCK1,757627,0.053595822109888586,True,True,2024-08-01
2024-08-01,MOCK1,269810,0.1039986239122794,True,True,2024-08-02
2024-08-02,MOCK1,507990,0.07228220152975154,True,True,2024-08-03
2024-08-05,MOCK1,511560,0.12900213666363577,True,True,2024-08-06
2024-08-06,MOCK1,274062,0.025877576233070507,True,True,2024-08-07
2024-08-07,MOCK1,72173,0.040587703135020824,True,True,2024-08-08
2024-08-08,MOCK1,582172,0.11690174139965989,True,True,2024-08-09
2024-08-09,MOCK1,567105,0.060045561488116274,True,True,2024-08-10
2024-08-12,MOCK1,564193,0.07071938945956788,True,True,2024-08-13
2024-08-13,MOCK1,182040,0.0875867930735218,True,True,2024-08-14
2024-08-14,MOCK1,516006,0.13626705432637062,True,True,2024-08-15
2024-08-15,MOCK1,609282,0.014382209483120785,True,True,2024-08-16
2024-08-16,MOCK1,476291,0.09933927462497157,True,True,2024-08-17
2024-08-19,MOCK1,139765,0.11458279300781371,True,True,2024-08-20
2024-08-20,MOCK1,878028,0.12430386445832292,True,True,2024-08-21
2024-08-21,MOCK1,388618,0.1120310915947149,True,True,2024-08-22
2024-08-22,MOCK1,962924,0.0810253453308674,True,True,2024-08-23
2024-08-23,MOCK1,360380,0.034960767759690405,True,True,2024-08-24
2024-08-26,MOCK1,876687,0.12105569739293255,True,True,2024-08-27
2024-08-27,MOCK1,276918,0.04488203440199955,True,True,2024-08-28
2024-08-28,MOCK1,400552,0.08074118626768052,True,True,2024-08-29
2024-08-29,MOCK1,421464,0.07342189219662765,True,True,2024-08-30
2024-08-30,MOCK1,160122,0.09841420650177324,True,True,2024-08-31
2024-09-02,MOCK1,261207,0.12633114471131673,True,True,2024-09-03
2024-09-03,MOCK1,533357,0.03973051480586159,True,True,2024-09-04
2024-09-04,MOCK1,844235,0.08392518060145225,True,True,2024-09-05
2024-09-05,MOCK1,567956,0.01320302291837451,True,True,2024-09-06
2024-09-06,MOCK1,318429,0.04620409605048397,True,True,2024-09-07
2024-09-09,MOCK1,100691,0.1492218275500505,True,True,2024-09-10
2024-09-10,MOCK1,662531,0.13455883936446103,True,True,2024-09-11
2024-09-11,MOCK1,206188,0.07251481892798227,True,True,2024-09-12
2024-09-12,MOCK1,892817,0.13968854166311126,True,True,2024-09-13
2024-09-13,MOCK1,945921,0.14318350192616408,True,True,2024-09-14
2024-09-16,MOCK1,571690,0.09690870267235685,True,True,2024-09-17
2024-09-17,MOCK1,927254,0.0973863704921224,True,True,2024-09-18
2024-09-18,MOCK1,530925,0.1303204547629234,True,True,2024-09-19
2024-09-19,MOCK1,518858,0.017059072338331278,True,True,2024-09-20
2024-09-20,MOCK1,734363,0.12506079921511562,True,True,2024-09-21
2024-09-23,MOCK1,426618,0.1402753202585578,True,True,2024-09-24
2024-09-24,MOCK1,252945,0.052095692894636315,True,True,2024-09-25
2024-09-25,MOCK1,683137,0.10804428475106823,True,True,2024-09-26
2024-09-26,MOCK1,558967,0.08181778133086791,True,True,2024-09-27
2024-09-27,MOCK1,512440,0.05532272186219427,True,True,2024-09-28
2024-09-30,MOCK1,604402,0.09034864318440913,True,True,2024-10-01
2024-10-01,MOCK1,876893,0.10247641098477459,True,True,2024-10-02
2024-10-02,MOCK1,173731,0.07606945770630934,True,True,2024-10-03
2024-10-03,MOCK1,555331,0.13331895009104985,True,True,2024-10-04
2024-10-04,MOCK1,387065,0.09421275290485605,True,True,2024-10-05
2024-10-07,MOCK1,975971,0.11330714997568378,True,True,2024-10-08
2024-10-08,MOCK1,158426,0.14542670368835997,True,True,2024-10-09
2024-10-09,MOCK1,163255,0.03656830440903027,True,True,2024-10-10
2024-10-10,MOCK1,460201,0.06877447025401079,True,True,2024-10-11
2024-10-11,MOCK1,893444,0.13137388559616528,True,True,2024-10-12
2024-10-14,MOCK1,16181,0.08413984247298432,True,True,2024-10-15
2024-10-15,MOCK1,148318,0.044980756728900013,True,True,2024-10-16
2024-10-16,MOCK1,506783,0.07334173630270477,True,True,2024-10-17
2024-10-17,MOCK1,241154,0.02062476117702286,True,True,2024-10-18
2024-10-18,MOCK1,583772,0.026720696400286154,True,True,2024-10-19
2024-10-21,MOCK1,431353,0.02276744261135201,True,True,2024-10-22
2024-10-22,MOCK1,583485,0.09136901088960447,True,True,2024-10-23
2024-10-23,MOCK1,726899,0.044419959111213,True,True,2024-10-24
2024-10-24,MOCK1,642279,0.14000563856967865,True,True,2024-10-25
2024-10-25,MOCK1,980074,0.06490175595180954,True,True,2024-10-26
2024-10-28,MOCK1,490975,0.057006381810641577,True,True,2024-10-29
2024-10-29,MOCK1,322923,0.06261061924338489,True,True,2024-10-30
2024-10-30,MOCK1,964441,0.06856749475902743,True,True,2024-10-31
2024-10-31,MOCK1,531041,0.022635687403601473,True,True,2024-11-01
2024-11-01,MOCK1,518188,0.08441769393216528,True,True,2024-11-02
2024-11-04,MOCK1,920609,0.049978332899848,True,True,2024-11-05
2024-11-05,MOCK1,757881,0.02830366834972923,True,True,2024-11-06
2024-11-06,MOCK1,415942,0.14529200533846381,True,True,2024-11-07
2024-11-07,MOCK1,950717,0.09202313919966666,True,True,2024-11-08
2024-11-08,MOCK1,55525,0.1416004937696968,True,True,2024-11-09
2024-11-11,MOCK1,439170,0.06728070285531004,True,True,2024-11-12
2024-11-12,MOCK1,948364,0.03571862309487321,True,True,2024-11-13
2024-11-13,MOCK1,595282,0.021181830293311665,True,True,2024-11-14
2024-11-14,MOCK1,236518,0.08020449814134174,True,True,2024-11-15
2024-11-15,MOCK1,784184,0.09781334250584066,True,True,2024-11-16
2024-11-18,MOCK1,580974,0.09364063507458494,True,True,2024-11-19
2024-11-19,MOCK1,67613,0.1345686295203775,True,True,2024-11-20
2024-11-20,MOCK1,979096,0.027938207198184815,True,True,2024-11-21
2024-11-21,MOCK1,682069,0.09061712332778354,True,True,2024-11-22
2024-11-22,MOCK1,127558,0.04716707732285471,True,True,2024-11-23
2024-11-25,MOCK1,608926,0.12338941947261897,True,True,2024-11-26
2024-11-26,MOCK1,979972,0.14738901356448889,True,True,2024-11-27
2024-11-27,MOCK1,769524,0.12322434898416994,True,True,2024-11-28
2024-11-28,MOCK1,953564,0.09166473709571529,True,True,2024-11-29
2024-11-29,MOCK1,996262,0.14079244569118454,True,True,2024-11-30
2024-12-02,MOCK1,686446,0.05067774736466572,True,True,2024-12-03
2024-12-03,MOCK1,519784,0.14973807281429566,True,True,2024-12-04
2024-12-04,MOCK1,306469,0.11535057144990833,True,True,2024-12-05
2024-12-05,MOCK1,565238,0.14197407430372339,True,True,2024-12-06
2024-12-06,MOCK1,782016,0.013718664586592546,True,True,2024-12-07
2024-12-09,MOCK1,184246,0.028649088368244528,True,True,2024-12-10
2024-12-10,MOCK1,817500,0.11941981069905756,True,True,2024-12-11
2024-12-11,MOCK1,358293,0.07327480089732714,True,True,2024-12-12
2024-12-12,MOCK1,567339,0.054191400833253967,True,True,2024-12-13
2024-12-13,MOCK1,558261,0.08800094315571841,True,True,2024-12-14
2024-12-16,MOCK1,94993,0.14460843731526674,True,True,2024-12-17
2024-12-17,MOCK1,651908,0.12709374075515975,True,True,2024-12-18
2024-12-18,MOCK1,771216,0.03714944365059297,True,True,2024-12-19
2024-12-19,MOCK1,492903,0.11070613093666813,True,True,2024-12-20
2024-12-20,MOCK1,895243,0.07444167098769734,True,True,2024-12-21
2024-12-23,MOCK1,790871,0.025643706184072856,True,True,2024-12-24
2024-12-24,MOCK1,998294,0.051890709168989566,True,True,2024-12-25
2024-12-25,MOCK1,124471,0.052803903281140645,True,True,2024-12-26
2024-12-26,MOCK1,477725,0.06682710043427152,True,True,2024-12-27
2024-12-27,MOCK1,17829,0.07590780245895608,True,True,2024-12-28
2024-12-30,MOCK1,291889,0.03285802981598568,True,True,2024-12-31
2024-12-31,MOCK1,186532,0.020766511760791476,True,True,2025-01-01
2025-01-01,MOCK1,27080,0.10401300452001133,True,True,2025-01-02
2025-01-02,MOCK1,205256,0.03452112286131513,True,True,2025-01-03
2025-01-03,MOCK1,402057,0.06207155445180202,True,True,2025-01-04
2025-01-06,MOCK1,250823,0.10028629383823226,True,True,2025-01-07
2025-01-07,MOCK1,427504,0.03533236337949936,True,True,2025-01-08
2025-01-08,MOCK1,129100,0.04469887212158676,True,True,2025-01-09
2025-01-09,MOCK1,838024,0.08729576238284781,True,True,2025-01-10
2025-01-10,MOCK1,244763,0.05190508450246776,True,True,2025-01-11
2025-01-13,MOCK1,117680,0.029203764343315293,True,True,2025-01-14
2025-01-14,MOCK1,993533,0.13046716522813534,True,True,2025-01-15
2025-01-15,MOCK1,381402,0.02911093319931978,True,True,2025-01-16
2025-01-16,MOCK1,416606,0.08494017860426947,True,True,2025-01-17
2025-01-17,MOCK1,722666,0.10201406033391512,True,True,2025-01-18
2025-01-20,MOCK1,308303,0.047773755593966453,True,True,2025-01-21
2025-01-21,MOCK1,342393,0.08700412619950235,True,True,2025-01-22
2025-01-22,MOCK1,609355,0.05817142505912122,True,True,2025-01-23
2025-01-23,MOCK1,318965,0.01979690811940485,True,True,2025-01-24
2025-01-24,MOCK1,277105,0.1250297891021655,True,True,2025-01-25
2025-01-27,MOCK1,924824,0.048059671220800806,True,True,2025-01-28
2025-01-28,MOCK1,645606,0.09910631427315905,True,True,2025-01-29
2025-01-29,MOCK1,728553,0.14340598803277385,True,True,2025-01-30
2025-01-30,MOCK1,383088,0.1412662345433054,True,True,2025-01-31
2025-01-31,MOCK1,313409,0.14975074760846713,True,True,2025-02-01
2025-02-03,MOCK1,932775,0.06977010756611222,True,True,2025-02-04
2025-02-04,MOCK1,301986,0.08211835704319465,True,True,2025-02-05
2025-02-05,MOCK1,220380,0.14967548775472425,True,True,2025-02-06
2025-02-06,MOCK1,237319,0.02323744775993155,True,True,2025-02-07
2025-02-07,MOCK1,260797,0.11619851399039405,True,True,2025-02-08
2025-02-10,MOCK1,159087,0.06520551630137256,True,True,2025-02-11
2025-02-11,MOCK1,800747,0.04025887383430589,True,True,2025-02-12
2025-02-12,MOCK1,484043,0.13840343875266256,True,True,2025-02-13
2025-02-13,MOCK1,174115,0.037349991072134915,True,True,2025-02-14
2025-02-14,MOCK1,215626,0.05562204617206944,True,True,2025-02-15
2025-02-17,MOCK1,913798,0.10360553717223105,True,True,2025-02-18
2025-02-18,MOCK1,987688,0.054172134091386125,True,True,2025-02-19
2025-02-19,MOCK1,673088,0.04195327727515155,True,True,2025-02-20
2025-02-20,MOCK1,919372,0.06355917307848764,True,True,2025-02-21
2025-02-21,MOCK1,11164,0.10840307488733554,True,True,2025-02-22
2025-02-24,MOCK1,200821,0.0965018434975062,True,True,2025-02-25
2025-02-25,MOCK1,840612,0.09891013431058772,True,True,2025-02-26
2025-02-26,MOCK1,992651,0.0846176855150095,True,True,2025-02-27
2025-02-27,MOCK1,420839,0.025762003823920514,True,True,2025-02-28
2025-02-28,MOCK1,597701,0.09093625574782177,True,True,2025-03-01
2025-03-03,MOCK1,914523,0.1300725012566388,True,True,2025-03-04
2025-03-04,MOCK1,620284,0.11457696109489127,True,True,2025-03-05
2025-03-05,MOCK1,243017,0.1444868197287833,True,True,2025-03-06
2025-03-06,MOCK1,816835,0.07759219975386988,True,True,2025-03-07
2025-03-07,MOCK1,274931,0.024219176586415418,True,True,2025-03-08
2025-03-10,MOCK1,673063,0.0559031893296982,True,True,2025-03-11
2025-03-11,MOCK1,232772,0.040515450863282156,True,True,2025-03-12
2025-03-12,MOCK1,611185,0.13917127950669814,True,True,2025-03-13
2025-03-13,MOCK1,982075,0.10478358969688022,True,True,2025-03-14
2025-03-14,MOCK1,146533,0.03483155540390328,True,True,2025-03-15
2025-03-17,MOCK1,673595,0.10582473625556572,True,True,2025-03-18
2025-03-18,MOCK1,349110,0.1355393991440896,True,True,2025-03-19
2025-03-19,MOCK1,566448,0.1448379532058217,True,True,2025-03-20
2025-03-20,MOCK1,861705,0.07228501848572111,True,True,2025-03-21
2025-03-21,MOCK1,242188,0.1252866311573142,True,True,2025-03-22
2025-03-24,MOCK1,705528,0.117414800460347,True,True,2025-03-25
2025-03-25,MOCK1,581756,0.035115948434849914,True,True,2025-03-26
2025-03-26,MOCK1,772200,0.14779659675202647,True,True,2025-03-27
2025-03-27,MOCK1,65027,0.05351216226202586,True,True,2025-03-28
2025-03-28,MOCK1,58434,0.1490958175718532,True,True,2025-03-29
2025-03-31,MOCK1,526019,0.1027144056711456,True,True,2025-04-01
2025-04-01,MOCK1,591837,0.08262044200749348,True,True,2025-04-02
2025-04-02,MOCK1,29729,0.06383989500492422,True,True,2025-04-03
2025-04-03,MOCK1,67507,0.016366941663345163,True,True,2025-04-04
2025-04-04,MOCK1,261091,0.0697899026363174,True,True,2025-04-05
2025-04-07,MOCK1,622003,0.011803269019742598,True,True,2025-04-08
2025-04-08,MOCK1,371323,0.09353840345979285,True,True,2025-04-09
2025-04-09,MOCK1,949318,0.11478661993433965,True,True,2025-04-10
2025-04-10,MOCK1,556817,0.11256369879213166,True,True,2025-04-11
2025-04-11,MOCK1,542985,0.06139691755572224,True,True,2025-04-12
2025-04-14,MOCK1,547654,0.03513271152169648,True,True,2025-04-15
2025-04-15,MOCK1,615550,0.089029647821702,True,True,2025-04-16
2025-04-16,MOCK1,731258,0.04208612522158439,True,True,2025-04-17
2025-04-17,MOCK1,756875,0.1129012728444429,True,True,2025-04-18
2025-04-18,MOCK1,875689,0.11123859515204357,True,True,2025-04-19
2025-04-21,MOCK1,268833,0.018248221295035054,True,True,2025-04-22
2025-04-22,MOCK1,111970,0.025934789003389552,True,True,2025-04-23
2025-04-23,MOCK1,773353,0.06112264747508001,True,True,2025-04-24
2025-04-24,MOCK1,618832,0.020676211593810376,True,True,2025-04-25
2025-04-25,MOCK1,469412,0.028183472302867975,True,True,2025-04-26
2025-04-28,MOCK1,436567,0.010189365554290014,True,True,2025-04-29
2025-04-29,MOCK1,809367,0.11045142482520846,True,True,2025-04-30
2025-04-30,MOCK1,242447,0.015224629265486438,True,True,2025-05-01
2025-05-01,MOCK1,288328,0.05818050724867966,True,True,2025-05-02
2025-05-02,MOCK1,790346,0.010250237000775578,True,True,2025-05-03
2025-05-05,MOCK1,924755,0.041104662353628314,True,True,2025-05-06
2025-05-06,MOCK1,159103,0.12573461247467302,True,True,2025-05-07
2025-05-07,MOCK1,10617,0.1198670481098273,True,True,2025-05-08
2025-05-08,MOCK1,1966,0.14561383586907053,True,True,2025-05-09
2025-05-09,MOCK1,450529,0.08009600937958726,True,True,2025-05-10
2025-05-12,MOCK1,364081,0.0565327320231429,True,True,2025-05-13
2025-05-13,MOCK1,201427,0.07577214431269166,True,True,2025-05-14
2025-05-14,MOCK1,848061,0.0356403712034842,True,True,2025-05-15
2025-05-15,MOCK1,714325,0.019829663434369024,True,True,2025-05-16
2025-05-16,MOCK1,505280,0.14128538540463173,True,True,2025-05-17
2025-05-19,MOCK1,122534,0.04801324790001432,True,True,2025-05-20
2025-05-20,MOCK1,810089,0.0814746948527448,True,True,2025-05-21
2025-05-21,MOCK1,881210,0.1350261264096262,True,True,2025-05-22
2025-05-22,MOCK1,729670,0.06244399413427187,True,True,2025-05-23
2025-05-23,MOCK1,193544,0.1345295409061883,True,True,2025-05-24
2025-05-26,MOCK1,409782,0.07890561775849216,True,True,2025-05-27
2025-05-27,MOCK1,801088,0.024298275580696603,True,True,2025-05-28
2025-05-28,MOCK1,494248,0.09837992315358392,True,True,2025-05-29
2025-05-29,MOCK1,238399,0.11592783284354481,True,True,2025-05-30
2025-05-30,MOCK1,681207,0.09601087417354831,True,True,2025-05-31
2025-06-02,MOCK1,891938,0.1079068240608798,True,True,2025-06-03
2025-06-03,MOCK1,91199,0.13621247344630752,True,True,2025-06-04
2025-06-04,MOCK1,700138,0.08578153092123737,True,True,2025-06-05
2025-06-05,MOCK1,176672,0.036755778862983125,True,True,2025-06-06
2025-06-06,MOCK1,315983,0.04063250270518317,True,True,2025-06-07
2025-06-09,MOCK1,905582,0.03316305970512026,True,True,2025-06-10
2025-06-10,MOCK1,340758,0.08160639324893847,True,True,2025-06-11
2025-06-11,MOCK1,911619,0.13997859858058453,True,True,2025-06-12
2025-06-12,MOCK1,198968,0.02745898527006721,True,True,2025-06-13
2025-06-13,MOCK1,612546,0.06796323921986812,True,True,2025-06-14
2025-06-16,MOCK1,156039,0.07323652796663377,True,True,2025-06-17
2025-06-17,MOCK1,268870,0.0509972244946953,True,True,2025-06-18
2025-06-18,MOCK1,364426,0.060192166212738964,True,True,2025-06-19
2025-06-19,MOCK1,269013,0.05072310510907151,True,True,2025-06-20
2025-06-20,MOCK1,588866,0.041628017575201855,True,True,2025-06-21
2025-06-23,MOCK1,138527,0.10770967575381808,True,True,2025-06-24
2025-06-24,MOCK1,177194,0.10043347775369896,True,True,2025-06-25
2025-06-25,MOCK1,117620,0.1083602567420719,True,True,2025-06-26
2025-06-26,MOCK1,10924,0.11426769607561338,True,True,2025-06-27
2025-06-27,MOCK1,504077,0.10560847993814987,True,True,2025-06-28
2025-06-30,MOCK1,577293,0.10918375482862194,True,True,2025-07-01
2025-07-01,MOCK1,303334,0.12020715156295841,True,True,2025-07-02
2025-07-02,MOCK1,698388,0.12627085912816713,True,True,2025-07-03
2025-07-03,MOCK1,530755,0.14122435650082915,True,True,2025-07-04
2025-07-04,MOCK1,674931,0.03923219147021885,True,True,2025-07-05
2025-07-07,MOCK1,691843,0.026596155108502162,True,True,2025-07-08
2025-07-08,MOCK1,726194,0.026235120408518053,True,True,2025-07-09
2025-07-09,MOCK1,308863,0.01636666441605943,True,True,2025-07-10
2025-07-10,MOCK1,376401,0.06993735919652368,True,True,2025-07-11
2025-07-11,MOCK1,355751,0.1416303722131387,True,True,2025-07-12
2025-07-14,MOCK1,942824,0.09226683213630082,True,True,2025-07-15
2025-07-15,MOCK1,790860,0.10026901719700218,True,True,2025-07-16
2025-07-16,MOCK1,229074,0.10357623231037814,True,True,2025-07-17
2025-07-17,MOCK1,222347,0.012144494716641013,True,True,2025-07-18
2025-07-18,MOCK1,43432,0.07361962087155119,True,True,2025-07-19
2025-07-21,MOCK1,254296,0.06682437741960905,True,True,2025-07-22
2025-07-22,MOCK1,599014,0.10720401643479265,True,True,2025-07-23
2025-07-23,MOCK1,326300,0.07280402193705882,True,True,2025-07-24
2025-07-24,MOCK1,186546,0.016109398392623327,True,True,2025-07-25
2025-07-25,MOCK1,104472,0.05586519806679682,True,True,2025-07-26
2025-07-28,MOCK1,139193,0.03743349192294839,True,True,2025-07-29
2025-07-29,MOCK1,148363,0.04676733809668525,True,True,2025-07-30
2025-07-30,MOCK1,755854,0.12375582758745211,True,True,2025-07-31
2025-07-31,MOCK1,600799,0.07772346275165076,True,True,2025-08-01
2025-08-01,MOCK1,715303,0.08435189991468929,True,True,2025-08-02
2025-08-04,MOCK1,97394,0.09322394198909688,True,True,2025-08-05
2025-08-05,MOCK1,313485,0.06532527020528044,True,True,2025-08-06
2025-08-06,MOCK1,127659,0.022564941217259563,True,True,2025-08-07
2025-08-07,MOCK1,296521,0.1115852293858046,True,True,2025-08-08
2025-08-08,MOCK1,168423,0.11515983903040707,True,True,2025-08-09
2025-08-11,MOCK1,823344,0.11995695508097025,True,True,2025-08-12
2025-08-12,MOCK1,236689,0.08109286034678106,True,True,2025-08-13
2025-08-13,MOCK1,319787,0.03214565348396662,True,True,2025-08-14
2025-08-14,MOCK1,220622,0.0651001659448656,True,True,2025-08-15
2025-08-15,MOCK1,536190,0.1036014967623406,True,True,2025-08-16
2025-08-18,MOCK1,89724,0.018655292848718707,True,True,2025-08-19
2025-08-19,MOCK1,463031,0.04793117409442196,True,True,2025-08-20
2025-08-20,MOCK1,348448,0.08184080528970074,True,True,2025-08-21
2025-08-21,MOCK1,288009,0.11956210968169634,True,True,2025-08-22
2025-08-22,MOCK1,389847,0.14556209635583908,True,True,2025-08-23
2025-08-25,MOCK1,665196,0.07086914343209919,True,True,2025-08-26
2025-08-26,MOCK1,644401,0.08926127121600999,True,True,2025-08-27
2025-08-27,MOCK1,958799,0.08950760337730261,True,True,2025-08-28
2025-08-28,MOCK1,761923,0.017789092317974875,True,True,2025-08-29
2025-08-29,MOCK1,2636,0.1272546048362725,True,True,2025-08-30
2025-09-01,MOCK1,670511,0.09202759013574291,True,True,2025-09-02
2025-09-02,MOCK1,229608,0.015986587057964456,True,True,2025-09-03
2025-09-03,MOCK1,298550,0.028833682547206203,True,True,2025-09-04
2025-09-04,MOCK1,778483,0.07987345860980762,True,True,2025-09-05
2025-09-05,MOCK1,220505,0.08656160445151696,True,True,2025-09-06
2025-09-08,MOCK1,918145,0.0259043135720997,True,True,2025-09-09
2025-09-09,MOCK1,324032,0.08476088267531247,True,True,2025-09-10
2025-09-10,MOCK1,827035,0.1155637075110474,True,True,2025-09-11
2025-09-11,MOCK1,645895,0.06843883675098338,True,True,2025-09-12
2025-09-12,MOCK1,852297,0.023679289720987234,True,True,2025-09-13
2025-09-15,MOCK1,936074,0.11435443293679659,True,True,2025-09-16
2025-09-16,MOCK1,415398,0.0550606333968255,True,True,2025-09-17
2025-09-17,MOCK1,231075,0.047954457112843366,True,True,2025-09-18
2025-09-18,MOCK1,553400,0.1359902404856298,True,True,2025-09-19
2025-09-19,MOCK1,724572,0.09481527560698903,True,True,2025-09-20
2025-09-22,MOCK1,889131,0.10758702287119001,True,True,2025-09-23
2025-09-23,MOCK1,161612,0.07121464755469205,True,True,2025-09-24
2025-09-24,MOCK1,208759,0.023882315277657683,True,True,2025-09-25
2025-09-25,MOCK1,896176,0.1483912186607195,True,True,2025-09-26
2025-09-26,MOCK1,701772,0.10738321406807974,True,True,2025-09-27
2025-09-29,MOCK1,269840,0.07179257455524231,True,True,2025-09-30
2025-09-30,MOCK1,722729,0.08520677711908343,True,True,2025-10-01
2025-10-01,MOCK1,964834,0.02980495933008355,True,True,2025-10-02
2025-10-02,MOCK1,144889,0.13767660404312115,True,True,2025-10-03
2025-10-03,MOCK1,205466,0.1337652483533596,True,True,2025-10-04
2025-10-06,MOCK1,823808,0.09184741821603978,True,True,2025-10-07
2025-10-07,MOCK1,931497,0.13190788340449566,True,True,2025-10-08
2025-10-08,MOCK1,40432,0.05332080669548377,True,True,2025-10-09
2025-10-09,MOCK1,350793,0.09568652338976597,True,True,2025-10-10
2025-10-10,MOCK1,799040,0.02824693181802536,True,True,2025-10-11
2025-10-13,MOCK1,841372,0.05135374954980346,True,True,2025-10-14
2025-10-14,MOCK1,347160,0.09131258377930684,True,True,2025-10-15
2025-10-15,MOCK1,55679,0.028297220798146415,True,True,2025-10-16
2025-10-16,MOCK1,697329,0.039782857450634035,True,True,2025-10-17
2025-10-17,MOCK1,873632,0.13476686256281542,True,True,2025-10-18
2025-10-20,MOCK1,972779,0.09154429270696667,True,True,2025-10-21
2025-10-21,MOCK1,770470,0.07151289014405234,True,True,2025-10-22
2025-10-22,MOCK1,332885,0.130786360443576,True,True,2025-10-23
2025-10-23,MOCK1,62697,0.07865915039456386,True,True,2025-10-24
2025-10-24,MOCK1,185205,0.09362954303478802,True,True,2025-10-25
2025-10-27,MOCK1,754276,0.05415786052622871,True,True,2025-10-28
2025-10-28,MOCK1,139065,0.0287969574653643,True,True,2025-10-29
2025-10-29,MOCK1,566574,0.0472068217056689,True,True,2025-10-30
2025-10-30,MOCK1,248313,0.0704727305609063,True,True,2025-10-31
2025-10-31,MOCK1,686148,0.12547568334584172,True,True,2025-11-01
2025-11-03,MOCK1,145120,0.06638636727990924,True,True,2025-11-04
2025-11-04,MOCK1,211314,0.010486905226204404,True,True,2025-11-05
2025-11-05,MOCK1,518531,0.09484716181430596,True,True,2025-11-06
2025-11-06,MOCK1,232190,0.14643978332438873,True,True,2025-11-07
2025-11-07,MOCK1,505519,0.055405217096469096,True,True,2025-11-08
2025-11-10,MOCK1,551114,0.06423322272802132,True,True,2025-11-11
2025-11-11,MOCK1,254738,0.021666934505278963,True,True,2025-11-12
2025-11-12,MOCK1,451502,0.04113896372220887,True,True,2025-11-13
2025-11-13,MOCK1,534927,0.1353044412452595,True,True,2025-11-14
2025-11-14,MOCK1,972938,0.14579400570139206,True,True,2025-11-15
2025-11-17,MOCK1,749894,0.06823098885023243,True,True,2025-11-18
2025-11-18,MOCK1,148360,0.11882276728556142,True,True,2025-11-19
2025-11-19,MOCK1,263203,0.0837656832815599,True,True,2025-11-20
2025-11-20,MOCK1,479707,0.12127562996666921,True,True,2025-11-21
2025-11-21,MOCK1,101586,0.10708968356624247,True,True,2025-11-22
2025-11-24,MOCK1,495639,0.11891782478827795,True,True,2025-11-25
2025-11-25,MOCK1,466050,0.057850939581094024,True,True,2025-11-26
2025-11-26,MOCK1,355585,0.033537143926873306,True,True,2025-11-27
2025-11-27,MOCK1,72637,0.053086931672797086,True,True,2025-11-28
2025-11-28,MOCK1,783536,0.1441307067302749,True,True,2025-11-29
2025-12-01,MOCK1,125780,0.1274698419294095,True,True,2025-12-02
2025-12-02,MOCK1,340688,0.10109230685072318,True,True,2025-12-03
2025-12-03,MOCK1,829187,0.14043488226698267,True,True,2025-12-04
2025-12-04,MOCK1,684769,0.03290015050016955,True,True,2025-12-05
2025-12-05,MOCK1,362155,0.06856972016764692,True,True,2025-12-06
2025-12-08,MOCK1,771007,0.035451277851343325,True,True,2025-12-09
2025-12-09,MOCK1,500901,0.08502873567741254,True,True,2025-12-10
2025-12-10,MOCK1,871985,0.05491314615005529,True,True,2025-12-11
2025-12-11,MOCK1,335646,0.024006338361855516,True,True,2025-12-12
2025-12-12,MOCK1,158793,0.09943438901659053,True,True,2025-12-13
2025-12-15,MOCK1,683091,0.017129679410561698,True,True,2025-12-16
2025-12-16,MOCK1,891521,0.07363780354095162,True,True,2025-12-17
2025-12-17,MOCK1,486128,0.13207996379072184,True,True,2025-12-18
2025-12-18,MOCK1,163445,0.1306551901238521,True,True,2025-12-19
2025-12-19,MOCK1,303139,0.05972722916416598,True,True,2025-12-20
2025-12-22,MOCK1,744232,0.07607826948863185,True,True,2025-12-23
2025-12-23,MOCK1,718387,0.09440324030273796,True,True,2025-12-24
2025-12-24,MOCK1,683643,0.142720252692249,True,True,2025-12-25
2025-12-25,MOCK1,504116,0.05597974229581368,True,True,2025-12-26
2025-12-26,MOCK1,965333,0.14736045235280623,True,True,2025-12-27
2025-12-29,MOCK1,785463,0.06611565799869355,True,True,2025-12-30
2025-12-30,MOCK1,820833,0.14927699210468795,True,True,2025-12-31
2025-12-31,MOCK1,280274,0.08745662316456941,True,True,2026-01-01
2026-01-01,MOCK1,798379,0.057894225832374475,True,True,2026-01-02
2026-01-02,MOCK1,13378,0.1137063413072124,True,True,2026-01-03
2026-01-05,MOCK1,795415,0.04882118384243726,True,True,2026-01-06
2026-01-06,MOCK1,811240,0.11596898260160067,True,True,2026-01-07
2026-01-07,MOCK1,93478,0.11841359397875866,True,True,2026-01-08
2026-01-08,MOCK1,912421,0.04335588236322229,True,True,2026-01-09
2026-01-09,MOCK1,466958,0.01467781203593109,True,True,2026-01-10
2026-01-12,MOCK1,333681,0.12189070050848072,True,True,2026-01-13
2026-01-13,MOCK1,805828,0.06820278777092867,True,True,2026-01-14
2026-01-14,MOCK1,636826,0.03297232916825177,True,True,2026-01-15
2026-01-15,MOCK1,594678,0.04935596736109205,True,True,2026-01-16
2026-01-16,MOCK1,360409,0.07103928970898313,True,True,2026-01-17
2026-01-19,MOCK1,345871,0.027083422122811104,True,True,2026-01-20
2026-01-20,MOCK1,714041,0.13601407771509147,True,True,2026-01-21
2026-01-21,MOCK1,963879,0.037832408237826944,True,True,2026-01-22
2026-01-22,MOCK1,41229,0.08866141385629837,True,True,2026-01-23
2026-01-23,MOCK1,41829,0.05880381085291716,True,True,2026-01-24
2026-01-26,MOCK1,346773,0.06667107168057682,True,True,2026-01-27
2026-01-27,MOCK1,437972,0.14521862879830727,True,True,2026-01-28
2026-01-28,MOCK1,422513,0.010076888596817869,True,True,2026-01-29
2026-01-29,MOCK1,829375,0.14403999226841002,True,True,2026-01-30
2026-01-30,MOCK1,69966,0.06820035576534701,True,True,2026-01-31
2026-02-02,MOCK1,31848,0.11288777833727094,True,True,2026-02-03
2026-02-03,MOCK1,317595,0.13029339036032983,True,True,2026-02-04
2026-02-04,MOCK1,254826,0.12648433538782833,True,True,2026-02-05
2026-02-05,MOCK1,532437,0.02443410921692677,True,True,2026-02-06
2026-02-06,MOCK1,899340,0.12356271649152928,True,True,2026-02-07
2026-02-09,MOCK1,833093,0.09746598116033117,True,True,2026-02-10
2026-02-10,MOCK1,71785,0.12930736939469722,True,True,2026-02-11
2026-02-11,MOCK1,974095,0.10190447481376194,True,True,2026-02-12
2026-02-12,MOCK1,859912,0.08201218619017493,True,True,2026-02-13
2026-02-13,MOCK1,381869,0.0924100941330154,True,True,2026-02-14
2026-02-16,MOCK1,938029,0.10348947172214622,True,True,2026-02-17
2026-02-17,MOCK1,325207,0.14037308469813414,True,True,2026-02-18
2026-02-18,MOCK1,536759,0.12373126903294436,True,True,2026-02-19
2026-02-19,MOCK1,203376,0.08342031244020914,True,True,2026-02-20
2026-02-20,MOCK1,497431,0.08211258883780935,True,True,2026-02-21
2026-02-23,MOCK1,464201,0.11688517572520134,True,True,2026-02-24
2026-02-24,MOCK1,280155,0.11452658617693032,True,True,2026-02-25
2026-02-25,MOCK1,467031,0.13309764145970418,True,True,2026-02-26
2026-02-26,MOCK1,796937,0.02157147174754646,True,True,2026-02-27
2026-02-27,MOCK1,233249,0.13830720738782554,True,True,2026-02-28
2026-03-02,MOCK1,247637,0.032684396160398484,True,True,2026-03-03
2026-03-03,MOCK1,46084,0.04377642842814028,True,True,2026-03-04
2026-03-04,MOCK1,261013,0.08586062358406166,True,True,2026-03-05
2026-03-05,MOCK1,179206,0.1175864850814665,True,True,2026-03-06
2026-03-06,MOCK1,387537,0.04252006834369553,True,True,2026-03-07
2026-03-09,MOCK1,63601,0.09340423411745047,True,True,2026-03-10
2026-03-10,MOCK1,207545,0.0818058914298243,True,True,2026-03-11
2026-03-11,MOCK1,75157,0.011360860751973796,True,True,2026-03-12
2026-03-12,MOCK1,305671,0.06587170290574892,True,True,2026-03-13
2026-03-13,MOCK1,125494,0.14617308831298892,True,True,2026-03-14
2026-03-16,MOCK1,96224,0.08168837105713843,True,True,2026-03-17
2026-03-17,MOCK1,750851,0.11476015544132118,True,True,2026-03-18
2026-03-18,MOCK1,504369,0.1296957238823121,True,True,2026-03-19
2026-03-19,MOCK1,668425,0.06892201577843558,True,True,2026-03-20
2026-03-20,MOCK1,407965,0.029679003373708435,True,True,2026-03-21
2026-03-23,MOCK1,230140,0.06398819539097605,True,True,2026-03-24
2026-03-24,MOCK1,523022,0.14693064436658285,True,True,2026-03-25
2026-03-25,MOCK1,91305,0.02046823856122881,True,True,2026-03-26
2026-03-26,MOCK1,751560,0.08873395038221848,True,True,2026-03-27
2026-03-27,MOCK1,280446,0.10216694399917543,True,True,2026-03-28
2026-03-30,MOCK1,582507,0.0709622629007264,True,True,2026-03-31
2026-03-31,MOCK1,654607,0.1398165007253174,True,True,2026-04-01
2026-04-01,MOCK1,350635,0.14749533523447775,True,True,2026-04-02
2026-04-02,MOCK1,841739,0.05999703846340682,True,True,2026-04-03
2026-04-03,MOCK1,498885,0.10691975610361121,True,True,2026-04-04
2026-04-06,MOCK1,705288,0.14197419455572538,True,True,2026-04-07
2026-04-07,MOCK1,875259,0.06691344239553207,True,True,2026-04-08
2026-04-08,MOCK1,276464,0.06252617993063175,True,True,2026-04-09
2026-04-09,MOCK1,478296,0.08807290114521643,True,True,2026-04-10
2026-04-10,MOCK1,114386,0.10862070834354673,True,True,2026-04-11
2026-04-13,MOCK1,354092,0.07807365448163274,True,True,2026-04-14
2026-04-14,MOCK1,245819,0.1368982280832618,True,True,2026-04-15
2026-04-15,MOCK1,281155,0.11614976231474591,True,True,2026-04-16
2026-04-16,MOCK1,500098,0.0887385690493074,True,True,2026-04-17
2026-04-17,MOCK1,845431,0.1294457497634112,True,True,2026-04-18
2026-04-20,MOCK1,498066,0.09040355928430001,True,True,2026-04-21
2026-04-21,MOCK1,616155,0.04157686569543517,True,True,2026-04-22
2026-04-22,MOCK1,507910,0.11688577465509171,True,True,2026-04-23
2026-04-23,MOCK1,38661,0.03762615021305902,True,True,2026-04-24
2026-04-24,MOCK1,614737,0.10226408489281638,True,True,2026-04-25
2026-04-27,MOCK1,832410,0.030803517266628326,True,True,2026-04-28
2026-04-28,MOCK1,806610,0.06573557208921955,True,True,2026-04-29
2026-04-29,MOCK1,802855,0.08244724953163998,True,True,2026-04-30
2026-04-30,MOCK1,485906,0.06527088214761692,True,True,2026-05-01
2026-05-01,MOCK1,102852,0.023725710125947805,True,True,2026-05-02
2026-05-04,MOCK1,124302,0.03434462296606076,True,True,2026-05-05
2026-05-05,MOCK1,179336,0.03443823303430828,True,True,2026-05-06
2026-05-06,MOCK1,652244,0.01301341235014382,True,True,2026-05-07
2026-05-07,MOCK1,327334,0.10060733401783833,True,True,2026-05-08
2026-05-08,MOCK1,816090,0.09452011384343306,True,True,2026-05-09
2026-05-11,MOCK1,373882,0.11673633359927399,True,True,2026-05-12
2026-05-12,MOCK1,215305,0.03235581927968611,True,True,2026-05-13
2026-05-13,MOCK1,656257,0.10060107424198,True,True,2026-05-14
2026-05-14,MOCK1,472599,0.047901733611151534,True,True,2026-05-15
2026-05-15,MOCK1,934590,0.03613692554879171,True,True,2026-05-16
2026-05-18,MOCK1,233939,0.07445600143389082,True,True,2026-05-19
2026-05-19,MOCK1,670793,0.14774622738712265,True,True,2026-05-20
2026-05-20,MOCK1,509991,0.08802383510812879,True,True,2026-05-21
2026-05-21,MOCK1,35699,0.06259239046131196,True,True,2026-05-22
2026-05-22,MOCK1,72852,0.09445443266483287,True,True,2026-05-23
2026-05-25,MOCK1,648518,0.09848152946967925,True,True,2026-05-26
2026-05-26,MOCK1,119716,0.030110541518743462,True,True,2026-05-27
2026-05-27,MOCK1,253064,0.04977861147754511,True,True,2026-05-28
2026-05-28,MOCK1,293350,0.14406477383207916,True,True,2026-05-29
2026-05-29,MOCK1,386358,0.06218642552131998,True,True,2026-05-30
2026-06-01,MOCK1,791280,0.11594782261613724,True,True,2026-06-02
2026-06-02,MOCK1,506951,0.1490732616930651,True,True,2026-06-03
2026-06-03,MOCK1,138944,0.06621116266215735,True,True,2026-06-04
2026-06-04,MOCK1,37342,0.049797888254964146,True,True,2026-06-05
2026-06-05,MOCK1,428848,0.06441993200689923,True,True,2026-06-06
2026-06-08,MOCK1,115276,0.043344884780994415,True,True,2026-06-09
2026-06-09,MOCK1,488610,0.04770698614335664,True,True,2026-06-10
2026-06-10,MOCK1,957423,0.09494073477440311,True,True,2026-06-11
2026-06-11,MOCK1,720604,0.13851966531002965,True,True,2026-06-12
2026-06-12,MOCK1,300720,0.06986617733192643,True,True,2026-06-13
2026-06-15,MOCK1,523593,0.13010706518223986,True,True,2026-06-16
2026-06-16,MOCK1,534020,0.11368897187522292,True,True,2026-06-17
2026-06-17,MOCK1,889397,0.11417587475511577,True,True,2026-06-18
2026-06-18,MOCK1,395896,0.11170869836126018,True,True,2026-06-19
2026-06-19,MOCK1,62308,0.08141587757947089,True,True,2026-06-20
2026-06-22,MOCK1,767277,0.03936128615491859,True,True,2026-06-23
2026-06-23,MOCK1,832869,0.12139465692946452,True,True,2026-06-24
2026-06-24,MOCK1,215051,0.09771583303248486,True,True,2026-06-25
2026-06-25,MOCK1,637555,0.03299553389463166,True,True,2026-06-26
2026-06-26,MOCK1,546204,0.06605427249975532,True,True,2026-06-27
2026-06-29,MOCK1,389403,0.14320913723987333,True,True,2026-06-30
2026-06-30,MOCK1,126712,0.059906783313325246,True,True,2026-07-01
2026-07-01,MOCK1,760089,0.07391508100329709,True,True,2026-07-02
2026-07-02,MOCK1,265954,0.11220980478100173,True,True,2026-07-03
2026-07-03,MOCK1,984720,0.13187697233983925,True,True,2026-07-04
2026-07-06,MOCK1,381573,0.029084703229874102,True,True,2026-07-07
2026-07-07,MOCK1,741748,0.11327678533888141,True,True,2026-07-08
2026-07-08,MOCK1,689189,0.023587056152656695,True,True,2026-07-09
2026-07-09,MOCK1,180768,0.13838844486203403,True,True,2026-07-10
2026-07-10,MOCK1,107967,0.03102837178353851,True,True,2026-07-11
2026-07-13,MOCK1,827919,0.12657450764125164,True,True,2026-07-14
2026-07-14,MOCK1,405163,0.13236431444509278,True,True,2026-07-15
2026-07-15,MOCK1,962679,0.10373655494825144,True,True,2026-07-16
2026-07-16,MOCK1,183353,0.10579446165528059,True,True,2026-07-17
2026-07-17,MOCK1,957135,0.11551396796664436,True,True,2026-07-18
2026-07-20,MOCK1,886666,0.10136653226253475,True,True,2026-07-21
2026-07-21,MOCK1,368549,0.10244245987654736,True,True,2026-07-22
2026-07-22,MOCK1,528143,0.020226619726195022,True,True,2026-07-23
2026-07-23,MOCK1,622772,0.08657195593608243,True,True,2026-07-24
2026-07-24,MOCK1,742679,0.04455682465136766,True,True,2026-07-25
2026-07-27,MOCK1,150720,0.03646573706622358,True,True,2026-07-28
2026-07-28,MOCK1,817940,0.05602748700000373,True,True,2026-07-29
2026-07-29,MOCK1,387947,0.011856482192451376,True,True,2026-07-30
2026-07-30,MOCK1,143434,0.14709091894518542,True,True,2026-07-31
2026-07-31,MOCK1,886168,0.059411943904709524,True,True,2026-08-01
2026-08-03,MOCK1,82528,0.08641489521376801,True,True,2026-08-04
2026-08-04,MOCK1,276052,0.010173006393735768,True,True,2026-08-05
2026-08-05,MOCK1,972094,0.12003253837891187,True,True,2026-08-06
2026-08-06,MOCK1,246266,0.14365714117049327,True,True,2026-08-07
2026-08-07,MOCK1,722102,0.1169581698904424,True,True,2026-08-08
2026-08-10,MOCK1,515550,0.09727623163255568,True,True,2026-08-11
2026-08-11,MOCK1,521013,0.013092748933878049,True,True,2026-08-12
2026-08-12,MOCK1,567255,0.014611531097987691,True,True,2026-08-13
2026-08-13,MOCK1,323236,0.015535246452272347,True,True,2026-08-14
2026-08-14,MOCK1,155435,0.14172429218182203,True,True,2026-08-15
2026-08-17,MOCK1,804537,0.14549430321915235,True,True,2026-08-18
2026-08-18,MOCK1,843943,0.039700160971236416,True,True,2026-08-19
2026-08-19,MOCK1,585796,0.14831704538043225,True,True,2026-08-20
2026-08-20,MOCK1,910736,0.06754634138016494,True,True,2026-08-21
2026-08-21,MOCK1,220474,0.048249636988191125,True,True,2026-08-22
2026-08-24,MOCK1,698797,0.09892142968970874,True,True,2026-08-25
2026-08-25,MOCK1,304927,0.09899844773631312,True,True,2026-08-26
2026-08-26,MOCK1,763578,0.09490267439359301,True,True,2026-08-27
2026-08-27,MOCK1,542797,0.12343760965499116,True,True,2026-08-28
2026-08-28,MOCK1,223938,0.10068947292001626,True,True,2026-08-29
2015-01-01,MOCK2,811824,0.022950151302720732,True,True,2015-01-02
2015-01-02,MOCK2,300760,0.04707160774678582,True,True,2015-01-03
2015-01-05,MOCK2,698998,0.09130655814753834,True,True,2015-01-06
2015-01-06,MOCK2,563719,0.06742833937616093,True,True,2015-01-07
2015-01-07,MOCK2,899279,0.09204114314134967,True,True,2015-01-08
2015-01-08,MOCK2,796902,0.024182705688632938,True,True,2015-01-09
2015-01-09,MOCK2,872504,0.06670447945433837,True,True,2015-01-10
2015-01-12,MOCK2,212118,0.010232646782406858,True,True,2015-01-13
2015-01-13,MOCK2,992313,0.12695917106772742,True,True,2015-01-14
2015-01-14,MOCK2,556056,0.10549972550318196,True,True,2015-01-15
2015-01-15,MOCK2,959483,0.13080186581142844,True,True,2015-01-16
2015-01-16,MOCK2,502115,0.07002345247551096,True,True,2015-01-17
2015-01-19,MOCK2,399873,0.018687088235207018,True,True,2015-01-20
2015-01-20,MOCK2,699344,0.14332088629127218,True,True,2015-01-21
2015-01-21,MOCK2,359389,0.04404787605560536,True,True,2015-01-22
2015-01-22,MOCK2,942029,0.016939507885084238,True,True,2015-01-23
2015-01-23,MOCK2,47273,0.13727486216459045,True,True,2015-01-24
2015-01-26,MOCK2,702130,0.042641492117775334,True,True,2015-01-27
2015-01-27,MOCK2,862803,0.060754485811393075,True,True,2015-01-28
2015-01-28,MOCK2,168365,0.14735483931061605,True,True,2015-01-29
2015-01-29,MOCK2,296161,0.09907927295929148,True,True,2015-01-30
2015-01-30,MOCK2,484110,0.13446549572792768,True,True,2015-01-31
2015-02-02,MOCK2,76178,0.023102624790700015,True,True,2015-02-03
2015-02-03,MOCK2,834882,0.022600227603199304,True,True,2015-02-04
2015-02-04,MOCK2,602071,0.02273056144655191,True,True,2015-02-05
2015-02-05,MOCK2,789145,0.08479419159291528,True,True,2015-02-06
2015-02-06,MOCK2,675992,0.11606704131676325,True,True,2015-02-07
2015-02-09,MOCK2,775139,0.11280535652563349,True,True,2015-02-10
2015-02-10,MOCK2,721559,0.1485098424366715,True,True,2015-02-11
2015-02-11,MOCK2,394931,0.08467888152389344,True,True,2015-02-12
2015-02-12,MOCK2,503159,0.01772684567154102,True,True,2015-02-13
2015-02-13,MOCK2,436762,0.08056464040643717,True,True,2015-02-14
2015-02-16,MOCK2,239416,0.059960395750709355,True,True,2015-02-17
2015-02-17,MOCK2,754201,0.12638058891557358,True,True,2015-02-18
2015-02-18,MOCK2,834884,0.13987644298694754,True,True,2015-02-19
2015-02-19,MOCK2,265620,0.025026551714522415,True,True,2015-02-20
2015-02-20,MOCK2,845771,0.09716731671187094,True,True,2015-02-21
2015-02-23,MOCK2,501078,0.013096246336684438,True,True,2015-02-24
2015-02-24,MOCK2,597958,0.1404423875047401,True,True,2015-02-25
2015-02-25,MOCK2,177953,0.10279601914160372,True,True,2015-02-26
2015-02-26,MOCK2,569988,0.08306071916471822,True,True,2015-02-27
2015-02-27,MOCK2,336548,0.020100678508847974,True,True,2015-02-28
2015-03-02,MOCK2,804542,0.06496649443267428,True,True,2015-03-03
2015-03-03,MOCK2,236821,0.11949708749172509,True,True,2015-03-04
2015-03-04,MOCK2,843591,0.10448527768060936,True,True,2015-03-05
2015-03-05,MOCK2,9790,0.10050786309285871,True,True,2015-03-06
2015-03-06,MOCK2,80616,0.02465930759335099,True,True,2015-03-07
2015-03-09,MOCK2,209538,0.11640607766696648,True,True,2015-03-10
2015-03-10,MOCK2,732287,0.05222048293118157,True,True,2015-03-11
2015-03-11,MOCK2,168966,0.13911939561663644,True,True,2015-03-12
2015-03-12,MOCK2,37624,0.13133975829340136,True,True,2015-03-13
2015-03-13,MOCK2,930022,0.03549151447908523,True,True,2015-03-14
2015-03-16,MOCK2,413314,0.07916419295441983,True,True,2015-03-17
2015-03-17,MOCK2,175177,0.036795170483185966,True,True,2015-03-18
2015-03-18,MOCK2,863116,0.0947535822491597,True,True,2015-03-19
2015-03-19,MOCK2,347278,0.05847035638327746,True,True,2015-03-20
2015-03-20,MOCK2,994253,0.035799928718223656,True,True,2015-03-21
2015-03-23,MOCK2,889114,0.11474757299443261,True,True,2015-03-24
2015-03-24,MOCK2,949322,0.07668214730972973,True,True,2015-03-25
2015-03-25,MOCK2,151397,0.08898908370987277,True,True,2015-03-26
2015-03-26,MOCK2,525217,0.11236477503103205,True,True,2015-03-27
2015-03-27,MOCK2,523078,0.07245077809793851,True,True,2015-03-28
2015-03-30,MOCK2,171420,0.044410399006040144,True,True,2015-03-31
2015-03-31,MOCK2,253633,0.14227796183481708,True,True,2015-04-01
2015-04-01,MOCK2,917899,0.056293584609771526,True,True,2015-04-02
2015-04-02,MOCK2,920604,0.14865612313211826,True,True,2015-04-03
2015-04-03,MOCK2,446171,0.06587381764888478,True,True,2015-04-04
2015-04-06,MOCK2,190622,0.08197769597767689,True,True,2015-04-07
2015-04-07,MOCK2,863563,0.0727481156502135,True,True,2015-04-08
2015-04-08,MOCK2,569849,0.09124224569209217,True,True,2015-04-09
2015-04-09,MOCK2,218937,0.07817356603768301,True,True,2015-04-10
2015-04-10,MOCK2,417984,0.13344249673468334,True,True,2015-04-11
2015-04-13,MOCK2,488249,0.0447268705697159,True,True,2015-04-14
2015-04-14,MOCK2,256517,0.025722603407408437,True,True,2015-04-15
2015-04-15,MOCK2,468132,0.14525969809479075,True,True,2015-04-16
2015-04-16,MOCK2,96212,0.06894070868457437,True,True,2015-04-17
2015-04-17,MOCK2,367485,0.014378735254584702,True,True,2015-04-18
2015-04-20,MOCK2,470045,0.013359044835692084,True,True,2015-04-21
2015-04-21,MOCK2,744565,0.02572673555480618,True,True,2015-04-22
2015-04-22,MOCK2,452941,0.14459980215070156,True,True,2015-04-23
2015-04-23,MOCK2,62168,0.11170452240252764,True,True,2015-04-24
2015-04-24,MOCK2,189049,0.03970846796064664,True,True,2015-04-25
2015-04-27,MOCK2,130207,0.09473772026633698,True,True,2015-04-28
2015-04-28,MOCK2,606318,0.0713667064214099,True,True,2015-04-29
2015-04-29,MOCK2,565926,0.06595540674311415,True,True,2015-04-30
2015-04-30,MOCK2,233680,0.06565110398334453,True,True,2015-05-01
2015-05-01,MOCK2,757619,0.04737055965127349,True,True,2015-05-02
2015-05-04,MOCK2,705913,0.023564714759075664,True,True,2015-05-05
2015-05-05,MOCK2,853681,0.06381143951659947,True,True,2015-05-06
2015-05-06,MOCK2,854723,0.11936294247174209,True,True,2015-05-07
2015-05-07,MOCK2,436492,0.11946185911172993,True,True,2015-05-08
2015-05-08,MOCK2,720417,0.11839600393931365,True,True,2015-05-09
2015-05-11,MOCK2,121548,0.12280134761822681,True,True,2015-05-12
2015-05-12,MOCK2,545326,0.07609333507439373,True,True,2015-05-13
2015-05-13,MOCK2,928603,0.13001952359557362,True,True,2015-05-14
2015-05-14,MOCK2,512767,0.12989108258620571,True,True,2015-05-15
2015-05-15,MOCK2,671142,0.06943954597909378,True,True,2015-05-16
2015-05-18,MOCK2,898331,0.12327455768461752,True,True,2015-05-19
2015-05-19,MOCK2,629895,0.1332676520409786,True,True,2015-05-20
2015-05-20,MOCK2,672133,0.1476983919726632,True,True,2015-05-21
2015-05-21,MOCK2,469364,0.08915751275307557,True,True,2015-05-22
2015-05-22,MOCK2,88818,0.03485217165902966,True,True,2015-05-23
2015-05-25,MOCK2,630829,0.042182999988981035,True,True,2015-05-26
2015-05-26,MOCK2,484592,0.14966384403399718,True,True,2015-05-27
2015-05-27,MOCK2,407191,0.12286829666720524,True,True,2015-05-28
2015-05-28,MOCK2,87259,0.039823401696650045,True,True,2015-05-29
2015-05-29,MOCK2,916750,0.14288256826499426,True,True,2015-05-30
2015-06-01,MOCK2,817405,0.06499141951047095,True,True,2015-06-02
2015-06-02,MOCK2,807673,0.1356828972185799,True,True,2015-06-03
2015-06-03,MOCK2,127210,0.10809647658090793,True,True,2015-06-04
2015-06-04,MOCK2,591117,0.041129549496728736,True,True,2015-06-05
2015-06-05,MOCK2,678235,0.08124032721067269,True,True,2015-06-06
2015-06-08,MOCK2,638655,0.05515839416007606,True,True,2015-06-09
2015-06-09,MOCK2,888979,0.01944228648770804,True,True,2015-06-10
2015-06-10,MOCK2,27971,0.01748229291476084,True,True,2015-06-11
2015-06-11,MOCK2,168385,0.04480064680141214,True,True,2015-06-12
2015-06-12,MOCK2,337249,0.1293097447398149,True,True,2015-06-13
2015-06-15,MOCK2,398253,0.05648537512019947,True,True,2015-06-16
2015-06-16,MOCK2,548198,0.08219125515099607,True,True,2015-06-17
2015-06-17,MOCK2,510357,0.09595986240457086,True,True,2015-06-18
2015-06-18,MOCK2,630482,0.11562265939917507,True,True,2015-06-19
2015-06-19,MOCK2,923693,0.023838584448897294,True,True,2015-06-20
2015-06-22,MOCK2,286149,0.06965827180201364,True,True,2015-06-23
2015-06-23,MOCK2,312211,0.05945299806609754,True,True,2015-06-24
2015-06-24,MOCK2,510181,0.03166529464176614,True,True,2015-06-25
2015-06-25,MOCK2,423361,0.0330876219462197,True,True,2015-06-26
2015-06-26,MOCK2,23903,0.03696847092540953,True,True,2015-06-27
2015-06-29,MOCK2,766440,0.08555659641795857,True,True,2015-06-30
2015-06-30,MOCK2,827241,0.05876901318129602,True,True,2015-07-01
2015-07-01,MOCK2,251150,0.1335269087706365,True,True,2015-07-02
2015-07-02,MOCK2,741805,0.06553582854386474,True,True,2015-07-03
2015-07-03,MOCK2,853529,0.12035865444126348,True,True,2015-07-04
2015-07-06,MOCK2,133791,0.019064297146308404,True,True,2015-07-07
2015-07-07,MOCK2,129496,0.14133221056709303,True,True,2015-07-08
2015-07-08,MOCK2,358189,0.09944500148000304,True,True,2015-07-09
2015-07-09,MOCK2,862155,0.12629582327880462,True,True,2015-07-10
2015-07-10,MOCK2,265531,0.08593677655352042,True,True,2015-07-11
2015-07-13,MOCK2,823834,0.05635510568276492,True,True,2015-07-14
2015-07-14,MOCK2,977625,0.03195671565107384,True,True,2015-07-15
2015-07-15,MOCK2,604142,0.09663382438057586,True,True,2015-07-16
2015-07-16,MOCK2,462329,0.10102653524754987,True,True,2015-07-17
2015-07-17,MOCK2,100807,0.04521479256967432,True,True,2015-07-18
2015-07-20,MOCK2,116869,0.05733752582734137,True,True,2015-07-21
2015-07-21,MOCK2,53466,0.13593937029029132,True,True,2015-07-22
2015-07-22,MOCK2,950900,0.1422657017131112,True,True,2015-07-23
2015-07-23,MOCK2,603192,0.018254424949975808,True,True,2015-07-24
2015-07-24,MOCK2,730937,0.015599619574695255,True,True,2015-07-25
2015-07-27,MOCK2,937172,0.04860760607319727,True,True,2015-07-28
2015-07-28,MOCK2,716943,0.023770243853632925,True,True,2015-07-29
2015-07-29,MOCK2,692045,0.1382408258262961,True,True,2015-07-30
2015-07-30,MOCK2,498305,0.10583225827925728,True,True,2015-07-31
2015-07-31,MOCK2,133298,0.13542464186322895,True,True,2015-08-01
2015-08-03,MOCK2,829395,0.022054729345944057,True,True,2015-08-04
2015-08-04,MOCK2,544994,0.12898117775358425,True,True,2015-08-05
2015-08-05,MOCK2,289110,0.12848657877808356,True,True,2015-08-06
2015-08-06,MOCK2,231737,0.05913136155197584,True,True,2015-08-07
2015-08-07,MOCK2,596845,0.022765397287575463,True,True,2015-08-08
2015-08-10,MOCK2,602585,0.08601759034421079,True,True,2015-08-11
2015-08-11,MOCK2,17623,0.08570566132986346,True,True,2015-08-12
2015-08-12,MOCK2,407352,0.13839297132738945,True,True,2015-08-13
2015-08-13,MOCK2,234303,0.05500186530032547,True,True,2015-08-14
2015-08-14,MOCK2,936859,0.05234107956800323,True,True,2015-08-15
2015-08-17,MOCK2,751577,0.04823805306721958,True,True,2015-08-18
2015-08-18,MOCK2,487601,0.11018740925714834,True,True,2015-08-19
2015-08-19,MOCK2,310561,0.030313063952927974,True,True,2015-08-20
2015-08-20,MOCK2,767828,0.022320579467591202,True,True,2015-08-21
2015-08-21,MOCK2,301649,0.0872819716167296,True,True,2015-08-22
2015-08-24,MOCK2,812594,0.010476093937954163,True,True,2015-08-25
2015-08-25,MOCK2,376469,0.06973369234680316,True,True,2015-08-26
2015-08-26,MOCK2,295523,0.14028658118506632,True,True,2015-08-27
2015-08-27,MOCK2,754681,0.08924636055465447,True,True,2015-08-28
2015-08-28,MOCK2,970638,0.07459498485901546,True,True,2015-08-29
2015-08-31,MOCK2,424633,0.10874522273121573,True,True,2015-09-01
2015-09-01,MOCK2,706304,0.0409218399386802,True,True,2015-09-02
2015-09-02,MOCK2,545831,0.12692349510068435,True,True,2015-09-03
2015-09-03,MOCK2,711187,0.14325248725706974,True,True,2015-09-04
2015-09-04,MOCK2,694461,0.11031503011180564,True,True,2015-09-05
2015-09-07,MOCK2,927790,0.09073995775563291,True,True,2015-09-08
2015-09-08,MOCK2,910558,0.11871815504390047,True,True,2015-09-09
2015-09-09,MOCK2,382904,0.022339831781409906,True,True,2015-09-10
2015-09-10,MOCK2,922378,0.11722299367097254,True,True,2015-09-11
2015-09-11,MOCK2,464901,0.05468912547576098,True,True,2015-09-12
2015-09-14,MOCK2,573799,0.07881146778447674,True,True,2015-09-15
2015-09-15,MOCK2,59529,0.010815560546120343,True,True,2015-09-16
2015-09-16,MOCK2,332736,0.12189472347311489,True,True,2015-09-17
2015-09-17,MOCK2,956337,0.11424493372107472,True,True,2015-09-18
2015-09-18,MOCK2,104272,0.03661918470801255,True,True,2015-09-19
2015-09-21,MOCK2,740930,0.1208666417428428,True,True,2015-09-22
2015-09-22,MOCK2,846827,0.13377711734964412,True,True,2015-09-23
2015-09-23,MOCK2,28163,0.043897830316343124,True,True,2015-09-24
2015-09-24,MOCK2,355243,0.1314288040728856,True,True,2015-09-25
2015-09-25,MOCK2,670593,0.05940328338030018,True,True,2015-09-26
2015-09-28,MOCK2,239760,0.07028277645484589,True,True,2015-09-29
2015-09-29,MOCK2,706208,0.12488216413198146,True,True,2015-09-30
2015-09-30,MOCK2,338978,0.044798463083496894,True,True,2015-10-01
2015-10-01,MOCK2,699136,0.07887050769587008,True,True,2015-10-02
2015-10-02,MOCK2,387080,0.138364573059098,True,True,2015-10-03
2015-10-05,MOCK2,629759,0.019974974323002236,True,True,2015-10-06
2015-10-06,MOCK2,34156,0.09138056882115048,True,True,2015-10-07
2015-10-07,MOCK2,774009,0.03413632571247166,True,True,2015-10-08
2015-10-08,MOCK2,882794,0.0193077967043732,True,True,2015-10-09
2015-10-09,MOCK2,105073,0.035493369026555165,True,True,2015-10-10
2015-10-12,MOCK2,408195,0.05435560839323496,True,True,2015-10-13
2015-10-13,MOCK2,269075,0.0207516800280841,True,True,2015-10-14
2015-10-14,MOCK2,652676,0.14095775703157545,True,True,2015-10-15
2015-10-15,MOCK2,722135,0.1284593716546648,True,True,2015-10-16
2015-10-16,MOCK2,901891,0.09620272436915545,True,True,2015-10-17
2015-10-19,MOCK2,532371,0.03166530541705672,True,True,2015-10-20
2015-10-20,MOCK2,259283,0.016916614505244038,True,True,2015-10-21
2015-10-21,MOCK2,686967,0.1309354804320166,True,True,2015-10-22
2015-10-22,MOCK2,295657,0.12086959293740014,True,True,2015-10-23
2015-10-23,MOCK2,437651,0.08441307061471887,True,True,2015-10-24
2015-10-26,MOCK2,873948,0.06888044458369555,True,True,2015-10-27
2015-10-27,MOCK2,680108,0.06014367405443795,True,True,2015-10-28
2015-10-28,MOCK2,474844,0.14125357379330766,True,True,2015-10-29
2015-10-29,MOCK2,118299,0.0341324516008588,True,True,2015-10-30
2015-10-30,MOCK2,346024,0.0999056885402068,True,True,2015-10-31
2015-11-02,MOCK2,304294,0.013935886276033732,True,True,2015-11-03
2015-11-03,MOCK2,188699,0.044731369582944124,True,True,2015-11-04
2015-11-04,MOCK2,433885,0.06765661707871809,True,True,2015-11-05
2015-11-05,MOCK2,126626,0.03886695941667535,True,True,2015-11-06
2015-11-06,MOCK2,257142,0.05751277627360809,True,True,2015-11-07
2015-11-09,MOCK2,562085,0.06277010305988777,True,True,2015-11-10
2015-11-10,MOCK2,701120,0.05204898936835064,True,True,2015-11-11
2015-11-11,MOCK2,807656,0.10424853083979477,True,True,2015-11-12
2015-11-12,MOCK2,791263,0.01793208815940299,True,True,2015-11-13
2015-11-13,MOCK2,835647,0.14653670310994354,True,True,2015-11-14
2015-11-16,MOCK2,766760,0.0921343385315697,True,True,2015-11-17
2015-11-17,MOCK2,755580,0.11111001237867763,True,True,2015-11-18
2015-11-18,MOCK2,191939,0.020538109500721057,True,True,2015-11-19
2015-11-19,MOCK2,291934,0.09634126915818307,True,True,2015-11-20
2015-11-20,MOCK2,380337,0.1009894213985857,True,True,2015-11-21
2015-11-23,MOCK2,671283,0.10513533992654446,True,True,2015-11-24
2015-11-24,MOCK2,15902,0.04365385148147943,True,True,2015-11-25
2015-11-25,MOCK2,914561,0.039701574865838675,True,True,2015-11-26
2015-11-26,MOCK2,706455,0.09247332381873206,True,True,2015-11-27
2015-11-27,MOCK2,325178,0.12854353602233654,True,True,2015-11-28
2015-11-30,MOCK2,629509,0.0961615871128012,True,True,2015-12-01
2015-12-01,MOCK2,787275,0.13157260651467184,True,True,2015-12-02
2015-12-02,MOCK2,372560,0.1157813974276566,True,True,2015-12-03
2015-12-03,MOCK2,449604,0.05903790069331246,True,True,2015-12-04
2015-12-04,MOCK2,227024,0.04972943310749796,True,True,2015-12-05
2015-12-07,MOCK2,37367,0.08422085182033061,True,True,2015-12-08
2015-12-08,MOCK2,541618,0.11625759800262897,True,True,2015-12-09
2015-12-09,MOCK2,384671,0.09666273501934378,True,True,2015-12-10
2015-12-10,MOCK2,82882,0.08905701159240943,True,True,2015-12-11
2015-12-11,MOCK2,65399,0.09483866472322276,True,True,2015-12-12
2015-12-14,MOCK2,392207,0.06939488612584127,True,True,2015-12-15
2015-12-15,MOCK2,211505,0.13400640547523907,True,True,2015-12-16
2015-12-16,MOCK2,263591,0.119868999675956,True,True,2015-12-17
2015-12-17,MOCK2,561205,0.09066339695392946,True,True,2015-12-18
2015-12-18,MOCK2,987814,0.07398859586709193,True,True,2015-12-19
2015-12-21,MOCK2,219426,0.03576956045251994,True,True,2015-12-22
2015-12-22,MOCK2,529537,0.10216172412625288,True,True,2015-12-23
2015-12-23,MOCK2,30555,0.13506822346641817,True,True,2015-12-24
2015-12-24,MOCK2,478971,0.05687552070114017,True,True,2015-12-25
2015-12-25,MOCK2,645343,0.13036606947728796,True,True,2015-12-26
2015-12-28,MOCK2,370656,0.05685449384596989,True,True,2015-12-29
2015-12-29,MOCK2,982098,0.022518163003053766,True,True,2015-12-30
2015-12-30,MOCK2,351864,0.1467054395072213,True,True,2015-12-31
2015-12-31,MOCK2,807489,0.04303789351100487,True,True,2016-01-01
2016-01-01,MOCK2,189195,0.07328634706916591,True,True,2016-01-02
2016-01-04,MOCK2,338103,0.14783875782421388,True,True,2016-01-05
2016-01-05,MOCK2,214047,0.07451872755973017,True,True,2016-01-06
2016-01-06,MOCK2,776710,0.10452459825008138,True,True,2016-01-07
2016-01-07,MOCK2,437404,0.03399267919305972,True,True,2016-01-08
2016-01-08,MOCK2,282906,0.09067530800516424,True,True,2016-01-09
2016-01-11,MOCK2,703510,0.01886629629504957,True,True,2016-01-12
2016-01-12,MOCK2,879268,0.030480617745866835,True,True,2016-01-13
2016-01-13,MOCK2,568951,0.01716323014406399,True,True,2016-01-14
2016-01-14,MOCK2,771686,0.12780107807302182,True,True,2016-01-15
2016-01-15,MOCK2,587259,0.02522394317333978,True,True,2016-01-16
2016-01-18,MOCK2,787068,0.0989917639495564,True,True,2016-01-19
2016-01-19,MOCK2,16560,0.05985297651634567,True,True,2016-01-20
2016-01-20,MOCK2,802066,0.022938318382944405,True,True,2016-01-21
2016-01-21,MOCK2,129550,0.11149987634548031,True,True,2016-01-22
2016-01-22,MOCK2,914756,0.07864290193504567,True,True,2016-01-23
2016-01-25,MOCK2,478879,0.07784268333699629,True,True,2016-01-26
2016-01-26,MOCK2,353279,0.12564277185885692,True,True,2016-01-27
2016-01-27,MOCK2,59087,0.06365248119549667,True,True,2016-01-28
2016-01-28,MOCK2,565346,0.07669653445630067,True,True,2016-01-29
2016-01-29,MOCK2,949512,0.14037520795996455,True,True,2016-01-30
2016-02-01,MOCK2,341656,0.06694428104049537,True,True,2016-02-02
2016-02-02,MOCK2,537135,0.08578426303658569,True,True,2016-02-03
2016-02-03,MOCK2,721432,0.016461165262565275,True,True,2016-02-04
2016-02-04,MOCK2,741521,0.09076802348581392,True,True,2016-02-05
2016-02-05,MOCK2,345954,0.1392822288978132,True,True,2016-02-06
2016-02-08,MOCK2,362607,0.13267549515234486,True,True,2016-02-09
2016-02-09,MOCK2,403088,0.0332763882395751,True,True,2016-02-10
2016-02-10,MOCK2,553926,0.13987691674196787,True,True,2016-02-11
2016-02-11,MOCK2,501110,0.11031208673356864,True,True,2016-02-12
2016-02-12,MOCK2,767766,0.0595099809043007,True,True,2016-02-13
2016-02-15,MOCK2,523221,0.03007966469173403,True,True,2016-02-16
2016-02-16,MOCK2,835423,0.11984275979009479,True,True,2016-02-17
2016-02-17,MOCK2,953502,0.11303069812473157,True,True,2016-02-18
2016-02-18,MOCK2,972384,0.09352076034335181,True,True,2016-02-19
2016-02-19,MOCK2,85721,0.11129163822583314,True,True,2016-02-20
2016-02-22,MOCK2,422057,0.13901384667052485,True,True,2016-02-23
2016-02-23,MOCK2,60687,0.07817118842035704,True,True,2016-02-24
2016-02-24,MOCK2,169526,0.08107440321176884,True,True,2016-02-25
2016-02-25,MOCK2,751583,0.08639883770644939,True,True,2016-02-26
2016-02-26,MOCK2,115394,0.03589459762611068,True,True,2016-02-27
2016-02-29,MOCK2,380049,0.08098192936094568,True,True,2016-03-01
2016-03-01,MOCK2,238315,0.01677684285333895,True,True,2016-03-02
2016-03-02,MOCK2,745025,0.03449646295796513,True,True,2016-03-03
2016-03-03,MOCK2,922012,0.06943903035193068,True,True,2016-03-04
2016-03-04,MOCK2,677273,0.05196053446040295,True,True,2016-03-05
2016-03-07,MOCK2,95096,0.03321258073163045,True,True,2016-03-08
2016-03-08,MOCK2,470542,0.12664910474640328,True,True,2016-03-09
2016-03-09,MOCK2,796986,0.12629929766578105,True,True,2016-03-10
2016-03-10,MOCK2,481145,0.06206774995191131,True,True,2016-03-11
2016-03-11,MOCK2,977169,0.028576666152314786,True,True,2016-03-12
2016-03-14,MOCK2,173341,0.11755181339044289,True,True,2016-03-15
2016-03-15,MOCK2,793508,0.01779048179475009,True,True,2016-03-16
2016-03-16,MOCK2,560361,0.03287246394656841,True,True,2016-03-17
2016-03-17,MOCK2,629740,0.12321818147978864,True,True,2016-03-18
2016-03-18,MOCK2,187418,0.046834458852077425,True,True,2016-03-19
2016-03-21,MOCK2,831829,0.096750085330892,True,True,2016-03-22
2016-03-22,MOCK2,453049,0.06047928574681253,True,True,2016-03-23
2016-03-23,MOCK2,362547,0.0760925391504751,True,True,2016-03-24
2016-03-24,MOCK2,436804,0.10552436332409429,True,True,2016-03-25
2016-03-25,MOCK2,1001,0.14250799506315254,True,True,2016-03-26
2016-03-28,MOCK2,340874,0.0984597662147203,True,True,2016-03-29
2016-03-29,MOCK2,368478,0.0497414044720366,True,True,2016-03-30
2016-03-30,MOCK2,937333,0.1457720799345943,True,True,2016-03-31
2016-03-31,MOCK2,340101,0.039688064253521546,True,True,2016-04-01
2016-04-01,MOCK2,137972,0.10910286844408931,True,True,2016-04-02
2016-04-04,MOCK2,605734,0.077156887390618,True,True,2016-04-05
2016-04-05,MOCK2,464126,0.04741524906829474,True,True,2016-04-06
2016-04-06,MOCK2,461622,0.04843311551216885,True,True,2016-04-07
2016-04-07,MOCK2,695569,0.04218447211558353,True,True,2016-04-08
2016-04-08,MOCK2,12277,0.060042448576868634,True,True,2016-04-09
2016-04-11,MOCK2,775445,0.010842469898368954,True,True,2016-04-12
2016-04-12,MOCK2,853749,0.05968213624647975,True,True,2016-04-13
2016-04-13,MOCK2,892530,0.09756475380732009,True,True,2016-04-14
2016-04-14,MOCK2,214864,0.08889416128276957,True,True,2016-04-15
2016-04-15,MOCK2,817090,0.05458315467895283,True,True,2016-04-16
2016-04-18,MOCK2,743325,0.01505661625203427,True,True,2016-04-19
2016-04-19,MOCK2,604658,0.05521164123456097,True,True,2016-04-20
2016-04-20,MOCK2,357135,0.019406807839880188,True,True,2016-04-21
2016-04-21,MOCK2,138507,0.1403170290157254,True,True,2016-04-22
2016-04-22,MOCK2,834956,0.06622464868786357,True,True,2016-04-23
2016-04-25,MOCK2,482425,0.09110278597951062,True,True,2016-04-26
2016-04-26,MOCK2,573101,0.027122815992721448,True,True,2016-04-27
2016-04-27,MOCK2,351368,0.023326638061059765,True,True,2016-04-28
2016-04-28,MOCK2,720595,0.12007657724198831,True,True,2016-04-29
2016-04-29,MOCK2,497436,0.06769694659345582,True,True,2016-04-30
2016-05-02,MOCK2,501188,0.03400982991969266,True,True,2016-05-03
2016-05-03,MOCK2,957088,0.1250304966707602,True,True,2016-05-04
2016-05-04,MOCK2,157187,0.05300476878578,True,True,2016-05-05
2016-05-05,MOCK2,922231,0.14320314732423403,True,True,2016-05-06
2016-05-06,MOCK2,966260,0.08919497906838555,True,True,2016-05-07
2016-05-09,MOCK2,74741,0.09637285776999205,True,True,2016-05-10
2016-05-10,MOCK2,856473,0.14238376958246518,True,True,2016-05-11
2016-05-11,MOCK2,608058,0.06572093485801082,True,True,2016-05-12
2016-05-12,MOCK2,107450,0.10233333967589298,True,True,2016-05-13
2016-05-13,MOCK2,463847,0.13200997652724383,True,True,2016-05-14
2016-05-16,MOCK2,83878,0.060980158059224444,True,True,2016-05-17
2016-05-17,MOCK2,313880,0.03492685183360258,True,True,2016-05-18
2016-05-18,MOCK2,867424,0.08388491848944565,True,True,2016-05-19
2016-05-19,MOCK2,618735,0.10738987426144289,True,True,2016-05-20
2016-05-20,MOCK2,718315,0.07563898022871311,True,True,2016-05-21
2016-05-23,MOCK2,898086,0.0854120375784995,True,True,2016-05-24
2016-05-24,MOCK2,52431,0.08922451344373201,True,True,2016-05-25
2016-05-25,MOCK2,243476,0.09906060578260426,True,True,2016-05-26
2016-05-26,MOCK2,509839,0.044830625376688166,True,True,2016-05-27
2016-05-27,MOCK2,874194,0.11025012009799556,True,True,2016-05-28
2016-05-30,MOCK2,414949,0.12094347920698002,True,True,2016-05-31
2016-05-31,MOCK2,77749,0.10769616355121583,True,True,2016-06-01
2016-06-01,MOCK2,58031,0.10313220276201983,True,True,2016-06-02
2016-06-02,MOCK2,684653,0.08486191632614658,True,True,2016-06-03
2016-06-03,MOCK2,619519,0.0559213731726019,True,True,2016-06-04
2016-06-06,MOCK2,823209,0.030323182326958888,True,True,2016-06-07
2016-06-07,MOCK2,530730,0.1341629828236596,True,True,2016-06-08
2016-06-08,MOCK2,340258,0.09680771225013363,True,True,2016-06-09
2016-06-09,MOCK2,190420,0.08893151623265946,True,True,2016-06-10
2016-06-10,MOCK2,205169,0.11975876748032471,True,True,2016-06-11
2016-06-13,MOCK2,687944,0.08951416985140669,True,True,2016-06-14
2016-06-14,MOCK2,111701,0.09294577819754835,True,True,2016-06-15
2016-06-15,MOCK2,268319,0.08515009762938366,True,True,2016-06-16
2016-06-16,MOCK2,801357,0.09028131140558221,True,True,2016-06-17
2016-06-17,MOCK2,564821,0.09082369892326324,True,True,2016-06-18
2016-06-20,MOCK2,952338,0.12883997827737803,True,True,2016-06-21
2016-06-21,MOCK2,995641,0.020367759216734595,True,True,2016-06-22
2016-06-22,MOCK2,966272,0.013022922693688386,True,True,2016-06-23
2016-06-23,MOCK2,812627,0.04188598696596171,True,True,2016-06-24
2016-06-24,MOCK2,368877,0.030027743076614134,True,True,2016-06-25
2016-06-27,MOCK2,184421,0.0689188568371688,True,True,2016-06-28
2016-06-28,MOCK2,470494,0.13861409813385264,True,True,2016-06-29
2016-06-29,MOCK2,526593,0.08558564707408846,True,True,2016-06-30
2016-06-30,MOCK2,651689,0.04232719637350733,True,True,2016-07-01
2016-07-01,MOCK2,20775,0.11330667808990759,True,True,2016-07-02
2016-07-04,MOCK2,744990,0.10089444249431058,True,True,2016-07-05
2016-07-05,MOCK2,407608,0.05822153915285158,True,True,2016-07-06
2016-07-06,MOCK2,922893,0.07994711515103772,True,True,2016-07-07
2016-07-07,MOCK2,523244,0.03661272965549078,True,True,2016-07-08
2016-07-08,MOCK2,557960,0.11272890012300325,True,True,2016-07-09
2016-07-11,MOCK2,714125,0.10523791806540335,True,True,2016-07-12
2016-07-12,MOCK2,628177,0.03981104884813423,True,True,2016-07-13
2016-07-13,MOCK2,117818,0.058999593996842,True,True,2016-07-14
2016-07-14,MOCK2,836768,0.09910524517355052,True,True,2016-07-15
2016-07-15,MOCK2,846021,0.05763679512397154,True,True,2016-07-16
2016-07-18,MOCK2,975374,0.13853498483112425,True,True,2016-07-19
2016-07-19,MOCK2,154303,0.049220822558315516,True,True,2016-07-20
2016-07-20,MOCK2,877049,0.07746085432552047,True,True,2016-07-21
2016-07-21,MOCK2,253163,0.07554639501910967,True,True,2016-07-22
2016-07-22,MOCK2,81923,0.06762379001918198,True,True,2016-07-23
2016-07-25,MOCK2,455779,0.10916114241486126,True,True,2016-07-26
2016-07-26,MOCK2,469300,0.12720319608582006,True,True,2016-07-27
2016-07-27,MOCK2,264970,0.06781389662080813,True,True,2016-07-28
2016-07-28,MOCK2,116732,0.03989432558702362,True,True,2016-07-29
2016-07-29,MOCK2,446640,0.1310993011323755,True,True,2016-07-30
2016-08-01,MOCK2,357506,0.07693436102013244,True,True,2016-08-02
2016-08-02,MOCK2,948164,0.03715175754313853,True,True,2016-08-03
2016-08-03,MOCK2,719832,0.09196181965466126,True,True,2016-08-04
2016-08-04,MOCK2,220660,0.05944590857923011,True,True,2016-08-05
2016-08-05,MOCK2,905543,0.11079765979340332,True,True,2016-08-06
2016-08-08,MOCK2,623489,0.011087051044469252,True,True,2016-08-09
2016-08-09,MOCK2,600370,0.03100531670213795,True,True,2016-08-10
2016-08-10,MOCK2,259770,0.0348704521335642,True,True,2016-08-11
2016-08-11,MOCK2,802897,0.10938105329340529,True,True,2016-08-12
2016-08-12,MOCK2,248553,0.09209921307237195,True,True,2016-08-13
2016-08-15,MOCK2,191772,0.04428017295873092,True,True,2016-08-16
2016-08-16,MOCK2,744019,0.11075241502858807,True,True,2016-08-17
2016-08-17,MOCK2,313524,0.04281788907495627,True,True,2016-08-18
2016-08-18,MOCK2,287099,0.02783306155951701,True,True,2016-08-19
2016-08-19,MOCK2,372436,0.08238767240840458,True,True,2016-08-20
2016-08-22,MOCK2,864476,0.10357470899348983,True,True,2016-08-23
2016-08-23,MOCK2,420873,0.1057476929173256,True,True,2016-08-24
2016-08-24,MOCK2,366833,0.12869136914879728,True,True,2016-08-25
2016-08-25,MOCK2,675431,0.14337476106532449,True,True,2016-08-26
2016-08-26,MOCK2,117442,0.0844702214449019,True,True,2016-08-27
2016-08-29,MOCK2,854417,0.040635505045663836,True,True,2016-08-30
2016-08-30,MOCK2,202733,0.059828582619238915,True,True,2016-08-31
2016-08-31,MOCK2,642530,0.06896846506631703,True,True,2016-09-01
2016-09-01,MOCK2,752907,0.14769426305014619,True,True,2016-09-02
2016-09-02,MOCK2,994320,0.12678685076412488,True,True,2016-09-03
2016-09-05,MOCK2,505564,0.13980299893262152,True,True,2016-09-06
2016-09-06,MOCK2,712808,0.1053632995738298,True,True,2016-09-07
2016-09-07,MOCK2,293060,0.14749458090893422,True,True,2016-09-08
2016-09-08,MOCK2,277797,0.06228895276573633,True,True,2016-09-09
2016-09-09,MOCK2,304027,0.06027033807149525,True,True,2016-09-10
2016-09-12,MOCK2,277211,0.10404550992911966,True,True,2016-09-13
2016-09-13,MOCK2,401988,0.1072397303599563,True,True,2016-09-14
2016-09-14,MOCK2,680903,0.052201763101785474,True,True,2016-09-15
2016-09-15,MOCK2,759203,0.1361539516216963,True,True,2016-09-16
2016-09-16,MOCK2,606057,0.044209836072337604,True,True,2016-09-17
2016-09-19,MOCK2,666609,0.010640980705699266,True,True,2016-09-20
2016-09-20,MOCK2,820116,0.1401207646379981,True,True,2016-09-21
2016-09-21,MOCK2,765624,0.14956019443136495,True,True,2016-09-22
2016-09-22,MOCK2,193197,0.017089899200435767,True,True,2016-09-23
2016-09-23,MOCK2,902025,0.11339384096854162,True,True,2016-09-24
2016-09-26,MOCK2,854340,0.14759418920695147,True,True,2016-09-27
2016-09-27,MOCK2,309314,0.11693055157241172,True,True,2016-09-28
2016-09-28,MOCK2,12045,0.0862471137664625,True,True,2016-09-29
2016-09-29,MOCK2,292860,0.017734928574380242,True,True,2016-09-30
2016-09-30,MOCK2,487479,0.03510470395444846,True,True,2016-10-01
2016-10-03,MOCK2,211448,0.10857356392410769,True,True,2016-10-04
2016-10-04,MOCK2,571723,0.12268109673705202,True,True,2016-10-05
2016-10-05,MOCK2,549942,0.10978788229332226,True,True,2016-10-06
2016-10-06,MOCK2,12734,0.026037866941184533,True,True,2016-10-07
2016-10-07,MOCK2,541369,0.07809119154527563,True,True,2016-10-08
2016-10-10,MOCK2,904510,0.07249022902878129,True,True,2016-10-11
2016-10-11,MOCK2,807950,0.03850495570596484,True,True,2016-10-12
2016-10-12,MOCK2,435685,0.10315072786397383,True,True,2016-10-13
2016-10-13,MOCK2,386402,0.08589914386889497,True,True,2016-10-14
2016-10-14,MOCK2,88572,0.08691795962243722,True,True,2016-10-15
2016-10-17,MOCK2,369498,0.054347046109815646,True,True,2016-10-18
2016-10-18,MOCK2,858224,0.09418111842139272,True,True,2016-10-19
2016-10-19,MOCK2,788859,0.0300296986254059,True,True,2016-10-20
2016-10-20,MOCK2,658727,0.0836177327220139,True,True,2016-10-21
2016-10-21,MOCK2,744646,0.11576346536070513,True,True,2016-10-22
2016-10-24,MOCK2,606044,0.05718664108783478,True,True,2016-10-25
2016-10-25,MOCK2,639384,0.08554040585935979,True,True,2016-10-26
2016-10-26,MOCK2,812082,0.08684749856575796,True,True,2016-10-27
2016-10-27,MOCK2,234444,0.13880901492328862,True,True,2016-10-28
2016-10-28,MOCK2,376672,0.012788938874849269,True,True,2016-10-29
2016-10-31,MOCK2,177552,0.08271886286122582,True,True,2016-11-01
2016-11-01,MOCK2,166330,0.09255930600062867,True,True,2016-11-02
2016-11-02,MOCK2,618756,0.037260984501941395,True,True,2016-11-03
2016-11-03,MOCK2,498921,0.10917848834773557,True,True,2016-11-04
2016-11-04,MOCK2,973454,0.10707863551855723,True,True,2016-11-05
2016-11-07,MOCK2,241506,0.04473678447307301,True,True,2016-11-08
2016-11-08,MOCK2,321419,0.08999959251069738,True,True,2016-11-09
2016-11-09,MOCK2,561979,0.051322494720391895,True,True,2016-11-10
2016-11-10,MOCK2,111984,0.11925001292183714,True,True,2016-11-11
2016-11-11,MOCK2,470973,0.08232059375475982,True,True,2016-11-12
2016-11-14,MOCK2,549898,0.06344569063428407,True,True,2016-11-15
2016-11-15,MOCK2,392921,0.07014027868086219,True,True,2016-11-16
2016-11-16,MOCK2,490075,0.1425961868507979,True,True,2016-11-17
2016-11-17,MOCK2,575566,0.01683452728346492,True,True,2016-11-18
2016-11-18,MOCK2,200725,0.02996796088041488,True,True,2016-11-19
2016-11-21,MOCK2,34794,0.04368355102154861,True,True,2016-11-22
2016-11-22,MOCK2,592056,0.019883677777956268,True,True,2016-11-23
2016-11-23,MOCK2,3496,0.10166482663771334,True,True,2016-11-24
2016-11-24,MOCK2,115783,0.04751606227396858,True,True,2016-11-25
2016-11-25,MOCK2,888945,0.05199825301880125,True,True,2016-11-26
2016-11-28,MOCK2,80183,0.01279063485291002,True,True,2016-11-29
2016-11-29,MOCK2,739827,0.03919089845323716,True,True,2016-11-30
2016-11-30,MOCK2,622272,0.11393133214915231,True,True,2016-12-01
2016-12-01,MOCK2,940520,0.050632289054365946,True,True,2016-12-02
2016-12-02,MOCK2,538430,0.14220455590735698,True,True,2016-12-03
2016-12-05,MOCK2,869743,0.13633061116130768,True,True,2016-12-06
2016-12-06,MOCK2,820916,0.03693257950236533,True,True,2016-12-07
2016-12-07,MOCK2,714765,0.08555059404426318,True,True,2016-12-08
2016-12-08,MOCK2,464275,0.11983856306965475,True,True,2016-12-09
2016-12-09,MOCK2,503744,0.10663141035759649,True,True,2016-12-10
2016-12-12,MOCK2,108480,0.07626490069987436,True,True,2016-12-13
2016-12-13,MOCK2,271979,0.1324215331864626,True,True,2016-12-14
2016-12-14,MOCK2,989499,0.02578824799490243,True,True,2016-12-15
2016-12-15,MOCK2,188058,0.10451299822268766,True,True,2016-12-16
2016-12-16,MOCK2,749646,0.09045407572712211,True,True,2016-12-17
2016-12-19,MOCK2,891371,0.072062241143387,True,True,2016-12-20
2016-12-20,MOCK2,962147,0.08327069408624402,True,True,2016-12-21
2016-12-21,MOCK2,311999,0.11714202921747885,True,True,2016-12-22
2016-12-22,MOCK2,806783,0.05751037921084696,True,True,2016-12-23
2016-12-23,MOCK2,29730,0.0496167204034659,True,True,2016-12-24
2016-12-26,MOCK2,257743,0.13008413678117228,True,True,2016-12-27
2016-12-27,MOCK2,921579,0.14371014049104508,True,True,2016-12-28
2016-12-28,MOCK2,97061,0.08568277033744588,True,True,2016-12-29
2016-12-29,MOCK2,76272,0.13787057443537132,True,True,2016-12-30
2016-12-30,MOCK2,752659,0.08920383461410279,True,True,2016-12-31
2017-01-02,MOCK2,226790,0.0762068993276738,True,True,2017-01-03
2017-01-03,MOCK2,831197,0.11483482357683665,True,True,2017-01-04
2017-01-04,MOCK2,419800,0.10388051828161693,True,True,2017-01-05
2017-01-05,MOCK2,332049,0.0777913916237034,True,True,2017-01-06
2017-01-06,MOCK2,306325,0.06944312054152993,True,True,2017-01-07
2017-01-09,MOCK2,796316,0.07794701428090886,True,True,2017-01-10
2017-01-10,MOCK2,681011,0.028917236092090737,True,True,2017-01-11
2017-01-11,MOCK2,634826,0.06549285422625313,True,True,2017-01-12
2017-01-12,MOCK2,859280,0.01435272821340687,True,True,2017-01-13
2017-01-13,MOCK2,205192,0.14280852857701035,True,True,2017-01-14
2017-01-16,MOCK2,889630,0.07856749620910095,True,True,2017-01-17
2017-01-17,MOCK2,892196,0.14885007092379976,True,True,2017-01-18
2017-01-18,MOCK2,424732,0.03140299865254059,True,True,2017-01-19
2017-01-19,MOCK2,405215,0.020829778094880375,True,True,2017-01-20
2017-01-20,MOCK2,2747,0.017073842668835736,True,True,2017-01-21
2017-01-23,MOCK2,541827,0.07460239395132584,True,True,2017-01-24
2017-01-24,MOCK2,847590,0.09965319409487372,True,True,2017-01-25
2017-01-25,MOCK2,940485,0.07328809042561428,True,True,2017-01-26
2017-01-26,MOCK2,525910,0.11359874814367799,True,True,2017-01-27
2017-01-27,MOCK2,689430,0.033826238656325246,True,True,2017-01-28
2017-01-30,MOCK2,147841,0.03435909894425413,True,True,2017-01-31
2017-01-31,MOCK2,548157,0.09528924828950913,True,True,2017-02-01
2017-02-01,MOCK2,886992,0.021819923567995413,True,True,2017-02-02
2017-02-02,MOCK2,366727,0.10267772549140859,True,True,2017-02-03
2017-02-03,MOCK2,429970,0.1325889568621209,True,True,2017-02-04
2017-02-06,MOCK2,921618,0.0317215872251,True,True,2017-02-07
2017-02-07,MOCK2,660480,0.11547497644020287,True,True,2017-02-08
2017-02-08,MOCK2,857443,0.032674932198744774,True,True,2017-02-09
2017-02-09,MOCK2,709077,0.057292909652579195,True,True,2017-02-10
2017-02-10,MOCK2,61212,0.09503753917271848,True,True,2017-02-11
2017-02-13,MOCK2,543925,0.1179307040825265,True,True,2017-02-14
2017-02-14,MOCK2,319676,0.09672595372309445,True,True,2017-02-15
2017-02-15,MOCK2,423764,0.058244684041319286,True,True,2017-02-16
2017-02-16,MOCK2,125895,0.020336468995934182,True,True,2017-02-17
2017-02-17,MOCK2,58689,0.1435233103037402,True,True,2017-02-18
2017-02-20,MOCK2,344999,0.06028906511927334,True,True,2017-02-21
2017-02-21,MOCK2,591356,0.01864951054356596,True,True,2017-02-22
2017-02-22,MOCK2,426323,0.02775926332908033,True,True,2017-02-23
2017-02-23,MOCK2,534756,0.1300732017650322,True,True,2017-02-24
2017-02-24,MOCK2,456006,0.08597259823540332,True,True,2017-02-25
2017-02-27,MOCK2,884349,0.14434417759674875,True,True,2017-02-28
2017-02-28,MOCK2,5014,0.09417075657041639,True,True,2017-03-01
2017-03-01,MOCK2,288570,0.06399836584053861,True,True,2017-03-02
2017-03-02,MOCK2,577654,0.044929849602128966,True,True,2017-03-03
2017-03-03,MOCK2,549683,0.03474546192442247,True,True,2017-03-04
2017-03-06,MOCK2,659936,0.055827888864829894,True,True,2017-03-07
2017-03-07,MOCK2,936693,0.11997082693677144,True,True,2017-03-08
2017-03-08,MOCK2,225164,0.06953965525571473,True,True,2017-03-09
2017-03-09,MOCK2,572868,0.04590524607835076,True,True,2017-03-10
2017-03-10,MOCK2,328118,0.10445770790089069,True,True,2017-03-11
2017-03-13,MOCK2,465270,0.0794838052884941,True,True,2017-03-14
2017-03-14,MOCK2,264682,0.013433292168795047,True,True,2017-03-15
2017-03-15,MOCK2,50333,0.07505198917736014,True,True,2017-03-16
2017-03-16,MOCK2,894141,0.03758558227405076,True,True,2017-03-17
2017-03-17,MOCK2,588899,0.060510356456237216,True,True,2017-03-18
2017-03-20,MOCK2,70485,0.05998939974175361,True,True,2017-03-21
2017-03-21,MOCK2,137660,0.14489052818038625,True,True,2017-03-22
2017-03-22,MOCK2,303736,0.05066167865864857,True,True,2017-03-23
2017-03-23,MOCK2,799687,0.08218521988121373,True,True,2017-03-24
2017-03-24,MOCK2,476582,0.04179631871800532,True,True,2017-03-25
2017-03-27,MOCK2,51107,0.10032376775230617,True,True,2017-03-28
2017-03-28,MOCK2,181955,0.040163063099823315,True,True,2017-03-29
2017-03-29,MOCK2,419974,0.11994795323927591,True,True,2017-03-30
2017-03-30,MOCK2,424861,0.07336129034895414,True,True,2017-03-31
2017-03-31,MOCK2,330154,0.013192705229379835,True,True,2017-04-01
2017-04-03,MOCK2,424957,0.04425911636690486,True,True,2017-04-04
2017-04-04,MOCK2,76207,0.020576242985359983,True,True,2017-04-05
2017-04-05,MOCK2,36545,0.12667076812125924,True,True,2017-04-06
2017-04-06,MOCK2,293224,0.09066041746370644,True,True,2017-04-07
2017-04-07,MOCK2,382798,0.11928747039663944,True,True,2017-04-08
2017-04-10,MOCK2,11226,0.06432165060170517,True,True,2017-04-11
2017-04-11,MOCK2,311023,0.06525256484267557,True,True,2017-04-12
2017-04-12,MOCK2,929226,0.13075185662826969,True,True,2017-04-13
2017-04-13,MOCK2,799800,0.012782090722512914,True,True,2017-04-14
2017-04-14,MOCK2,596320,0.13117151371985,True,True,2017-04-15
2017-04-17,MOCK2,219897,0.09316943330676103,True,True,2017-04-18
2017-04-18,MOCK2,374182,0.052653773744476565,True,True,2017-04-19
2017-04-19,MOCK2,692234,0.11839481982595107,True,True,2017-04-20
2017-04-20,MOCK2,697671,0.08955482119187982,True,True,2017-04-21
2017-04-21,MOCK2,943542,0.0899014219663287,True,True,2017-04-22
2017-04-24,MOCK2,990698,0.013751084414124337,True,True,2017-04-25
2017-04-25,MOCK2,201837,0.11714903040725899,True,True,2017-04-26
2017-04-26,MOCK2,695780,0.14987405300286527,True,True,2017-04-27
2017-04-27,MOCK2,852987,0.047293626613905536,True,True,2017-04-28
2017-04-28,MOCK2,295065,0.06980569397824085,True,True,2017-04-29
2017-05-01,MOCK2,335565,0.08602671058308925,True,True,2017-05-02
2017-05-02,MOCK2,862906,0.06340398071642774,True,True,2017-05-03
2017-05-03,MOCK2,343106,0.08252521064229326,True,True,2017-05-04
2017-05-04,MOCK2,467457,0.13602704666050286,True,True,2017-05-05
2017-05-05,MOCK2,497917,0.025961593716452395,True,True,2017-05-06
2017-05-08,MOCK2,731358,0.13285311194574073,True,True,2017-05-09
2017-05-09,MOCK2,815979,0.11470138629075521,True,True,2017-05-10
2017-05-10,MOCK2,899886,0.059538064455882896,True,True,2017-05-11
2017-05-11,MOCK2,289405,0.09679784037308485,True,True,2017-05-12
2017-05-12,MOCK2,949313,0.08527983414714678,True,True,2017-05-13
2017-05-15,MOCK2,84662,0.09695274535663784,True,True,2017-05-16
2017-05-16,MOCK2,654298,0.03220547458237758,True,True,2017-05-17
2017-05-17,MOCK2,968791,0.12858548445738138,True,True,2017-05-18
2017-05-18,MOCK2,567698,0.1255228966293951,True,True,2017-05-19
2017-05-19,MOCK2,353791,0.10901567182519425,True,True,2017-05-20
2017-05-22,MOCK2,248108,0.13384596054341072,True,True,2017-05-23
2017-05-23,MOCK2,405974,0.09983228767329241,True,True,2017-05-24
2017-05-24,MOCK2,413920,0.0962168126576734,True,True,2017-05-25
2017-05-25,MOCK2,745930,0.09129028292981323,True,True,2017-05-26
2017-05-26,MOCK2,938849,0.1058420695327895,True,True,2017-05-27
2017-05-29,MOCK2,312644,0.038240336192832305,True,True,2017-05-30
2017-05-30,MOCK2,278161,0.1003510181489562,True,True,2017-05-31
2017-05-31,MOCK2,148245,0.04043965205098818,True,True,2017-06-01
2017-06-01,MOCK2,118315,0.04696676101366728,True,True,2017-06-02
2017-06-02,MOCK2,234208,0.06517003307555183,True,True,2017-06-03
2017-06-05,MOCK2,779842,0.12444479936739898,True,True,2017-06-06
2017-06-06,MOCK2,575139,0.10968908073976681,True,True,2017-06-07
2017-06-07,MOCK2,238112,0.06864780902961584,True,True,2017-06-08
2017-06-08,MOCK2,34314,0.13735733879474207,True,True,2017-06-09
2017-06-09,MOCK2,92780,0.13859194946476144,True,True,2017-06-10
2017-06-12,MOCK2,374393,0.10793989308172029,True,True,2017-06-13
2017-06-13,MOCK2,579539,0.012954706984287452,True,True,2017-06-14
2017-06-14,MOCK2,233634,0.05555880923406404,True,True,2017-06-15
2017-06-15,MOCK2,486926,0.045323219753871026,True,True,2017-06-16
2017-06-16,MOCK2,69159,0.1352793084895944,True,True,2017-06-17
2017-06-19,MOCK2,615939,0.01509844277822087,True,True,2017-06-20
2017-06-20,MOCK2,361898,0.043528031384974394,True,True,2017-06-21
2017-06-21,MOCK2,280759,0.09521030792203351,True,True,2017-06-22
2017-06-22,MOCK2,164215,0.058364843703785446,True,True,2017-06-23
2017-06-23,MOCK2,480529,0.0612420804308497,True,True,2017-06-24
2017-06-26,MOCK2,223484,0.06597144063238418,True,True,2017-06-27
2017-06-27,MOCK2,41869,0.06162401827777147,True,True,2017-06-28
2017-06-28,MOCK2,21371,0.059914260849124115,True,True,2017-06-29
2017-06-29,MOCK2,619368,0.13731461867118752,True,True,2017-06-30
2017-06-30,MOCK2,707129,0.12824816260576397,True,True,2017-07-01
2017-07-03,MOCK2,733798,0.049471654967370375,True,True,2017-07-04
2017-07-04,MOCK2,327554,0.12915083347632436,True,True,2017-07-05
2017-07-05,MOCK2,553892,0.0842655041283191,True,True,2017-07-06
2017-07-06,MOCK2,987713,0.10515470239756468,True,True,2017-07-07
2017-07-07,MOCK2,850416,0.08520433349687798,True,True,2017-07-08
2017-07-10,MOCK2,645932,0.0444111769945982,True,True,2017-07-11
2017-07-11,MOCK2,850898,0.010726077794417897,True,True,2017-07-12
2017-07-12,MOCK2,485617,0.018276814521163535,True,True,2017-07-13
2017-07-13,MOCK2,807827,0.030857412980341385,True,True,2017-07-14
2017-07-14,MOCK2,627890,0.10619544474750449,True,True,2017-07-15
2017-07-17,MOCK2,286755,0.08096180434837734,True,True,2017-07-18
2017-07-18,MOCK2,655314,0.08201046636447375,True,True,2017-07-19
2017-07-19,MOCK2,811376,0.090462035584741,True,True,2017-07-20
2017-07-20,MOCK2,49168,0.13226355576964346,True,True,2017-07-21
2017-07-21,MOCK2,897719,0.1012565284967057,True,True,2017-07-22
2017-07-24,MOCK2,302194,0.13295009646004993,True,True,2017-07-25
2017-07-25,MOCK2,980077,0.10741681564287264,True,True,2017-07-26
2017-07-26,MOCK2,776466,0.017221903377549225,True,True,2017-07-27
2017-07-27,MOCK2,198338,0.13311750351308,True,True,2017-07-28
2017-07-28,MOCK2,639764,0.02463741324406188,True,True,2017-07-29
2017-07-31,MOCK2,300106,0.14975453148216472,True,True,2017-08-01
2017-08-01,MOCK2,329178,0.12508469776346984,True,True,2017-08-02
2017-08-02,MOCK2,540402,0.11800748042768301,True,True,2017-08-03
2017-08-03,MOCK2,736192,0.027660493669881693,True,True,2017-08-04
2017-08-04,MOCK2,154191,0.08912824724965246,True,True,2017-08-05
2017-08-07,MOCK2,565446,0.03887532376453797,True,True,2017-08-08
2017-08-08,MOCK2,418865,0.07650226539245948,True,True,2017-08-09
2017-08-09,MOCK2,522997,0.06203802739137776,True,True,2017-08-10
2017-08-10,MOCK2,493550,0.06997513721860939,True,True,2017-08-11
2017-08-11,MOCK2,811658,0.012538483662522694,True,True,2017-08-12
2017-08-14,MOCK2,933800,0.13040281912290466,True,True,2017-08-15
2017-08-15,MOCK2,963291,0.05217349027298582,True,True,2017-08-16
2017-08-16,MOCK2,732467,0.11464579517638447,True,True,2017-08-17
2017-08-17,MOCK2,412646,0.06706825523906922,True,True,2017-08-18
2017-08-18,MOCK2,564932,0.06998643427523135,True,True,2017-08-19
2017-08-21,MOCK2,656183,0.1165922910616175,True,True,2017-08-22
2017-08-22,MOCK2,674826,0.06636202108013681,True,True,2017-08-23
2017-08-23,MOCK2,417198,0.02341519048589067,True,True,2017-08-24
2017-08-24,MOCK2,712311,0.06448115277338426,True,True,2017-08-25
2017-08-25,MOCK2,579985,0.017334289784977735,True,True,2017-08-26
2017-08-28,MOCK2,677248,0.026339293851234978,True,True,2017-08-29
2017-08-29,MOCK2,404781,0.13578154709439472,True,True,2017-08-30
2017-08-30,MOCK2,839132,0.03019576523537635,True,True,2017-08-31
2017-08-31,MOCK2,723088,0.08758444619951913,True,True,2017-09-01
2017-09-01,MOCK2,152596,0.052640410146139176,True,True,2017-09-02
2017-09-04,MOCK2,256419,0.05485831055573007,True,True,2017-09-05
2017-09-05,MOCK2,503396,0.057628314980019135,True,True,2017-09-06
2017-09-06,MOCK2,109585,0.10100638264026006,True,True,2017-09-07
2017-09-07,MOCK2,217455,0.04476071352542309,True,True,2017-09-08
2017-09-08,MOCK2,351634,0.14700945161451084,True,True,2017-09-09
2017-09-11,MOCK2,502940,0.11216689917712269,True,True,2017-09-12
2017-09-12,MOCK2,659567,0.026883405234406868,True,True,2017-09-13
2017-09-13,MOCK2,343330,0.027865272959042016,True,True,2017-09-14
2017-09-14,MOCK2,445307,0.0705816629134817,True,True,2017-09-15
2017-09-15,MOCK2,286049,0.11905471773487457,True,True,2017-09-16
2017-09-18,MOCK2,878895,0.10535063094344177,True,True,2017-09-19
2017-09-19,MOCK2,468000,0.09878486126667589,True,True,2017-09-20
2017-09-20,MOCK2,833332,0.10629456005060747,True,True,2017-09-21
2017-09-21,MOCK2,61444,0.1345770561822416,True,True,2017-09-22
2017-09-22,MOCK2,221834,0.10225992120022756,True,True,2017-09-23
2017-09-25,MOCK2,428155,0.04557702464783048,True,True,2017-09-26
2017-09-26,MOCK2,920964,0.05668371935621848,True,True,2017-09-27
2017-09-27,MOCK2,310851,0.11882412359230256,True,True,2017-09-28
2017-09-28,MOCK2,885449,0.11430362264279931,True,True,2017-09-29
2017-09-29,MOCK2,520316,0.017921717966344806,True,True,2017-09-30
2017-10-02,MOCK2,122550,0.010771015213908346,True,True,2017-10-03
2017-10-03,MOCK2,409900,0.0693153878051928,True,True,2017-10-04
2017-10-04,MOCK2,352878,0.036045303390795584,True,True,2017-10-05
2017-10-05,MOCK2,256724,0.06605298134807212,True,True,2017-10-06
2017-10-06,MOCK2,36354,0.11347859665264481,True,True,2017-10-07
2017-10-09,MOCK2,210758,0.031418714221444384,True,True,2017-10-10
2017-10-10,MOCK2,351967,0.11195299947828474,True,True,2017-10-11
2017-10-11,MOCK2,288678,0.11252810573137703,True,True,2017-10-12
2017-10-12,MOCK2,342711,0.10957521278541103,True,True,2017-10-13
2017-10-13,MOCK2,438438,0.07827586590078423,True,True,2017-10-14
2017-10-16,MOCK2,538877,0.09390185339449757,True,True,2017-10-17
2017-10-17,MOCK2,860985,0.10481265351327541,True,True,2017-10-18
2017-10-18,MOCK2,528827,0.02851844979465288,True,True,2017-10-19
2017-10-19,MOCK2,608396,0.06266098932786819,True,True,2017-10-20
2017-10-20,MOCK2,700510,0.12409374402996805,True,True,2017-10-21
2017-10-23,MOCK2,87840,0.040396328227685255,True,True,2017-10-24
2017-10-24,MOCK2,538135,0.045422863320356784,True,True,2017-10-25
2017-10-25,MOCK2,379027,0.07577113131044065,True,True,2017-10-26
2017-10-26,MOCK2,681238,0.08939641874313761,True,True,2017-10-27
2017-10-27,MOCK2,822449,0.01728921477403802,True,True,2017-10-28
2017-10-30,MOCK2,166057,0.036409543629626666,True,True,2017-10-31
2017-10-31,MOCK2,767502,0.0473561230408779,True,True,2017-11-01
2017-11-01,MOCK2,671781,0.0570921362272165,True,True,2017-11-02
2017-11-02,MOCK2,662000,0.048797041528831894,True,True,2017-11-03
2017-11-03,MOCK2,48837,0.14799419026213237,True,True,2017-11-04
2017-11-06,MOCK2,573893,0.042045246550611384,True,True,2017-11-07
2017-11-07,MOCK2,896273,0.06489470117351276,True,True,2017-11-08
2017-11-08,MOCK2,703049,0.018263965181553536,True,True,2017-11-09
2017-11-09,MOCK2,550258,0.03403043054395017,True,True,2017-11-10
2017-11-10,MOCK2,503184,0.01775124250103123,True,True,2017-11-11
2017-11-13,MOCK2,862689,0.08894753393466234,True,True,2017-11-14
2017-11-14,MOCK2,885251,0.03626056046315799,True,True,2017-11-15
2017-11-15,MOCK2,154703,0.1286832852919864,True,True,2017-11-16
2017-11-16,MOCK2,383171,0.062354866288834125,True,True,2017-11-17
2017-11-17,MOCK2,926834,0.050498618577280864,True,True,2017-11-18
2017-11-20,MOCK2,547637,0.020377586183764253,True,True,2017-11-21
2017-11-21,MOCK2,181001,0.044272473825662975,True,True,2017-11-22
2017-11-22,MOCK2,342531,0.09080690665256598,True,True,2017-11-23
2017-11-23,MOCK2,345943,0.09954607019360939,True,True,2017-11-24
2017-11-24,MOCK2,753252,0.1174780754379678,True,True,2017-11-25
2017-11-27,MOCK2,118450,0.0738772095301202,True,True,2017-11-28
2017-11-28,MOCK2,540190,0.10283878157170921,True,True,2017-11-29
2017-11-29,MOCK2,689596,0.07583910941798827,True,True,2017-11-30
2017-11-30,MOCK2,144975,0.0871167748317161,True,True,2017-12-01
2017-12-01,MOCK2,103392,0.027296568954223555,True,True,2017-12-02
2017-12-04,MOCK2,62467,0.020284212600114357,True,True,2017-12-05
2017-12-05,MOCK2,613953,0.13387489579662484,True,True,2017-12-06
2017-12-06,MOCK2,704939,0.061731426780199584,True,True,2017-12-07
2017-12-07,MOCK2,370004,0.018734065396405715,True,True,2017-12-08
2017-12-08,MOCK2,96142,0.05018891495152775,True,True,2017-12-09
2017-12-11,MOCK2,559581,0.10278195647047601,True,True,2017-12-12
2017-12-12,MOCK2,232117,0.1436593791644969,True,True,2017-12-13
2017-12-13,MOCK2,467752,0.0566624474018449,True,True,2017-12-14
2017-12-14,MOCK2,702263,0.03239274043274362,True,True,2017-12-15
2017-12-15,MOCK2,272357,0.07265519184854523,True,True,2017-12-16
2017-12-18,MOCK2,728439,0.14872695009001788,True,True,2017-12-19
2017-12-19,MOCK2,797606,0.031843076168019936,True,True,2017-12-20
2017-12-20,MOCK2,6846,0.056906246208714324,True,True,2017-12-21
2017-12-21,MOCK2,608399,0.0534981870375427,True,True,2017-12-22
2017-12-22,MOCK2,108673,0.07780832486829103,True,True,2017-12-23
2017-12-25,MOCK2,511230,0.1287030638573123,True,True,2017-12-26
2017-12-26,MOCK2,430147,0.08565366136203668,True,True,2017-12-27
2017-12-27,MOCK2,616634,0.10158886255002673,True,True,2017-12-28
2017-12-28,MOCK2,881593,0.011384156997559887,True,True,2017-12-29
2017-12-29,MOCK2,942676,0.06622533445868065,True,True,2017-12-30
2018-01-01,MOCK2,783414,0.13899711776712098,True,True,2018-01-02
2018-01-02,MOCK2,387726,0.02707598320798868,True,True,2018-01-03
2018-01-03,MOCK2,198712,0.1361246160665867,True,True,2018-01-04
2018-01-04,MOCK2,20746,0.039560216995796614,True,True,2018-01-05
2018-01-05,MOCK2,585867,0.102941863782736,True,True,2018-01-06
2018-01-08,MOCK2,241875,0.12390831189522633,True,True,2018-01-09
2018-01-09,MOCK2,170497,0.09567470404157975,True,True,2018-01-10
2018-01-10,MOCK2,503530,0.12994682844219838,True,True,2018-01-11
2018-01-11,MOCK2,609662,0.021071647748526552,True,True,2018-01-12
2018-01-12,MOCK2,894754,0.08999973053791535,True,True,2018-01-13
2018-01-15,MOCK2,644433,0.1280488813441479,True,True,2018-01-16
2018-01-16,MOCK2,220835,0.14217181867195366,True,True,2018-01-17
2018-01-17,MOCK2,775416,0.031720731574018286,True,True,2018-01-18
2018-01-18,MOCK2,762863,0.10600640857444661,True,True,2018-01-19
2018-01-19,MOCK2,256429,0.13045298123128746,True,True,2018-01-20
2018-01-22,MOCK2,34651,0.06346963995396052,True,True,2018-01-23
2018-01-23,MOCK2,127095,0.10002886504482551,True,True,2018-01-24
2018-01-24,MOCK2,824653,0.14482356138316857,True,True,2018-01-25
2018-01-25,MOCK2,818557,0.08246929631404397,True,True,2018-01-26
2018-01-26,MOCK2,70058,0.10861701157412042,True,True,2018-01-27
2018-01-29,MOCK2,6521,0.09723369033473128,True,True,2018-01-30
2018-01-30,MOCK2,109170,0.07697916962949951,True,True,2018-01-31
2018-01-31,MOCK2,533001,0.09050655278600087,True,True,2018-02-01
2018-02-01,MOCK2,345135,0.1205425608526381,True,True,2018-02-02
2018-02-02,MOCK2,339802,0.11314579179977491,True,True,2018-02-03
2018-02-05,MOCK2,556769,0.09111977819840675,True,True,2018-02-06
2018-02-06,MOCK2,530894,0.1291361352927264,True,True,2018-02-07
2018-02-07,MOCK2,121894,0.023092547915718055,True,True,2018-02-08
2018-02-08,MOCK2,972269,0.13179930908183873,True,True,2018-02-09
2018-02-09,MOCK2,222447,0.028596809669962364,True,True,2018-02-10
2018-02-12,MOCK2,560283,0.059127075788697955,True,True,2018-02-13
2018-02-13,MOCK2,761112,0.1391603439459567,True,True,2018-02-14
2018-02-14,MOCK2,538140,0.08458504566284744,True,True,2018-02-15
2018-02-15,MOCK2,947561,0.08287344255433561,True,True,2018-02-16
2018-02-16,MOCK2,520650,0.10532593831723004,True,True,2018-02-17
2018-02-19,MOCK2,455667,0.0826161397321521,True,True,2018-02-20
2018-02-20,MOCK2,115176,0.03086827857666087,True,True,2018-02-21
2018-02-21,MOCK2,766453,0.11871018982677543,True,True,2018-02-22
2018-02-22,MOCK2,835768,0.06732531532772978,True,True,2018-02-23
2018-02-23,MOCK2,36248,0.07045501365217233,True,True,2018-02-24
2018-02-26,MOCK2,536677,0.14917661704743276,True,True,2018-02-27
2018-02-27,MOCK2,604617,0.05390195886235047,True,True,2018-02-28
2018-02-28,MOCK2,971468,0.04146151520829695,True,True,2018-03-01
2018-03-01,MOCK2,774737,0.012605215940896225,True,True,2018-03-02
2018-03-02,MOCK2,323613,0.14604359895782895,True,True,2018-03-03
2018-03-05,MOCK2,527504,0.09868217236251646,True,True,2018-03-06
2018-03-06,MOCK2,308247,0.026098422928680906,True,True,2018-03-07
2018-03-07,MOCK2,275412,0.12355446003084175,True,True,2018-03-08
2018-03-08,MOCK2,28142,0.066600867607567,True,True,2018-03-09
2018-03-09,MOCK2,17121,0.014798766713384792,True,True,2018-03-10
2018-03-12,MOCK2,982773,0.11979882130968426,True,True,2018-03-13
2018-03-13,MOCK2,288355,0.1218037043761928,True,True,2018-03-14
2018-03-14,MOCK2,485235,0.04738229899517511,True,True,2018-03-15
2018-03-15,MOCK2,120515,0.04236565098449947,True,True,2018-03-16
2018-03-16,MOCK2,160323,0.0659078302857735,True,True,2018-03-17
2018-03-19,MOCK2,346304,0.1384903942176465,True,True,2018-03-20
2018-03-20,MOCK2,444296,0.04417412843708458,True,True,2018-03-21
2018-03-21,MOCK2,17342,0.029803885527685182,True,True,2018-03-22
2018-03-22,MOCK2,909125,0.14664371917580887,True,True,2018-03-23
2018-03-23,MOCK2,348006,0.09959671970770848,True,True,2018-03-24
2018-03-26,MOCK2,599685,0.01929536757363747,True,True,2018-03-27
2018-03-27,MOCK2,450336,0.0941489067586584,True,True,2018-03-28
2018-03-28,MOCK2,68510,0.13457551103291873,True,True,2018-03-29
2018-03-29,MOCK2,175809,0.11276194962444507,True,True,2018-03-30
2018-03-30,MOCK2,623050,0.038449326593521606,True,True,2018-03-31
2018-04-02,MOCK2,167601,0.14249205829285985,True,True,2018-04-03
2018-04-03,MOCK2,747462,0.14827372209580605,True,True,2018-04-04
2018-04-04,MOCK2,871090,0.013855384752202883,True,True,2018-04-05
2018-04-05,MOCK2,544828,0.024000627414033464,True,True,2018-04-06
2018-04-06,MOCK2,243818,0.11291614333932454,True,True,2018-04-07
2018-04-09,MOCK2,365618,0.05317880072423841,True,True,2018-04-10
2018-04-10,MOCK2,203970,0.03082298647209849,True,True,2018-04-11
2018-04-11,MOCK2,738187,0.05909904339604909,True,True,2018-04-12
2018-04-12,MOCK2,293042,0.042326953244536246,True,True,2018-04-13
2018-04-13,MOCK2,154491,0.026213466903999456,True,True,2018-04-14
2018-04-16,MOCK2,966999,0.04500704229999733,True,True,2018-04-17
2018-04-17,MOCK2,657138,0.11148212506734693,True,True,2018-04-18
2018-04-18,MOCK2,855668,0.03700407094943817,True,True,2018-04-19
2018-04-19,MOCK2,783060,0.017851885843892214,True,True,2018-04-20
2018-04-20,MOCK2,742499,0.10024006663472076,True,True,2018-04-21
2018-04-23,MOCK2,424683,0.014651743638940267,True,True,2018-04-24
2018-04-24,MOCK2,172795,0.10374893552188497,True,True,2018-04-25
2018-04-25,MOCK2,760455,0.04793000362186425,True,True,2018-04-26
2018-04-26,MOCK2,202090,0.08614699463872762,True,True,2018-04-27
2018-04-27,MOCK2,39445,0.0641060792216387,True,True,2018-04-28
2018-04-30,MOCK2,902303,0.10929284113985664,True,True,2018-05-01
2018-05-01,MOCK2,469850,0.1405773544876532,True,True,2018-05-02
2018-05-02,MOCK2,847692,0.09094460077998126,True,True,2018-05-03
2018-05-03,MOCK2,511025,0.12154856022282477,True,True,2018-05-04
2018-05-04,MOCK2,703398,0.1210860648781199,True,True,2018-05-05
2018-05-07,MOCK2,549812,0.07352298245841407,True,True,2018-05-08
2018-05-08,MOCK2,594268,0.08642082657995864,True,True,2018-05-09
2018-05-09,MOCK2,172199,0.14846949508700472,True,True,2018-05-10
2018-05-10,MOCK2,434287,0.11204465415000602,True,True,2018-05-11
2018-05-11,MOCK2,961372,0.0795568471197033,True,True,2018-05-12
2018-05-14,MOCK2,128625,0.1302174889712383,True,True,2018-05-15
2018-05-15,MOCK2,308378,0.10778144467831358,True,True,2018-05-16
2018-05-16,MOCK2,935162,0.02104266786100492,True,True,2018-05-17
2018-05-17,MOCK2,755584,0.11033118473950514,True,True,2018-05-18
2018-05-18,MOCK2,331355,0.017092711714419027,True,True,2018-05-19
2018-05-21,MOCK2,758456,0.09179666335196073,True,True,2018-05-22
2018-05-22,MOCK2,790942,0.12853037936811315,True,True,2018-05-23
2018-05-23,MOCK2,395487,0.09590242208784602,True,True,2018-05-24
2018-05-24,MOCK2,612467,0.08130923109404291,True,True,2018-05-25
2018-05-25,MOCK2,664098,0.055625424805527665,True,True,2018-05-26
2018-05-28,MOCK2,671597,0.018810848827868046,True,True,2018-05-29
2018-05-29,MOCK2,557623,0.1150015087207248,True,True,2018-05-30
2018-05-30,MOCK2,131190,0.09686429991948023,True,True,2018-05-31
2018-05-31,MOCK2,848606,0.14515440910271302,True,True,2018-06-01
2018-06-01,MOCK2,905082,0.08977429804349449,True,True,2018-06-02
2018-06-04,MOCK2,835856,0.07544492788968246,True,True,2018-06-05
2018-06-05,MOCK2,178583,0.041035822573313126,True,True,2018-06-06
2018-06-06,MOCK2,157272,0.11356950709099502,True,True,2018-06-07
2018-06-07,MOCK2,504583,0.038151270520614206,True,True,2018-06-08
2018-06-08,MOCK2,173994,0.061528268483779666,True,True,2018-06-09
2018-06-11,MOCK2,730189,0.10727592206932375,True,True,2018-06-12
2018-06-12,MOCK2,445013,0.0797811135551887,True,True,2018-06-13
2018-06-13,MOCK2,695699,0.13158992223695018,True,True,2018-06-14
2018-06-14,MOCK2,687687,0.1074394415070722,True,True,2018-06-15
2018-06-15,MOCK2,541808,0.10022924395656878,True,True,2018-06-16
2018-06-18,MOCK2,278555,0.07333756189382054,True,True,2018-06-19
2018-06-19,MOCK2,542765,0.09943578761619633,True,True,2018-06-20
2018-06-20,MOCK2,275114,0.05273135034626469,True,True,2018-06-21
2018-06-21,MOCK2,278717,0.1135165247403641,True,True,2018-06-22
2018-06-22,MOCK2,793245,0.057071328621597806,True,True,2018-06-23
2018-06-25,MOCK2,993705,0.09031101530791,True,True,2018-06-26
2018-06-26,MOCK2,324284,0.05338096394666351,True,True,2018-06-27
2018-06-27,MOCK2,906105,0.13776098778080148,True,True,2018-06-28
2018-06-28,MOCK2,493397,0.07548042498190397,True,True,2018-06-29
2018-06-29,MOCK2,833596,0.09601044005113292,True,True,2018-06-30
2018-07-02,MOCK2,502690,0.14651864468257564,True,True,2018-07-03
2018-07-03,MOCK2,229686,0.03884636407937123,True,True,2018-07-04
2018-07-04,MOCK2,690202,0.10204821768323935,True,True,2018-07-05
2018-07-05,MOCK2,304822,0.08060564756852132,True,True,2018-07-06
2018-07-06,MOCK2,62168,0.01968566343637675,True,True,2018-07-07
2018-07-09,MOCK2,531990,0.1407688858453215,True,True,2018-07-10
2018-07-10,MOCK2,597793,0.09199752967181632,True,True,2018-07-11
2018-07-11,MOCK2,206952,0.14095692295665174,True,True,2018-07-12
2018-07-12,MOCK2,614928,0.12368377079490193,True,True,2018-07-13
2018-07-13,MOCK2,134380,0.08861910655417346,True,True,2018-07-14
2018-07-16,MOCK2,895497,0.08021010690818785,True,True,2018-07-17
2018-07-17,MOCK2,856311,0.04183003395077301,True,True,2018-07-18
2018-07-18,MOCK2,933691,0.013664013410486906,True,True,2018-07-19
2018-07-19,MOCK2,161548,0.09934032500843536,True,True,2018-07-20
2018-07-20,MOCK2,522642,0.031009507295372413,True,True,2018-07-21
2018-07-23,MOCK2,919675,0.12390611520282581,True,True,2018-07-24
2018-07-24,MOCK2,644997,0.0410888648897026,True,True,2018-07-25
2018-07-25,MOCK2,207254,0.11555283821197436,True,True,2018-07-26
2018-07-26,MOCK2,967537,0.017114229566713473,True,True,2018-07-27
2018-07-27,MOCK2,621728,0.024943377935891225,True,True,2018-07-28
2018-07-30,MOCK2,968366,0.10985772546494621,True,True,2018-07-31
2018-07-31,MOCK2,745094,0.14746142769785472,True,True,2018-08-01
2018-08-01,MOCK2,174016,0.015690394565831392,True,True,2018-08-02
2018-08-02,MOCK2,452920,0.10150404668976541,True,True,2018-08-03
2018-08-03,MOCK2,502112,0.010336992875429886,True,True,2018-08-04
2018-08-06,MOCK2,233007,0.1375786437350146,True,True,2018-08-07
2018-08-07,MOCK2,239915,0.14615401142642842,True,True,2018-08-08
2018-08-08,MOCK2,145147,0.018264312187769832,True,True,2018-08-09
2018-08-09,MOCK2,664347,0.05123453360390753,True,True,2018-08-10
2018-08-10,MOCK2,806744,0.028632394036542663,True,True,2018-08-11
2018-08-13,MOCK2,392152,0.02866012855107792,True,True,2018-08-14
2018-08-14,MOCK2,282119,0.050836756578984205,True,True,2018-08-15
2018-08-15,MOCK2,839509,0.11572621050428607,True,True,2018-08-16
2018-08-16,MOCK2,950372,0.059514904603232645,True,True,2018-08-17
2018-08-17,MOCK2,663867,0.07057515086555181,True,True,2018-08-18
2018-08-20,MOCK2,727199,0.04293377485763502,True,True,2018-08-21
2018-08-21,MOCK2,42499,0.11743163965749144,True,True,2018-08-22
2018-08-22,MOCK2,650742,0.044466218610875595,True,True,2018-08-23
2018-08-23,MOCK2,727590,0.13505954031168863,True,True,2018-08-24
2018-08-24,MOCK2,393630,0.1069622446353785,True,True,2018-08-25
2018-08-27,MOCK2,420777,0.07591427473581737,True,True,2018-08-28
2018-08-28,MOCK2,609734,0.09022511487412156,True,True,2018-08-29
2018-08-29,MOCK2,793185,0.048186490299963004,True,True,2018-08-30
2018-08-30,MOCK2,152315,0.1050054401522566,True,True,2018-08-31
2018-08-31,MOCK2,962508,0.060999780044722576,True,True,2018-09-01
2018-09-03,MOCK2,155123,0.06948503121288024,True,True,2018-09-04
2018-09-04,MOCK2,758170,0.10065140795098486,True,True,2018-09-05
2018-09-05,MOCK2,814039,0.08222718243166534,True,True,2018-09-06
2018-09-06,MOCK2,639610,0.12084974656823613,True,True,2018-09-07
2018-09-07,MOCK2,56539,0.13024741390759123,True,True,2018-09-08
2018-09-10,MOCK2,540789,0.03471758063196436,True,True,2018-09-11
2018-09-11,MOCK2,512193,0.039661546163174397,True,True,2018-09-12
2018-09-12,MOCK2,947710,0.077619350627224,True,True,2018-09-13
2018-09-13,MOCK2,217338,0.03233575970497443,True,True,2018-09-14
2018-09-14,MOCK2,583914,0.10670495109689901,True,True,2018-09-15
2018-09-17,MOCK2,402760,0.11993708604891794,True,True,2018-09-18
2018-09-18,MOCK2,998291,0.1430583443306796,True,True,2018-09-19
2018-09-19,MOCK2,276195,0.09587228340565562,True,True,2018-09-20
2018-09-20,MOCK2,722684,0.06171384791320589,True,True,2018-09-21
2018-09-21,MOCK2,576728,0.08763185290559829,True,True,2018-09-22
2018-09-24,MOCK2,402648,0.04989123907080473,True,True,2018-09-25
2018-09-25,MOCK2,591057,0.021373733458660407,True,True,2018-09-26
2018-09-26,MOCK2,100180,0.1334276522456835,True,True,2018-09-27
2018-09-27,MOCK2,187187,0.023601170509665335,True,True,2018-09-28
2018-09-28,MOCK2,105203,0.030932552843896156,True,True,2018-09-29
2018-10-01,MOCK2,441748,0.06399474603678387,True,True,2018-10-02
2018-10-02,MOCK2,686331,0.14147784767050015,True,True,2018-10-03
2018-10-03,MOCK2,546513,0.0992023418475581,True,True,2018-10-04
2018-10-04,MOCK2,252987,0.1439565140940417,True,True,2018-10-05
2018-10-05,MOCK2,127968,0.04033515419657496,True,True,2018-10-06
2018-10-08,MOCK2,738105,0.0911339190813973,True,True,2018-10-09
2018-10-09,MOCK2,975054,0.0989124794283754,True,True,2018-10-10
2018-10-10,MOCK2,968636,0.13813070071773653,True,True,2018-10-11
2018-10-11,MOCK2,942564,0.035369059131479204,True,True,2018-10-12
2018-10-12,MOCK2,531835,0.06372169210456233,True,True,2018-10-13
2018-10-15,MOCK2,516388,0.035702495754818105,True,True,2018-10-16
2018-10-16,MOCK2,901725,0.04103294960188033,True,True,2018-10-17
2018-10-17,MOCK2,915454,0.04034943188464892,True,True,2018-10-18
2018-10-18,MOCK2,416395,0.013573316606093181,True,True,2018-10-19
2018-10-19,MOCK2,969921,0.061834744275564485,True,True,2018-10-20
2018-10-22,MOCK2,436768,0.020918637992895485,True,True,2018-10-23
2018-10-23,MOCK2,137981,0.12425791791912309,True,True,2018-10-24
2018-10-24,MOCK2,356712,0.08250275272168378,True,True,2018-10-25
2018-10-25,MOCK2,475673,0.04921052853463481,True,True,2018-10-26
2018-10-26,MOCK2,29066,0.019324658782237145,True,True,2018-10-27
2018-10-29,MOCK2,113595,0.036335341561619085,True,True,2018-10-30
2018-10-30,MOCK2,90161,0.051632280046628884,True,True,2018-10-31
2018-10-31,MOCK2,126534,0.03619884723662763,True,True,2018-11-01
2018-11-01,MOCK2,640438,0.1327437149081858,True,True,2018-11-02
2018-11-02,MOCK2,8276,0.03391434155455238,True,True,2018-11-03
2018-11-05,MOCK2,871873,0.06936305404994939,True,True,2018-11-06
2018-11-06,MOCK2,780574,0.0449796920465205,True,True,2018-11-07
2018-11-07,MOCK2,864532,0.02333125743137876,True,True,2018-11-08
2018-11-08,MOCK2,193120,0.03403807982913094,True,True,2018-11-09
2018-11-09,MOCK2,888109,0.08747799751717232,True,True,2018-11-10
2018-11-12,MOCK2,413581,0.12669230663386838,True,True,2018-11-13
2018-11-13,MOCK2,91860,0.13439275912543588,True,True,2018-11-14
2018-11-14,MOCK2,666069,0.076355670351094,True,True,2018-11-15
2018-11-15,MOCK2,993264,0.14377416021177636,True,True,2018-11-16
2018-11-16,MOCK2,987184,0.029522097385172863,True,True,2018-11-17
2018-11-19,MOCK2,433780,0.10085566044550263,True,True,2018-11-20
2018-11-20,MOCK2,64976,0.07192380556442643,True,True,2018-11-21
2018-11-21,MOCK2,512925,0.14720431579424623,True,True,2018-11-22
2018-11-22,MOCK2,435321,0.07271086124445118,True,True,2018-11-23
2018-11-23,MOCK2,258510,0.02667378310299469,True,True,2018-11-24
2018-11-26,MOCK2,477600,0.1420114858444295,True,True,2018-11-27
2018-11-27,MOCK2,167954,0.08734432707738278,True,True,2018-11-28
2018-11-28,MOCK2,729620,0.10177245949532596,True,True,2018-11-29
2018-11-29,MOCK2,308188,0.1037213466390737,True,True,2018-11-30
2018-11-30,MOCK2,237542,0.09211637613857969,True,True,2018-12-01
2018-12-03,MOCK2,673947,0.0994485436070356,True,True,2018-12-04
2018-12-04,MOCK2,187038,0.09978217996626869,True,True,2018-12-05
2018-12-05,MOCK2,678938,0.03142629406147272,True,True,2018-12-06
2018-12-06,MOCK2,757223,0.020558726378940823,True,True,2018-12-07
2018-12-07,MOCK2,438815,0.030309213916859777,True,True,2018-12-08
2018-12-10,MOCK2,119798,0.04526621179438757,True,True,2018-12-11
2018-12-11,MOCK2,201406,0.12372406948554845,True,True,2018-12-12
2018-12-12,MOCK2,721714,0.014960872575489512,True,True,2018-12-13
2018-12-13,MOCK2,856635,0.14545454698369015,True,True,2018-12-14
2018-12-14,MOCK2,567119,0.07272341725106525,True,True,2018-12-15
2018-12-17,MOCK2,143451,0.07949609978823916,True,True,2018-12-18
2018-12-18,MOCK2,860250,0.12415637741195543,True,True,2018-12-19
2018-12-19,MOCK2,406026,0.0990557882527768,True,True,2018-12-20
2018-12-20,MOCK2,314921,0.06907175127509119,True,True,2018-12-21
2018-12-21,MOCK2,808345,0.14209255873840193,True,True,2018-12-22
2018-12-24,MOCK2,695957,0.07453723481832153,True,True,2018-12-25
2018-12-25,MOCK2,510738,0.12644080701761254,True,True,2018-12-26
2018-12-26,MOCK2,906531,0.13406912854815342,True,True,2018-12-27
2018-12-27,MOCK2,795025,0.12523725638634872,True,True,2018-12-28
2018-12-28,MOCK2,115749,0.11863409664596447,True,True,2018-12-29
2018-12-31,MOCK2,405480,0.041271169748639217,True,True,2019-01-01
2019-01-01,MOCK2,694274,0.08111201657350457,True,True,2019-01-02
2019-01-02,MOCK2,236952,0.09555406048360802,True,True,2019-01-03
2019-01-03,MOCK2,998184,0.14659767695997294,True,True,2019-01-04
2019-01-04,MOCK2,84768,0.054774018101054346,True,True,2019-01-05
2019-01-07,MOCK2,594448,0.10057144198383237,True,True,2019-01-08
2019-01-08,MOCK2,965533,0.1067564600721808,True,True,2019-01-09
2019-01-09,MOCK2,708895,0.05371592290744959,True,True,2019-01-10
2019-01-10,MOCK2,670302,0.09775367583425427,True,True,2019-01-11
2019-01-11,MOCK2,849999,0.13848366446146776,True,True,2019-01-12
2019-01-14,MOCK2,551244,0.04030512961925188,True,True,2019-01-15
2019-01-15,MOCK2,791095,0.08349653112803154,True,True,2019-01-16
2019-01-16,MOCK2,481633,0.04189494175723566,True,True,2019-01-17
2019-01-17,MOCK2,346407,0.03361831674177757,True,True,2019-01-18
2019-01-18,MOCK2,601377,0.0424201141216968,True,True,2019-01-19
2019-01-21,MOCK2,215664,0.09179089214346908,True,True,2019-01-22
2019-01-22,MOCK2,291265,0.13251667877928658,True,True,2019-01-23
2019-01-23,MOCK2,350307,0.03855747012446824,True,True,2019-01-24
2019-01-24,MOCK2,322038,0.050147097297766945,True,True,2019-01-25
2019-01-25,MOCK2,433427,0.10553591035053533,True,True,2019-01-26
2019-01-28,MOCK2,607132,0.07021991864154528,True,True,2019-01-29
2019-01-29,MOCK2,278157,0.10786959011418175,True,True,2019-01-30
2019-01-30,MOCK2,484731,0.08370517969489713,True,True,2019-01-31
2019-01-31,MOCK2,158507,0.1160149586273628,True,True,2019-02-01
2019-02-01,MOCK2,340764,0.023532868415033166,True,True,2019-02-02
2019-02-04,MOCK2,673046,0.14814020620463983,True,True,2019-02-05
2019-02-05,MOCK2,457618,0.03350001922258137,True,True,2019-02-06
2019-02-06,MOCK2,440453,0.01063312274777038,True,True,2019-02-07
2019-02-07,MOCK2,912339,0.05703325479880857,True,True,2019-02-08
2019-02-08,MOCK2,648493,0.016933999946921952,True,True,2019-02-09
2019-02-11,MOCK2,387672,0.023018108480599198,True,True,2019-02-12
2019-02-12,MOCK2,686816,0.03228018931743273,True,True,2019-02-13
2019-02-13,MOCK2,61066,0.12301383105412403,True,True,2019-02-14
2019-02-14,MOCK2,80551,0.049875264166219097,True,True,2019-02-15
2019-02-15,MOCK2,373768,0.0824081894847947,True,True,2019-02-16
2019-02-18,MOCK2,803261,0.014959619498397442,True,True,2019-02-19
2019-02-19,MOCK2,511750,0.11395953909501658,True,True,2019-02-20
2019-02-20,MOCK2,703290,0.03327081959238908,True,True,2019-02-21
2019-02-21,MOCK2,928339,0.07076548823692053,True,True,2019-02-22
2019-02-22,MOCK2,888110,0.11179440970261223,True,True,2019-02-23
2019-02-25,MOCK2,346612,0.13156115504884547,True,True,2019-02-26
2019-02-26,MOCK2,366064,0.06722139856667869,True,True,2019-02-27
2019-02-27,MOCK2,874618,0.0662549773807174,True,True,2019-02-28
2019-02-28,MOCK2,640663,0.12177138066617009,True,True,2019-03-01
2019-03-01,MOCK2,432485,0.031310561986416977,True,True,2019-03-02
2019-03-04,MOCK2,261160,0.13143428815766628,True,True,2019-03-05
2019-03-05,MOCK2,853463,0.12898201590657712,True,True,2019-03-06
2019-03-06,MOCK2,818173,0.08320637760173553,True,True,2019-03-07
2019-03-07,MOCK2,380113,0.1340469673497145,True,True,2019-03-08
2019-03-08,MOCK2,159771,0.13487259664648152,True,True,2019-03-09
2019-03-11,MOCK2,309529,0.13426967101932813,True,True,2019-03-12
2019-03-12,MOCK2,369803,0.07270677488245628,True,True,2019-03-13
2019-03-13,MOCK2,734512,0.1390153298903847,True,True,2019-03-14
2019-03-14,MOCK2,230525,0.11318273612969097,True,True,2019-03-15
2019-03-15,MOCK2,422733,0.05995742117196819,True,True,2019-03-16
2019-03-18,MOCK2,864247,0.1291486934806819,True,True,2019-03-19
2019-03-19,MOCK2,580987,0.13394816276141094,True,True,2019-03-20
2019-03-20,MOCK2,781784,0.14702763916587128,True,True,2019-03-21
2019-03-21,MOCK2,403203,0.04575436765235708,True,True,2019-03-22
2019-03-22,MOCK2,810243,0.057183746950238916,True,True,2019-03-23
2019-03-25,MOCK2,804302,0.01933622891941532,True,True,2019-03-26
2019-03-26,MOCK2,188509,0.13659322398028612,True,True,2019-03-27
2019-03-27,MOCK2,783910,0.011225137703856542,True,True,2019-03-28
2019-03-28,MOCK2,873709,0.05748569700747818,True,True,2019-03-29
2019-03-29,MOCK2,174684,0.041181010056707074,True,True,2019-03-30
2019-04-01,MOCK2,648003,0.0672893357725634,True,True,2019-04-02
2019-04-02,MOCK2,868980,0.029717823595447716,True,True,2019-04-03
2019-04-03,MOCK2,776231,0.01319639034116006,True,True,2019-04-04
2019-04-04,MOCK2,538112,0.016452746576858517,True,True,2019-04-05
2019-04-05,MOCK2,59505,0.11893781485805469,True,True,2019-04-06
2019-04-08,MOCK2,359371,0.05503222231017472,True,True,2019-04-09
2019-04-09,MOCK2,873118,0.06469368733006305,True,True,2019-04-10
2019-04-10,MOCK2,222473,0.010365738492399721,True,True,2019-04-11
2019-04-11,MOCK2,998261,0.06659350696124684,True,True,2019-04-12
2019-04-12,MOCK2,654355,0.1219417657398372,True,True,2019-04-13
2019-04-15,MOCK2,115420,0.02121068200961098,True,True,2019-04-16
2019-04-16,MOCK2,277986,0.09038269913755725,True,True,2019-04-17
2019-04-17,MOCK2,192529,0.10755665976133501,True,True,2019-04-18
2019-04-18,MOCK2,985840,0.01554423260470155,True,True,2019-04-19
2019-04-19,MOCK2,963245,0.05023605453232483,True,True,2019-04-20
2019-04-22,MOCK2,278364,0.055629757858865814,True,True,2019-04-23
2019-04-23,MOCK2,196025,0.023711280529475236,True,True,2019-04-24
2019-04-24,MOCK2,694138,0.09655916125504241,True,True,2019-04-25
2019-04-25,MOCK2,636567,0.011608209961026494,True,True,2019-04-26
2019-04-26,MOCK2,600023,0.06157706439442766,True,True,2019-04-27
2019-04-29,MOCK2,292799,0.13334707353167713,True,True,2019-04-30
2019-04-30,MOCK2,252336,0.11040682896481019,True,True,2019-05-01
2019-05-01,MOCK2,485000,0.10789539042036804,True,True,2019-05-02
2019-05-02,MOCK2,865046,0.01962347395948972,True,True,2019-05-03
2019-05-03,MOCK2,378351,0.017407375317326168,True,True,2019-05-04
2019-05-06,MOCK2,894049,0.09459040394651895,True,True,2019-05-07
2019-05-07,MOCK2,410002,0.043348465387775946,True,True,2019-05-08
2019-05-08,MOCK2,754265,0.12307625572679035,True,True,2019-05-09
2019-05-09,MOCK2,735939,0.0914835293139436,True,True,2019-05-10
2019-05-10,MOCK2,872810,0.06781409278443296,True,True,2019-05-11
2019-05-13,MOCK2,161802,0.1408448259088632,True,True,2019-05-14
2019-05-14,MOCK2,236923,0.05363700583940916,True,True,2019-05-15
2019-05-15,MOCK2,386224,0.07437795554992704,True,True,2019-05-16
2019-05-16,MOCK2,572838,0.029946411479051645,True,True,2019-05-17
2019-05-17,MOCK2,712254,0.01067789777928394,True,True,2019-05-18
2019-05-20,MOCK2,423980,0.09656884924430095,True,True,2019-05-21
2019-05-21,MOCK2,581186,0.043544637592640684,True,True,2019-05-22
2019-05-22,MOCK2,766191,0.021569053529210715,True,True,2019-05-23
2019-05-23,MOCK2,788056,0.02589417938587836,True,True,2019-05-24
2019-05-24,MOCK2,191641,0.11615333616910908,True,True,2019-05-25
2019-05-27,MOCK2,176453,0.03396840162113301,True,True,2019-05-28
2019-05-28,MOCK2,561473,0.14875287497190015,True,True,2019-05-29
2019-05-29,MOCK2,514049,0.03918548021854115,True,True,2019-05-30
2019-05-30,MOCK2,796957,0.024589176649039347,True,True,2019-05-31
2019-05-31,MOCK2,589672,0.055282114257789214,True,True,2019-06-01
2019-06-03,MOCK2,148449,0.11485590049320182,True,True,2019-06-04
2019-06-04,MOCK2,722773,0.01246452904921775,True,True,2019-06-05
2019-06-05,MOCK2,333572,0.13936635838033984,True,True,2019-06-06
2019-06-06,MOCK2,727997,0.020425233114496608,True,True,2019-06-07
2019-06-07,MOCK2,506080,0.062383685809595364,True,True,2019-06-08
2019-06-10,MOCK2,340185,0.03621745322201449,True,True,2019-06-11
2019-06-11,MOCK2,846060,0.09293362555568643,True,True,2019-06-12
2019-06-12,MOCK2,499158,0.13345015866011872,True,True,2019-06-13
2019-06-13,MOCK2,292401,0.04649337619029328,True,True,2019-06-14
2019-06-14,MOCK2,734032,0.03659858711704418,True,True,2019-06-15
2019-06-17,MOCK2,599760,0.05125737505692554,True,True,2019-06-18
2019-06-18,MOCK2,310287,0.10500506529464658,True,True,2019-06-19
2019-06-19,MOCK2,503232,0.12759036476977104,True,True,2019-06-20
2019-06-20,MOCK2,905638,0.11441599318182867,True,True,2019-06-21
2019-06-21,MOCK2,416190,0.1307067092351414,True,True,2019-06-22
2019-06-24,MOCK2,327655,0.11654678120049386,True,True,2019-06-25
2019-06-25,MOCK2,816077,0.08532629652303346,True,True,2019-06-26
2019-06-26,MOCK2,420357,0.03596098290617439,True,True,2019-06-27
2019-06-27,MOCK2,133187,0.01177904037457461,True,True,2019-06-28
2019-06-28,MOCK2,248270,0.1257306804028044,True,True,2019-06-29
2019-07-01,MOCK2,411340,0.10112787457745309,True,True,2019-07-02
2019-07-02,MOCK2,418120,0.010181694647085054,True,True,2019-07-03
2019-07-03,MOCK2,47131,0.017296899469152246,True,True,2019-07-04
2019-07-04,MOCK2,741525,0.06441096426596418,True,True,2019-07-05
2019-07-05,MOCK2,402785,0.10152838106879804,True,True,2019-07-06
2019-07-08,MOCK2,699074,0.1488222841678292,True,True,2019-07-09
2019-07-09,MOCK2,843944,0.09123833696951633,True,True,2019-07-10
2019-07-10,MOCK2,891621,0.11542244301307314,True,True,2019-07-11
2019-07-11,MOCK2,702386,0.05094872603011991,True,True,2019-07-12
2019-07-12,MOCK2,439564,0.11999444658665014,True,True,2019-07-13
2019-07-15,MOCK2,650694,0.14728805017383834,True,True,2019-07-16
2019-07-16,MOCK2,793382,0.08711833920564582,True,True,2019-07-17
2019-07-17,MOCK2,672808,0.10484451479744959,True,True,2019-07-18
2019-07-18,MOCK2,176223,0.11811721088108659,True,True,2019-07-19
2019-07-19,MOCK2,882956,0.043850909054400096,True,True,2019-07-20
2019-07-22,MOCK2,828022,0.08445421702535316,True,True,2019-07-23
2019-07-23,MOCK2,511959,0.048787867381206655,True,True,2019-07-24
2019-07-24,MOCK2,446258,0.10000247998379079,True,True,2019-07-25
2019-07-25,MOCK2,780976,0.09200868638498376,True,True,2019-07-26
2019-07-26,MOCK2,840548,0.0824311227002049,True,True,2019-07-27
2019-07-29,MOCK2,557523,0.03911501591471584,True,True,2019-07-30
2019-07-30,MOCK2,224910,0.13562265187815942,True,True,2019-07-31
2019-07-31,MOCK2,809250,0.07488999147347276,True,True,2019-08-01
2019-08-01,MOCK2,181447,0.08435704821533209,True,True,2019-08-02
2019-08-02,MOCK2,823738,0.037466908069628484,True,True,2019-08-03
2019-08-05,MOCK2,768935,0.1395311831449974,True,True,2019-08-06
2019-08-06,MOCK2,402576,0.08915711499498534,True,True,2019-08-07
2019-08-07,MOCK2,130995,0.10114867261442194,True,True,2019-08-08
2019-08-08,MOCK2,254812,0.042313234058846794,True,True,2019-08-09
2019-08-09,MOCK2,461542,0.11855894961659813,True,True,2019-08-10
2019-08-12,MOCK2,817960,0.14468954554598054,True,True,2019-08-13
2019-08-13,MOCK2,741181,0.022110770323271904,True,True,2019-08-14
2019-08-14,MOCK2,413621,0.08117081808234218,True,True,2019-08-15
2019-08-15,MOCK2,307935,0.12142917353943986,True,True,2019-08-16
2019-08-16,MOCK2,767537,0.0181836538342063,True,True,2019-08-17
2019-08-19,MOCK2,964352,0.08996970100074288,True,True,2019-08-20
2019-08-20,MOCK2,225907,0.08674560218553573,True,True,2019-08-21
2019-08-21,MOCK2,534363,0.08311516147144919,True,True,2019-08-22
2019-08-22,MOCK2,390079,0.14483860366487206,True,True,2019-08-23
2019-08-23,MOCK2,125703,0.14934790639378717,True,True,2019-08-24
2019-08-26,MOCK2,679435,0.07273097041573953,True,True,2019-08-27
2019-08-27,MOCK2,301216,0.10556874764166446,True,True,2019-08-28
2019-08-28,MOCK2,850213,0.1030030473475328,True,True,2019-08-29
2019-08-29,MOCK2,494488,0.12653554277179174,True,True,2019-08-30
2019-08-30,MOCK2,713163,0.12539920959033,True,True,2019-08-31
2019-09-02,MOCK2,995116,0.11911914824440724,True,True,2019-09-03
2019-09-03,MOCK2,37551,0.1077441353169001,True,True,2019-09-04
2019-09-04,MOCK2,955623,0.14892570548966272,True,True,2019-09-05
2019-09-05,MOCK2,30046,0.04984021518218918,True,True,2019-09-06
2019-09-06,MOCK2,525790,0.09947526541382114,True,True,2019-09-07
2019-09-09,MOCK2,222416,0.12427759085348712,True,True,2019-09-10
2019-09-10,MOCK2,571526,0.10515542580679901,True,True,2019-09-11
2019-09-11,MOCK2,309029,0.044287830531718586,True,True,2019-09-12
2019-09-12,MOCK2,73380,0.13597005515287292,True,True,2019-09-13
2019-09-13,MOCK2,662138,0.023275379434181176,True,True,2019-09-14
2019-09-16,MOCK2,707471,0.020610650791770328,True,True,2019-09-17
2019-09-17,MOCK2,433842,0.1148619514763077,True,True,2019-09-18
2019-09-18,MOCK2,584008,0.09887929600967395,True,True,2019-09-19
2019-09-19,MOCK2,528013,0.03609821301304165,True,True,2019-09-20
2019-09-20,MOCK2,126607,0.1287828550770648,True,True,2019-09-21
2019-09-23,MOCK2,100303,0.06713680287163834,True,True,2019-09-24
2019-09-24,MOCK2,764643,0.042034776593058445,True,True,2019-09-25
2019-09-25,MOCK2,480332,0.14033980363475937,True,True,2019-09-26
2019-09-26,MOCK2,637512,0.08518580614152961,True,True,2019-09-27
2019-09-27,MOCK2,601705,0.12713793906812834,True,True,2019-09-28
2019-09-30,MOCK2,685756,0.061757628931880526,True,True,2019-10-01
2019-10-01,MOCK2,267804,0.08292435425675042,True,True,2019-10-02
2019-10-02,MOCK2,762766,0.06755278917250726,True,True,2019-10-03
2019-10-03,MOCK2,283925,0.08540669527216622,True,True,2019-10-04
2019-10-04,MOCK2,925365,0.13077531650252783,True,True,2019-10-05
2019-10-07,MOCK2,656343,0.04273378915291762,True,True,2019-10-08
2019-10-08,MOCK2,667059,0.11267141476403898,True,True,2019-10-09
2019-10-09,MOCK2,75963,0.13893276837257443,True,True,2019-10-10
2019-10-10,MOCK2,255383,0.06978883989785757,True,True,2019-10-11
2019-10-11,MOCK2,842002,0.1383363030224786,True,True,2019-10-12
2019-10-14,MOCK2,520949,0.03448267565268277,True,True,2019-10-15
2019-10-15,MOCK2,122774,0.06470555596984014,True,True,2019-10-16
2019-10-16,MOCK2,247155,0.0684853398293093,True,True,2019-10-17
2019-10-17,MOCK2,465828,0.024503120497066922,True,True,2019-10-18
2019-10-18,MOCK2,137830,0.0674347684299851,True,True,2019-10-19
2019-10-21,MOCK2,963521,0.08474254960514899,True,True,2019-10-22
2019-10-22,MOCK2,753214,0.08891186409205876,True,True,2019-10-23
2019-10-23,MOCK2,748466,0.018976357508684538,True,True,2019-10-24
2019-10-24,MOCK2,162203,0.1293223709110753,True,True,2019-10-25
2019-10-25,MOCK2,793804,0.010542412192323363,True,True,2019-10-26
2019-10-28,MOCK2,945219,0.010069374569350628,True,True,2019-10-29
2019-10-29,MOCK2,457605,0.11549382735809213,True,True,2019-10-30
2019-10-30,MOCK2,208068,0.126751590954988,True,True,2019-10-31
2019-10-31,MOCK2,43171,0.14277791808468493,True,True,2019-11-01
2019-11-01,MOCK2,171846,0.11846177959889898,True,True,2019-11-02
2019-11-04,MOCK2,634102,0.14700566300678272,True,True,2019-11-05
2019-11-05,MOCK2,38510,0.12052251196016808,True,True,2019-11-06
2019-11-06,MOCK2,892202,0.0506297027062085,True,True,2019-11-07
2019-11-07,MOCK2,605289,0.09873683924638596,True,True,2019-11-08
2019-11-08,MOCK2,300187,0.05384721020699999,True,True,2019-11-09
2019-11-11,MOCK2,662584,0.0773459923803554,True,True,2019-11-12
2019-11-12,MOCK2,398213,0.07962947026216467,True,True,2019-11-13
2019-11-13,MOCK2,138037,0.12234023543259843,True,True,2019-11-14
2019-11-14,MOCK2,577517,0.10713840204536829,True,True,2019-11-15
2019-11-15,MOCK2,847731,0.08379006240465249,True,True,2019-11-16
2019-11-18,MOCK2,588266,0.13349382095832174,True,True,2019-11-19
2019-11-19,MOCK2,947969,0.14154501459825447,True,True,2019-11-20
2019-11-20,MOCK2,206762,0.021410167289906603,True,True,2019-11-21
2019-11-21,MOCK2,615588,0.10615034987274027,True,True,2019-11-22
2019-11-22,MOCK2,505431,0.019467271093794453,True,True,2019-11-23
2019-11-25,MOCK2,820055,0.05688790137965075,True,True,2019-11-26
2019-11-26,MOCK2,65326,0.07788240809227863,True,True,2019-11-27
2019-11-27,MOCK2,577314,0.08620448037035092,True,True,2019-11-28
2019-11-28,MOCK2,826657,0.031664967024601844,True,True,2019-11-29
2019-11-29,MOCK2,67095,0.0541115640398126,True,True,2019-11-30
2019-12-02,MOCK2,208627,0.09868804421984868,True,True,2019-12-03
2019-12-03,MOCK2,64668,0.10534056445619681,True,True,2019-12-04
2019-12-04,MOCK2,896704,0.06275550955535279,True,True,2019-12-05
2019-12-05,MOCK2,805429,0.06318982022198136,True,True,2019-12-06
2019-12-06,MOCK2,360329,0.11608379968182826,True,True,2019-12-07
2019-12-09,MOCK2,245439,0.0940436480916157,True,True,2019-12-10
2019-12-10,MOCK2,567118,0.11653569284603119,True,True,2019-12-11
2019-12-11,MOCK2,329806,0.13175281334488745,True,True,2019-12-12
2019-12-12,MOCK2,764441,0.04484066270051604,True,True,2019-12-13
2019-12-13,MOCK2,514072,0.045376658123606896,True,True,2019-12-14
2019-12-16,MOCK2,466628,0.12150959067527596,True,True,2019-12-17
2019-12-17,MOCK2,169679,0.043839854410462814,True,True,2019-12-18
2019-12-18,MOCK2,851885,0.015516250624787502,True,True,2019-12-19
2019-12-19,MOCK2,854322,0.02783675372698549,True,True,2019-12-20
2019-12-20,MOCK2,503942,0.14048362762555094,True,True,2019-12-21
2019-12-23,MOCK2,705548,0.020396628387018417,True,True,2019-12-24
2019-12-24,MOCK2,480437,0.13607253549241546,True,True,2019-12-25
2019-12-25,MOCK2,227520,0.04202989224289589,True,True,2019-12-26
2019-12-26,MOCK2,257340,0.02756157002765277,True,True,2019-12-27
2019-12-27,MOCK2,81397,0.026255485580818923,True,True,2019-12-28
2019-12-30,MOCK2,816496,0.03780411143805041,True,True,2019-12-31
2019-12-31,MOCK2,590070,0.013734127273898961,True,True,2020-01-01
2020-01-01,MOCK2,667905,0.09694205289562101,True,True,2020-01-02
2020-01-02,MOCK2,408502,0.0973529581061793,True,True,2020-01-03
2020-01-03,MOCK2,94835,0.13181664175416774,True,True,2020-01-04
2020-01-06,MOCK2,781864,0.09574587419043244,True,True,2020-01-07
2020-01-07,MOCK2,602480,0.027271656068279998,True,True,2020-01-08
2020-01-08,MOCK2,153723,0.05296516168227284,True,True,2020-01-09
2020-01-09,MOCK2,316860,0.05272828589616292,True,True,2020-01-10
2020-01-10,MOCK2,931233,0.055324704341108207,True,True,2020-01-11
2020-01-13,MOCK2,886087,0.14258866311061402,True,True,2020-01-14
2020-01-14,MOCK2,110663,0.048555404692983174,True,True,2020-01-15
2020-01-15,MOCK2,538126,0.08651111979445554,True,True,2020-01-16
2020-01-16,MOCK2,324274,0.1182844822779225,True,True,2020-01-17
2020-01-17,MOCK2,288211,0.06071006652468802,True,True,2020-01-18
2020-01-20,MOCK2,847991,0.046642160878683066,True,True,2020-01-21
2020-01-21,MOCK2,122909,0.14667645303913376,True,True,2020-01-22
2020-01-22,MOCK2,294870,0.10772297719039474,True,True,2020-01-23
2020-01-23,MOCK2,846943,0.014986092029976587,True,True,2020-01-24
2020-01-24,MOCK2,67745,0.0692142522453637,True,True,2020-01-25
2020-01-27,MOCK2,638060,0.05133534258163426,True,True,2020-01-28
2020-01-28,MOCK2,180589,0.07734983755651244,True,True,2020-01-29
2020-01-29,MOCK2,215971,0.02228399123960148,True,True,2020-01-30
2020-01-30,MOCK2,555380,0.06679467418078615,True,True,2020-01-31
2020-01-31,MOCK2,592580,0.12010679046428989,True,True,2020-02-01
2020-02-03,MOCK2,180032,0.07830877694734845,True,True,2020-02-04
2020-02-04,MOCK2,903036,0.1216496232826536,True,True,2020-02-05
2020-02-05,MOCK2,53777,0.035581147870368666,True,True,2020-02-06
2020-02-06,MOCK2,123676,0.05459666654266666,True,True,2020-02-07
2020-02-07,MOCK2,222148,0.09220140530802821,True,True,2020-02-08
2020-02-10,MOCK2,685132,0.10878195833393575,True,True,2020-02-11
2020-02-11,MOCK2,955537,0.04353029221474464,True,True,2020-02-12
2020-02-12,MOCK2,908080,0.10769100891824217,True,True,2020-02-13
2020-02-13,MOCK2,226901,0.028129535088245235,True,True,2020-02-14
2020-02-14,MOCK2,824125,0.06671121640723325,True,True,2020-02-15
2020-02-17,MOCK2,418421,0.040774202146821925,True,True,2020-02-18
2020-02-18,MOCK2,748707,0.061181905824738335,True,True,2020-02-19
2020-02-19,MOCK2,446127,0.05476663384269391,True,True,2020-02-20
2020-02-20,MOCK2,537961,0.12839343658722527,True,True,2020-02-21
2020-02-21,MOCK2,92479,0.03400526449148971,True,True,2020-02-22
2020-02-24,MOCK2,522549,0.023919597902409793,True,True,2020-02-25
2020-02-25,MOCK2,249204,0.0445292741813403,True,True,2020-02-26
2020-02-26,MOCK2,287115,0.09212623237956243,True,True,2020-02-27
2020-02-27,MOCK2,30041,0.09846145203916457,True,True,2020-02-28
2020-02-28,MOCK2,830121,0.017866022321773426,True,True,2020-02-29
2020-03-02,MOCK2,263051,0.08096027701795704,True,True,2020-03-03
2020-03-03,MOCK2,51915,0.10672062816675001,True,True,2020-03-04
2020-03-04,MOCK2,205801,0.0872785790692629,True,True,2020-03-05
2020-03-05,MOCK2,930318,0.14931200926131535,True,True,2020-03-06
2020-03-06,MOCK2,750534,0.021032508974389394,True,True,2020-03-07
2020-03-09,MOCK2,513041,0.04748431034727446,True,True,2020-03-10
2020-03-10,MOCK2,429601,0.0958969894050556,True,True,2020-03-11
2020-03-11,MOCK2,34289,0.06273507833171099,True,True,2020-03-12
2020-03-12,MOCK2,8705,0.12217610016846935,True,True,2020-03-13
2020-03-13,MOCK2,529937,0.02963782706430481,True,True,2020-03-14
2020-03-16,MOCK2,766992,0.09509146401419663,True,True,2020-03-17
2020-03-17,MOCK2,737181,0.1100091120679651,True,True,2020-03-18
2020-03-18,MOCK2,95487,0.09783689001892813,True,True,2020-03-19
2020-03-19,MOCK2,79232,0.11089881649127321,True,True,2020-03-20
2020-03-20,MOCK2,634052,0.11923020638872883,True,True,2020-03-21
2020-03-23,MOCK2,62771,0.056202395276995006,True,True,2020-03-24
2020-03-24,MOCK2,711473,0.053271088328726075,True,True,2020-03-25
2020-03-25,MOCK2,710013,0.029788963927286895,True,True,2020-03-26
2020-03-26,MOCK2,162118,0.12424531937383317,True,True,2020-03-27
2020-03-27,MOCK2,793159,0.012491580717702145,True,True,2020-03-28
2020-03-30,MOCK2,662980,0.051161187104559025,True,True,2020-03-31
2020-03-31,MOCK2,940335,0.029902151693944834,True,True,2020-04-01
2020-04-01,MOCK2,73514,0.013673062860558392,True,True,2020-04-02
2020-04-02,MOCK2,713460,0.06862076908601948,True,True,2020-04-03
2020-04-03,MOCK2,883738,0.08982697033757035,True,True,2020-04-04
2020-04-06,MOCK2,809378,0.13292506514395666,True,True,2020-04-07
2020-04-07,MOCK2,971974,0.013672327872401868,True,True,2020-04-08
2020-04-08,MOCK2,410628,0.07083948802875187,True,True,2020-04-09
2020-04-09,MOCK2,997282,0.038664394277642185,True,True,2020-04-10
2020-04-10,MOCK2,354957,0.06044372094708422,True,True,2020-04-11
2020-04-13,MOCK2,114400,0.13523420325552138,True,True,2020-04-14
2020-04-14,MOCK2,704576,0.1471998347048919,True,True,2020-04-15
2020-04-15,MOCK2,235961,0.022251717425383573,True,True,2020-04-16
2020-04-16,MOCK2,212132,0.08115392005040069,True,True,2020-04-17
2020-04-17,MOCK2,728539,0.07235145653317529,True,True,2020-04-18
2020-04-20,MOCK2,575667,0.010372540905057024,True,True,2020-04-21
2020-04-21,MOCK2,185822,0.0805910421814733,True,True,2020-04-22
2020-04-22,MOCK2,736278,0.09425781965645287,True,True,2020-04-23
2020-04-23,MOCK2,781548,0.11484495570985455,True,True,2020-04-24
2020-04-24,MOCK2,331980,0.03273286110469486,True,True,2020-04-25
2020-04-27,MOCK2,118485,0.1292446853078871,True,True,2020-04-28
2020-04-28,MOCK2,473819,0.09474414790195526,True,True,2020-04-29
2020-04-29,MOCK2,581032,0.13647469478092794,True,True,2020-04-30
2020-04-30,MOCK2,541017,0.09263477926455255,True,True,2020-05-01
2020-05-01,MOCK2,604362,0.10772742521590599,True,True,2020-05-02
2020-05-04,MOCK2,270383,0.13738612552657645,True,True,2020-05-05
2020-05-05,MOCK2,748991,0.09691627732320432,True,True,2020-05-06
2020-05-06,MOCK2,676383,0.10575475102928356,True,True,2020-05-07
2020-05-07,MOCK2,653020,0.04874942363343664,True,True,2020-05-08
2020-05-08,MOCK2,300837,0.04427419023009227,True,True,2020-05-09
2020-05-11,MOCK2,399102,0.0763702110788377,True,True,2020-05-12
2020-05-12,MOCK2,495271,0.06458882349879667,True,True,2020-05-13
2020-05-13,MOCK2,908214,0.12524292449732755,True,True,2020-05-14
2020-05-14,MOCK2,278050,0.06324222260439025,True,True,2020-05-15
2020-05-15,MOCK2,697404,0.05541833077335214,True,True,2020-05-16
2020-05-18,MOCK2,380595,0.11624695991667204,True,True,2020-05-19
2020-05-19,MOCK2,534238,0.14247048966652187,True,True,2020-05-20
2020-05-20,MOCK2,837415,0.14286713119889446,True,True,2020-05-21
2020-05-21,MOCK2,16149,0.0524698318507791,True,True,2020-05-22
2020-05-22,MOCK2,292284,0.041781316261282564,True,True,2020-05-23
2020-05-25,MOCK2,607644,0.018379956011815947,True,True,2020-05-26
2020-05-26,MOCK2,187774,0.03128685421187376,True,True,2020-05-27
2020-05-27,MOCK2,581966,0.07141365435280668,True,True,2020-05-28
2020-05-28,MOCK2,698400,0.1254411260596475,True,True,2020-05-29
2020-05-29,MOCK2,973184,0.013535619460271977,True,True,2020-05-30
2020-06-01,MOCK2,831047,0.1102020918611027,True,True,2020-06-02
2020-06-02,MOCK2,774518,0.02906043007440892,True,True,2020-06-03
2020-06-03,MOCK2,696538,0.08499884224995764,True,True,2020-06-04
2020-06-04,MOCK2,928608,0.08876083994630095,True,True,2020-06-05
2020-06-05,MOCK2,286395,0.083427595053139,True,True,2020-06-06
2020-06-08,MOCK2,79321,0.07118108827196733,True,True,2020-06-09
2020-06-09,MOCK2,92339,0.13574154800510552,True,True,2020-06-10
2020-06-10,MOCK2,371916,0.13046454875353822,True,True,2020-06-11
2020-06-11,MOCK2,894672,0.13668255034715227,True,True,2020-06-12
2020-06-12,MOCK2,966561,0.13921886621880983,True,True,2020-06-13
2020-06-15,MOCK2,324975,0.09685837793915125,True,True,2020-06-16
2020-06-16,MOCK2,47473,0.06501447634792146,True,True,2020-06-17
2020-06-17,MOCK2,252119,0.06289381382902202,True,True,2020-06-18
2020-06-18,MOCK2,126763,0.1002911761385642,True,True,2020-06-19
2020-06-19,MOCK2,597139,0.054896924483579274,True,True,2020-06-20
2020-06-22,MOCK2,145181,0.0688383395076595,True,True,2020-06-23
2020-06-23,MOCK2,417355,0.013858956597720507,True,True,2020-06-24
2020-06-24,MOCK2,642805,0.03292155392202726,True,True,2020-06-25
2020-06-25,MOCK2,204497,0.05340425450417245,True,True,2020-06-26
2020-06-26,MOCK2,57691,0.057809141133565105,True,True,2020-06-27
2020-06-29,MOCK2,754112,0.10801489710196488,True,True,2020-06-30
2020-06-30,MOCK2,814773,0.14528519705282564,True,True,2020-07-01
2020-07-01,MOCK2,717712,0.0970127751915377,True,True,2020-07-02
2020-07-02,MOCK2,103373,0.07774384793231096,True,True,2020-07-03
2020-07-03,MOCK2,794769,0.10337716979307815,True,True,2020-07-04
2020-07-06,MOCK2,802002,0.022931287289612003,True,True,2020-07-07
2020-07-07,MOCK2,686404,0.10964421879476875,True,True,2020-07-08
2020-07-08,MOCK2,310739,0.12955619530958365,True,True,2020-07-09
2020-07-09,MOCK2,208385,0.08346531489098788,True,True,2020-07-10
2020-07-10,MOCK2,963311,0.13542054073403723,True,True,2020-07-11
2020-07-13,MOCK2,303429,0.09388767398140146,True,True,2020-07-14
2020-07-14,MOCK2,535358,0.09097314166974067,True,True,2020-07-15
2020-07-15,MOCK2,455841,0.018409195057317154,True,True,2020-07-16
2020-07-16,MOCK2,415102,0.03627069583391953,True,True,2020-07-17
2020-07-17,MOCK2,104138,0.11301826248680968,True,True,2020-07-18
2020-07-20,MOCK2,65833,0.08291139056463295,True,True,2020-07-21
2020-07-21,MOCK2,639584,0.04711805896277008,True,True,2020-07-22
2020-07-22,MOCK2,807185,0.1155486889539538,True,True,2020-07-23
2020-07-23,MOCK2,926690,0.12191988928776169,True,True,2020-07-24
2020-07-24,MOCK2,598131,0.06091097684911221,True,True,2020-07-25
2020-07-27,MOCK2,259217,0.04987402115084118,True,True,2020-07-28
2020-07-28,MOCK2,370057,0.05284983737650846,True,True,2020-07-29
2020-07-29,MOCK2,808543,0.012078825195003248,True,True,2020-07-30
2020-07-30,MOCK2,904313,0.03838678225327292,True,True,2020-07-31
2020-07-31,MOCK2,555127,0.14054201777312508,True,True,2020-08-01
2020-08-03,MOCK2,412757,0.10016622357047544,True,True,2020-08-04
2020-08-04,MOCK2,33594,0.13418778028900039,True,True,2020-08-05
2020-08-05,MOCK2,764882,0.05991641532213952,True,True,2020-08-06
2020-08-06,MOCK2,460374,0.01465736010492974,True,True,2020-08-07
2020-08-07,MOCK2,84168,0.0334595925765261,True,True,2020-08-08
2020-08-10,MOCK2,917799,0.11656767931404595,True,True,2020-08-11
2020-08-11,MOCK2,342417,0.08551002148732134,True,True,2020-08-12
2020-08-12,MOCK2,303855,0.13318836588687236,True,True,2020-08-13
2020-08-13,MOCK2,992530,0.07092642586782352,True,True,2020-08-14
2020-08-14,MOCK2,581080,0.1442640672633998,True,True,2020-08-15
2020-08-17,MOCK2,690212,0.03982686626036087,True,True,2020-08-18
2020-08-18,MOCK2,10850,0.04663286569894039,True,True,2020-08-19
2020-08-19,MOCK2,293480,0.11627987088911759,True,True,2020-08-20
2020-08-20,MOCK2,734554,0.12619161941848858,True,True,2020-08-21
2020-08-21,MOCK2,48460,0.06932070198943056,True,True,2020-08-22
2020-08-24,MOCK2,710477,0.11963263375375505,True,True,2020-08-25
2020-08-25,MOCK2,300781,0.09628799253573098,True,True,2020-08-26
2020-08-26,MOCK2,570044,0.11542666688385532,True,True,2020-08-27
2020-08-27,MOCK2,754795,0.14109811888927337,True,True,2020-08-28
2020-08-28,MOCK2,850755,0.07170067107418202,True,True,2020-08-29
2020-08-31,MOCK2,456695,0.10491440405689262,True,True,2020-09-01
2020-09-01,MOCK2,740293,0.1397408194143603,True,True,2020-09-02
2020-09-02,MOCK2,562463,0.07411700128338575,True,True,2020-09-03
2020-09-03,MOCK2,308741,0.13103136565095538,True,True,2020-09-04
2020-09-04,MOCK2,425615,0.0385010050544582,True,True,2020-09-05
2020-09-07,MOCK2,1372,0.05564861093260717,True,True,2020-09-08
2020-09-08,MOCK2,171329,0.030283745103382345,True,True,2020-09-09
2020-09-09,MOCK2,89299,0.1277633837767327,True,True,2020-09-10
2020-09-10,MOCK2,482146,0.041298183005744574,True,True,2020-09-11
2020-09-11,MOCK2,38070,0.08790943469147822,True,True,2020-09-12
2020-09-14,MOCK2,240867,0.12367122563778266,True,True,2020-09-15
2020-09-15,MOCK2,840998,0.13458555960508223,True,True,2020-09-16
2020-09-16,MOCK2,799364,0.136539356782157,True,True,2020-09-17
2020-09-17,MOCK2,623175,0.09361886327441457,True,True,2020-09-18
2020-09-18,MOCK2,490657,0.08611919831155457,True,True,2020-09-19
2020-09-21,MOCK2,453676,0.024950483819383203,True,True,2020-09-22
2020-09-22,MOCK2,212795,0.04721173064549806,True,True,2020-09-23
2020-09-23,MOCK2,724698,0.09718243948026672,True,True,2020-09-24
2020-09-24,MOCK2,266201,0.14170766787001787,True,True,2020-09-25
2020-09-25,MOCK2,144906,0.11756443537331206,True,True,2020-09-26
2020-09-28,MOCK2,45295,0.12772016397169872,True,True,2020-09-29
2020-09-29,MOCK2,565612,0.0550155330638495,True,True,2020-09-30
2020-09-30,MOCK2,724364,0.13966356065745186,True,True,2020-10-01
2020-10-01,MOCK2,158370,0.08091366432569577,True,True,2020-10-02
2020-10-02,MOCK2,929001,0.11636725559266142,True,True,2020-10-03
2020-10-05,MOCK2,997731,0.08530771522524748,True,True,2020-10-06
2020-10-06,MOCK2,846628,0.12781790526561895,True,True,2020-10-07
2020-10-07,MOCK2,755612,0.14295704585952337,True,True,2020-10-08
2020-10-08,MOCK2,632333,0.0957954008193034,True,True,2020-10-09
2020-10-09,MOCK2,369384,0.04367656810848776,True,True,2020-10-10
2020-10-12,MOCK2,564251,0.13577758360978062,True,True,2020-10-13
2020-10-13,MOCK2,343355,0.12767593227523366,True,True,2020-10-14
2020-10-14,MOCK2,529443,0.08219412282247135,True,True,2020-10-15
2020-10-15,MOCK2,26217,0.021359256954786906,True,True,2020-10-16
2020-10-16,MOCK2,345772,0.09079772018408576,True,True,2020-10-17
2020-10-19,MOCK2,330374,0.037234725895846046,True,True,2020-10-20
2020-10-20,MOCK2,66907,0.014770462382856262,True,True,2020-10-21
2020-10-21,MOCK2,554385,0.04953305753192226,True,True,2020-10-22
2020-10-22,MOCK2,719218,0.0862230493555277,True,True,2020-10-23
2020-10-23,MOCK2,662766,0.12672345499024562,True,True,2020-10-24
2020-10-26,MOCK2,837276,0.12355640033625692,True,True,2020-10-27
2020-10-27,MOCK2,877576,0.04271062594871225,True,True,2020-10-28
2020-10-28,MOCK2,389041,0.09538613895962655,True,True,2020-10-29
2020-10-29,MOCK2,396395,0.0702143775648307,True,True,2020-10-30
2020-10-30,MOCK2,780338,0.11606950613501114,True,True,2020-10-31
2020-11-02,MOCK2,957997,0.06047283222304515,True,True,2020-11-03
2020-11-03,MOCK2,145129,0.12145070097087353,True,True,2020-11-04
2020-11-04,MOCK2,909858,0.016444357652763704,True,True,2020-11-05
2020-11-05,MOCK2,207956,0.05307273590500359,True,True,2020-11-06
2020-11-06,MOCK2,160585,0.1491450932428351,True,True,2020-11-07
2020-11-09,MOCK2,382391,0.0502638159941205,True,True,2020-11-10
2020-11-10,MOCK2,293733,0.12943120385554094,True,True,2020-11-11
2020-11-11,MOCK2,476650,0.14686194523712917,True,True,2020-11-12
2020-11-12,MOCK2,706076,0.09533011552897329,True,True,2020-11-13
2020-11-13,MOCK2,779319,0.1343657016319886,True,True,2020-11-14
2020-11-16,MOCK2,11290,0.09607680122141903,True,True,2020-11-17
2020-11-17,MOCK2,334239,0.06286578374806957,True,True,2020-11-18
2020-11-18,MOCK2,605466,0.14866157173825717,True,True,2020-11-19
2020-11-19,MOCK2,921189,0.10970586754946496,True,True,2020-11-20
2020-11-20,MOCK2,718933,0.12682329964526987,True,True,2020-11-21
2020-11-23,MOCK2,808121,0.14503827410022138,True,True,2020-11-24
2020-11-24,MOCK2,609109,0.07049763321477928,True,True,2020-11-25
2020-11-25,MOCK2,113941,0.13290113718262025,True,True,2020-11-26
2020-11-26,MOCK2,725924,0.0647931754105865,True,True,2020-11-27
2020-11-27,MOCK2,753852,0.1403632307005543,True,True,2020-11-28
2020-11-30,MOCK2,608690,0.01244620076176498,True,True,2020-12-01
2020-12-01,MOCK2,104452,0.10927923541339975,True,True,2020-12-02
2020-12-02,MOCK2,648367,0.05330689752684521,True,True,2020-12-03
2020-12-03,MOCK2,474741,0.04086024231103658,True,True,2020-12-04
2020-12-04,MOCK2,453897,0.14215600943575443,True,True,2020-12-05
2020-12-07,MOCK2,764297,0.08717121694571188,True,True,2020-12-08
2020-12-08,MOCK2,24213,0.06532744892362896,True,True,2020-12-09
2020-12-09,MOCK2,361357,0.06308748691756712,True,True,2020-12-10
2020-12-10,MOCK2,96441,0.011828596556023587,True,True,2020-12-11
2020-12-11,MOCK2,757357,0.07635947140161228,True,True,2020-12-12
2020-12-14,MOCK2,600441,0.08591230188927258,True,True,2020-12-15
2020-12-15,MOCK2,561531,0.09569922167573855,True,True,2020-12-16
2020-12-16,MOCK2,315270,0.032503151765951754,True,True,2020-12-17
2020-12-17,MOCK2,251943,0.0960446114392815,True,True,2020-12-18
2020-12-18,MOCK2,433665,0.04651459492443395,True,True,2020-12-19
2020-12-21,MOCK2,300127,0.052558422472364946,True,True,2020-12-22
2020-12-22,MOCK2,168002,0.1212305925324676,True,True,2020-12-23
2020-12-23,MOCK2,200906,0.0677993192310813,True,True,2020-12-24
2020-12-24,MOCK2,860753,0.07832161906375434,True,True,2020-12-25
2020-12-25,MOCK2,557769,0.11013296354750113,True,True,2020-12-26
2020-12-28,MOCK2,576331,0.028137153825684817,True,True,2020-12-29
2020-12-29,MOCK2,125428,0.13357711935721425,True,True,2020-12-30
2020-12-30,MOCK2,264081,0.07012269361111004,True,True,2020-12-31
2020-12-31,MOCK2,864483,0.1445671377860141,True,True,2021-01-01
2021-01-01,MOCK2,360537,0.06989550085922445,True,True,2021-01-02
2021-01-04,MOCK2,741774,0.13051668360438934,True,True,2021-01-05
2021-01-05,MOCK2,128328,0.03931467724890993,True,True,2021-01-06
2021-01-06,MOCK2,68579,0.07941832181138116,True,True,2021-01-07
2021-01-07,MOCK2,768304,0.02406288673277749,True,True,2021-01-08
2021-01-08,MOCK2,450091,0.11028577709486732,True,True,2021-01-09
2021-01-11,MOCK2,290869,0.023487563671723957,True,True,2021-01-12
2021-01-12,MOCK2,529297,0.032820101949340576,True,True,2021-01-13
2021-01-13,MOCK2,128903,0.03936169718622512,True,True,2021-01-14
2021-01-14,MOCK2,641304,0.025364742935087232,True,True,2021-01-15
2021-01-15,MOCK2,198400,0.07952783454267003,True,True,2021-01-16
2021-01-18,MOCK2,781650,0.03939865909632603,True,True,2021-01-19
2021-01-19,MOCK2,325166,0.13907010607420353,True,True,2021-01-20
2021-01-20,MOCK2,764847,0.11878107729795558,True,True,2021-01-21
2021-01-21,MOCK2,555549,0.020647093302371425,True,True,2021-01-22
2021-01-22,MOCK2,73163,0.04532688000561501,True,True,2021-01-23
2021-01-25,MOCK2,825459,0.07685417250314673,True,True,2021-01-26
2021-01-26,MOCK2,565588,0.034537085152762,True,True,2021-01-27
2021-01-27,MOCK2,311325,0.13753547326084758,True,True,2021-01-28
2021-01-28,MOCK2,692283,0.14406400774118472,True,True,2021-01-29
2021-01-29,MOCK2,410434,0.06456232318092084,True,True,2021-01-30
2021-02-01,MOCK2,141132,0.07282917549609833,True,True,2021-02-02
2021-02-02,MOCK2,184971,0.11931217144778422,True,True,2021-02-03
2021-02-03,MOCK2,845723,0.03826385076881189,True,True,2021-02-04
2021-02-04,MOCK2,411984,0.015859392330925856,True,True,2021-02-05
2021-02-05,MOCK2,778606,0.13665168339393255,True,True,2021-02-06
2021-02-08,MOCK2,972249,0.10703348110987868,True,True,2021-02-09
2021-02-09,MOCK2,560178,0.14469116830616072,True,True,2021-02-10
2021-02-10,MOCK2,480757,0.03800821764507414,True,True,2021-02-11
2021-02-11,MOCK2,529163,0.054114310239736604,True,True,2021-02-12
2021-02-12,MOCK2,142158,0.04445615089980573,True,True,2021-02-13
2021-02-15,MOCK2,613035,0.02138287742482302,True,True,2021-02-16
2021-02-16,MOCK2,268004,0.12470667112407369,True,True,2021-02-17
2021-02-17,MOCK2,732672,0.01912900501897597,True,True,2021-02-18
2021-02-18,MOCK2,892401,0.12419399621073439,True,True,2021-02-19
2021-02-19,MOCK2,648023,0.029111519317163402,True,True,2021-02-20
2021-02-22,MOCK2,169455,0.02830975948998308,True,True,2021-02-23
2021-02-23,MOCK2,240245,0.05638405784402566,True,True,2021-02-24
2021-02-24,MOCK2,280089,0.1281858563594334,True,True,2021-02-25
2021-02-25,MOCK2,329948,0.12672427358181923,True,True,2021-02-26
2021-02-26,MOCK2,459248,0.09924384005087425,True,True,2021-02-27
2021-03-01,MOCK2,644223,0.07387097330648384,True,True,2021-03-02
2021-03-02,MOCK2,591132,0.13135295128381627,True,True,2021-03-03
2021-03-03,MOCK2,390326,0.1305499034467805,True,True,2021-03-04
2021-03-04,MOCK2,261967,0.1051931358542692,True,True,2021-03-05
2021-03-05,MOCK2,584271,0.036642151210160644,True,True,2021-03-06
2021-03-08,MOCK2,465892,0.10462212402082148,True,True,2021-03-09
2021-03-09,MOCK2,462820,0.140358328044131,True,True,2021-03-10
2021-03-10,MOCK2,95445,0.04551830350050384,True,True,2021-03-11
2021-03-11,MOCK2,392073,0.03307790027381507,True,True,2021-03-12
2021-03-12,MOCK2,157291,0.07413611776808379,True,True,2021-03-13
2021-03-15,MOCK2,973477,0.07072450066857307,True,True,2021-03-16
2021-03-16,MOCK2,734048,0.039934344911406176,True,True,2021-03-17
2021-03-17,MOCK2,724196,0.1443141409398531,True,True,2021-03-18
2021-03-18,MOCK2,224088,0.10452872115849493,True,True,2021-03-19
2021-03-19,MOCK2,539593,0.1114845298719795,True,True,2021-03-20
2021-03-22,MOCK2,832622,0.08966508961577944,True,True,2021-03-23
2021-03-23,MOCK2,374168,0.12535023882045473,True,True,2021-03-24
2021-03-24,MOCK2,668868,0.12716014729935152,True,True,2021-03-25
2021-03-25,MOCK2,954436,0.14188716409894098,True,True,2021-03-26
2021-03-26,MOCK2,458332,0.13530619036401292,True,True,2021-03-27
2021-03-29,MOCK2,418741,0.14451819342382777,True,True,2021-03-30
2021-03-30,MOCK2,333233,0.028711446623519633,True,True,2021-03-31
2021-03-31,MOCK2,671916,0.011113956478252312,True,True,2021-04-01
2021-04-01,MOCK2,506571,0.09546151670687329,True,True,2021-04-02
2021-04-02,MOCK2,513404,0.06119295680083841,True,True,2021-04-03
2021-04-05,MOCK2,667181,0.13530710053477238,True,True,2021-04-06
2021-04-06,MOCK2,248321,0.12456786165943631,True,True,2021-04-07
2021-04-07,MOCK2,965443,0.09444694543830329,True,True,2021-04-08
2021-04-08,MOCK2,489416,0.14246156170654484,True,True,2021-04-09
2021-04-09,MOCK2,95851,0.0424841815075045,True,True,2021-04-10
2021-04-12,MOCK2,122387,0.09177475993124691,True,True,2021-04-13
2021-04-13,MOCK2,296472,0.01859133523188681,True,True,2021-04-14
2021-04-14,MOCK2,518235,0.13047351286073627,True,True,2021-04-15
2021-04-15,MOCK2,929898,0.034669085192725886,True,True,2021-04-16
2021-04-16,MOCK2,61811,0.01415184076885816,True,True,2021-04-17
2021-04-19,MOCK2,305962,0.08563904286908763,True,True,2021-04-20
2021-04-20,MOCK2,381975,0.11922144406496196,True,True,2021-04-21
2021-04-21,MOCK2,437070,0.07549440732245309,True,True,2021-04-22
2021-04-22,MOCK2,272723,0.13935246037647472,True,True,2021-04-23
2021-04-23,MOCK2,166464,0.06201105935988306,True,True,2021-04-24
2021-04-26,MOCK2,640086,0.023947241372712213,True,True,2021-04-27
2021-04-27,MOCK2,858131,0.01576504106013057,True,True,2021-04-28
2021-04-28,MOCK2,17630,0.02383971270583059,True,True,2021-04-29
2021-04-29,MOCK2,163259,0.038978415920629325,True,True,2021-04-30
2021-04-30,MOCK2,960181,0.09243781232437522,True,True,2021-05-01
2021-05-03,MOCK2,356393,0.14078110490780416,True,True,2021-05-04
2021-05-04,MOCK2,573778,0.07412262487975499,True,True,2021-05-05
2021-05-05,MOCK2,448012,0.023635014280101996,True,True,2021-05-06
2021-05-06,MOCK2,745340,0.02640819469515255,True,True,2021-05-07
2021-05-07,MOCK2,482486,0.07715805250502179,True,True,2021-05-08
2021-05-10,MOCK2,367947,0.1126208903467106,True,True,2021-05-11
2021-05-11,MOCK2,140840,0.051381437996968836,True,True,2021-05-12
2021-05-12,MOCK2,967468,0.07874683197147062,True,True,2021-05-13
2021-05-13,MOCK2,545232,0.07278997408992763,True,True,2021-05-14
2021-05-14,MOCK2,604988,0.025311212684876093,True,True,2021-05-15
2021-05-17,MOCK2,205079,0.1323784130872183,True,True,2021-05-18
2021-05-18,MOCK2,575553,0.10234696088712689,True,True,2021-05-19
2021-05-19,MOCK2,391785,0.05319160928282093,True,True,2021-05-20
2021-05-20,MOCK2,783221,0.12168903624412948,True,True,2021-05-21
2021-05-21,MOCK2,818266,0.0671332589342741,True,True,2021-05-22
2021-05-24,MOCK2,504266,0.011138328766877845,True,True,2021-05-25
2021-05-25,MOCK2,601066,0.05450487458872292,True,True,2021-05-26
2021-05-26,MOCK2,632757,0.1059773276623373,True,True,2021-05-27
2021-05-27,MOCK2,166305,0.06483968464250868,True,True,2021-05-28
2021-05-28,MOCK2,228315,0.12526530061175017,True,True,2021-05-29
2021-05-31,MOCK2,547149,0.09530035437629086,True,True,2021-06-01
2021-06-01,MOCK2,780460,0.023073795330293797,True,True,2021-06-02
2021-06-02,MOCK2,5074,0.10314249179313802,True,True,2021-06-03
2021-06-03,MOCK2,485741,0.13605740507484773,True,True,2021-06-04
2021-06-04,MOCK2,813989,0.06946314262271563,True,True,2021-06-05
2021-06-07,MOCK2,18645,0.06525013063270921,True,True,2021-06-08
2021-06-08,MOCK2,317605,0.08415499338187919,True,True,2021-06-09
2021-06-09,MOCK2,860997,0.08091739679114965,True,True,2021-06-10
2021-06-10,MOCK2,952824,0.019511658430202153,True,True,2021-06-11
2021-06-11,MOCK2,837944,0.06590841717989368,True,True,2021-06-12
2021-06-14,MOCK2,58879,0.026413371844310134,True,True,2021-06-15
2021-06-15,MOCK2,636269,0.10947897338539908,True,True,2021-06-16
2021-06-16,MOCK2,325747,0.09709998349831628,True,True,2021-06-17
2021-06-17,MOCK2,95395,0.0915547174627733,True,True,2021-06-18
2021-06-18,MOCK2,337228,0.038465907526497194,True,True,2021-06-19
2021-06-21,MOCK2,108156,0.06475399513480447,True,True,2021-06-22
2021-06-22,MOCK2,862693,0.06445687406011069,True,True,2021-06-23
2021-06-23,MOCK2,910620,0.10047463313386173,True,True,2021-06-24
2021-06-24,MOCK2,941840,0.03144446122889827,True,True,2021-06-25
2021-06-25,MOCK2,171196,0.01589968121472036,True,True,2021-06-26
2021-06-28,MOCK2,167992,0.12769701941922515,True,True,2021-06-29
2021-06-29,MOCK2,650694,0.10795914398272063,True,True,2021-06-30
2021-06-30,MOCK2,498966,0.02351226289257699,True,True,2021-07-01
2021-07-01,MOCK2,19386,0.05179574053271992,True,True,2021-07-02
2021-07-02,MOCK2,329804,0.02386608151196969,True,True,2021-07-03
2021-07-05,MOCK2,627499,0.052314618977513334,True,True,2021-07-06
2021-07-06,MOCK2,383521,0.06608528345770456,True,True,2021-07-07
2021-07-07,MOCK2,531758,0.07602486626321657,True,True,2021-07-08
2021-07-08,MOCK2,910069,0.11072030846773415,True,True,2021-07-09
2021-07-09,MOCK2,287847,0.042471565139495994,True,True,2021-07-10
2021-07-12,MOCK2,641916,0.022430836059796046,True,True,2021-07-13
2021-07-13,MOCK2,72085,0.09834502133327738,True,True,2021-07-14
2021-07-14,MOCK2,185336,0.02583350491212228,True,True,2021-07-15
2021-07-15,MOCK2,737458,0.12677312853170059,True,True,2021-07-16
2021-07-16,MOCK2,564469,0.05139230518678089,True,True,2021-07-17
2021-07-19,MOCK2,355555,0.14559666647705177,True,True,2021-07-20
2021-07-20,MOCK2,147073,0.055912128981749944,True,True,2021-07-21
2021-07-21,MOCK2,567846,0.06381897842032172,True,True,2021-07-22
2021-07-22,MOCK2,433971,0.14024907360032357,True,True,2021-07-23
2021-07-23,MOCK2,215799,0.06697191957988388,True,True,2021-07-24
2021-07-26,MOCK2,343700,0.054866297277428304,True,True,2021-07-27
2021-07-27,MOCK2,952771,0.14741578517098955,True,True,2021-07-28
2021-07-28,MOCK2,565839,0.10788617070285715,True,True,2021-07-29
2021-07-29,MOCK2,610849,0.09413447032291973,True,True,2021-07-30
2021-07-30,MOCK2,762816,0.019487445877133837,True,True,2021-07-31
2021-08-02,MOCK2,46185,0.10219651961543146,True,True,2021-08-03
2021-08-03,MOCK2,214354,0.04467962040932115,True,True,2021-08-04
2021-08-04,MOCK2,785435,0.13158586820317622,True,True,2021-08-05
2021-08-05,MOCK2,73377,0.14950906425721402,True,True,2021-08-06
2021-08-06,MOCK2,732348,0.03771518072468155,True,True,2021-08-07
2021-08-09,MOCK2,650692,0.09713844544315432,True,True,2021-08-10
2021-08-10,MOCK2,536543,0.034486252538775006,True,True,2021-08-11
2021-08-11,MOCK2,649180,0.027336658362636733,True,True,2021-08-12
2021-08-12,MOCK2,263830,0.09188247412260063,True,True,2021-08-13
2021-08-13,MOCK2,830283,0.08914812453497128,True,True,2021-08-14
2021-08-16,MOCK2,505731,0.021080041094771275,True,True,2021-08-17
2021-08-17,MOCK2,648055,0.13057450558536746,True,True,2021-08-18
2021-08-18,MOCK2,461430,0.08631914817271204,True,True,2021-08-19
2021-08-19,MOCK2,289265,0.05703854965147651,True,True,2021-08-20
2021-08-20,MOCK2,590216,0.139918139307937,True,True,2021-08-21
2021-08-23,MOCK2,254017,0.010793462024068836,True,True,2021-08-24
2021-08-24,MOCK2,446626,0.1259640774574841,True,True,2021-08-25
2021-08-25,MOCK2,432237,0.11902413779913427,True,True,2021-08-26
2021-08-26,MOCK2,177564,0.09984349022066755,True,True,2021-08-27
2021-08-27,MOCK2,195070,0.12248358429233884,True,True,2021-08-28
2021-08-30,MOCK2,142691,0.10342538124355188,True,True,2021-08-31
2021-08-31,MOCK2,809683,0.08932487494973872,True,True,2021-09-01
2021-09-01,MOCK2,606525,0.036239931555571286,True,True,2021-09-02
2021-09-02,MOCK2,793122,0.03282912564592198,True,True,2021-09-03
2021-09-03,MOCK2,291473,0.1326879898295969,True,True,2021-09-04
2021-09-06,MOCK2,45462,0.06328358406603503,True,True,2021-09-07
2021-09-07,MOCK2,918911,0.13619548121794522,True,True,2021-09-08
2021-09-08,MOCK2,102310,0.09126440039181062,True,True,2021-09-09
2021-09-09,MOCK2,949605,0.09191222264153123,True,True,2021-09-10
2021-09-10,MOCK2,227943,0.05883061650123863,True,True,2021-09-11
2021-09-13,MOCK2,583193,0.050380237145393116,True,True,2021-09-14
2021-09-14,MOCK2,57050,0.09023899897282284,True,True,2021-09-15
2021-09-15,MOCK2,110670,0.017391729514116723,True,True,2021-09-16
2021-09-16,MOCK2,740452,0.0425809880182002,True,True,2021-09-17
2021-09-17,MOCK2,624478,0.1036276478445702,True,True,2021-09-18
2021-09-20,MOCK2,836664,0.09765919416528017,True,True,2021-09-21
2021-09-21,MOCK2,585990,0.06819919045227339,True,True,2021-09-22
2021-09-22,MOCK2,755590,0.13743556707020946,True,True,2021-09-23
2021-09-23,MOCK2,542491,0.03442966867291859,True,True,2021-09-24
2021-09-24,MOCK2,424015,0.07580180703878774,True,True,2021-09-25
2021-09-27,MOCK2,164454,0.026895299166816093,True,True,2021-09-28
2021-09-28,MOCK2,544910,0.14073975834202734,True,True,2021-09-29
2021-09-29,MOCK2,344701,0.06186682187166651,True,True,2021-09-30
2021-09-30,MOCK2,563799,0.11247517484061267,True,True,2021-10-01
2021-10-01,MOCK2,507358,0.06255613757117477,True,True,2021-10-02
2021-10-04,MOCK2,39013,0.09178536281785009,True,True,2021-10-05
2021-10-05,MOCK2,103180,0.03810922137144696,True,True,2021-10-06
2021-10-06,MOCK2,86597,0.07896102083709368,True,True,2021-10-07
2021-10-07,MOCK2,178094,0.13705313583078838,True,True,2021-10-08
2021-10-08,MOCK2,602902,0.1207191513595881,True,True,2021-10-09
2021-10-11,MOCK2,432828,0.09885570812015389,True,True,2021-10-12
2021-10-12,MOCK2,74193,0.13771697642733635,True,True,2021-10-13
2021-10-13,MOCK2,442629,0.06645775834468913,True,True,2021-10-14
2021-10-14,MOCK2,22166,0.12922607157646973,True,True,2021-10-15
2021-10-15,MOCK2,941988,0.1065591720700647,True,True,2021-10-16
2021-10-18,MOCK2,854417,0.03742938111163634,True,True,2021-10-19
2021-10-19,MOCK2,825452,0.09929397256661063,True,True,2021-10-20
2021-10-20,MOCK2,241660,0.05031028647534847,True,True,2021-10-21
2021-10-21,MOCK2,559290,0.02028902962991886,True,True,2021-10-22
2021-10-22,MOCK2,212064,0.08836198321256399,True,True,2021-10-23
2021-10-25,MOCK2,973308,0.11528054947933178,True,True,2021-10-26
2021-10-26,MOCK2,382175,0.11115848129235095,True,True,2021-10-27
2021-10-27,MOCK2,524187,0.06372660685655736,True,True,2021-10-28
2021-10-28,MOCK2,420881,0.043039526794346236,True,True,2021-10-29
2021-10-29,MOCK2,494913,0.07918022550123355,True,True,2021-10-30
2021-11-01,MOCK2,620904,0.06088761017583666,True,True,2021-11-02
2021-11-02,MOCK2,851437,0.06917747325393662,True,True,2021-11-03
2021-11-03,MOCK2,938482,0.12171903243688256,True,True,2021-11-04
2021-11-04,MOCK2,346728,0.06758171546024203,True,True,2021-11-05
2021-11-05,MOCK2,236460,0.14768453852497737,True,True,2021-11-06
2021-11-08,MOCK2,285500,0.12811070563555677,True,True,2021-11-09
2021-11-09,MOCK2,880846,0.10289613800732367,True,True,2021-11-10
2021-11-10,MOCK2,697331,0.1270346997446203,True,True,2021-11-11
2021-11-11,MOCK2,229222,0.07598835425389351,True,True,2021-11-12
2021-11-12,MOCK2,806081,0.1234603728178081,True,True,2021-11-13
2021-11-15,MOCK2,402195,0.14332638084030017,True,True,2021-11-16
2021-11-16,MOCK2,16281,0.022643959952734313,True,True,2021-11-17
2021-11-17,MOCK2,692353,0.046181241481174605,True,True,2021-11-18
2021-11-18,MOCK2,87954,0.07634989405337664,True,True,2021-11-19
2021-11-19,MOCK2,577541,0.03262883002614977,True,True,2021-11-20
2021-11-22,MOCK2,527819,0.03519518986234923,True,True,2021-11-23
2021-11-23,MOCK2,13471,0.12314832942517542,True,True,2021-11-24
2021-11-24,MOCK2,122167,0.12717001436563335,True,True,2021-11-25
2021-11-25,MOCK2,254033,0.12152777740985203,True,True,2021-11-26
2021-11-26,MOCK2,628735,0.015963542275511826,True,True,2021-11-27
2021-11-29,MOCK2,885826,0.07896983891155906,True,True,2021-11-30
2021-11-30,MOCK2,433791,0.1281520087917076,True,True,2021-12-01
2021-12-01,MOCK2,271386,0.1353788765297229,True,True,2021-12-02
2021-12-02,MOCK2,129621,0.016398317328219707,True,True,2021-12-03
2021-12-03,MOCK2,217083,0.0565139512436172,True,True,2021-12-04
2021-12-06,MOCK2,538980,0.040173777210322295,True,True,2021-12-07
2021-12-07,MOCK2,209462,0.09277926948056255,True,True,2021-12-08
2021-12-08,MOCK2,550136,0.13135345868150325,True,True,2021-12-09
2021-12-09,MOCK2,400221,0.09467811163943908,True,True,2021-12-10
2021-12-10,MOCK2,891179,0.029844607904651738,True,True,2021-12-11
2021-12-13,MOCK2,91701,0.11487985087122253,True,True,2021-12-14
2021-12-14,MOCK2,577598,0.08496314946055912,True,True,2021-12-15
2021-12-15,MOCK2,999794,0.058171253692910485,True,True,2021-12-16
2021-12-16,MOCK2,568626,0.11806040824543826,True,True,2021-12-17
2021-12-17,MOCK2,690458,0.0955346307990836,True,True,2021-12-18
2021-12-20,MOCK2,285514,0.029277235003859696,True,True,2021-12-21
2021-12-21,MOCK2,778855,0.04634934020335506,True,True,2021-12-22
2021-12-22,MOCK2,473483,0.14395759220446858,True,True,2021-12-23
2021-12-23,MOCK2,851499,0.0249102284820183,True,True,2021-12-24
2021-12-24,MOCK2,373874,0.03481633663034894,True,True,2021-12-25
2021-12-27,MOCK2,598526,0.07553501742649318,True,True,2021-12-28
2021-12-28,MOCK2,782300,0.07042845283034244,True,True,2021-12-29
2021-12-29,MOCK2,354414,0.1417893082893472,True,True,2021-12-30
2021-12-30,MOCK2,288527,0.012814840790257456,True,True,2021-12-31
2021-12-31,MOCK2,178341,0.13065920391161046,True,True,2022-01-01
2022-01-03,MOCK2,797486,0.09466526818309963,True,True,2022-01-04
2022-01-04,MOCK2,793264,0.031182572744060666,True,True,2022-01-05
2022-01-05,MOCK2,744572,0.12828536502372373,True,True,2022-01-06
2022-01-06,MOCK2,990445,0.10503834688971557,True,True,2022-01-07
2022-01-07,MOCK2,292609,0.06828680064460677,True,True,2022-01-08
2022-01-10,MOCK2,621859,0.12200548824279313,True,True,2022-01-11
2022-01-11,MOCK2,296248,0.1284468767824463,True,True,2022-01-12
2022-01-12,MOCK2,970569,0.06990545275046857,True,True,2022-01-13
2022-01-13,MOCK2,467971,0.05358049888262392,True,True,2022-01-14
2022-01-14,MOCK2,91525,0.1352604618191622,True,True,2022-01-15
2022-01-17,MOCK2,907376,0.03862227161330527,True,True,2022-01-18
2022-01-18,MOCK2,336205,0.08292473308306121,True,True,2022-01-19
2022-01-19,MOCK2,248043,0.11709394088971155,True,True,2022-01-20
2022-01-20,MOCK2,920648,0.04123679288146865,True,True,2022-01-21
2022-01-21,MOCK2,782486,0.10108733819748864,True,True,2022-01-22
2022-01-24,MOCK2,233379,0.03157618304068617,True,True,2022-01-25
2022-01-25,MOCK2,452588,0.022873864889743897,True,True,2022-01-26
2022-01-26,MOCK2,828742,0.07271214180675177,True,True,2022-01-27
2022-01-27,MOCK2,133565,0.041523846932037194,True,True,2022-01-28
2022-01-28,MOCK2,533951,0.10942258217120296,True,True,2022-01-29
2022-01-31,MOCK2,424238,0.03036836320806536,True,True,2022-02-01
2022-02-01,MOCK2,486669,0.142064037502642,True,True,2022-02-02
2022-02-02,MOCK2,473948,0.08931089670669878,True,True,2022-02-03
2022-02-03,MOCK2,924849,0.08721991255397465,True,True,2022-02-04
2022-02-04,MOCK2,439971,0.06293364370336688,True,True,2022-02-05
2022-02-07,MOCK2,886322,0.0825111079656496,True,True,2022-02-08
2022-02-08,MOCK2,152669,0.02119302193893626,True,True,2022-02-09
2022-02-09,MOCK2,889931,0.09241814652771504,True,True,2022-02-10
2022-02-10,MOCK2,646538,0.08289888246765838,True,True,2022-02-11
2022-02-11,MOCK2,388516,0.09451611051333837,True,True,2022-02-12
2022-02-14,MOCK2,549233,0.12713305593498775,True,True,2022-02-15
2022-02-15,MOCK2,604461,0.12044185617157632,True,True,2022-02-16
2022-02-16,MOCK2,105673,0.08777421159180478,True,True,2022-02-17
2022-02-17,MOCK2,56708,0.13810939681139517,True,True,2022-02-18
2022-02-18,MOCK2,361322,0.06403922811224383,True,True,2022-02-19
2022-02-21,MOCK2,624461,0.016357019371196758,True,True,2022-02-22
2022-02-22,MOCK2,149711,0.05015024981648468,True,True,2022-02-23
2022-02-23,MOCK2,180959,0.1085956136439069,True,True,2022-02-24
2022-02-24,MOCK2,736669,0.05069728414235633,True,True,2022-02-25
2022-02-25,MOCK2,128953,0.05638086629144185,True,True,2022-02-26
2022-02-28,MOCK2,354665,0.07011439522967977,True,True,2022-03-01
2022-03-01,MOCK2,243719,0.12678762358968215,True,True,2022-03-02
2022-03-02,MOCK2,920963,0.0472586044622256,True,True,2022-03-03
2022-03-03,MOCK2,822589,0.011512553580108139,True,True,2022-03-04
2022-03-04,MOCK2,875649,0.13031833407167173,True,True,2022-03-05
2022-03-07,MOCK2,874958,0.06605730645393307,True,True,2022-03-08
2022-03-08,MOCK2,810637,0.05952970261129059,True,True,2022-03-09
2022-03-09,MOCK2,232276,0.03492903698685757,True,True,2022-03-10
2022-03-10,MOCK2,433159,0.04694854483118348,True,True,2022-03-11
2022-03-11,MOCK2,391298,0.14192513727740477,True,True,2022-03-12
2022-03-14,MOCK2,170549,0.1073827169797008,True,True,2022-03-15
2022-03-15,MOCK2,800303,0.031095422555768318,True,True,2022-03-16
2022-03-16,MOCK2,623869,0.13852457004012253,True,True,2022-03-17
2022-03-17,MOCK2,412911,0.022816096062817294,True,True,2022-03-18
2022-03-18,MOCK2,775927,0.11623016658504666,True,True,2022-03-19
2022-03-21,MOCK2,641068,0.0890704456617204,True,True,2022-03-22
2022-03-22,MOCK2,406852,0.14215697293799057,True,True,2022-03-23
2022-03-23,MOCK2,242474,0.1080769320820303,True,True,2022-03-24
2022-03-24,MOCK2,344441,0.06510976265684905,True,True,2022-03-25
2022-03-25,MOCK2,757132,0.01701917529873083,True,True,2022-03-26
2022-03-28,MOCK2,955603,0.044118735783165566,True,True,2022-03-29
2022-03-29,MOCK2,151765,0.06689072055391636,True,True,2022-03-30
2022-03-30,MOCK2,991485,0.03925732982795678,True,True,2022-03-31
2022-03-31,MOCK2,105575,0.0772906653784758,True,True,2022-04-01
2022-04-01,MOCK2,896978,0.13254755584073546,True,True,2022-04-02
2022-04-04,MOCK2,625581,0.13524335937486634,True,True,2022-04-05
2022-04-05,MOCK2,860116,0.09696091980272403,True,True,2022-04-06
2022-04-06,MOCK2,861562,0.10618684164246002,True,True,2022-04-07
2022-04-07,MOCK2,141863,0.030009117621467594,True,True,2022-04-08
2022-04-08,MOCK2,71370,0.042741937119907356,True,True,2022-04-09
2022-04-11,MOCK2,584437,0.04802318260264626,True,True,2022-04-12
2022-04-12,MOCK2,478882,0.06508687301526773,True,True,2022-04-13
2022-04-13,MOCK2,125794,0.13342268167778332,True,True,2022-04-14
2022-04-14,MOCK2,135151,0.06572087245506636,True,True,2022-04-15
2022-04-15,MOCK2,822952,0.08480697422392643,True,True,2022-04-16
2022-04-18,MOCK2,808214,0.0601730486516937,True,True,2022-04-19
2022-04-19,MOCK2,283302,0.0307115991708463,True,True,2022-04-20
2022-04-20,MOCK2,821216,0.022332447599214232,True,True,2022-04-21
2022-04-21,MOCK2,635558,0.11422686367514573,True,True,2022-04-22
2022-04-22,MOCK2,401464,0.09850132152161448,True,True,2022-04-23
2022-04-25,MOCK2,43682,0.07162788559256172,True,True,2022-04-26
2022-04-26,MOCK2,52536,0.1306475697525836,True,True,2022-04-27
2022-04-27,MOCK2,310388,0.1455539075488696,True,True,2022-04-28
2022-04-28,MOCK2,724372,0.031075333869585664,True,True,2022-04-29
2022-04-29,MOCK2,809729,0.12945481078227478,True,True,2022-04-30
2022-05-02,MOCK2,283408,0.030199789962354194,True,True,2022-05-03
2022-05-03,MOCK2,251739,0.06225723282202373,True,True,2022-05-04
2022-05-04,MOCK2,409509,0.010665753509179,True,True,2022-05-05
2022-05-05,MOCK2,83828,0.10531156779989694,True,True,2022-05-06
2022-05-06,MOCK2,347297,0.06075982328575511,True,True,2022-05-07
2022-05-09,MOCK2,417338,0.0371956422791996,True,True,2022-05-10
2022-05-10,MOCK2,233493,0.026324651668240835,True,True,2022-05-11
2022-05-11,MOCK2,388607,0.09617658782680193,True,True,2022-05-12
2022-05-12,MOCK2,85944,0.149502156168001,True,True,2022-05-13
2022-05-13,MOCK2,838693,0.14673082877311266,True,True,2022-05-14
2022-05-16,MOCK2,773949,0.12231283638592864,True,True,2022-05-17
2022-05-17,MOCK2,541614,0.03082893416286802,True,True,2022-05-18
2022-05-18,MOCK2,309836,0.14695675085052495,True,True,2022-05-19
2022-05-19,MOCK2,704335,0.13690559303825284,True,True,2022-05-20
2022-05-20,MOCK2,525196,0.05740156860605909,True,True,2022-05-21
2022-05-23,MOCK2,647333,0.10158430098236076,True,True,2022-05-24
2022-05-24,MOCK2,806134,0.0793414180363683,True,True,2022-05-25
2022-05-25,MOCK2,504162,0.14905620465103714,True,True,2022-05-26
2022-05-26,MOCK2,320297,0.13030911303419654,True,True,2022-05-27
2022-05-27,MOCK2,584777,0.017097392032936316,True,True,2022-05-28
2022-05-30,MOCK2,818558,0.14545375546441627,True,True,2022-05-31
2022-05-31,MOCK2,660181,0.07669032110262168,True,True,2022-06-01
2022-06-01,MOCK2,356596,0.13779760458025872,True,True,2022-06-02
2022-06-02,MOCK2,356634,0.08096621281861834,True,True,2022-06-03
2022-06-03,MOCK2,225795,0.05837493762943135,True,True,2022-06-04
2022-06-06,MOCK2,151337,0.024431703535450537,True,True,2022-06-07
2022-06-07,MOCK2,908784,0.06295650372384434,True,True,2022-06-08
2022-06-08,MOCK2,643235,0.0904931427582427,True,True,2022-06-09
2022-06-09,MOCK2,329945,0.12592884683757238,True,True,2022-06-10
2022-06-10,MOCK2,466237,0.04787174721419487,True,True,2022-06-11
2022-06-13,MOCK2,887236,0.0232858317705991,True,True,2022-06-14
2022-06-14,MOCK2,397404,0.08753403360480938,True,True,2022-06-15
2022-06-15,MOCK2,790987,0.05791485374313233,True,True,2022-06-16
2022-06-16,MOCK2,572192,0.11711658958417391,True,True,2022-06-17
2022-06-17,MOCK2,883243,0.12681129564617408,True,True,2022-06-18
2022-06-20,MOCK2,177770,0.08797445763184673,True,True,2022-06-21
2022-06-21,MOCK2,399492,0.12062342946763993,True,True,2022-06-22
2022-06-22,MOCK2,448603,0.10590014861447417,True,True,2022-06-23
2022-06-23,MOCK2,620671,0.012549149425116434,True,True,2022-06-24
2022-06-24,MOCK2,462374,0.11800944735500778,True,True,2022-06-25
2022-06-27,MOCK2,430917,0.1114830119441076,True,True,2022-06-28
2022-06-28,MOCK2,285056,0.06812874451062122,True,True,2022-06-29
2022-06-29,MOCK2,789858,0.13653407983131757,True,True,2022-06-30
2022-06-30,MOCK2,767766,0.061161148479698446,True,True,2022-07-01
2022-07-01,MOCK2,118259,0.012678580295621513,True,True,2022-07-02
2022-07-04,MOCK2,653301,0.04722764067898948,True,True,2022-07-05
2022-07-05,MOCK2,630729,0.038005497445778844,True,True,2022-07-06
2022-07-06,MOCK2,254763,0.045415439228122474,True,True,2022-07-07
2022-07-07,MOCK2,546571,0.027026689156630063,True,True,2022-07-08
2022-07-08,MOCK2,349485,0.07286998796948813,True,True,2022-07-09
2022-07-11,MOCK2,766528,0.07524380894334286,True,True,2022-07-12
2022-07-12,MOCK2,745941,0.08685965229778515,True,True,2022-07-13
2022-07-13,MOCK2,622448,0.11820928289213217,True,True,2022-07-14
2022-07-14,MOCK2,151254,0.1200285644621375,True,True,2022-07-15
2022-07-15,MOCK2,543513,0.08615685552467282,True,True,2022-07-16
2022-07-18,MOCK2,692030,0.12607642567861044,True,True,2022-07-19
2022-07-19,MOCK2,550346,0.07285249295790287,True,True,2022-07-20
2022-07-20,MOCK2,707544,0.059544091310781526,True,True,2022-07-21
2022-07-21,MOCK2,757424,0.14827302159594546,True,True,2022-07-22
2022-07-22,MOCK2,186835,0.07124708551497635,True,True,2022-07-23
2022-07-25,MOCK2,716858,0.07651341098353966,True,True,2022-07-26
2022-07-26,MOCK2,130439,0.049714067173479995,True,True,2022-07-27
2022-07-27,MOCK2,392344,0.1147249337148219,True,True,2022-07-28
2022-07-28,MOCK2,575816,0.1493462889194041,True,True,2022-07-29
2022-07-29,MOCK2,856680,0.09173303328309433,True,True,2022-07-30
2022-08-01,MOCK2,63756,0.060270817348437464,True,True,2022-08-02
2022-08-02,MOCK2,255865,0.12292149465650418,True,True,2022-08-03
2022-08-03,MOCK2,929184,0.1107898861726219,True,True,2022-08-04
2022-08-04,MOCK2,97523,0.010727681573731962,True,True,2022-08-05
2022-08-05,MOCK2,780151,0.07194105807629779,True,True,2022-08-06
2022-08-08,MOCK2,570729,0.04457402760683711,True,True,2022-08-09
2022-08-09,MOCK2,322332,0.10291586270557757,True,True,2022-08-10
2022-08-10,MOCK2,48958,0.11270043111024497,True,True,2022-08-11
2022-08-11,MOCK2,175103,0.028008035086946055,True,True,2022-08-12
2022-08-12,MOCK2,612891,0.12120371389617919,True,True,2022-08-13
2022-08-15,MOCK2,927340,0.07462925742031577,True,True,2022-08-16
2022-08-16,MOCK2,301513,0.06516578928395331,True,True,2022-08-17
2022-08-17,MOCK2,439320,0.07095469759248993,True,True,2022-08-18
2022-08-18,MOCK2,258810,0.13422373003051727,True,True,2022-08-19
2022-08-19,MOCK2,758479,0.028588712528631155,True,True,2022-08-20
2022-08-22,MOCK2,122992,0.06572109782494284,True,True,2022-08-23
2022-08-23,MOCK2,978323,0.06232323753613242,True,True,2022-08-24
2022-08-24,MOCK2,279876,0.10286454304514742,True,True,2022-08-25
2022-08-25,MOCK2,459897,0.08891355713652926,True,True,2022-08-26
2022-08-26,MOCK2,963515,0.10621487324252298,True,True,2022-08-27
2022-08-29,MOCK2,157179,0.0966584325503524,True,True,2022-08-30
2022-08-30,MOCK2,509032,0.09835430071360253,True,True,2022-08-31
2022-08-31,MOCK2,662555,0.11678367872483508,True,True,2022-09-01
2022-09-01,MOCK2,625061,0.12673426496928797,True,True,2022-09-02
2022-09-02,MOCK2,558127,0.11784599116852315,True,True,2022-09-03
2022-09-05,MOCK2,628046,0.06365279078623187,True,True,2022-09-06
2022-09-06,MOCK2,825217,0.12240163091677977,True,True,2022-09-07
2022-09-07,MOCK2,496139,0.029454334605064345,True,True,2022-09-08
2022-09-08,MOCK2,847869,0.05732775377052204,True,True,2022-09-09
2022-09-09,MOCK2,515563,0.07863614398594994,True,True,2022-09-10
2022-09-12,MOCK2,606028,0.08787178185792395,True,True,2022-09-13
2022-09-13,MOCK2,124763,0.13456886516286112,True,True,2022-09-14
2022-09-14,MOCK2,711586,0.08669207183744522,True,True,2022-09-15
2022-09-15,MOCK2,295959,0.034172146799613626,True,True,2022-09-16
2022-09-16,MOCK2,960666,0.13790975281687873,True,True,2022-09-17
2022-09-19,MOCK2,164355,0.13091181615147332,True,True,2022-09-20
2022-09-20,MOCK2,421803,0.0776327891259885,True,True,2022-09-21
2022-09-21,MOCK2,211349,0.07832956191335896,True,True,2022-09-22
2022-09-22,MOCK2,840065,0.05041094215623416,True,True,2022-09-23
2022-09-23,MOCK2,417716,0.09747219115250057,True,True,2022-09-24
2022-09-26,MOCK2,873782,0.08295321835257213,True,True,2022-09-27
2022-09-27,MOCK2,714919,0.10633733980290977,True,True,2022-09-28
2022-09-28,MOCK2,780968,0.09554098690795795,True,True,2022-09-29
2022-09-29,MOCK2,29304,0.08544748733608087,True,True,2022-09-30
2022-09-30,MOCK2,12643,0.05067615031120011,True,True,2022-10-01
2022-10-03,MOCK2,137480,0.149761935982741,True,True,2022-10-04
2022-10-04,MOCK2,393558,0.12905228946323263,True,True,2022-10-05
2022-10-05,MOCK2,437799,0.12919033819771292,True,True,2022-10-06
2022-10-06,MOCK2,762301,0.14118412647342501,True,True,2022-10-07
2022-10-07,MOCK2,102020,0.09520451994348772,True,True,2022-10-08
2022-10-10,MOCK2,621906,0.040217541211385245,True,True,2022-10-11
2022-10-11,MOCK2,125705,0.10462970523875685,True,True,2022-10-12
2022-10-12,MOCK2,984899,0.07824135999283298,True,True,2022-10-13
2022-10-13,MOCK2,92137,0.02174051864233853,True,True,2022-10-14
2022-10-14,MOCK2,87024,0.058554133635200456,True,True,2022-10-15
2022-10-17,MOCK2,942887,0.11973170446887374,True,True,2022-10-18
2022-10-18,MOCK2,373148,0.04307987308745602,True,True,2022-10-19
2022-10-19,MOCK2,261951,0.06775471167384695,True,True,2022-10-20
2022-10-20,MOCK2,547494,0.0489819452782792,True,True,2022-10-21
2022-10-21,MOCK2,586098,0.09807307982091935,True,True,2022-10-22
2022-10-24,MOCK2,78392,0.04823201777349336,True,True,2022-10-25
2022-10-25,MOCK2,585391,0.051284948251794665,True,True,2022-10-26
2022-10-26,MOCK2,841324,0.13598419167196507,True,True,2022-10-27
2022-10-27,MOCK2,69592,0.13465905084766688,True,True,2022-10-28
2022-10-28,MOCK2,516495,0.14334154029815835,True,True,2022-10-29
2022-10-31,MOCK2,775676,0.04585975714795738,True,True,2022-11-01
2022-11-01,MOCK2,336462,0.0874401082484359,True,True,2022-11-02
2022-11-02,MOCK2,800912,0.14951727993971714,True,True,2022-11-03
2022-11-03,MOCK2,747001,0.12104232013080563,True,True,2022-11-04
2022-11-04,MOCK2,623744,0.1277884946460489,True,True,2022-11-05
2022-11-07,MOCK2,891648,0.015117641937291863,True,True,2022-11-08
2022-11-08,MOCK2,203748,0.13896046958519317,True,True,2022-11-09
2022-11-09,MOCK2,897297,0.11106703671304204,True,True,2022-11-10
2022-11-10,MOCK2,967072,0.042266097913992245,True,True,2022-11-11
2022-11-11,MOCK2,760285,0.04411575866509555,True,True,2022-11-12
2022-11-14,MOCK2,838795,0.07651494027734668,True,True,2022-11-15
2022-11-15,MOCK2,317146,0.09167893155391668,True,True,2022-11-16
2022-11-16,MOCK2,577128,0.025161166696863406,True,True,2022-11-17
2022-11-17,MOCK2,191352,0.09999115490836094,True,True,2022-11-18
2022-11-18,MOCK2,38208,0.13916593444771092,True,True,2022-11-19
2022-11-21,MOCK2,83444,0.09719237480870715,True,True,2022-11-22
2022-11-22,MOCK2,65674,0.13514976219445163,True,True,2022-11-23
2022-11-23,MOCK2,88393,0.14917654866485222,True,True,2022-11-24
2022-11-24,MOCK2,972485,0.021787874359999876,True,True,2022-11-25
2022-11-25,MOCK2,40972,0.12747403225400686,True,True,2022-11-26
2022-11-28,MOCK2,908809,0.06571883762465533,True,True,2022-11-29
2022-11-29,MOCK2,831980,0.12419097317231036,True,True,2022-11-30
2022-11-30,MOCK2,658132,0.03554821677626567,True,True,2022-12-01
2022-12-01,MOCK2,657536,0.09960527291495629,True,True,2022-12-02
2022-12-02,MOCK2,352565,0.1382534744827467,True,True,2022-12-03
2022-12-05,MOCK2,960402,0.0766946554538727,True,True,2022-12-06
2022-12-06,MOCK2,766705,0.07941215182759584,True,True,2022-12-07
2022-12-07,MOCK2,652943,0.033650853153626176,True,True,2022-12-08
2022-12-08,MOCK2,312570,0.09006299994812722,True,True,2022-12-09
2022-12-09,MOCK2,870353,0.07414768561629449,True,True,2022-12-10
2022-12-12,MOCK2,654502,0.055561980790123734,True,True,2022-12-13
2022-12-13,MOCK2,171488,0.10723681292984705,True,True,2022-12-14
2022-12-14,MOCK2,927104,0.12834405989851716,True,True,2022-12-15
2022-12-15,MOCK2,993504,0.1347219615627344,True,True,2022-12-16
2022-12-16,MOCK2,272865,0.06940340956516086,True,True,2022-12-17
2022-12-19,MOCK2,552953,0.0897774060703532,True,True,2022-12-20
2022-12-20,MOCK2,756072,0.09890151016933715,True,True,2022-12-21
2022-12-21,MOCK2,383528,0.02170216667666111,True,True,2022-12-22
2022-12-22,MOCK2,774683,0.09962429585755567,True,True,2022-12-23
2022-12-23,MOCK2,509571,0.11942540433922579,True,True,2022-12-24
2022-12-26,MOCK2,621181,0.02949966498839624,True,True,2022-12-27
2022-12-27,MOCK2,432147,0.12840145544715673,True,True,2022-12-28
2022-12-28,MOCK2,84430,0.08995488800130891,True,True,2022-12-29
2022-12-29,MOCK2,424702,0.04535119739743032,True,True,2022-12-30
2022-12-30,MOCK2,512261,0.06022660303803323,True,True,2022-12-31
2023-01-02,MOCK2,283612,0.07623059691384526,True,True,2023-01-03
2023-01-03,MOCK2,183655,0.14965737495139805,True,True,2023-01-04
2023-01-04,MOCK2,679164,0.1002029015995851,True,True,2023-01-05
2023-01-05,MOCK2,488008,0.10334854482679817,True,True,2023-01-06
2023-01-06,MOCK2,143843,0.14001165650612193,True,True,2023-01-07
2023-01-09,MOCK2,393812,0.023689307162513176,True,True,2023-01-10
2023-01-10,MOCK2,8210,0.048382154050891524,True,True,2023-01-11
2023-01-11,MOCK2,984138,0.011849545276135989,True,True,2023-01-12
2023-01-12,MOCK2,604091,0.024189816213023758,True,True,2023-01-13
2023-01-13,MOCK2,153652,0.027791593312081364,True,True,2023-01-14
2023-01-16,MOCK2,562968,0.020259070121094375,True,True,2023-01-17
2023-01-17,MOCK2,579080,0.12107674839245175,True,True,2023-01-18
2023-01-18,MOCK2,959369,0.11581110107154965,True,True,2023-01-19
2023-01-19,MOCK2,393291,0.0255992673431912,True,True,2023-01-20
2023-01-20,MOCK2,247292,0.11047970769989794,True,True,2023-01-21
2023-01-23,MOCK2,596480,0.10343131399620736,True,True,2023-01-24
2023-01-24,MOCK2,672658,0.09844776036261331,True,True,2023-01-25
2023-01-25,MOCK2,742518,0.012009529566850497,True,True,2023-01-26
2023-01-26,MOCK2,594317,0.010814901110547684,True,True,2023-01-27
2023-01-27,MOCK2,111686,0.021433752442266127,True,True,2023-01-28
2023-01-30,MOCK2,704460,0.07303596257141574,True,True,2023-01-31
2023-01-31,MOCK2,589482,0.0356340506351672,True,True,2023-02-01
2023-02-01,MOCK2,753212,0.025879286229435063,True,True,2023-02-02
2023-02-02,MOCK2,28390,0.09384674379733375,True,True,2023-02-03
2023-02-03,MOCK2,570554,0.012465800152791607,True,True,2023-02-04
2023-02-06,MOCK2,985516,0.06936983223821541,True,True,2023-02-07
2023-02-07,MOCK2,16254,0.13674607436688058,True,True,2023-02-08
2023-02-08,MOCK2,132961,0.036712411781235875,True,True,2023-02-09
2023-02-09,MOCK2,364738,0.08955773636218388,True,True,2023-02-10
2023-02-10,MOCK2,588407,0.10195865666865946,True,True,2023-02-11
2023-02-13,MOCK2,755047,0.07539630967539665,True,True,2023-02-14
2023-02-14,MOCK2,800569,0.13172678605054006,True,True,2023-02-15
2023-02-15,MOCK2,615184,0.08260494352827848,True,True,2023-02-16
2023-02-16,MOCK2,938457,0.1360454964408978,True,True,2023-02-17
2023-02-17,MOCK2,316672,0.025464772709115978,True,True,2023-02-18
2023-02-20,MOCK2,121199,0.12844156761703315,True,True,2023-02-21
2023-02-21,MOCK2,338569,0.08585058012126734,True,True,2023-02-22
2023-02-22,MOCK2,760204,0.1277961472299313,True,True,2023-02-23
2023-02-23,MOCK2,719198,0.04229950646750431,True,True,2023-02-24
2023-02-24,MOCK2,267472,0.12141985012969239,True,True,2023-02-25
2023-02-27,MOCK2,786843,0.13812534843611776,True,True,2023-02-28
2023-02-28,MOCK2,105545,0.1300426762666953,True,True,2023-03-01
2023-03-01,MOCK2,843755,0.10869400524348305,True,True,2023-03-02
2023-03-02,MOCK2,541899,0.1352426373223157,True,True,2023-03-03
2023-03-03,MOCK2,936691,0.1464115973766275,True,True,2023-03-04
2023-03-06,MOCK2,991987,0.13707634374140948,True,True,2023-03-07
2023-03-07,MOCK2,418548,0.017210390724518288,True,True,2023-03-08
2023-03-08,MOCK2,807732,0.1035479750962542,True,True,2023-03-09
2023-03-09,MOCK2,126727,0.0685493054701248,True,True,2023-03-10
2023-03-10,MOCK2,313731,0.1450481949570469,True,True,2023-03-11
2023-03-13,MOCK2,617631,0.014334063004485711,True,True,2023-03-14
2023-03-14,MOCK2,118910,0.057711590479715365,True,True,2023-03-15
2023-03-15,MOCK2,363402,0.10654004674507912,True,True,2023-03-16
2023-03-16,MOCK2,489358,0.09320331030756925,True,True,2023-03-17
2023-03-17,MOCK2,728327,0.11416752853428797,True,True,2023-03-18
2023-03-20,MOCK2,677943,0.12413131317133706,True,True,2023-03-21
2023-03-21,MOCK2,467920,0.13508433278042128,True,True,2023-03-22
2023-03-22,MOCK2,443558,0.031120988691752206,True,True,2023-03-23
2023-03-23,MOCK2,283322,0.0189017067473797,True,True,2023-03-24
2023-03-24,MOCK2,273235,0.03632529431276098,True,True,2023-03-25
2023-03-27,MOCK2,11825,0.06098586638997072,True,True,2023-03-28
2023-03-28,MOCK2,32770,0.08575731180278959,True,True,2023-03-29
2023-03-29,MOCK2,740788,0.05551398752408928,True,True,2023-03-30
2023-03-30,MOCK2,483971,0.0515144965293983,True,True,2023-03-31
2023-03-31,MOCK2,116182,0.14192232816696765,True,True,2023-04-01
2023-04-03,MOCK2,440645,0.02090094549667288,True,True,2023-04-04
2023-04-04,MOCK2,480530,0.015397255445855034,True,True,2023-04-05
2023-04-05,MOCK2,238598,0.08994393463048297,True,True,2023-04-06
2023-04-06,MOCK2,157724,0.09049559477151714,True,True,2023-04-07
2023-04-07,MOCK2,282888,0.060238406686536135,True,True,2023-04-08
2023-04-10,MOCK2,966612,0.11573484546972627,True,True,2023-04-11
2023-04-11,MOCK2,123300,0.13155192606730426,True,True,2023-04-12
2023-04-12,MOCK2,950124,0.09040341240670668,True,True,2023-04-13
2023-04-13,MOCK2,52209,0.11723242078318084,True,True,2023-04-14
2023-04-14,MOCK2,559120,0.10465373559311567,True,True,2023-04-15
2023-04-17,MOCK2,550359,0.12150509915002089,True,True,2023-04-18
2023-04-18,MOCK2,258426,0.0856221828207608,True,True,2023-04-19
2023-04-19,MOCK2,266699,0.12851896308110514,True,True,2023-04-20
2023-04-20,MOCK2,936360,0.14584507594049992,True,True,2023-04-21
2023-04-21,MOCK2,851810,0.05279884844192903,True,True,2023-04-22
2023-04-24,MOCK2,682241,0.13772591301187426,True,True,2023-04-25
2023-04-25,MOCK2,3001,0.09168927139578732,True,True,2023-04-26
2023-04-26,MOCK2,921051,0.09225168187347485,True,True,2023-04-27
2023-04-27,MOCK2,498073,0.12930043621559417,True,True,2023-04-28
2023-04-28,MOCK2,493910,0.08743618081997168,True,True,2023-04-29
2023-05-01,MOCK2,558810,0.12339704860793457,True,True,2023-05-02
2023-05-02,MOCK2,899121,0.061490757987180185,True,True,2023-05-03
2023-05-03,MOCK2,696661,0.11448578261879543,True,True,2023-05-04
2023-05-04,MOCK2,465332,0.057371937266372734,True,True,2023-05-05
2023-05-05,MOCK2,672085,0.03273006098363995,True,True,2023-05-06
2023-05-08,MOCK2,749055,0.10249756650451448,True,True,2023-05-09
2023-05-09,MOCK2,394006,0.13787468314373655,True,True,2023-05-10
2023-05-10,MOCK2,253089,0.05423974278250062,True,True,2023-05-11
2023-05-11,MOCK2,187795,0.02483539587404596,True,True,2023-05-12
2023-05-12,MOCK2,962394,0.08581001980893643,True,True,2023-05-13
2023-05-15,MOCK2,864040,0.14876925716834138,True,True,2023-05-16
2023-05-16,MOCK2,995776,0.14825545818778255,True,True,2023-05-17
2023-05-17,MOCK2,234039,0.09514610895393749,True,True,2023-05-18
2023-05-18,MOCK2,294824,0.0520989598858565,True,True,2023-05-19
2023-05-19,MOCK2,951968,0.12781850050831384,True,True,2023-05-20
2023-05-22,MOCK2,368162,0.06580899001074657,True,True,2023-05-23
2023-05-23,MOCK2,238059,0.11961452339308942,True,True,2023-05-24
2023-05-24,MOCK2,808028,0.12666601088772828,True,True,2023-05-25
2023-05-25,MOCK2,353397,0.07597981297356204,True,True,2023-05-26
2023-05-26,MOCK2,974850,0.04949413305828932,True,True,2023-05-27
2023-05-29,MOCK2,664311,0.07239700375637492,True,True,2023-05-30
2023-05-30,MOCK2,146584,0.046477055025099065,True,True,2023-05-31
2023-05-31,MOCK2,894347,0.06723864959582924,True,True,2023-06-01
2023-06-01,MOCK2,864117,0.146343722787221,True,True,2023-06-02
2023-06-02,MOCK2,972163,0.07625528522072288,True,True,2023-06-03
2023-06-05,MOCK2,871002,0.050151525394474324,True,True,2023-06-06
2023-06-06,MOCK2,55054,0.1398514393969451,True,True,2023-06-07
2023-06-07,MOCK2,641141,0.09342124942134652,True,True,2023-06-08
2023-06-08,MOCK2,558374,0.035316660292307796,True,True,2023-06-09
2023-06-09,MOCK2,741433,0.053433056304829134,True,True,2023-06-10
2023-06-12,MOCK2,51782,0.049288752369014005,True,True,2023-06-13
2023-06-13,MOCK2,136223,0.022819030981891142,True,True,2023-06-14
2023-06-14,MOCK2,20136,0.11072702336362669,True,True,2023-06-15
2023-06-15,MOCK2,649269,0.08534634402257309,True,True,2023-06-16
2023-06-16,MOCK2,916111,0.021168944130847897,True,True,2023-06-17
2023-06-19,MOCK2,122312,0.1045839336739538,True,True,2023-06-20
2023-06-20,MOCK2,410720,0.0567363386969341,True,True,2023-06-21
2023-06-21,MOCK2,315441,0.09534608636404587,True,True,2023-06-22
2023-06-22,MOCK2,964124,0.11584745562146471,True,True,2023-06-23
2023-06-23,MOCK2,979951,0.03836541098904596,True,True,2023-06-24
2023-06-26,MOCK2,224926,0.0809240336238177,True,True,2023-06-27
2023-06-27,MOCK2,635955,0.045988649706056706,True,True,2023-06-28
2023-06-28,MOCK2,485760,0.04445462771154888,True,True,2023-06-29
2023-06-29,MOCK2,537272,0.05326723578873526,True,True,2023-06-30
2023-06-30,MOCK2,2026,0.10436930794512009,True,True,2023-07-01
2023-07-03,MOCK2,156654,0.023810200117975862,True,True,2023-07-04
2023-07-04,MOCK2,310438,0.06785026328268133,True,True,2023-07-05
2023-07-05,MOCK2,893426,0.06230456284469125,True,True,2023-07-06
2023-07-06,MOCK2,627869,0.13461112566559075,True,True,2023-07-07
2023-07-07,MOCK2,204203,0.022494660741790427,True,True,2023-07-08
2023-07-10,MOCK2,198698,0.1260898303928174,True,True,2023-07-11
2023-07-11,MOCK2,252414,0.029461238460886316,True,True,2023-07-12
2023-07-12,MOCK2,525931,0.09775636102552797,True,True,2023-07-13
2023-07-13,MOCK2,336906,0.12002226341625914,True,True,2023-07-14
2023-07-14,MOCK2,11527,0.11116959790885433,True,True,2023-07-15
2023-07-17,MOCK2,44002,0.14463958028570825,True,True,2023-07-18
2023-07-18,MOCK2,126370,0.14857219741383892,True,True,2023-07-19
2023-07-19,MOCK2,573115,0.01565496620612622,True,True,2023-07-20
2023-07-20,MOCK2,817793,0.031917279447839876,True,True,2023-07-21
2023-07-21,MOCK2,121510,0.01594788995474266,True,True,2023-07-22
2023-07-24,MOCK2,638812,0.09826575021422104,True,True,2023-07-25
2023-07-25,MOCK2,907696,0.055141306443792504,True,True,2023-07-26
2023-07-26,MOCK2,858928,0.09473854990073605,True,True,2023-07-27
2023-07-27,MOCK2,231637,0.12612459712121593,True,True,2023-07-28
2023-07-28,MOCK2,889061,0.03685803466316131,True,True,2023-07-29
2023-07-31,MOCK2,273989,0.055625041973957186,True,True,2023-08-01
2023-08-01,MOCK2,352946,0.07517278074241594,True,True,2023-08-02
2023-08-02,MOCK2,272616,0.13039167905578333,True,True,2023-08-03
2023-08-03,MOCK2,785905,0.042580783979156094,True,True,2023-08-04
2023-08-04,MOCK2,415154,0.022432095114647298,True,True,2023-08-05
2023-08-07,MOCK2,625258,0.032966405049883366,True,True,2023-08-08
2023-08-08,MOCK2,537502,0.1431504953138839,True,True,2023-08-09
2023-08-09,MOCK2,690549,0.044484232517320525,True,True,2023-08-10
2023-08-10,MOCK2,766912,0.06079020702988058,True,True,2023-08-11
2023-08-11,MOCK2,374729,0.06377971234984145,True,True,2023-08-12
2023-08-14,MOCK2,505726,0.12114774058096739,True,True,2023-08-15
2023-08-15,MOCK2,847473,0.09096509063503302,True,True,2023-08-16
2023-08-16,MOCK2,804548,0.025477619121231282,True,True,2023-08-17
2023-08-17,MOCK2,253794,0.0182946064238276,True,True,2023-08-18
2023-08-18,MOCK2,304612,0.010050394385054083,True,True,2023-08-19
2023-08-21,MOCK2,619963,0.0691378197920518,True,True,2023-08-22
2023-08-22,MOCK2,24062,0.10440542797318196,True,True,2023-08-23
2023-08-23,MOCK2,684882,0.07990126364537797,True,True,2023-08-24
2023-08-24,MOCK2,761369,0.1421515326570496,True,True,2023-08-25
2023-08-25,MOCK2,462586,0.1195835107874583,True,True,2023-08-26
2023-08-28,MOCK2,871199,0.04099997126754744,True,True,2023-08-29
2023-08-29,MOCK2,810098,0.07068102845613318,True,True,2023-08-30
2023-08-30,MOCK2,575740,0.05024789271669814,True,True,2023-08-31
2023-08-31,MOCK2,114887,0.11436858010728006,True,True,2023-09-01
2023-09-01,MOCK2,458560,0.12690485866265297,True,True,2023-09-02
2023-09-04,MOCK2,878466,0.05824433424161318,True,True,2023-09-05
2023-09-05,MOCK2,774061,0.08967863661330891,True,True,2023-09-06
2023-09-06,MOCK2,572915,0.019323150019065358,True,True,2023-09-07
2023-09-07,MOCK2,423781,0.08673844353745092,True,True,2023-09-08
2023-09-08,MOCK2,674921,0.13047586747078277,True,True,2023-09-09
2023-09-11,MOCK2,737918,0.07080726107439551,True,True,2023-09-12
2023-09-12,MOCK2,38573,0.08396889982389133,True,True,2023-09-13
2023-09-13,MOCK2,213852,0.028585658517507058,True,True,2023-09-14
2023-09-14,MOCK2,977872,0.024875299219885457,True,True,2023-09-15
2023-09-15,MOCK2,315730,0.13075889709511623,True,True,2023-09-16
2023-09-18,MOCK2,732198,0.13495522256108833,True,True,2023-09-19
2023-09-19,MOCK2,353705,0.12544719020569714,True,True,2023-09-20
2023-09-20,MOCK2,363962,0.06985123167970417,True,True,2023-09-21
2023-09-21,MOCK2,783567,0.016386773113518,True,True,2023-09-22
2023-09-22,MOCK2,637688,0.023190537218327013,True,True,2023-09-23
2023-09-25,MOCK2,852282,0.11834298716094752,True,True,2023-09-26
2023-09-26,MOCK2,91374,0.026566332330501596,True,True,2023-09-27
2023-09-27,MOCK2,475745,0.07358058071704132,True,True,2023-09-28
2023-09-28,MOCK2,465830,0.061062763613134216,True,True,2023-09-29
2023-09-29,MOCK2,481427,0.01877292050592131,True,True,2023-09-30
2023-10-02,MOCK2,861606,0.0997445608937092,True,True,2023-10-03
2023-10-03,MOCK2,871513,0.06963691068097436,True,True,2023-10-04
2023-10-04,MOCK2,181790,0.09031884852253615,True,True,2023-10-05
2023-10-05,MOCK2,149641,0.14864348988842757,True,True,2023-10-06
2023-10-06,MOCK2,29916,0.13256760152061808,True,True,2023-10-07
2023-10-09,MOCK2,198868,0.0326862140099749,True,True,2023-10-10
2023-10-10,MOCK2,625740,0.03646717009770924,True,True,2023-10-11
2023-10-11,MOCK2,338601,0.08936158993583362,True,True,2023-10-12
2023-10-12,MOCK2,12351,0.0335688159825449,True,True,2023-10-13
2023-10-13,MOCK2,837623,0.1447427397511194,True,True,2023-10-14
2023-10-16,MOCK2,93030,0.04321992676249711,True,True,2023-10-17
2023-10-17,MOCK2,950188,0.01083091846023898,True,True,2023-10-18
2023-10-18,MOCK2,724684,0.020687420733397327,True,True,2023-10-19
2023-10-19,MOCK2,82358,0.06060530997087831,True,True,2023-10-20
2023-10-20,MOCK2,513212,0.14536431954466378,True,True,2023-10-21
2023-10-23,MOCK2,389842,0.12041565065854386,True,True,2023-10-24
2023-10-24,MOCK2,649129,0.014297890743870757,True,True,2023-10-25
2023-10-25,MOCK2,642972,0.1478769645779283,True,True,2023-10-26
2023-10-26,MOCK2,751058,0.08387555946269407,True,True,2023-10-27
2023-10-27,MOCK2,483281,0.11893818972047496,True,True,2023-10-28
2023-10-30,MOCK2,365966,0.12613237509521502,True,True,2023-10-31
2023-10-31,MOCK2,509548,0.044145971276896734,True,True,2023-11-01
2023-11-01,MOCK2,888053,0.055517173806730616,True,True,2023-11-02
2023-11-02,MOCK2,788717,0.14499506417412691,True,True,2023-11-03
2023-11-03,MOCK2,934501,0.0540636309755981,True,True,2023-11-04
2023-11-06,MOCK2,122249,0.07357612112210554,True,True,2023-11-07
2023-11-07,MOCK2,169576,0.09102754427148473,True,True,2023-11-08
2023-11-08,MOCK2,461493,0.12950745500578886,True,True,2023-11-09
2023-11-09,MOCK2,129401,0.08083665011627808,True,True,2023-11-10
2023-11-10,MOCK2,194316,0.14159983790706732,True,True,2023-11-11
2023-11-13,MOCK2,691252,0.05267047285084798,True,True,2023-11-14
2023-11-14,MOCK2,388448,0.13115143690312195,True,True,2023-11-15
2023-11-15,MOCK2,361697,0.043054610366017855,True,True,2023-11-16
2023-11-16,MOCK2,178934,0.07800743404964884,True,True,2023-11-17
2023-11-17,MOCK2,822220,0.05403458322869459,True,True,2023-11-18
2023-11-20,MOCK2,322911,0.0902695105444879,True,True,2023-11-21
2023-11-21,MOCK2,6237,0.10315585486518088,True,True,2023-11-22
2023-11-22,MOCK2,414099,0.0209877878327134,True,True,2023-11-23
2023-11-23,MOCK2,432522,0.0704166072603104,True,True,2023-11-24
2023-11-24,MOCK2,677458,0.06284082868684886,True,True,2023-11-25
2023-11-27,MOCK2,962667,0.0939097435873288,True,True,2023-11-28
2023-11-28,MOCK2,273080,0.04356448052013885,True,True,2023-11-29
2023-11-29,MOCK2,519668,0.09070436950670978,True,True,2023-11-30
2023-11-30,MOCK2,668830,0.019664203001065896,True,True,2023-12-01
2023-12-01,MOCK2,228884,0.07586889622229813,True,True,2023-12-02
2023-12-04,MOCK2,371597,0.12875183302583332,True,True,2023-12-05
2023-12-05,MOCK2,762053,0.07553915823864095,True,True,2023-12-06
2023-12-06,MOCK2,450852,0.1346298942086865,True,True,2023-12-07
2023-12-07,MOCK2,437134,0.05864225470152557,True,True,2023-12-08
2023-12-08,MOCK2,309609,0.04075369665762888,True,True,2023-12-09
2023-12-11,MOCK2,27361,0.015779559592327956,True,True,2023-12-12
2023-12-12,MOCK2,50174,0.06901143616182535,True,True,2023-12-13
2023-12-13,MOCK2,74922,0.030420406958608995,True,True,2023-12-14
2023-12-14,MOCK2,226394,0.13619941659083332,True,True,2023-12-15
2023-12-15,MOCK2,59243,0.12119342995268544,True,True,2023-12-16
2023-12-18,MOCK2,917781,0.11980685447403458,True,True,2023-12-19
2023-12-19,MOCK2,392223,0.06965781256248761,True,True,2023-12-20
2023-12-20,MOCK2,569853,0.07534900540255274,True,True,2023-12-21
2023-12-21,MOCK2,289633,0.12088664408216213,True,True,2023-12-22
2023-12-22,MOCK2,730216,0.07861828744471765,True,True,2023-12-23
2023-12-25,MOCK2,425157,0.04309821647699184,True,True,2023-12-26
2023-12-26,MOCK2,39178,0.10535894321295688,True,True,2023-12-27
2023-12-27,MOCK2,207096,0.11903569402557775,True,True,2023-12-28
2023-12-28,MOCK2,45260,0.030059437784662996,True,True,2023-12-29
2023-12-29,MOCK2,678528,0.07457793419712226,True,True,2023-12-30
2024-01-01,MOCK2,76535,0.09356186791532958,True,True,2024-01-02
2024-01-02,MOCK2,206844,0.05102433934213196,True,True,2024-01-03
2024-01-03,MOCK2,600752,0.10727781215644999,True,True,2024-01-04
2024-01-04,MOCK2,873782,0.04443868371763497,True,True,2024-01-05
2024-01-05,MOCK2,220040,0.03625913542563762,True,True,2024-01-06
2024-01-08,MOCK2,942519,0.02168059979283782,True,True,2024-01-09
2024-01-09,MOCK2,72100,0.14359161491798147,True,True,2024-01-10
2024-01-10,MOCK2,612243,0.08451155197129646,True,True,2024-01-11
2024-01-11,MOCK2,914218,0.0709233151881722,True,True,2024-01-12
2024-01-12,MOCK2,215296,0.13425033970415617,True,True,2024-01-13
2024-01-15,MOCK2,268860,0.14433031428409435,True,True,2024-01-16
2024-01-16,MOCK2,727451,0.041341293600601396,True,True,2024-01-17
2024-01-17,MOCK2,103208,0.04537593432436218,True,True,2024-01-18
2024-01-18,MOCK2,226034,0.021075745186140575,True,True,2024-01-19
2024-01-19,MOCK2,624439,0.010446129567796005,True,True,2024-01-20
2024-01-22,MOCK2,985962,0.10796372725226071,True,True,2024-01-23
2024-01-23,MOCK2,137744,0.048762929526148226,True,True,2024-01-24
2024-01-24,MOCK2,96,0.10874818087462108,True,True,2024-01-25
2024-01-25,MOCK2,154162,0.044283485719210515,True,True,2024-01-26
2024-01-26,MOCK2,659981,0.0843422431068608,True,True,2024-01-27
2024-01-29,MOCK2,303975,0.06968214355238415,True,True,2024-01-30
2024-01-30,MOCK2,952689,0.12574590567183785,True,True,2024-01-31
2024-01-31,MOCK2,631675,0.011003592971648483,True,True,2024-02-01
2024-02-01,MOCK2,764932,0.08652504694924508,True,True,2024-02-02
2024-02-02,MOCK2,529462,0.07962209566374162,True,True,2024-02-03
2024-02-05,MOCK2,815133,0.044769863563403955,True,True,2024-02-06
2024-02-06,MOCK2,903146,0.12434378971342454,True,True,2024-02-07
2024-02-07,MOCK2,414965,0.01983830892823,True,True,2024-02-08
2024-02-08,MOCK2,384223,0.107211824614315,True,True,2024-02-09
2024-02-09,MOCK2,797168,0.06697863900122276,True,True,2024-02-10
2024-02-12,MOCK2,50719,0.04879079909544947,True,True,2024-02-13
2024-02-13,MOCK2,592148,0.1413949223570098,True,True,2024-02-14
2024-02-14,MOCK2,323381,0.04960588248426656,True,True,2024-02-15
2024-02-15,MOCK2,930237,0.12933009385245237,True,True,2024-02-16
2024-02-16,MOCK2,336339,0.06688530276308975,True,True,2024-02-17
2024-02-19,MOCK2,470143,0.0713668027494294,True,True,2024-02-20
2024-02-20,MOCK2,32659,0.05551620345060518,True,True,2024-02-21
2024-02-21,MOCK2,705714,0.10300382430853368,True,True,2024-02-22
2024-02-22,MOCK2,164957,0.05197355184145282,True,True,2024-02-23
2024-02-23,MOCK2,987676,0.08354385511174903,True,True,2024-02-24
2024-02-26,MOCK2,682253,0.02012748604985838,True,True,2024-02-27
2024-02-27,MOCK2,597120,0.03806554165390476,True,True,2024-02-28
2024-02-28,MOCK2,590551,0.08548780869484753,True,True,2024-02-29
2024-02-29,MOCK2,339528,0.056348785801821566,True,True,2024-03-01
2024-03-01,MOCK2,744649,0.040253998084530826,True,True,2024-03-02
2024-03-04,MOCK2,178044,0.10095158159494089,True,True,2024-03-05
2024-03-05,MOCK2,826850,0.09995015735673429,True,True,2024-03-06
2024-03-06,MOCK2,177473,0.011105154670464409,True,True,2024-03-07
2024-03-07,MOCK2,764594,0.12265406706784271,True,True,2024-03-08
2024-03-08,MOCK2,924902,0.13645056816979073,True,True,2024-03-09
2024-03-11,MOCK2,606374,0.08869094821716719,True,True,2024-03-12
2024-03-12,MOCK2,929861,0.1228574901445807,True,True,2024-03-13
2024-03-13,MOCK2,704994,0.017226221616403987,True,True,2024-03-14
2024-03-14,MOCK2,297608,0.09650376675896581,True,True,2024-03-15
2024-03-15,MOCK2,608748,0.09218910560361174,True,True,2024-03-16
2024-03-18,MOCK2,870830,0.06891491167695193,True,True,2024-03-19
2024-03-19,MOCK2,771821,0.042213977118575156,True,True,2024-03-20
2024-03-20,MOCK2,719383,0.010762667721268434,True,True,2024-03-21
2024-03-21,MOCK2,471351,0.057734154671832474,True,True,2024-03-22
2024-03-22,MOCK2,199315,0.07342027283153235,True,True,2024-03-23
2024-03-25,MOCK2,522082,0.05344017193244507,True,True,2024-03-26
2024-03-26,MOCK2,750520,0.04826171315770375,True,True,2024-03-27
2024-03-27,MOCK2,733601,0.11930611141900055,True,True,2024-03-28
2024-03-28,MOCK2,508053,0.042627027311524075,True,True,2024-03-29
2024-03-29,MOCK2,648637,0.10380743894283102,True,True,2024-03-30
2024-04-01,MOCK2,58613,0.10052822861176085,True,True,2024-04-02
2024-04-02,MOCK2,885952,0.13937081597813678,True,True,2024-04-03
2024-04-03,MOCK2,643222,0.14766153612647698,True,True,2024-04-04
2024-04-04,MOCK2,161971,0.14341225986507553,True,True,2024-04-05
2024-04-05,MOCK2,223,0.05470460377541578,True,True,2024-04-06
2024-04-08,MOCK2,667313,0.06040255514277284,True,True,2024-04-09
2024-04-09,MOCK2,809560,0.1456237896423516,True,True,2024-04-10
2024-04-10,MOCK2,856856,0.0701323041138895,True,True,2024-04-11
2024-04-11,MOCK2,572340,0.12562053524696437,True,True,2024-04-12
2024-04-12,MOCK2,575694,0.1384083113351608,True,True,2024-04-13
2024-04-15,MOCK2,719742,0.13676084572102923,True,True,2024-04-16
2024-04-16,MOCK2,819417,0.12834042315908667,True,True,2024-04-17
2024-04-17,MOCK2,140879,0.0638430084477192,True,True,2024-04-18
2024-04-18,MOCK2,544587,0.11656346086159636,True,True,2024-04-19
2024-04-19,MOCK2,325717,0.10238669982715236,True,True,2024-04-20
2024-04-22,MOCK2,58391,0.08464488655043655,True,True,2024-04-23
2024-04-23,MOCK2,446430,0.1176436411927461,True,True,2024-04-24
2024-04-24,MOCK2,115757,0.03759227478986414,True,True,2024-04-25
2024-04-25,MOCK2,282438,0.1294774752581444,True,True,2024-04-26
2024-04-26,MOCK2,170928,0.14633907162885976,True,True,2024-04-27
2024-04-29,MOCK2,464598,0.05481936016653302,True,True,2024-04-30
2024-04-30,MOCK2,773895,0.09299832204145918,True,True,2024-05-01
2024-05-01,MOCK2,51466,0.04376969672033098,True,True,2024-05-02
2024-05-02,MOCK2,496136,0.034532159925981264,True,True,2024-05-03
2024-05-03,MOCK2,887533,0.02566769694996672,True,True,2024-05-04
2024-05-06,MOCK2,955291,0.12228083457330362,True,True,2024-05-07
2024-05-07,MOCK2,720712,0.12874512949711917,True,True,2024-05-08
2024-05-08,MOCK2,226676,0.055225799203303755,True,True,2024-05-09
2024-05-09,MOCK2,417266,0.042361062891399195,True,True,2024-05-10
2024-05-10,MOCK2,845567,0.0670337462255226,True,True,2024-05-11
2024-05-13,MOCK2,798430,0.1108464816812471,True,True,2024-05-14
2024-05-14,MOCK2,261133,0.1216351223668932,True,True,2024-05-15
2024-05-15,MOCK2,175523,0.1169238060106093,True,True,2024-05-16
2024-05-16,MOCK2,549860,0.02129903763762315,True,True,2024-05-17
2024-05-17,MOCK2,8837,0.12202972487278592,True,True,2024-05-18
2024-05-20,MOCK2,276980,0.138289667508496,True,True,2024-05-21
2024-05-21,MOCK2,312679,0.04546306877265292,True,True,2024-05-22
2024-05-22,MOCK2,346175,0.011239879412557599,True,True,2024-05-23
2024-05-23,MOCK2,489722,0.019697988531444034,True,True,2024-05-24
2024-05-24,MOCK2,417863,0.11346864445585825,True,True,2024-05-25
2024-05-27,MOCK2,336210,0.12386622198897111,True,True,2024-05-28
2024-05-28,MOCK2,210919,0.05842061730619819,True,True,2024-05-29
2024-05-29,MOCK2,841059,0.09393647877711252,True,True,2024-05-30
2024-05-30,MOCK2,676391,0.025456355969225415,True,True,2024-05-31
2024-05-31,MOCK2,623498,0.08497182871748736,True,True,2024-06-01
2024-06-03,MOCK2,210202,0.1220495967613201,True,True,2024-06-04
2024-06-04,MOCK2,324423,0.05171283863094041,True,True,2024-06-05
2024-06-05,MOCK2,236415,0.12013702814102817,True,True,2024-06-06
2024-06-06,MOCK2,749447,0.015155802725427747,True,True,2024-06-07
2024-06-07,MOCK2,116077,0.04136350238362688,True,True,2024-06-08
2024-06-10,MOCK2,871381,0.14519267852427964,True,True,2024-06-11
2024-06-11,MOCK2,21754,0.028283982183668073,True,True,2024-06-12
2024-06-12,MOCK2,417487,0.07933490461819956,True,True,2024-06-13
2024-06-13,MOCK2,709458,0.10001219283131542,True,True,2024-06-14
2024-06-14,MOCK2,95488,0.011610017905525079,True,True,2024-06-15
2024-06-17,MOCK2,214519,0.07430930695305955,True,True,2024-06-18
2024-06-18,MOCK2,996988,0.03988916040938106,True,True,2024-06-19
2024-06-19,MOCK2,255542,0.03346583638399797,True,True,2024-06-20
2024-06-20,MOCK2,931210,0.07174869556600162,True,True,2024-06-21
2024-06-21,MOCK2,277389,0.13735281406132263,True,True,2024-06-22
2024-06-24,MOCK2,559628,0.12508218310821642,True,True,2024-06-25
2024-06-25,MOCK2,364592,0.12137738968402799,True,True,2024-06-26
2024-06-26,MOCK2,412851,0.09312164599693318,True,True,2024-06-27
2024-06-27,MOCK2,291181,0.11943566234962931,True,True,2024-06-28
2024-06-28,MOCK2,695469,0.14625999794214253,True,True,2024-06-29
2024-07-01,MOCK2,418085,0.0581138283747572,True,True,2024-07-02
2024-07-02,MOCK2,615967,0.1288960498438007,True,True,2024-07-03
2024-07-03,MOCK2,730434,0.081010870296507,True,True,2024-07-04
2024-07-04,MOCK2,916583,0.08574892995944253,True,True,2024-07-05
2024-07-05,MOCK2,657018,0.04095837847565744,True,True,2024-07-06
2024-07-08,MOCK2,713668,0.08721270634421456,True,True,2024-07-09
2024-07-09,MOCK2,370516,0.10845867921054746,True,True,2024-07-10
2024-07-10,MOCK2,641101,0.14407222173700623,True,True,2024-07-11
2024-07-11,MOCK2,164031,0.14691847352142917,True,True,2024-07-12
2024-07-12,MOCK2,334904,0.06339506513092197,True,True,2024-07-13
2024-07-15,MOCK2,733146,0.08440167927889235,True,True,2024-07-16
2024-07-16,MOCK2,95734,0.11470504076951005,True,True,2024-07-17
2024-07-17,MOCK2,404156,0.07282365786205175,True,True,2024-07-18
2024-07-18,MOCK2,892051,0.13608764626423858,True,True,2024-07-19
2024-07-19,MOCK2,547316,0.08615030927607499,True,True,2024-07-20
2024-07-22,MOCK2,152506,0.10066590646716392,True,True,2024-07-23
2024-07-23,MOCK2,736315,0.04019634387260851,True,True,2024-07-24
2024-07-24,MOCK2,297356,0.06980863732164297,True,True,2024-07-25
2024-07-25,MOCK2,777090,0.07361754095984126,True,True,2024-07-26
2024-07-26,MOCK2,51547,0.09479428782092117,True,True,2024-07-27
2024-07-29,MOCK2,347418,0.14287786013223258,True,True,2024-07-30
2024-07-30,MOCK2,337132,0.09211864104436307,True,True,2024-07-31
2024-07-31,MOCK2,116916,0.09068830839344774,True,True,2024-08-01
2024-08-01,MOCK2,58675,0.12588658626989732,True,True,2024-08-02
2024-08-02,MOCK2,449296,0.020653763956643992,True,True,2024-08-03
2024-08-05,MOCK2,376377,0.010435204890668195,True,True,2024-08-06
2024-08-06,MOCK2,33615,0.05382347374697688,True,True,2024-08-07
2024-08-07,MOCK2,141546,0.14111862797533248,True,True,2024-08-08
2024-08-08,MOCK2,950375,0.07783277775367123,True,True,2024-08-09
2024-08-09,MOCK2,619028,0.06122361593007559,True,True,2024-08-10
2024-08-12,MOCK2,977582,0.14911687577514698,True,True,2024-08-13
2024-08-13,MOCK2,262029,0.011832611309341746,True,True,2024-08-14
2024-08-14,MOCK2,23195,0.03551128645752545,True,True,2024-08-15
2024-08-15,MOCK2,76412,0.07019181381349122,True,True,2024-08-16
2024-08-16,MOCK2,618983,0.03905865816236356,True,True,2024-08-17
2024-08-19,MOCK2,882026,0.09740299998164524,True,True,2024-08-20
2024-08-20,MOCK2,149329,0.10859629147490174,True,True,2024-08-21
2024-08-21,MOCK2,170656,0.11469136955511394,True,True,2024-08-22
2024-08-22,MOCK2,459070,0.03662798430980357,True,True,2024-08-23
2024-08-23,MOCK2,595561,0.010876601306652377,True,True,2024-08-24
2024-08-26,MOCK2,973695,0.10849524822113654,True,True,2024-08-27
2024-08-27,MOCK2,884748,0.020977252747412918,True,True,2024-08-28
2024-08-28,MOCK2,192043,0.14464420623788316,True,True,2024-08-29
2024-08-29,MOCK2,720971,0.12505368938780317,True,True,2024-08-30
2024-08-30,MOCK2,537224,0.11533265604596794,True,True,2024-08-31
2024-09-02,MOCK2,512140,0.02339300891600362,True,True,2024-09-03
2024-09-03,MOCK2,737597,0.13295576735938655,True,True,2024-09-04
2024-09-04,MOCK2,13933,0.06304210409111828,True,True,2024-09-05
2024-09-05,MOCK2,617678,0.12227536656035926,True,True,2024-09-06
2024-09-06,MOCK2,750648,0.07017080966809178,True,True,2024-09-07
2024-09-09,MOCK2,200953,0.08540471899201951,True,True,2024-09-10
2024-09-10,MOCK2,321098,0.057859417816185754,True,True,2024-09-11
2024-09-11,MOCK2,65043,0.033627189969188905,True,True,2024-09-12
2024-09-12,MOCK2,963582,0.06764250536904233,True,True,2024-09-13
2024-09-13,MOCK2,142594,0.05056082041761138,True,True,2024-09-14
2024-09-16,MOCK2,291935,0.043466357450750705,True,True,2024-09-17
2024-09-17,MOCK2,360162,0.010574026730665412,True,True,2024-09-18
2024-09-18,MOCK2,745579,0.11509546169989236,True,True,2024-09-19
2024-09-19,MOCK2,33971,0.08650753993750966,True,True,2024-09-20
2024-09-20,MOCK2,696622,0.05103083982500056,True,True,2024-09-21
2024-09-23,MOCK2,941891,0.1397156703587687,True,True,2024-09-24
2024-09-24,MOCK2,257790,0.12577504927040858,True,True,2024-09-25
2024-09-25,MOCK2,195513,0.0896201667398884,True,True,2024-09-26
2024-09-26,MOCK2,778696,0.09384566352070725,True,True,2024-09-27
2024-09-27,MOCK2,393555,0.1422151505124499,True,True,2024-09-28
2024-09-30,MOCK2,92893,0.09977110504031872,True,True,2024-10-01
2024-10-01,MOCK2,267880,0.02883694423348459,True,True,2024-10-02
2024-10-02,MOCK2,475939,0.11495445763867639,True,True,2024-10-03
2024-10-03,MOCK2,499103,0.10128977812690704,True,True,2024-10-04
2024-10-04,MOCK2,209690,0.023373945821368296,True,True,2024-10-05
2024-10-07,MOCK2,810282,0.07687946900195314,True,True,2024-10-08
2024-10-08,MOCK2,897781,0.13173948737649907,True,True,2024-10-09
2024-10-09,MOCK2,407401,0.06665599059876783,True,True,2024-10-10
2024-10-10,MOCK2,31148,0.09908893656937386,True,True,2024-10-11
2024-10-11,MOCK2,107880,0.034867864727932726,True,True,2024-10-12
2024-10-14,MOCK2,913850,0.06246202835014033,True,True,2024-10-15
2024-10-15,MOCK2,160177,0.0839676837384622,True,True,2024-10-16
2024-10-16,MOCK2,111885,0.07540023877623044,True,True,2024-10-17
2024-10-17,MOCK2,27680,0.061542170924377713,True,True,2024-10-18
2024-10-18,MOCK2,607968,0.09360388257136562,True,True,2024-10-19
2024-10-21,MOCK2,365852,0.06372002037944088,True,True,2024-10-22
2024-10-22,MOCK2,41022,0.09692215406368244,True,True,2024-10-23
2024-10-23,MOCK2,489467,0.11212337192132983,True,True,2024-10-24
2024-10-24,MOCK2,813427,0.07952818964426663,True,True,2024-10-25
2024-10-25,MOCK2,915121,0.04977323128119437,True,True,2024-10-26
2024-10-28,MOCK2,980643,0.12617629608664008,True,True,2024-10-29
2024-10-29,MOCK2,70300,0.13787444902712576,True,True,2024-10-30
2024-10-30,MOCK2,649792,0.0654748844507095,True,True,2024-10-31
2024-10-31,MOCK2,66937,0.05980823944162927,True,True,2024-11-01
2024-11-01,MOCK2,515637,0.08850031501731495,True,True,2024-11-02
2024-11-04,MOCK2,480005,0.12551906788974065,True,True,2024-11-05
2024-11-05,MOCK2,398161,0.021855239635168743,True,True,2024-11-06
2024-11-06,MOCK2,184343,0.09431544094966247,True,True,2024-11-07
2024-11-07,MOCK2,525363,0.04658013071694461,True,True,2024-11-08
2024-11-08,MOCK2,489411,0.12374715022168532,True,True,2024-11-09
2024-11-11,MOCK2,338230,0.08808114008287768,True,True,2024-11-12
2024-11-12,MOCK2,297868,0.028909628499236714,True,True,2024-11-13
2024-11-13,MOCK2,209644,0.09465175867137128,True,True,2024-11-14
2024-11-14,MOCK2,717700,0.028458370600465098,True,True,2024-11-15
2024-11-15,MOCK2,902060,0.06847171479316608,True,True,2024-11-16
2024-11-18,MOCK2,528086,0.031437466498110744,True,True,2024-11-19
2024-11-19,MOCK2,367877,0.09839397224588231,True,True,2024-11-20
2024-11-20,MOCK2,491390,0.08794157446499992,True,True,2024-11-21
2024-11-21,MOCK2,562945,0.06084000834271079,True,True,2024-11-22
2024-11-22,MOCK2,602054,0.058877999408080896,True,True,2024-11-23
2024-11-25,MOCK2,574288,0.03820204160448788,True,True,2024-11-26
2024-11-26,MOCK2,723386,0.06275875149221681,True,True,2024-11-27
2024-11-27,MOCK2,87999,0.03964134814054849,True,True,2024-11-28
2024-11-28,MOCK2,576931,0.14366734716218715,True,True,2024-11-29
2024-11-29,MOCK2,630924,0.028074918983560744,True,True,2024-11-30
2024-12-02,MOCK2,464443,0.07309664339108189,True,True,2024-12-03
2024-12-03,MOCK2,921895,0.03895115392157037,True,True,2024-12-04
2024-12-04,MOCK2,393189,0.09895081702555458,True,True,2024-12-05
2024-12-05,MOCK2,922762,0.039008708299531035,True,True,2024-12-06
2024-12-06,MOCK2,415961,0.08131905863859289,True,True,2024-12-07
2024-12-09,MOCK2,302316,0.02067427669933792,True,True,2024-12-10
2024-12-10,MOCK2,23770,0.11260332724804456,True,True,2024-12-11
2024-12-11,MOCK2,418043,0.14303554807563842,True,True,2024-12-12
2024-12-12,MOCK2,967139,0.11689528078901527,True,True,2024-12-13
2024-12-13,MOCK2,501533,0.14837278122504663,True,True,2024-12-14
2024-12-16,MOCK2,472710,0.09977706270901843,True,True,2024-12-17
2024-12-17,MOCK2,721778,0.028348065974427565,True,True,2024-12-18
2024-12-18,MOCK2,583706,0.04043916206297379,True,True,2024-12-19
2024-12-19,MOCK2,663206,0.1326798311391632,True,True,2024-12-20
2024-12-20,MOCK2,704761,0.01799857168734474,True,True,2024-12-21
2024-12-23,MOCK2,924844,0.016033930627144137,True,True,2024-12-24
2024-12-24,MOCK2,56497,0.04108250592299878,True,True,2024-12-25
2024-12-25,MOCK2,452800,0.04254923491359676,True,True,2024-12-26
2024-12-26,MOCK2,931815,0.058335116692704324,True,True,2024-12-27
2024-12-27,MOCK2,769415,0.027007326934743635,True,True,2024-12-28
2024-12-30,MOCK2,633195,0.02072884136468832,True,True,2024-12-31
2024-12-31,MOCK2,999070,0.07357897716394564,True,True,2025-01-01
2025-01-01,MOCK2,543988,0.09770199137829623,True,True,2025-01-02
2025-01-02,MOCK2,259285,0.12318671054221016,True,True,2025-01-03
2025-01-03,MOCK2,731033,0.06345148660783216,True,True,2025-01-04
2025-01-06,MOCK2,836877,0.1376759880979824,True,True,2025-01-07
2025-01-07,MOCK2,430269,0.12569568388314803,True,True,2025-01-08
2025-01-08,MOCK2,987491,0.0681976899959159,True,True,2025-01-09
2025-01-09,MOCK2,569555,0.07194765325075966,True,True,2025-01-10
2025-01-10,MOCK2,630789,0.08297928576702818,True,True,2025-01-11
2025-01-13,MOCK2,283341,0.11352799404858041,True,True,2025-01-14
2025-01-14,MOCK2,972319,0.10718583748218846,True,True,2025-01-15
2025-01-15,MOCK2,820520,0.01787768507826355,True,True,2025-01-16
2025-01-16,MOCK2,351361,0.14605421418108885,True,True,2025-01-17
2025-01-17,MOCK2,496817,0.030001824942220166,True,True,2025-01-18
2025-01-20,MOCK2,232086,0.113823125555575,True,True,2025-01-21
2025-01-21,MOCK2,175633,0.041175806132997664,True,True,2025-01-22
2025-01-22,MOCK2,421090,0.1055125065328926,True,True,2025-01-23
2025-01-23,MOCK2,871778,0.07836943173298948,True,True,2025-01-24
2025-01-24,MOCK2,43101,0.0104280105143673,True,True,2025-01-25
2025-01-27,MOCK2,846511,0.12920133124054076,True,True,2025-01-28
2025-01-28,MOCK2,146301,0.012557014785187974,True,True,2025-01-29
2025-01-29,MOCK2,771005,0.14091991078523677,True,True,2025-01-30
2025-01-30,MOCK2,88628,0.14138253120706948,True,True,2025-01-31
2025-01-31,MOCK2,843117,0.04636572138297842,True,True,2025-02-01
2025-02-03,MOCK2,539534,0.12106861484212342,True,True,2025-02-04
2025-02-04,MOCK2,260654,0.0844173411920512,True,True,2025-02-05
2025-02-05,MOCK2,168049,0.1061727409971444,True,True,2025-02-06
2025-02-06,MOCK2,634935,0.09166010511316704,True,True,2025-02-07
2025-02-07,MOCK2,239916,0.12210551165235004,True,True,2025-02-08
2025-02-10,MOCK2,433239,0.04246786097897072,True,True,2025-02-11
2025-02-11,MOCK2,479396,0.03712450112161976,True,True,2025-02-12
2025-02-12,MOCK2,612146,0.099709664754309,True,True,2025-02-13
2025-02-13,MOCK2,303773,0.017510235650881587,True,True,2025-02-14
2025-02-14,MOCK2,70081,0.10306528254783406,True,True,2025-02-15
2025-02-17,MOCK2,979857,0.10290051987443272,True,True,2025-02-18
2025-02-18,MOCK2,653723,0.08976469728118495,True,True,2025-02-19
2025-02-19,MOCK2,874888,0.018683592605016237,True,True,2025-02-20
2025-02-20,MOCK2,591692,0.08199101050236789,True,True,2025-02-21
2025-02-21,MOCK2,844316,0.05388904368385352,True,True,2025-02-22
2025-02-24,MOCK2,323885,0.04748301550431525,True,True,2025-02-25
2025-02-25,MOCK2,148074,0.10805676105342416,True,True,2025-02-26
2025-02-26,MOCK2,777055,0.037557158921078936,True,True,2025-02-27
2025-02-27,MOCK2,984375,0.05360350403101984,True,True,2025-02-28
2025-02-28,MOCK2,891951,0.10512733986370368,True,True,2025-03-01
2025-03-03,MOCK2,268790,0.01916222620154674,True,True,2025-03-04
2025-03-04,MOCK2,571540,0.14982639838871023,True,True,2025-03-05
2025-03-05,MOCK2,64467,0.03839717386208666,True,True,2025-03-06
2025-03-06,MOCK2,651097,0.13750926541490588,True,True,2025-03-07
2025-03-07,MOCK2,848282,0.01689207829798351,True,True,2025-03-08
2025-03-10,MOCK2,95115,0.06398687373319459,True,True,2025-03-11
2025-03-11,MOCK2,4982,0.02063245564069062,True,True,2025-03-12
2025-03-12,MOCK2,947017,0.08110059660246653,True,True,2025-03-13
2025-03-13,MOCK2,510783,0.02435534878631848,True,True,2025-03-14
2025-03-14,MOCK2,929968,0.013068402990776965,True,True,2025-03-15
2025-03-17,MOCK2,266893,0.017820487900831912,True,True,2025-03-18
2025-03-18,MOCK2,383469,0.035620729291456564,True,True,2025-03-19
2025-03-19,MOCK2,742362,0.09899330065686464,True,True,2025-03-20
2025-03-20,MOCK2,574657,0.032370354400345275,True,True,2025-03-21
2025-03-21,MOCK2,173965,0.09409074907266529,True,True,2025-03-22
2025-03-24,MOCK2,110653,0.04555255770832688,True,True,2025-03-25
2025-03-25,MOCK2,200104,0.041582091580783104,True,True,2025-03-26
2025-03-26,MOCK2,361773,0.031704272475586895,True,True,2025-03-27
2025-03-27,MOCK2,304861,0.10628691986877688,True,True,2025-03-28
2025-03-28,MOCK2,548106,0.023488022051222506,True,True,2025-03-29
2025-03-31,MOCK2,897703,0.04985424616121203,True,True,2025-04-01
2025-04-01,MOCK2,948200,0.1303214042270753,True,True,2025-04-02
2025-04-02,MOCK2,192783,0.02553788191708098,True,True,2025-04-03
2025-04-03,MOCK2,448544,0.1297533749340597,True,True,2025-04-04
2025-04-04,MOCK2,637418,0.0350830273847782,True,True,2025-04-05
2025-04-07,MOCK2,379091,0.11800136067727651,True,True,2025-04-08
2025-04-08,MOCK2,913444,0.11481397693732769,True,True,2025-04-09
2025-04-09,MOCK2,71483,0.05519733173307038,True,True,2025-04-10
2025-04-10,MOCK2,698402,0.08856123710276595,True,True,2025-04-11
2025-04-11,MOCK2,571518,0.07184547189557755,True,True,2025-04-12
2025-04-14,MOCK2,994483,0.13376212462428788,True,True,2025-04-15
2025-04-15,MOCK2,518776,0.07744624764845082,True,True,2025-04-16
2025-04-16,MOCK2,585137,0.04798907042688614,True,True,2025-04-17
2025-04-17,MOCK2,77078,0.14780279700463986,True,True,2025-04-18
2025-04-18,MOCK2,892722,0.10366185709097207,True,True,2025-04-19
2025-04-21,MOCK2,348024,0.05011373172349804,True,True,2025-04-22
2025-04-22,MOCK2,388147,0.12252961157243045,True,True,2025-04-23
2025-04-23,MOCK2,365733,0.031123859926138732,True,True,2025-04-24
2025-04-24,MOCK2,789160,0.10130456398316821,True,True,2025-04-25
2025-04-25,MOCK2,735699,0.055286740933174365,True,True,2025-04-26
2025-04-28,MOCK2,67673,0.12451671665427673,True,True,2025-04-29
2025-04-29,MOCK2,694516,0.0382134218581408,True,True,2025-04-30
2025-04-30,MOCK2,387405,0.09384945635384054,True,True,2025-05-01
2025-05-01,MOCK2,360367,0.09301903495589284,True,True,2025-05-02
2025-05-02,MOCK2,375512,0.09955612129148395,True,True,2025-05-03
2025-05-05,MOCK2,398599,0.11837237726116494,True,True,2025-05-06
2025-05-06,MOCK2,651728,0.07953230685863147,True,True,2025-05-07
2025-05-07,MOCK2,918952,0.11860249781248566,True,True,2025-05-08
2025-05-08,MOCK2,445592,0.026420687489887205,True,True,2025-05-09
2025-05-09,MOCK2,11096,0.07035666786776498,True,True,2025-05-10
2025-05-12,MOCK2,997971,0.06092750643925913,True,True,2025-05-13
2025-05-13,MOCK2,245551,0.11836249794491475,True,True,2025-05-14
2025-05-14,MOCK2,910354,0.10270496121246683,True,True,2025-05-15
2025-05-15,MOCK2,991216,0.10205532426939311,True,True,2025-05-16
2025-05-16,MOCK2,702705,0.11574708584521282,True,True,2025-05-17
2025-05-19,MOCK2,657442,0.024499915742095014,True,True,2025-05-20
2025-05-20,MOCK2,424489,0.14124453595100528,True,True,2025-05-21
2025-05-21,MOCK2,889125,0.10141242422600852,True,True,2025-05-22
2025-05-22,MOCK2,468828,0.12916096662063267,True,True,2025-05-23
2025-05-23,MOCK2,27564,0.1297895469257058,True,True,2025-05-24
2025-05-26,MOCK2,705515,0.026140324153706096,True,True,2025-05-27
2025-05-27,MOCK2,904748,0.07811106092303684,True,True,2025-05-28
2025-05-28,MOCK2,781444,0.07372772686565843,True,True,2025-05-29
2025-05-29,MOCK2,332632,0.01456359621393534,True,True,2025-05-30
2025-05-30,MOCK2,767828,0.02996940498364551,True,True,2025-05-31
2025-06-02,MOCK2,499255,0.10233537185075954,True,True,2025-06-03
2025-06-03,MOCK2,514220,0.14937207279700612,True,True,2025-06-04
2025-06-04,MOCK2,354665,0.14754840515171472,True,True,2025-06-05
2025-06-05,MOCK2,435679,0.10876376024685863,True,True,2025-06-06
2025-06-06,MOCK2,996670,0.02239812967132667,True,True,2025-06-07
2025-06-09,MOCK2,760863,0.04178807850478908,True,True,2025-06-10
2025-06-10,MOCK2,883601,0.13988310465523385,True,True,2025-06-11
2025-06-11,MOCK2,212827,0.05532510760516741,True,True,2025-06-12
2025-06-12,MOCK2,76815,0.07721891978422261,True,True,2025-06-13
2025-06-13,MOCK2,124246,0.09296568817058921,True,True,2025-06-14
2025-06-16,MOCK2,690940,0.08987169439236387,True,True,2025-06-17
2025-06-17,MOCK2,957164,0.012574614640256596,True,True,2025-06-18
2025-06-18,MOCK2,828480,0.05649964977955421,True,True,2025-06-19
2025-06-19,MOCK2,178972,0.06513441635382658,True,True,2025-06-20
2025-06-20,MOCK2,817628,0.09047064931140204,True,True,2025-06-21
2025-06-23,MOCK2,852166,0.018071120559557452,True,True,2025-06-24
2025-06-24,MOCK2,867434,0.11642185089140096,True,True,2025-06-25
2025-06-25,MOCK2,566163,0.07240398044040502,True,True,2025-06-26
2025-06-26,MOCK2,14758,0.05383574592324502,True,True,2025-06-27
2025-06-27,MOCK2,266571,0.04415208113467215,True,True,2025-06-28
2025-06-30,MOCK2,483524,0.013485633752970462,True,True,2025-07-01
2025-07-01,MOCK2,759967,0.1424887633078971,True,True,2025-07-02
2025-07-02,MOCK2,612116,0.09842553258698844,True,True,2025-07-03
2025-07-03,MOCK2,463534,0.13948586349512115,True,True,2025-07-04
2025-07-04,MOCK2,781332,0.06113707951463046,True,True,2025-07-05
2025-07-07,MOCK2,932671,0.017543998143907356,True,True,2025-07-08
2025-07-08,MOCK2,112203,0.057679510803525846,True,True,2025-07-09
2025-07-09,MOCK2,300790,0.08706879648159575,True,True,2025-07-10
2025-07-10,MOCK2,484669,0.046909471719478804,True,True,2025-07-11
2025-07-11,MOCK2,507302,0.10531494349298753,True,True,2025-07-12
2025-07-14,MOCK2,987124,0.1464812232774546,True,True,2025-07-15
2025-07-15,MOCK2,386093,0.09033049025875829,True,True,2025-07-16
2025-07-16,MOCK2,531990,0.06299547574266369,True,True,2025-07-17
2025-07-17,MOCK2,436022,0.1150749742246139,True,True,2025-07-18
2025-07-18,MOCK2,767056,0.1059280770516677,True,True,2025-07-19
2025-07-21,MOCK2,89050,0.13980266829307395,True,True,2025-07-22
2025-07-22,MOCK2,632965,0.06761517492757686,True,True,2025-07-23
2025-07-23,MOCK2,583383,0.0802106551118561,True,True,2025-07-24
2025-07-24,MOCK2,595382,0.09328861677211497,True,True,2025-07-25
2025-07-25,MOCK2,885046,0.03268289801117622,True,True,2025-07-26
2025-07-28,MOCK2,236683,0.04347177351882682,True,True,2025-07-29
2025-07-29,MOCK2,384445,0.08498727296399884,True,True,2025-07-30
2025-07-30,MOCK2,830207,0.011418877722642662,True,True,2025-07-31
2025-07-31,MOCK2,929956,0.08776452529828245,True,True,2025-08-01
2025-08-01,MOCK2,30870,0.07148303810674468,True,True,2025-08-02
2025-08-04,MOCK2,115649,0.11850595024221383,True,True,2025-08-05
2025-08-05,MOCK2,818307,0.03150639750197479,True,True,2025-08-06
2025-08-06,MOCK2,94976,0.029477079056909126,True,True,2025-08-07
2025-08-07,MOCK2,845886,0.032704941763020565,True,True,2025-08-08
2025-08-08,MOCK2,339402,0.017786759313824854,True,True,2025-08-09
2025-08-11,MOCK2,778501,0.021530153900917462,True,True,2025-08-12
2025-08-12,MOCK2,166232,0.06075840709810631,True,True,2025-08-13
2025-08-13,MOCK2,515775,0.058747339558337136,True,True,2025-08-14
2025-08-14,MOCK2,397300,0.06664554189735562,True,True,2025-08-15
2025-08-15,MOCK2,707454,0.04594018588656751,True,True,2025-08-16
2025-08-18,MOCK2,300124,0.12879413711208013,True,True,2025-08-19
2025-08-19,MOCK2,787708,0.11568743655126094,True,True,2025-08-20
2025-08-20,MOCK2,879373,0.14490011026990712,True,True,2025-08-21
2025-08-21,MOCK2,470971,0.053732318989331625,True,True,2025-08-22
2025-08-22,MOCK2,327940,0.12364141809821215,True,True,2025-08-23
2025-08-25,MOCK2,922851,0.11069055070366318,True,True,2025-08-26
2025-08-26,MOCK2,451986,0.055873136018660396,True,True,2025-08-27
2025-08-27,MOCK2,641317,0.07329679441849206,True,True,2025-08-28
2025-08-28,MOCK2,979178,0.016261371264890166,True,True,2025-08-29
2025-08-29,MOCK2,660492,0.14729444719249393,True,True,2025-08-30
2025-09-01,MOCK2,134609,0.07580453126667158,True,True,2025-09-02
2025-09-02,MOCK2,124530,0.10334406912348124,True,True,2025-09-03
2025-09-03,MOCK2,587278,0.06862667159322242,True,True,2025-09-04
2025-09-04,MOCK2,902737,0.10805853081132245,True,True,2025-09-05
2025-09-05,MOCK2,39151,0.11477251557914296,True,True,2025-09-06
2025-09-08,MOCK2,906819,0.08927785183052095,True,True,2025-09-09
2025-09-09,MOCK2,976655,0.0721920454673342,True,True,2025-09-10
2025-09-10,MOCK2,849483,0.12139455947527025,True,True,2025-09-11
2025-09-11,MOCK2,430580,0.05530822637902152,True,True,2025-09-12
2025-09-12,MOCK2,871193,0.14220079222901288,True,True,2025-09-13
2025-09-15,MOCK2,613568,0.10281783395368624,True,True,2025-09-16
2025-09-16,MOCK2,85465,0.11209211061992821,True,True,2025-09-17
2025-09-17,MOCK2,793369,0.11780064707011118,True,True,2025-09-18
2025-09-18,MOCK2,919902,0.0883266819786968,True,True,2025-09-19
2025-09-19,MOCK2,229176,0.08929684569524768,True,True,2025-09-20
2025-09-22,MOCK2,833194,0.03236946472415339,True,True,2025-09-23
2025-09-23,MOCK2,926462,0.11401087501609186,True,True,2025-09-24
2025-09-24,MOCK2,204898,0.07528383219505426,True,True,2025-09-25
2025-09-25,MOCK2,879066,0.04795405535044207,True,True,2025-09-26
2025-09-26,MOCK2,84049,0.13206971377281307,True,True,2025-09-27
2025-09-29,MOCK2,193394,0.09613037433421932,True,True,2025-09-30
2025-09-30,MOCK2,565314,0.030574125808858016,True,True,2025-10-01
2025-10-01,MOCK2,509283,0.07633647089170903,True,True,2025-10-02
2025-10-02,MOCK2,901881,0.12876291521223748,True,True,2025-10-03
2025-10-03,MOCK2,324273,0.07070025145070831,True,True,2025-10-04
2025-10-06,MOCK2,835948,0.11178507717287531,True,True,2025-10-07
2025-10-07,MOCK2,558067,0.14667673747723262,True,True,2025-10-08
2025-10-08,MOCK2,195325,0.06072467319533986,True,True,2025-10-09
2025-10-09,MOCK2,992051,0.08796857929569515,True,True,2025-10-10
2025-10-10,MOCK2,504735,0.03250314230550189,True,True,2025-10-11
2025-10-13,MOCK2,514404,0.032283994989556315,True,True,2025-10-14
2025-10-14,MOCK2,762763,0.1395711833781036,True,True,2025-10-15
2025-10-15,MOCK2,578620,0.045763737593359693,True,True,2025-10-16
2025-10-16,MOCK2,857542,0.05657857996669676,True,True,2025-10-17
2025-10-17,MOCK2,736967,0.020010608869731487,True,True,2025-10-18
2025-10-20,MOCK2,942647,0.01724916132713262,True,True,2025-10-21
2025-10-21,MOCK2,656086,0.10579387398167124,True,True,2025-10-22
2025-10-22,MOCK2,569579,0.10891580334538759,True,True,2025-10-23
2025-10-23,MOCK2,212182,0.11141420662134874,True,True,2025-10-24
2025-10-24,MOCK2,865891,0.020503162366593112,True,True,2025-10-25
2025-10-27,MOCK2,178200,0.011894735485067955,True,True,2025-10-28
2025-10-28,MOCK2,758560,0.13740332270535033,True,True,2025-10-29
2025-10-29,MOCK2,730742,0.06728066624223154,True,True,2025-10-30
2025-10-30,MOCK2,332135,0.14615947924539432,True,True,2025-10-31
2025-10-31,MOCK2,16350,0.07324997737942786,True,True,2025-11-01
2025-11-03,MOCK2,533954,0.10013084240869981,True,True,2025-11-04
2025-11-04,MOCK2,619120,0.036582824332063266,True,True,2025-11-05
2025-11-05,MOCK2,861022,0.0359782911112592,True,True,2025-11-06
2025-11-06,MOCK2,190924,0.09248520964904675,True,True,2025-11-07
2025-11-07,MOCK2,928990,0.14555476845575369,True,True,2025-11-08
2025-11-10,MOCK2,668563,0.14301204768665757,True,True,2025-11-11
2025-11-11,MOCK2,518352,0.059218170960148725,True,True,2025-11-12
2025-11-12,MOCK2,554760,0.06402909647512846,True,True,2025-11-13
2025-11-13,MOCK2,372492,0.12692482546031636,True,True,2025-11-14
2025-11-14,MOCK2,423426,0.038200469376723445,True,True,2025-11-15
2025-11-17,MOCK2,909305,0.05585215101904912,True,True,2025-11-18
2025-11-18,MOCK2,260947,0.01243613278007184,True,True,2025-11-19
2025-11-19,MOCK2,65631,0.08414075116322468,True,True,2025-11-20
2025-11-20,MOCK2,996866,0.012207345545803012,True,True,2025-11-21
2025-11-21,MOCK2,938121,0.07189315691527051,True,True,2025-11-22
2025-11-24,MOCK2,394419,0.07175767125608003,True,True,2025-11-25
2025-11-25,MOCK2,488078,0.10473804830754797,True,True,2025-11-26
2025-11-26,MOCK2,269455,0.08670846523534319,True,True,2025-11-27
2025-11-27,MOCK2,453202,0.1053684736648056,True,True,2025-11-28
2025-11-28,MOCK2,668264,0.06776298276249736,True,True,2025-11-29
2025-12-01,MOCK2,152129,0.09329687669155932,True,True,2025-12-02
2025-12-02,MOCK2,11270,0.01429671169756628,True,True,2025-12-03
2025-12-03,MOCK2,662570,0.058105389737648415,True,True,2025-12-04
2025-12-04,MOCK2,111373,0.05291507790803025,True,True,2025-12-05
2025-12-05,MOCK2,963997,0.049063746581174336,True,True,2025-12-06
2025-12-08,MOCK2,848172,0.13209307051122882,True,True,2025-12-09
2025-12-09,MOCK2,411230,0.14388623641489492,True,True,2025-12-10
2025-12-10,MOCK2,378215,0.02605203595030791,True,True,2025-12-11
2025-12-11,MOCK2,225708,0.05605100492267341,True,True,2025-12-12
2025-12-12,MOCK2,248905,0.11296569866444765,True,True,2025-12-13
2025-12-15,MOCK2,853675,0.14418909512338818,True,True,2025-12-16
2025-12-16,MOCK2,379289,0.08670410850387748,True,True,2025-12-17
2025-12-17,MOCK2,141633,0.02987232861002355,True,True,2025-12-18
2025-12-18,MOCK2,551657,0.07446634060004743,True,True,2025-12-19
2025-12-19,MOCK2,415935,0.08297954797977111,True,True,2025-12-20
2025-12-22,MOCK2,242808,0.04441514835885778,True,True,2025-12-23
2025-12-23,MOCK2,830772,0.016232293875241048,True,True,2025-12-24
2025-12-24,MOCK2,667064,0.1316613896924813,True,True,2025-12-25
2025-12-25,MOCK2,349390,0.026387406100090778,True,True,2025-12-26
2025-12-26,MOCK2,479991,0.08623417457297054,True,True,2025-12-27
2025-12-29,MOCK2,894046,0.10761059431449711,True,True,2025-12-30
2025-12-30,MOCK2,961554,0.13744657019428383,True,True,2025-12-31
2025-12-31,MOCK2,850426,0.11368037371933037,True,True,2026-01-01
2026-01-01,MOCK2,336107,0.13052202894976636,True,True,2026-01-02
2026-01-02,MOCK2,672043,0.12281362510494492,True,True,2026-01-03
2026-01-05,MOCK2,437981,0.049497266750506926,True,True,2026-01-06
2026-01-06,MOCK2,423806,0.10411980542135474,True,True,2026-01-07
2026-01-07,MOCK2,563652,0.013780537670518928,True,True,2026-01-08
2026-01-08,MOCK2,262270,0.026161080297642907,True,True,2026-01-09
2026-01-09,MOCK2,573523,0.14432027683035287,True,True,2026-01-10
2026-01-12,MOCK2,969977,0.12971700998074487,True,True,2026-01-13
2026-01-13,MOCK2,651680,0.10598233712522942,True,True,2026-01-14
2026-01-14,MOCK2,2217,0.10597422132688046,True,True,2026-01-15
2026-01-15,MOCK2,80924,0.11008954956980022,True,True,2026-01-16
2026-01-16,MOCK2,549189,0.11607133222760513,True,True,2026-01-17
2026-01-19,MOCK2,829876,0.034487350269875976,True,True,2026-01-20
2026-01-20,MOCK2,667326,0.0649973714374013,True,True,2026-01-21
2026-01-21,MOCK2,437257,0.13997107145349755,True,True,2026-01-22
2026-01-22,MOCK2,324700,0.027190482051259637,True,True,2026-01-23
2026-01-23,MOCK2,726258,0.14074449090299507,True,True,2026-01-24
2026-01-26,MOCK2,382336,0.06992273997401054,True,True,2026-01-27
2026-01-27,MOCK2,758868,0.10593062368362115,True,True,2026-01-28
2026-01-28,MOCK2,408294,0.06452919899172886,True,True,2026-01-29
2026-01-29,MOCK2,570530,0.0687288168243968,True,True,2026-01-30
2026-01-30,MOCK2,867391,0.11104090523684301,True,True,2026-01-31
2026-02-02,MOCK2,349150,0.02521717664921659,True,True,2026-02-03
2026-02-03,MOCK2,559809,0.1498740636391382,True,True,2026-02-04
2026-02-04,MOCK2,604917,0.11095397567515548,True,True,2026-02-05
2026-02-05,MOCK2,536121,0.12333960260320317,True,True,2026-02-06
2026-02-06,MOCK2,780961,0.12342083395585711,True,True,2026-02-07
2026-02-09,MOCK2,214403,0.11462520143084386,True,True,2026-02-10
2026-02-10,MOCK2,35560,0.014011353400510003,True,True,2026-02-11
2026-02-11,MOCK2,844941,0.07973169427189682,True,True,2026-02-12
2026-02-12,MOCK2,903418,0.031857110988692705,True,True,2026-02-13
2026-02-13,MOCK2,267465,0.1338453554266511,True,True,2026-02-14
2026-02-16,MOCK2,737746,0.14043547052778996,True,True,2026-02-17
2026-02-17,MOCK2,443594,0.04618186291250121,True,True,2026-02-18
2026-02-18,MOCK2,552424,0.14831845345340133,True,True,2026-02-19
2026-02-19,MOCK2,617706,0.021232088422922762,True,True,2026-02-20
2026-02-20,MOCK2,546867,0.10644406421712418,True,True,2026-02-21
2026-02-23,MOCK2,693043,0.07016130437455892,True,True,2026-02-24
2026-02-24,MOCK2,210699,0.023651051391683265,True,True,2026-02-25
2026-02-25,MOCK2,986510,0.02952841802080436,True,True,2026-02-26
2026-02-26,MOCK2,556810,0.06941160471850419,True,True,2026-02-27
2026-02-27,MOCK2,538031,0.06519452156665075,True,True,2026-02-28
2026-03-02,MOCK2,918204,0.14013477575019645,True,True,2026-03-03
2026-03-03,MOCK2,319017,0.09441635487771814,True,True,2026-03-04
2026-03-04,MOCK2,300056,0.028423395981842042,True,True,2026-03-05
2026-03-05,MOCK2,149535,0.04135695978287869,True,True,2026-03-06
2026-03-06,MOCK2,869804,0.10314444473846217,True,True,2026-03-07
2026-03-09,MOCK2,724300,0.0625373697412651,True,True,2026-03-10
2026-03-10,MOCK2,697062,0.08356213146684348,True,True,2026-03-11
2026-03-11,MOCK2,979079,0.09376333854920817,True,True,2026-03-12
2026-03-12,MOCK2,817307,0.10651306148258657,True,True,2026-03-13
2026-03-13,MOCK2,543972,0.09733553608780175,True,True,2026-03-14
2026-03-16,MOCK2,967705,0.09133307558908241,True,True,2026-03-17
2026-03-17,MOCK2,317814,0.10092963713743572,True,True,2026-03-18
2026-03-18,MOCK2,545125,0.0974108730697879,True,True,2026-03-19
2026-03-19,MOCK2,993204,0.1470813591053815,True,True,2026-03-20
2026-03-20,MOCK2,872759,0.11298639876425742,True,True,2026-03-21
2026-03-23,MOCK2,387439,0.06866945245141977,True,True,2026-03-24
2026-03-24,MOCK2,151174,0.018488416355972866,True,True,2026-03-25
2026-03-25,MOCK2,827127,0.14834798095060578,True,True,2026-03-26
2026-03-26,MOCK2,2886,0.10717445071405131,True,True,2026-03-27
2026-03-27,MOCK2,224629,0.03938306239820732,True,True,2026-03-28
2026-03-30,MOCK2,487695,0.13525240460360147,True,True,2026-03-31
2026-03-31,MOCK2,663109,0.0464856009444086,True,True,2026-04-01
2026-04-01,MOCK2,594194,0.11232880645684712,True,True,2026-04-02
2026-04-02,MOCK2,133288,0.03891643169855879,True,True,2026-04-03
2026-04-03,MOCK2,884330,0.02964685744628255,True,True,2026-04-04
2026-04-06,MOCK2,874625,0.05052179158346598,True,True,2026-04-07
2026-04-07,MOCK2,964848,0.13028258909445012,True,True,2026-04-08
2026-04-08,MOCK2,262976,0.13011684506611598,True,True,2026-04-09
2026-04-09,MOCK2,569438,0.14204729478710063,True,True,2026-04-10
2026-04-10,MOCK2,760932,0.03990763752638872,True,True,2026-04-11
2026-04-13,MOCK2,157708,0.06822169659546533,True,True,2026-04-14
2026-04-14,MOCK2,130807,0.02552263137538247,True,True,2026-04-15
2026-04-15,MOCK2,290514,0.14131355137708712,True,True,2026-04-16
2026-04-16,MOCK2,589571,0.05733178672434213,True,True,2026-04-17
2026-04-17,MOCK2,571052,0.03167235868942573,True,True,2026-04-18
2026-04-20,MOCK2,715243,0.02844146439523202,True,True,2026-04-21
2026-04-21,MOCK2,459198,0.10568115991026131,True,True,2026-04-22
2026-04-22,MOCK2,442968,0.05582187779260004,True,True,2026-04-23
2026-04-23,MOCK2,573687,0.13379713437335433,True,True,2026-04-24
2026-04-24,MOCK2,287657,0.0735468956180041,True,True,2026-04-25
2026-04-27,MOCK2,39442,0.09454357462741214,True,True,2026-04-28
2026-04-28,MOCK2,970750,0.10034680683142458,True,True,2026-04-29
2026-04-29,MOCK2,172465,0.10420778885288261,True,True,2026-04-30
2026-04-30,MOCK2,261214,0.03354324163082691,True,True,2026-05-01
2026-05-01,MOCK2,957333,0.06745209395122573,True,True,2026-05-02
2026-05-04,MOCK2,354415,0.07026776412035915,True,True,2026-05-05
2026-05-05,MOCK2,632201,0.14639425655012342,True,True,2026-05-06
2026-05-06,MOCK2,16286,0.11622483007115733,True,True,2026-05-07
2026-05-07,MOCK2,853549,0.14527428928230268,True,True,2026-05-08
2026-05-08,MOCK2,893372,0.11898921478762446,True,True,2026-05-09
2026-05-11,MOCK2,544392,0.07274453549535308,True,True,2026-05-12
2026-05-12,MOCK2,389482,0.028823824066166834,True,True,2026-05-13
2026-05-13,MOCK2,816348,0.0500289561853575,True,True,2026-05-14
2026-05-14,MOCK2,202299,0.11152441810894463,True,True,2026-05-15
2026-05-15,MOCK2,368159,0.14515003271798627,True,True,2026-05-16
2026-05-18,MOCK2,718433,0.11785717348146478,True,True,2026-05-19
2026-05-19,MOCK2,95008,0.10561035369267584,True,True,2026-05-20
2026-05-20,MOCK2,174804,0.05718147980341386,True,True,2026-05-21
2026-05-21,MOCK2,529982,0.14257902881278878,True,True,2026-05-22
2026-05-22,MOCK2,330586,0.03807638185708806,True,True,2026-05-23
2026-05-25,MOCK2,519208,0.08476219099409461,True,True,2026-05-26
2026-05-26,MOCK2,118724,0.12223983131258932,True,True,2026-05-27
2026-05-27,MOCK2,217771,0.05917639340818878,True,True,2026-05-28
2026-05-28,MOCK2,421943,0.022877957232193876,True,True,2026-05-29
2026-05-29,MOCK2,390420,0.01535109400371952,True,True,2026-05-30
2026-06-01,MOCK2,583157,0.053131277227770994,True,True,2026-06-02
2026-06-02,MOCK2,230879,0.014912579455020567,True,True,2026-06-03
2026-06-03,MOCK2,962977,0.1365881545458635,True,True,2026-06-04
2026-06-04,MOCK2,318207,0.02844019885510133,True,True,2026-06-05
2026-06-05,MOCK2,402608,0.12131601247853488,True,True,2026-06-06
2026-06-08,MOCK2,138242,0.06296959425471362,True,True,2026-06-09
2026-06-09,MOCK2,830337,0.07503065912760358,True,True,2026-06-10
2026-06-10,MOCK2,204577,0.14739059798173726,True,True,2026-06-11
2026-06-11,MOCK2,861946,0.02249302399293286,True,True,2026-06-12
2026-06-12,MOCK2,820398,0.09878977272129,True,True,2026-06-13
2026-06-15,MOCK2,377860,0.14432612051334387,True,True,2026-06-16
2026-06-16,MOCK2,532106,0.1369643701151195,True,True,2026-06-17
2026-06-17,MOCK2,15379,0.028610791550075537,True,True,2026-06-18
2026-06-18,MOCK2,219940,0.12030487680237484,True,True,2026-06-19
2026-06-19,MOCK2,475456,0.14526895443640733,True,True,2026-06-20
2026-06-22,MOCK2,464685,0.11454571395107006,True,True,2026-06-23
2026-06-23,MOCK2,475976,0.042379584663984456,True,True,2026-06-24
2026-06-24,MOCK2,500619,0.09212010318132553,True,True,2026-06-25
2026-06-25,MOCK2,586185,0.11945358838213446,True,True,2026-06-26
2026-06-26,MOCK2,314604,0.14709434073275718,True,True,2026-06-27
2026-06-29,MOCK2,782035,0.11418384664806347,True,True,2026-06-30
2026-06-30,MOCK2,668772,0.07359364167779059,True,True,2026-07-01
2026-07-01,MOCK2,162329,0.08693275520943557,True,True,2026-07-02
2026-07-02,MOCK2,805272,0.05215858679127317,True,True,2026-07-03
2026-07-03,MOCK2,85224,0.09404168057443975,True,True,2026-07-04
2026-07-06,MOCK2,8085,0.036085416389964306,True,True,2026-07-07
2026-07-07,MOCK2,730096,0.12814085310752524,True,True,2026-07-08
2026-07-08,MOCK2,756944,0.09760700201584548,True,True,2026-07-09
2026-07-09,MOCK2,781543,0.06940461822779836,True,True,2026-07-10
2026-07-10,MOCK2,863970,0.12109132281150023,True,True,2026-07-11
2026-07-13,MOCK2,638740,0.13239142702888754,True,True,2026-07-14
2026-07-14,MOCK2,496321,0.123480570451005,True,True,2026-07-15
2026-07-15,MOCK2,530424,0.09896936729811263,True,True,2026-07-16
2026-07-16,MOCK2,394587,0.023560770082206625,True,True,2026-07-17
2026-07-17,MOCK2,925404,0.037683086937057055,True,True,2026-07-18
2026-07-20,MOCK2,835223,0.0712756443614982,True,True,2026-07-21
2026-07-21,MOCK2,49260,0.04149932201489601,True,True,2026-07-22
2026-07-22,MOCK2,435309,0.07132471581749353,True,True,2026-07-23
2026-07-23,MOCK2,172342,0.06360082803368393,True,True,2026-07-24
2026-07-24,MOCK2,505081,0.10434886322442415,True,True,2026-07-25
2026-07-27,MOCK2,170983,0.1391527884152317,True,True,2026-07-28
2026-07-28,MOCK2,719013,0.13386017516245075,True,True,2026-07-29
2026-07-29,MOCK2,554896,0.0602040780684725,True,True,2026-07-30
2026-07-30,MOCK2,898899,0.13941143788469607,True,True,2026-07-31
2026-07-31,MOCK2,519047,0.09754544269648972,True,True,2026-08-01
2026-08-03,MOCK2,180025,0.04347654953989116,True,True,2026-08-04
2026-08-04,MOCK2,274388,0.04487168634716282,True,True,2026-08-05
2026-08-05,MOCK2,65178,0.028385715544998934,True,True,2026-08-06
2026-08-06,MOCK2,932795,0.03028922792561587,True,True,2026-08-07
2026-08-07,MOCK2,731241,0.05624711441325891,True,True,2026-08-08
2026-08-10,MOCK2,538124,0.020681854436194698,True,True,2026-08-11
2026-08-11,MOCK2,384687,0.11802034042153045,True,True,2026-08-12
2026-08-12,MOCK2,975800,0.030095576465809654,True,True,2026-08-13
2026-08-13,MOCK2,523413,0.14795470776975558,True,True,2026-08-14
2026-08-14,MOCK2,968426,0.04268631037189959,True,True,2026-08-15
2026-08-17,MOCK2,163108,0.03489463774343669,True,True,2026-08-18
2026-08-18,MOCK2,998242,0.03766723151897066,True,True,2026-08-19
2026-08-19,MOCK2,188530,0.14658506257432277,True,True,2026-08-20
2026-08-20,MOCK2,796383,0.10253978880973744,True,True,2026-08-21
2026-08-21,MOCK2,324564,0.13612694675912212,True,True,2026-08-22
2026-08-24,MOCK2,708628,0.08195450363964094,True,True,2026-08-25
2026-08-25,MOCK2,168939,0.017349854736052016,True,True,2026-08-26
2026-08-26,MOCK2,864666,0.021712672590669384,True,True,2026-08-27
2026-08-27,MOCK2,587509,0.015143501014790397,True,True,2026-08-28
2026-08-28,MOCK2,927595,0.13710509601152956,True,True,2026-08-29
2015-01-01,MOCK3,610289,0.03505972193896951,True,True,2015-01-02
2015-01-02,MOCK3,611375,0.07393330342079019,True,True,2015-01-03
2015-01-05,MOCK3,292388,0.07366958328451641,True,True,2015-01-06
2015-01-06,MOCK3,140938,0.05556162819400236,True,True,2015-01-07
2015-01-07,MOCK3,64157,0.03237356997062706,True,True,2015-01-08
2015-01-08,MOCK3,107425,0.06937804848580084,True,True,2015-01-09
2015-01-09,MOCK3,186899,0.039608950337466,True,True,2015-01-10
2015-01-12,MOCK3,599480,0.03606789511162281,True,True,2015-01-13
2015-01-13,MOCK3,541344,0.012171257201626403,True,True,2015-01-14
2015-01-14,MOCK3,126833,0.06543377545460563,True,True,2015-01-15
2015-01-15,MOCK3,761065,0.01252790786196463,True,True,2015-01-16
2015-01-16,MOCK3,56353,0.062472249010399765,True,True,2015-01-17
2015-01-19,MOCK3,738591,0.03840078999384581,True,True,2015-01-20
2015-01-20,MOCK3,309784,0.09825764555029218,True,True,2015-01-21
2015-01-21,MOCK3,850353,0.024877248385600733,True,True,2015-01-22
2015-01-22,MOCK3,940889,0.0351882840136975,True,True,2015-01-23
2015-01-23,MOCK3,56855,0.012307727889209596,True,True,2015-01-24
2015-01-26,MOCK3,468962,0.05344541851959048,True,True,2015-01-27
2015-01-27,MOCK3,856740,0.06333808018495783,True,True,2015-01-28
2015-01-28,MOCK3,350806,0.042015636974659855,True,True,2015-01-29
2015-01-29,MOCK3,308659,0.052775953748681874,True,True,2015-01-30
2015-01-30,MOCK3,808675,0.0995732583009855,True,True,2015-01-31
2015-02-02,MOCK3,826127,0.11323674400461559,True,True,2015-02-03
2015-02-03,MOCK3,378542,0.1472335226094591,True,True,2015-02-04
2015-02-04,MOCK3,696343,0.14595154104820268,True,True,2015-02-05
2015-02-05,MOCK3,92039,0.052576396861536326,True,True,2015-02-06
2015-02-06,MOCK3,165730,0.019231891299569755,True,True,2015-02-07
2015-02-09,MOCK3,460228,0.025948947360470292,True,True,2015-02-10
2015-02-10,MOCK3,56073,0.14410406930588804,True,True,2015-02-11
2015-02-11,MOCK3,257390,0.03431318937485796,True,True,2015-02-12
2015-02-12,MOCK3,372765,0.020813914574608655,True,True,2015-02-13
2015-02-13,MOCK3,937196,0.10444959661328732,True,True,2015-02-14
2015-02-16,MOCK3,394849,0.012995253482759442,True,True,2015-02-17
2015-02-17,MOCK3,477669,0.010500680680126589,True,True,2015-02-18
2015-02-18,MOCK3,803719,0.13487932576943384,True,True,2015-02-19
2015-02-19,MOCK3,703456,0.04714688118633414,True,True,2015-02-20
2015-02-20,MOCK3,217443,0.1458392357077213,True,True,2015-02-21
2015-02-23,MOCK3,285661,0.09157919349864124,True,True,2015-02-24
2015-02-24,MOCK3,99255,0.027014246246406623,True,True,2015-02-25
2015-02-25,MOCK3,988593,0.0822063982378691,True,True,2015-02-26
2015-02-26,MOCK3,269653,0.029876415036354458,True,True,2015-02-27
2015-02-27,MOCK3,958683,0.05866801049436037,True,True,2015-02-28
2015-03-02,MOCK3,627191,0.12949277527531214,True,True,2015-03-03
2015-03-03,MOCK3,851214,0.026125341228730385,True,True,2015-03-04
2015-03-04,MOCK3,31009,0.11801102385918989,True,True,2015-03-05
2015-03-05,MOCK3,385405,0.047556360652380045,True,True,2015-03-06
2015-03-06,MOCK3,825724,0.04306122752619614,True,True,2015-03-07
2015-03-09,MOCK3,376806,0.0679187732702234,True,True,2015-03-10
2015-03-10,MOCK3,247010,0.03156607742324679,True,True,2015-03-11
2015-03-11,MOCK3,292181,0.04453499951754047,True,True,2015-03-12
2015-03-12,MOCK3,746684,0.0387697469588506,True,True,2015-03-13
2015-03-13,MOCK3,736264,0.027182011835005626,True,True,2015-03-14
2015-03-16,MOCK3,344823,0.03642587387318713,True,True,2015-03-17
2015-03-17,MOCK3,879340,0.07307227572702647,True,True,2015-03-18
2015-03-18,MOCK3,552545,0.1472468704905323,True,True,2015-03-19
2015-03-19,MOCK3,464424,0.03110140352656733,True,True,2015-03-20
2015-03-20,MOCK3,150876,0.023166308870358306,True,True,2015-03-21
2015-03-23,MOCK3,508946,0.06620444917979851,True,True,2015-03-24
2015-03-24,MOCK3,378192,0.08796668972084729,True,True,2015-03-25
2015-03-25,MOCK3,825919,0.1381388444450477,True,True,2015-03-26
2015-03-26,MOCK3,934920,0.05454723761165431,True,True,2015-03-27
2015-03-27,MOCK3,468075,0.0746875178454821,True,True,2015-03-28
2015-03-30,MOCK3,421325,0.05865657075194843,True,True,2015-03-31
2015-03-31,MOCK3,609184,0.05178401006099767,True,True,2015-04-01
2015-04-01,MOCK3,328536,0.09251461277500334,True,True,2015-04-02
2015-04-02,MOCK3,665497,0.07253231380989945,True,True,2015-04-03
2015-04-03,MOCK3,48957,0.1436943958038944,True,True,2015-04-04
2015-04-06,MOCK3,93127,0.09737642704133327,True,True,2015-04-07
2015-04-07,MOCK3,563619,0.08922626028719935,True,True,2015-04-08
2015-04-08,MOCK3,976191,0.14004444547154146,True,True,2015-04-09
2015-04-09,MOCK3,842253,0.014112651692884242,True,True,2015-04-10
2015-04-10,MOCK3,908550,0.0502233557269623,True,True,2015-04-11
2015-04-13,MOCK3,86534,0.0804594982504081,True,True,2015-04-14
2015-04-14,MOCK3,293089,0.13231320105148583,True,True,2015-04-15
2015-04-15,MOCK3,511038,0.04862666379937184,True,True,2015-04-16
2015-04-16,MOCK3,632405,0.018049373218236187,True,True,2015-04-17
2015-04-17,MOCK3,33654,0.08070724401872544,True,True,2015-04-18
2015-04-20,MOCK3,367867,0.07100051786101053,True,True,2015-04-21
2015-04-21,MOCK3,853190,0.1078262206455464,True,True,2015-04-22
2015-04-22,MOCK3,717740,0.06091345996884889,True,True,2015-04-23
2015-04-23,MOCK3,941900,0.015010872783580147,True,True,2015-04-24
2015-04-24,MOCK3,643302,0.1292238472588649,True,True,2015-04-25
2015-04-27,MOCK3,537232,0.08813246483838366,True,True,2015-04-28
2015-04-28,MOCK3,992200,0.14307402182127318,True,True,2015-04-29
2015-04-29,MOCK3,44959,0.09512635976450544,True,True,2015-04-30
2015-04-30,MOCK3,575861,0.059271145636393234,True,True,2015-05-01
2015-05-01,MOCK3,954776,0.1284601201713968,True,True,2015-05-02
2015-05-04,MOCK3,819390,0.010349768504344064,True,True,2015-05-05
2015-05-05,MOCK3,712238,0.05821122454815388,True,True,2015-05-06
2015-05-06,MOCK3,569577,0.11311292902687872,True,True,2015-05-07
2015-05-07,MOCK3,664124,0.13182704115636162,True,True,2015-05-08
2015-05-08,MOCK3,199185,0.10416507699749973,True,True,2015-05-09
2015-05-11,MOCK3,269288,0.12553912057472624,True,True,2015-05-12
2015-05-12,MOCK3,636846,0.12422462981014622,True,True,2015-05-13
2015-05-13,MOCK3,534470,0.010641303135842169,True,True,2015-05-14
2015-05-14,MOCK3,951816,0.053935277526795014,True,True,2015-05-15
2015-05-15,MOCK3,486680,0.08583523508787823,True,True,2015-05-16
2015-05-18,MOCK3,830638,0.1325338387193827,True,True,2015-05-19
2015-05-19,MOCK3,816792,0.1025652109254287,True,True,2015-05-20
2015-05-20,MOCK3,120303,0.05949130523218946,True,True,2015-05-21
2015-05-21,MOCK3,34402,0.07001087678187332,True,True,2015-05-22
2015-05-22,MOCK3,508691,0.11289728935786482,True,True,2015-05-23
2015-05-25,MOCK3,497802,0.011519368049832661,True,True,2015-05-26
2015-05-26,MOCK3,899565,0.12177600728208443,True,True,2015-05-27
2015-05-27,MOCK3,559528,0.058376506313838186,True,True,2015-05-28
2015-05-28,MOCK3,859837,0.14923761863841065,True,True,2015-05-29
2015-05-29,MOCK3,782024,0.12672891009884477,True,True,2015-05-30
2015-06-01,MOCK3,913768,0.10398104709125787,True,True,2015-06-02
2015-06-02,MOCK3,214720,0.048349747707737124,True,True,2015-06-03
2015-06-03,MOCK3,935406,0.06326077387037556,True,True,2015-06-04
2015-06-04,MOCK3,432279,0.0971772792354371,True,True,2015-06-05
2015-06-05,MOCK3,546886,0.06832581843450593,True,True,2015-06-06
2015-06-08,MOCK3,829319,0.09959571790248614,True,True,2015-06-09
2015-06-09,MOCK3,756219,0.07039522420861531,True,True,2015-06-10
2015-06-10,MOCK3,140315,0.12068261589454446,True,True,2015-06-11
2015-06-11,MOCK3,746619,0.09173921276708208,True,True,2015-06-12
2015-06-12,MOCK3,562218,0.05706004619772977,True,True,2015-06-13
2015-06-15,MOCK3,749566,0.14700465336278806,True,True,2015-06-16
2015-06-16,MOCK3,967917,0.019966002921709143,True,True,2015-06-17
2015-06-17,MOCK3,366462,0.05507935151324201,True,True,2015-06-18
2015-06-18,MOCK3,531792,0.040680272963763676,True,True,2015-06-19
2015-06-19,MOCK3,11787,0.112787813534867,True,True,2015-06-20
2015-06-22,MOCK3,128840,0.08312513902312983,True,True,2015-06-23
2015-06-23,MOCK3,505415,0.044083537051189094,True,True,2015-06-24
2015-06-24,MOCK3,51034,0.05277577005427159,True,True,2015-06-25
2015-06-25,MOCK3,290210,0.020494911118282,True,True,2015-06-26
2015-06-26,MOCK3,548472,0.08023220085528068,True,True,2015-06-27
2015-06-29,MOCK3,677850,0.10677665398264878,True,True,2015-06-30
2015-06-30,MOCK3,453759,0.028290466867290504,True,True,2015-07-01
2015-07-01,MOCK3,767766,0.030067251382144763,True,True,2015-07-02
2015-07-02,MOCK3,608274,0.14782746416273543,True,True,2015-07-03
2015-07-03,MOCK3,175219,0.01388436395627897,True,True,2015-07-04
2015-07-06,MOCK3,392798,0.14212745084282186,True,True,2015-07-07
2015-07-07,MOCK3,562164,0.026299888055556074,True,True,2015-07-08
2015-07-08,MOCK3,102191,0.08124923526625284,True,True,2015-07-09
2015-07-09,MOCK3,288092,0.12644456316742012,True,True,2015-07-10
2015-07-10,MOCK3,314520,0.030824440611641066,True,True,2015-07-11
2015-07-13,MOCK3,764541,0.1205919583540805,True,True,2015-07-14
2015-07-14,MOCK3,638229,0.14584826734150597,True,True,2015-07-15
2015-07-15,MOCK3,883437,0.11975252417631747,True,True,2015-07-16
2015-07-16,MOCK3,74441,0.042060417767470826,True,True,2015-07-17
2015-07-17,MOCK3,715443,0.010266213343931224,True,True,2015-07-18
2015-07-20,MOCK3,493476,0.06534921971083517,True,True,2015-07-21
2015-07-21,MOCK3,346171,0.12923665029135464,True,True,2015-07-22
2015-07-22,MOCK3,187079,0.05762268048429669,True,True,2015-07-23
2015-07-23,MOCK3,594963,0.11280089818625591,True,True,2015-07-24
2015-07-24,MOCK3,310748,0.01281722411180578,True,True,2015-07-25
2015-07-27,MOCK3,490132,0.029492619035297235,True,True,2015-07-28
2015-07-28,MOCK3,957832,0.07694199423708882,True,True,2015-07-29
2015-07-29,MOCK3,426265,0.12892385079008659,True,True,2015-07-30
2015-07-30,MOCK3,317950,0.1204167494464897,True,True,2015-07-31
2015-07-31,MOCK3,594667,0.10147786438676602,True,True,2015-08-01
2015-08-03,MOCK3,165917,0.09889946127513125,True,True,2015-08-04
2015-08-04,MOCK3,46156,0.1359130052974105,True,True,2015-08-05
2015-08-05,MOCK3,825005,0.1422950643302467,True,True,2015-08-06
2015-08-06,MOCK3,968586,0.11907167269317201,True,True,2015-08-07
2015-08-07,MOCK3,586163,0.11075884049615323,True,True,2015-08-08
2015-08-10,MOCK3,875564,0.08672407231273722,True,True,2015-08-11
2015-08-11,MOCK3,686717,0.13350215137952443,True,True,2015-08-12
2015-08-12,MOCK3,237893,0.03851736220707187,True,True,2015-08-13
2015-08-13,MOCK3,651675,0.01218168707828821,True,True,2015-08-14
2015-08-14,MOCK3,413468,0.013404908452455852,True,True,2015-08-15
2015-08-17,MOCK3,9733,0.06168230977182016,True,True,2015-08-18
2015-08-18,MOCK3,703796,0.1352136097765082,True,True,2015-08-19
2015-08-19,MOCK3,695961,0.10407648378360489,True,True,2015-08-20
2015-08-20,MOCK3,38542,0.05434656459019767,True,True,2015-08-21
2015-08-21,MOCK3,44996,0.029204607076014806,True,True,2015-08-22
2015-08-24,MOCK3,208320,0.12646930615167445,True,True,2015-08-25
2015-08-25,MOCK3,980745,0.09794541206719597,True,True,2015-08-26
2015-08-26,MOCK3,205587,0.09925729508483244,True,True,2015-08-27
2015-08-27,MOCK3,17115,0.018077216073848004,True,True,2015-08-28
2015-08-28,MOCK3,77365,0.09148363864079158,True,True,2015-08-29
2015-08-31,MOCK3,794207,0.05035128585008628,True,True,2015-09-01
2015-09-01,MOCK3,385525,0.1435096364168297,True,True,2015-09-02
2015-09-02,MOCK3,6722,0.11607137487318124,True,True,2015-09-03
2015-09-03,MOCK3,757290,0.0803165422722485,True,True,2015-09-04
2015-09-04,MOCK3,172652,0.11390651431420072,True,True,2015-09-05
2015-09-07,MOCK3,916173,0.09905885166281511,True,True,2015-09-08
2015-09-08,MOCK3,651087,0.08535312718232374,True,True,2015-09-09
2015-09-09,MOCK3,93695,0.1183457170953088,True,True,2015-09-10
2015-09-10,MOCK3,480907,0.0617149025083284,True,True,2015-09-11
2015-09-11,MOCK3,169494,0.13926151762581715,True,True,2015-09-12
2015-09-14,MOCK3,584466,0.07130228924343793,True,True,2015-09-15
2015-09-15,MOCK3,766765,0.05755602815087163,True,True,2015-09-16
2015-09-16,MOCK3,727807,0.015760139687414756,True,True,2015-09-17
2015-09-17,MOCK3,311223,0.024948973521109693,True,True,2015-09-18
2015-09-18,MOCK3,463090,0.025892044612015122,True,True,2015-09-19
2015-09-21,MOCK3,293984,0.12986620855480357,True,True,2015-09-22
2015-09-22,MOCK3,79694,0.10382205199981898,True,True,2015-09-23
2015-09-23,MOCK3,457972,0.08706860927239632,True,True,2015-09-24
2015-09-24,MOCK3,786397,0.016033730764070525,True,True,2015-09-25
2015-09-25,MOCK3,375572,0.13822040661846655,True,True,2015-09-26
2015-09-28,MOCK3,500918,0.0816962548218205,True,True,2015-09-29
2015-09-29,MOCK3,683203,0.045495262821625256,True,True,2015-09-30
2015-09-30,MOCK3,309362,0.09929202020116347,True,True,2015-10-01
2015-10-01,MOCK3,826390,0.04615057458967868,True,True,2015-10-02
2015-10-02,MOCK3,61937,0.02357517017233504,True,True,2015-10-03
2015-10-05,MOCK3,131447,0.1486937827782523,True,True,2015-10-06
2015-10-06,MOCK3,190348,0.06420715035278865,True,True,2015-10-07
2015-10-07,MOCK3,404604,0.11369496203273535,True,True,2015-10-08
2015-10-08,MOCK3,230085,0.12348872115193778,True,True,2015-10-09
2015-10-09,MOCK3,355356,0.03456918855192117,True,True,2015-10-10
2015-10-12,MOCK3,380038,0.06835194851462362,True,True,2015-10-13
2015-10-13,MOCK3,892441,0.09655192227182768,True,True,2015-10-14
2015-10-14,MOCK3,131047,0.14725866771821566,True,True,2015-10-15
2015-10-15,MOCK3,453179,0.13301654822616624,True,True,2015-10-16
2015-10-16,MOCK3,972191,0.06372786012977737,True,True,2015-10-17
2015-10-19,MOCK3,903348,0.10601034768676204,True,True,2015-10-20
2015-10-20,MOCK3,529498,0.07572807510213114,True,True,2015-10-21
2015-10-21,MOCK3,950735,0.13118958895777985,True,True,2015-10-22
2015-10-22,MOCK3,420640,0.1048515494463441,True,True,2015-10-23
2015-10-23,MOCK3,204497,0.015259112866089608,True,True,2015-10-24
2015-10-26,MOCK3,265698,0.0345027418680347,True,True,2015-10-27
2015-10-27,MOCK3,104444,0.08774733405753805,True,True,2015-10-28
2015-10-28,MOCK3,625246,0.04967876409007807,True,True,2015-10-29
2015-10-29,MOCK3,121605,0.030904466683566646,True,True,2015-10-30
2015-10-30,MOCK3,422157,0.1067879490034445,True,True,2015-10-31
2015-11-02,MOCK3,685942,0.11458456334333122,True,True,2015-11-03
2015-11-03,MOCK3,212859,0.12783681164292585,True,True,2015-11-04
2015-11-04,MOCK3,918584,0.12654138756911987,True,True,2015-11-05
2015-11-05,MOCK3,111469,0.04460553854483441,True,True,2015-11-06
2015-11-06,MOCK3,435534,0.1026175809610206,True,True,2015-11-07
2015-11-09,MOCK3,193186,0.057672235524145604,True,True,2015-11-10
2015-11-10,MOCK3,955652,0.12685083731694133,True,True,2015-11-11
2015-11-11,MOCK3,256748,0.14030014826244094,True,True,2015-11-12
2015-11-12,MOCK3,238938,0.06058296628271425,True,True,2015-11-13
2015-11-13,MOCK3,292329,0.09121305567338678,True,True,2015-11-14
2015-11-16,MOCK3,377328,0.028236558500106847,True,True,2015-11-17
2015-11-17,MOCK3,455719,0.1299487183079986,True,True,2015-11-18
2015-11-18,MOCK3,314011,0.1340559296327933,True,True,2015-11-19
2015-11-19,MOCK3,432376,0.0445181169939262,True,True,2015-11-20
2015-11-20,MOCK3,376267,0.118553834982796,True,True,2015-11-21
2015-11-23,MOCK3,614083,0.01336828689473481,True,True,2015-11-24
2015-11-24,MOCK3,950586,0.06301476367792797,True,True,2015-11-25
2015-11-25,MOCK3,169773,0.08480970764308413,True,True,2015-11-26
2015-11-26,MOCK3,76912,0.053653854916356276,True,True,2015-11-27
2015-11-27,MOCK3,584589,0.1018618452259591,True,True,2015-11-28
2015-11-30,MOCK3,104259,0.02699152151337355,True,True,2015-12-01
2015-12-01,MOCK3,823161,0.053499664616755156,True,True,2015-12-02
2015-12-02,MOCK3,356113,0.050239464579273606,True,True,2015-12-03
2015-12-03,MOCK3,389799,0.0769015650590854,True,True,2015-12-04
2015-12-04,MOCK3,127073,0.03441147873459081,True,True,2015-12-05
2015-12-07,MOCK3,369397,0.0331501820195518,True,True,2015-12-08
2015-12-08,MOCK3,339797,0.050169756037065236,True,True,2015-12-09
2015-12-09,MOCK3,527599,0.07065652888670927,True,True,2015-12-10
2015-12-10,MOCK3,612966,0.12819048616898593,True,True,2015-12-11
2015-12-11,MOCK3,57680,0.08018163621327062,True,True,2015-12-12
2015-12-14,MOCK3,976087,0.035901031741145714,True,True,2015-12-15
2015-12-15,MOCK3,262947,0.06050925721158265,True,True,2015-12-16
2015-12-16,MOCK3,694798,0.06255261942855306,True,True,2015-12-17
2015-12-17,MOCK3,351885,0.11088165942951848,True,True,2015-12-18
2015-12-18,MOCK3,79281,0.09487473987989999,True,True,2015-12-19
2015-12-21,MOCK3,231877,0.09302475793209763,True,True,2015-12-22
2015-12-22,MOCK3,880056,0.038146531193354045,True,True,2015-12-23
2015-12-23,MOCK3,264001,0.10682151862108473,True,True,2015-12-24
2015-12-24,MOCK3,37678,0.13916266261755939,True,True,2015-12-25
2015-12-25,MOCK3,397394,0.1497335929563183,True,True,2015-12-26
2015-12-28,MOCK3,593333,0.012025980106669802,True,True,2015-12-29
2015-12-29,MOCK3,773953,0.029594474537154532,True,True,2015-12-30
2015-12-30,MOCK3,881982,0.05850866890917889,True,True,2015-12-31
2015-12-31,MOCK3,713734,0.06403035579394732,True,True,2016-01-01
2016-01-01,MOCK3,288244,0.06260411209440757,True,True,2016-01-02
2016-01-04,MOCK3,802024,0.07814537457474328,True,True,2016-01-05
2016-01-05,MOCK3,152886,0.04159604154218598,True,True,2016-01-06
2016-01-06,MOCK3,43837,0.08814631178440753,True,True,2016-01-07
2016-01-07,MOCK3,300600,0.056118366920070356,True,True,2016-01-08
2016-01-08,MOCK3,802651,0.09703533189345756,True,True,2016-01-09
2016-01-11,MOCK3,60298,0.11162201937537426,True,True,2016-01-12
2016-01-12,MOCK3,950413,0.11959767215800873,True,True,2016-01-13
2016-01-13,MOCK3,919419,0.04713564796046151,True,True,2016-01-14
2016-01-14,MOCK3,462633,0.010005369954179763,True,True,2016-01-15
2016-01-15,MOCK3,501231,0.11028603922340363,True,True,2016-01-16
2016-01-18,MOCK3,283618,0.05536693132587134,True,True,2016-01-19
2016-01-19,MOCK3,473649,0.04010041964037847,True,True,2016-01-20
2016-01-20,MOCK3,753301,0.13693900427936498,True,True,2016-01-21
2016-01-21,MOCK3,386152,0.1427528719138363,True,True,2016-01-22
2016-01-22,MOCK3,253271,0.08467466611106914,True,True,2016-01-23
2016-01-25,MOCK3,436637,0.02324404238707376,True,True,2016-01-26
2016-01-26,MOCK3,879084,0.13133592030395858,True,True,2016-01-27
2016-01-27,MOCK3,145477,0.05662216346533021,True,True,2016-01-28
2016-01-28,MOCK3,395576,0.07845845153282417,True,True,2016-01-29
2016-01-29,MOCK3,645798,0.07501257368985091,True,True,2016-01-30
2016-02-01,MOCK3,543394,0.09377574598091994,True,True,2016-02-02
2016-02-02,MOCK3,45514,0.03679789887644074,True,True,2016-02-03
2016-02-03,MOCK3,429822,0.09707929858793896,True,True,2016-02-04
2016-02-04,MOCK3,316541,0.10694467387752868,True,True,2016-02-05
2016-02-05,MOCK3,742094,0.07395855833759876,True,True,2016-02-06
2016-02-08,MOCK3,551328,0.06605520173349703,True,True,2016-02-09
2016-02-09,MOCK3,972611,0.013680784318167606,True,True,2016-02-10
2016-02-10,MOCK3,471673,0.06335076794268718,True,True,2016-02-11
2016-02-11,MOCK3,802774,0.06648132254531092,True,True,2016-02-12
2016-02-12,MOCK3,962138,0.014742011319339447,True,True,2016-02-13
2016-02-15,MOCK3,609766,0.05989204727696732,True,True,2016-02-16
2016-02-16,MOCK3,637126,0.05055723693311331,True,True,2016-02-17
2016-02-17,MOCK3,339895,0.030961208870633694,True,True,2016-02-18
2016-02-18,MOCK3,572572,0.011072886286757311,True,True,2016-02-19
2016-02-19,MOCK3,697198,0.083682678687422,True,True,2016-02-20
2016-02-22,MOCK3,597333,0.1387226570270898,True,True,2016-02-23
2016-02-23,MOCK3,972876,0.14738414941668462,True,True,2016-02-24
2016-02-24,MOCK3,38113,0.12383411545592074,True,True,2016-02-25
2016-02-25,MOCK3,521214,0.06089956027432196,True,True,2016-02-26
2016-02-26,MOCK3,934043,0.09951908379855263,True,True,2016-02-27
2016-02-29,MOCK3,642508,0.10500328177364811,True,True,2016-03-01
2016-03-01,MOCK3,873258,0.04172239612620043,True,True,2016-03-02
2016-03-02,MOCK3,319909,0.02649601841173397,True,True,2016-03-03
2016-03-03,MOCK3,335909,0.1496609816360289,True,True,2016-03-04
2016-03-04,MOCK3,325384,0.06877481030892779,True,True,2016-03-05
2016-03-07,MOCK3,111395,0.02511872538677239,True,True,2016-03-08
2016-03-08,MOCK3,96631,0.06316553536205673,True,True,2016-03-09
2016-03-09,MOCK3,144881,0.1074340661019668,True,True,2016-03-10
2016-03-10,MOCK3,947298,0.018951723609484314,True,True,2016-03-11
2016-03-11,MOCK3,137051,0.03628563564988604,True,True,2016-03-12
2016-03-14,MOCK3,404423,0.10926270820816579,True,True,2016-03-15
2016-03-15,MOCK3,775054,0.046069298310014585,True,True,2016-03-16
2016-03-16,MOCK3,188778,0.046015282264929895,True,True,2016-03-17
2016-03-17,MOCK3,23503,0.056929254513543005,True,True,2016-03-18
2016-03-18,MOCK3,168892,0.11025116284080234,True,True,2016-03-19
2016-03-21,MOCK3,547060,0.06911514995801252,True,True,2016-03-22
2016-03-22,MOCK3,29538,0.06148890326025919,True,True,2016-03-23
2016-03-23,MOCK3,713674,0.1307815546365905,True,True,2016-03-24
2016-03-24,MOCK3,446503,0.035580693843111445,True,True,2016-03-25
2016-03-25,MOCK3,361299,0.11770496117663987,True,True,2016-03-26
2016-03-28,MOCK3,215436,0.1313921966508475,True,True,2016-03-29
2016-03-29,MOCK3,309139,0.1190275798144833,True,True,2016-03-30
2016-03-30,MOCK3,646631,0.04747565563499717,True,True,2016-03-31
2016-03-31,MOCK3,509866,0.09007901622893627,True,True,2016-04-01
2016-04-01,MOCK3,672383,0.04151004361076354,True,True,2016-04-02
2016-04-04,MOCK3,513342,0.08216600573900407,True,True,2016-04-05
2016-04-05,MOCK3,224580,0.13561281460264188,True,True,2016-04-06
2016-04-06,MOCK3,404282,0.14537766012150893,True,True,2016-04-07
2016-04-07,MOCK3,145332,0.10189844621478578,True,True,2016-04-08
2016-04-08,MOCK3,756505,0.09473399314648642,True,True,2016-04-09
2016-04-11,MOCK3,894923,0.11175966297412449,True,True,2016-04-12
2016-04-12,MOCK3,28262,0.047594312260077744,True,True,2016-04-13
2016-04-13,MOCK3,791744,0.02821403778253754,True,True,2016-04-14
2016-04-14,MOCK3,751282,0.1452520574461153,True,True,2016-04-15
2016-04-15,MOCK3,579784,0.08815318502371478,True,True,2016-04-16
2016-04-18,MOCK3,681712,0.1065156721721138,True,True,2016-04-19
2016-04-19,MOCK3,77294,0.14505579249640174,True,True,2016-04-20
2016-04-20,MOCK3,909502,0.08598056110013928,True,True,2016-04-21
2016-04-21,MOCK3,221259,0.022746123314110304,True,True,2016-04-22
2016-04-22,MOCK3,903188,0.09658504394819628,True,True,2016-04-23
2016-04-25,MOCK3,27677,0.0985328314563762,True,True,2016-04-26
2016-04-26,MOCK3,505297,0.014426779460610516,True,True,2016-04-27
2016-04-27,MOCK3,458314,0.06454591575680348,True,True,2016-04-28
2016-04-28,MOCK3,933110,0.07800121492999436,True,True,2016-04-29
2016-04-29,MOCK3,622151,0.042058210245075826,True,True,2016-04-30
2016-05-02,MOCK3,367379,0.1371884854821197,True,True,2016-05-03
2016-05-03,MOCK3,472628,0.143284755223751,True,True,2016-05-04
2016-05-04,MOCK3,874060,0.14533728009136698,True,True,2016-05-05
2016-05-05,MOCK3,524647,0.09933800263281599,True,True,2016-05-06
2016-05-06,MOCK3,565398,0.012794062546277619,True,True,2016-05-07
2016-05-09,MOCK3,146949,0.08649295242959529,True,True,2016-05-10
2016-05-10,MOCK3,824571,0.010053478847259127,True,True,2016-05-11
2016-05-11,MOCK3,522384,0.10397264969757526,True,True,2016-05-12
2016-05-12,MOCK3,315029,0.06816371706992308,True,True,2016-05-13
2016-05-13,MOCK3,170185,0.11030377047692468,True,True,2016-05-14
2016-05-16,MOCK3,561087,0.11281532991193448,True,True,2016-05-17
2016-05-17,MOCK3,638902,0.029806980698921674,True,True,2016-05-18
2016-05-18,MOCK3,973733,0.12174474906665839,True,True,2016-05-19
2016-05-19,MOCK3,497284,0.018020200026878957,True,True,2016-05-20
2016-05-20,MOCK3,559401,0.10540223506866006,True,True,2016-05-21
2016-05-23,MOCK3,506821,0.11683467705348374,True,True,2016-05-24
2016-05-24,MOCK3,994589,0.017653596036639303,True,True,2016-05-25
2016-05-25,MOCK3,579750,0.06616216503598346,True,True,2016-05-26
2016-05-26,MOCK3,906000,0.06073833190960162,True,True,2016-05-27
2016-05-27,MOCK3,297243,0.09067731167222298,True,True,2016-05-28
2016-05-30,MOCK3,272064,0.10840649872623222,True,True,2016-05-31
2016-05-31,MOCK3,708402,0.02016092350896117,True,True,2016-06-01
2016-06-01,MOCK3,279984,0.1054695422483436,True,True,2016-06-02
2016-06-02,MOCK3,719594,0.06811597695413382,True,True,2016-06-03
2016-06-03,MOCK3,918906,0.06265705831888327,True,True,2016-06-04
2016-06-06,MOCK3,229419,0.04914212546748027,True,True,2016-06-07
2016-06-07,MOCK3,680093,0.11670836118785267,True,True,2016-06-08
2016-06-08,MOCK3,182688,0.10681970790158636,True,True,2016-06-09
2016-06-09,MOCK3,52020,0.11682827863112692,True,True,2016-06-10
2016-06-10,MOCK3,875105,0.1296160135410527,True,True,2016-06-11
2016-06-13,MOCK3,499680,0.03475272287950935,True,True,2016-06-14
2016-06-14,MOCK3,640665,0.1435738232887946,True,True,2016-06-15
2016-06-15,MOCK3,819692,0.018387675955815176,True,True,2016-06-16
2016-06-16,MOCK3,686172,0.08144012051510109,True,True,2016-06-17
2016-06-17,MOCK3,290841,0.07668943511075567,True,True,2016-06-18
2016-06-20,MOCK3,488877,0.04860565327359914,True,True,2016-06-21
2016-06-21,MOCK3,344670,0.11326284122181503,True,True,2016-06-22
2016-06-22,MOCK3,892517,0.0838284480772136,True,True,2016-06-23
2016-06-23,MOCK3,893944,0.11116970809806026,True,True,2016-06-24
2016-06-24,MOCK3,588538,0.1384308760569346,True,True,2016-06-25
2016-06-27,MOCK3,927726,0.13865742880351323,True,True,2016-06-28
2016-06-28,MOCK3,686698,0.08999106583091349,True,True,2016-06-29
2016-06-29,MOCK3,285067,0.08321976796293104,True,True,2016-06-30
2016-06-30,MOCK3,622703,0.023156458683375254,True,True,2016-07-01
2016-07-01,MOCK3,175074,0.1383759415053283,True,True,2016-07-02
2016-07-04,MOCK3,892775,0.08938123616104128,True,True,2016-07-05
2016-07-05,MOCK3,530601,0.026505723154603533,True,True,2016-07-06
2016-07-06,MOCK3,853340,0.08068355895509889,True,True,2016-07-07
2016-07-07,MOCK3,154699,0.13467053062670678,True,True,2016-07-08
2016-07-08,MOCK3,274627,0.08939868423731354,True,True,2016-07-09
2016-07-11,MOCK3,448809,0.1163523135080938,True,True,2016-07-12
2016-07-12,MOCK3,696409,0.07360831099451938,True,True,2016-07-13
2016-07-13,MOCK3,824854,0.07844783672111942,True,True,2016-07-14
2016-07-14,MOCK3,86877,0.12056432940657408,True,True,2016-07-15
2016-07-15,MOCK3,938810,0.02096039885520972,True,True,2016-07-16
2016-07-18,MOCK3,486683,0.06904017278468993,True,True,2016-07-19
2016-07-19,MOCK3,910566,0.06516651671123148,True,True,2016-07-20
2016-07-20,MOCK3,810769,0.04239650513428457,True,True,2016-07-21
2016-07-21,MOCK3,113643,0.09629207187453953,True,True,2016-07-22
2016-07-22,MOCK3,991875,0.08237753804554518,True,True,2016-07-23
2016-07-25,MOCK3,349952,0.013796073027968814,True,True,2016-07-26
2016-07-26,MOCK3,581351,0.08314679427644832,True,True,2016-07-27
2016-07-27,MOCK3,511264,0.04370589193556342,True,True,2016-07-28
2016-07-28,MOCK3,640874,0.016501123829187933,True,True,2016-07-29
2016-07-29,MOCK3,431284,0.11445974297241647,True,True,2016-07-30
2016-08-01,MOCK3,689161,0.11620130137927648,True,True,2016-08-02
2016-08-02,MOCK3,761984,0.13396729310254232,True,True,2016-08-03
2016-08-03,MOCK3,160592,0.05712234866371851,True,True,2016-08-04
2016-08-04,MOCK3,85328,0.05344206689964587,True,True,2016-08-05
2016-08-05,MOCK3,693537,0.1480690237308359,True,True,2016-08-06
2016-08-08,MOCK3,176116,0.08396393868557063,True,True,2016-08-09
2016-08-09,MOCK3,914275,0.03953250858935569,True,True,2016-08-10
2016-08-10,MOCK3,900527,0.043097459469301984,True,True,2016-08-11
2016-08-11,MOCK3,365231,0.08021049290185125,True,True,2016-08-12
2016-08-12,MOCK3,833076,0.14841486751855565,True,True,2016-08-13
2016-08-15,MOCK3,685797,0.041438576141755556,True,True,2016-08-16
2016-08-16,MOCK3,498275,0.10615755809177285,True,True,2016-08-17
2016-08-17,MOCK3,827946,0.0661039261861919,True,True,2016-08-18
2016-08-18,MOCK3,952647,0.06524317206891901,True,True,2016-08-19
2016-08-19,MOCK3,527984,0.11909461710392605,True,True,2016-08-20
2016-08-22,MOCK3,250577,0.08525148202626716,True,True,2016-08-23
2016-08-23,MOCK3,219023,0.09742174632955683,True,True,2016-08-24
2016-08-24,MOCK3,759820,0.063481632920924,True,True,2016-08-25
2016-08-25,MOCK3,360092,0.06389915254854973,True,True,2016-08-26
2016-08-26,MOCK3,894603,0.06239739112421951,True,True,2016-08-27
2016-08-29,MOCK3,590344,0.09222779449661134,True,True,2016-08-30
2016-08-30,MOCK3,106014,0.020627984853738672,True,True,2016-08-31
2016-08-31,MOCK3,188197,0.054894322148850594,True,True,2016-09-01
2016-09-01,MOCK3,146343,0.09537761647743458,True,True,2016-09-02
2016-09-02,MOCK3,792688,0.06365403679016826,True,True,2016-09-03
2016-09-05,MOCK3,716393,0.06322209607960705,True,True,2016-09-06
2016-09-06,MOCK3,687068,0.11226450678126987,True,True,2016-09-07
2016-09-07,MOCK3,406837,0.06743304859642033,True,True,2016-09-08
2016-09-08,MOCK3,528037,0.07006944574860692,True,True,2016-09-09
2016-09-09,MOCK3,234188,0.012696425193635444,True,True,2016-09-10
2016-09-12,MOCK3,946202,0.12243674430604154,True,True,2016-09-13
2016-09-13,MOCK3,610305,0.027323246794640474,True,True,2016-09-14
2016-09-14,MOCK3,854039,0.05856400225924794,True,True,2016-09-15
2016-09-15,MOCK3,302950,0.12022417271445622,True,True,2016-09-16
2016-09-16,MOCK3,709291,0.10564398061911585,True,True,2016-09-17
2016-09-19,MOCK3,627674,0.03697261337770208,True,True,2016-09-20
2016-09-20,MOCK3,42054,0.06319804841061885,True,True,2016-09-21
2016-09-21,MOCK3,160367,0.056484376425430964,True,True,2016-09-22
2016-09-22,MOCK3,819759,0.02584649605238487,True,True,2016-09-23
2016-09-23,MOCK3,743270,0.05874607792052959,True,True,2016-09-24
2016-09-26,MOCK3,769749,0.06854410336915764,True,True,2016-09-27
2016-09-27,MOCK3,828676,0.056920435708656444,True,True,2016-09-28
2016-09-28,MOCK3,505377,0.078961269314387,True,True,2016-09-29
2016-09-29,MOCK3,295045,0.1338336002373688,True,True,2016-09-30
2016-09-30,MOCK3,265160,0.09843141512846533,True,True,2016-10-01
2016-10-03,MOCK3,877856,0.10118562608739881,True,True,2016-10-04
2016-10-04,MOCK3,886507,0.11170559061557947,True,True,2016-10-05
2016-10-05,MOCK3,934130,0.05595715387719749,True,True,2016-10-06
2016-10-06,MOCK3,489468,0.13537566474717463,True,True,2016-10-07
2016-10-07,MOCK3,690028,0.1468031402036473,True,True,2016-10-08
2016-10-10,MOCK3,84142,0.10208426264886293,True,True,2016-10-11
2016-10-11,MOCK3,608811,0.04979865280024165,True,True,2016-10-12
2016-10-12,MOCK3,502305,0.017508460623030887,True,True,2016-10-13
2016-10-13,MOCK3,583720,0.02134169309497643,True,True,2016-10-14
2016-10-14,MOCK3,597863,0.13194559736893818,True,True,2016-10-15
2016-10-17,MOCK3,451615,0.07294438168093298,True,True,2016-10-18
2016-10-18,MOCK3,533264,0.06613741801203862,True,True,2016-10-19
2016-10-19,MOCK3,299026,0.13029753200289618,True,True,2016-10-20
2016-10-20,MOCK3,403928,0.08044634273966358,True,True,2016-10-21
2016-10-21,MOCK3,778929,0.10243712033949315,True,True,2016-10-22
2016-10-24,MOCK3,624045,0.10830647044842465,True,True,2016-10-25
2016-10-25,MOCK3,777216,0.07822466715928192,True,True,2016-10-26
2016-10-26,MOCK3,410628,0.13130877668922686,True,True,2016-10-27
2016-10-27,MOCK3,672188,0.102914241452254,True,True,2016-10-28
2016-10-28,MOCK3,979750,0.06867874900840112,True,True,2016-10-29
2016-10-31,MOCK3,169773,0.06745011731990555,True,True,2016-11-01
2016-11-01,MOCK3,552800,0.09693784221436683,True,True,2016-11-02
2016-11-02,MOCK3,996457,0.06917573769002688,True,True,2016-11-03
2016-11-03,MOCK3,715412,0.10479890979239656,True,True,2016-11-04
2016-11-04,MOCK3,20604,0.027054620850096717,True,True,2016-11-05
2016-11-07,MOCK3,966278,0.014149053914256342,True,True,2016-11-08
2016-11-08,MOCK3,796517,0.02796921500906733,True,True,2016-11-09
2016-11-09,MOCK3,984346,0.03931830413320568,True,True,2016-11-10
2016-11-10,MOCK3,751735,0.1063707005671761,True,True,2016-11-11
2016-11-11,MOCK3,559214,0.13748280404621638,True,True,2016-11-12
2016-11-14,MOCK3,305935,0.06893640960963704,True,True,2016-11-15
2016-11-15,MOCK3,814829,0.09272162063096763,True,True,2016-11-16
2016-11-16,MOCK3,800920,0.020784275623256705,True,True,2016-11-17
2016-11-17,MOCK3,906134,0.07175437696370938,True,True,2016-11-18
2016-11-18,MOCK3,283746,0.08932749573336608,True,True,2016-11-19
2016-11-21,MOCK3,721803,0.14547482655894667,True,True,2016-11-22
2016-11-22,MOCK3,657658,0.052060131756801346,True,True,2016-11-23
2016-11-23,MOCK3,211767,0.11650931147783321,True,True,2016-11-24
2016-11-24,MOCK3,742271,0.10813434448948571,True,True,2016-11-25
2016-11-25,MOCK3,478907,0.08152328861675025,True,True,2016-11-26
2016-11-28,MOCK3,99999,0.02510353371933289,True,True,2016-11-29
2016-11-29,MOCK3,825864,0.13852449950266402,True,True,2016-11-30
2016-11-30,MOCK3,408031,0.01229499200334707,True,True,2016-12-01
2016-12-01,MOCK3,381163,0.1371553688828414,True,True,2016-12-02
2016-12-02,MOCK3,722146,0.08072775296393779,True,True,2016-12-03
2016-12-05,MOCK3,56609,0.14782650946061854,True,True,2016-12-06
2016-12-06,MOCK3,224837,0.025966755639713096,True,True,2016-12-07
2016-12-07,MOCK3,848143,0.04121533698857571,True,True,2016-12-08
2016-12-08,MOCK3,139670,0.04070359613263132,True,True,2016-12-09
2016-12-09,MOCK3,664517,0.1304853319367176,True,True,2016-12-10
2016-12-12,MOCK3,353921,0.07004032044350107,True,True,2016-12-13
2016-12-13,MOCK3,274242,0.12055228350412825,True,True,2016-12-14
2016-12-14,MOCK3,459517,0.10832702445213156,True,True,2016-12-15
2016-12-15,MOCK3,10722,0.03495660999763368,True,True,2016-12-16
2016-12-16,MOCK3,712068,0.09386262817210847,True,True,2016-12-17
2016-12-19,MOCK3,514343,0.08810012888079731,True,True,2016-12-20
2016-12-20,MOCK3,61280,0.10508160877326134,True,True,2016-12-21
2016-12-21,MOCK3,421664,0.10999157309655229,True,True,2016-12-22
2016-12-22,MOCK3,458772,0.08152160433980578,True,True,2016-12-23
2016-12-23,MOCK3,921864,0.0740650090197231,True,True,2016-12-24
2016-12-26,MOCK3,735123,0.11083363932030281,True,True,2016-12-27
2016-12-27,MOCK3,82570,0.11503604914041544,True,True,2016-12-28
2016-12-28,MOCK3,499409,0.0474658909169367,True,True,2016-12-29
2016-12-29,MOCK3,245404,0.055929318653937764,True,True,2016-12-30
2016-12-30,MOCK3,809929,0.05772039555860715,True,True,2016-12-31
2017-01-02,MOCK3,837083,0.05081479830475032,True,True,2017-01-03
2017-01-03,MOCK3,457470,0.1317253843686123,True,True,2017-01-04
2017-01-04,MOCK3,801618,0.1447889373743339,True,True,2017-01-05
2017-01-05,MOCK3,760731,0.11647309191438732,True,True,2017-01-06
2017-01-06,MOCK3,741535,0.01872378783424781,True,True,2017-01-07
2017-01-09,MOCK3,104271,0.077893141188104,True,True,2017-01-10
2017-01-10,MOCK3,178042,0.05443246668897145,True,True,2017-01-11
2017-01-11,MOCK3,593610,0.05325638031112598,True,True,2017-01-12
2017-01-12,MOCK3,818863,0.0923518895189337,True,True,2017-01-13
2017-01-13,MOCK3,207537,0.1459747307778996,True,True,2017-01-14
2017-01-16,MOCK3,975796,0.1488781119664707,True,True,2017-01-17
2017-01-17,MOCK3,927756,0.13074686104146946,True,True,2017-01-18
2017-01-18,MOCK3,427536,0.12744663449163904,True,True,2017-01-19
2017-01-19,MOCK3,553176,0.09115715885397152,True,True,2017-01-20
2017-01-20,MOCK3,345454,0.12657257983650605,True,True,2017-01-21
2017-01-23,MOCK3,305057,0.08221865357554996,True,True,2017-01-24
2017-01-24,MOCK3,275327,0.013812008758715745,True,True,2017-01-25
2017-01-25,MOCK3,923269,0.14393347035065168,True,True,2017-01-26
2017-01-26,MOCK3,846370,0.06712331898473048,True,True,2017-01-27
2017-01-27,MOCK3,358576,0.12005376644086868,True,True,2017-01-28
2017-01-30,MOCK3,437825,0.05060623612214515,True,True,2017-01-31
2017-01-31,MOCK3,790428,0.12977419384358974,True,True,2017-02-01
2017-02-01,MOCK3,289506,0.07822827573706281,True,True,2017-02-02
2017-02-02,MOCK3,493792,0.030792701905394924,True,True,2017-02-03
2017-02-03,MOCK3,302584,0.09837307284937734,True,True,2017-02-04
2017-02-06,MOCK3,203596,0.11433125007532348,True,True,2017-02-07
2017-02-07,MOCK3,520022,0.021147018109869353,True,True,2017-02-08
2017-02-08,MOCK3,569076,0.11701433275999433,True,True,2017-02-09
2017-02-09,MOCK3,877217,0.11640071567185933,True,True,2017-02-10
2017-02-10,MOCK3,684612,0.12637707139936077,True,True,2017-02-11
2017-02-13,MOCK3,899086,0.13055389468225592,True,True,2017-02-14
2017-02-14,MOCK3,621028,0.12183705845770712,True,True,2017-02-15
2017-02-15,MOCK3,76865,0.06820126787289184,True,True,2017-02-16
2017-02-16,MOCK3,115220,0.14029684241379956,True,True,2017-02-17
2017-02-17,MOCK3,441414,0.09744816536586792,True,True,2017-02-18
2017-02-20,MOCK3,832264,0.14213220592760872,True,True,2017-02-21
2017-02-21,MOCK3,141564,0.11653491895445803,True,True,2017-02-22
2017-02-22,MOCK3,237997,0.07627036006139289,True,True,2017-02-23
2017-02-23,MOCK3,226228,0.136374240721739,True,True,2017-02-24
2017-02-24,MOCK3,775907,0.03798303310596728,True,True,2017-02-25
2017-02-27,MOCK3,241644,0.03402940935139523,True,True,2017-02-28
2017-02-28,MOCK3,898106,0.04792918699935772,True,True,2017-03-01
2017-03-01,MOCK3,512163,0.03812755750058281,True,True,2017-03-02
2017-03-02,MOCK3,498174,0.06704574256378978,True,True,2017-03-03
2017-03-03,MOCK3,789727,0.1112073502310376,True,True,2017-03-04
2017-03-06,MOCK3,109832,0.07743620196389421,True,True,2017-03-07
2017-03-07,MOCK3,121676,0.045636206932819744,True,True,2017-03-08
2017-03-08,MOCK3,667742,0.03764511381487262,True,True,2017-03-09
2017-03-09,MOCK3,363979,0.07670055011295707,True,True,2017-03-10
2017-03-10,MOCK3,643133,0.06897929611682284,True,True,2017-03-11
2017-03-13,MOCK3,986897,0.14792917878438283,True,True,2017-03-14
2017-03-14,MOCK3,83764,0.07977264353312155,True,True,2017-03-15
2017-03-15,MOCK3,303415,0.1094809587440106,True,True,2017-03-16
2017-03-16,MOCK3,866149,0.1261139816181431,True,True,2017-03-17
2017-03-17,MOCK3,258981,0.10332860986126446,True,True,2017-03-18
2017-03-20,MOCK3,933982,0.09745210406462183,True,True,2017-03-21
2017-03-21,MOCK3,447674,0.11901904451643346,True,True,2017-03-22
2017-03-22,MOCK3,52179,0.01985809591877107,True,True,2017-03-23
2017-03-23,MOCK3,224011,0.017585516766080746,True,True,2017-03-24
2017-03-24,MOCK3,277970,0.052444699645890415,True,True,2017-03-25
2017-03-27,MOCK3,25579,0.03880554920222542,True,True,2017-03-28
2017-03-28,MOCK3,117182,0.13510466017749378,True,True,2017-03-29
2017-03-29,MOCK3,922430,0.12926886291038983,True,True,2017-03-30
2017-03-30,MOCK3,320991,0.01346675748121733,True,True,2017-03-31
2017-03-31,MOCK3,689826,0.10958188492229427,True,True,2017-04-01
2017-04-03,MOCK3,328129,0.14690831270141688,True,True,2017-04-04
2017-04-04,MOCK3,90435,0.08581024139746826,True,True,2017-04-05
2017-04-05,MOCK3,237369,0.08373111143789896,True,True,2017-04-06
2017-04-06,MOCK3,437028,0.11408399078430358,True,True,2017-04-07
2017-04-07,MOCK3,183306,0.06995213249132708,True,True,2017-04-08
2017-04-10,MOCK3,409605,0.08307108038172675,True,True,2017-04-11
2017-04-11,MOCK3,275412,0.13592197201066297,True,True,2017-04-12
2017-04-12,MOCK3,236216,0.12327963577844096,True,True,2017-04-13
2017-04-13,MOCK3,684214,0.09971021590083776,True,True,2017-04-14
2017-04-14,MOCK3,355050,0.0964468763487398,True,True,2017-04-15
2017-04-17,MOCK3,559188,0.03348660086605056,True,True,2017-04-18
2017-04-18,MOCK3,977668,0.11640780764385364,True,True,2017-04-19
2017-04-19,MOCK3,336248,0.058070388675334025,True,True,2017-04-20
2017-04-20,MOCK3,182017,0.02667752852904614,True,True,2017-04-21
2017-04-21,MOCK3,279637,0.015494249006209508,True,True,2017-04-22
2017-04-24,MOCK3,437934,0.12638613530119994,True,True,2017-04-25
2017-04-25,MOCK3,152649,0.042033915139639624,True,True,2017-04-26
2017-04-26,MOCK3,357788,0.0775521836995117,True,True,2017-04-27
2017-04-27,MOCK3,397949,0.1430954981055835,True,True,2017-04-28
2017-04-28,MOCK3,13626,0.08202439556138506,True,True,2017-04-29
2017-05-01,MOCK3,472502,0.11251844537541054,True,True,2017-05-02
2017-05-02,MOCK3,562316,0.09723787247054913,True,True,2017-05-03
2017-05-03,MOCK3,279764,0.14170078062654165,True,True,2017-05-04
2017-05-04,MOCK3,507311,0.08990574932981064,True,True,2017-05-05
2017-05-05,MOCK3,36124,0.037054920580806956,True,True,2017-05-06
2017-05-08,MOCK3,17720,0.12379202692868894,True,True,2017-05-09
2017-05-09,MOCK3,646135,0.1026728243763449,True,True,2017-05-10
2017-05-10,MOCK3,53014,0.024893401551235234,True,True,2017-05-11
2017-05-11,MOCK3,723019,0.13836518403226747,True,True,2017-05-12
2017-05-12,MOCK3,176124,0.042782075468460204,True,True,2017-05-13
2017-05-15,MOCK3,948526,0.11166630786865132,True,True,2017-05-16
2017-05-16,MOCK3,122409,0.04236066424181817,True,True,2017-05-17
2017-05-17,MOCK3,190041,0.1366086099596036,True,True,2017-05-18
2017-05-18,MOCK3,139425,0.03914611508173117,True,True,2017-05-19
2017-05-19,MOCK3,914727,0.08097567766773503,True,True,2017-05-20
2017-05-22,MOCK3,403344,0.08124955887279656,True,True,2017-05-23
2017-05-23,MOCK3,837715,0.09677696013722036,True,True,2017-05-24
2017-05-24,MOCK3,127845,0.0711632279989738,True,True,2017-05-25
2017-05-25,MOCK3,186401,0.02724910717406727,True,True,2017-05-26
2017-05-26,MOCK3,929465,0.11144547727314771,True,True,2017-05-27
2017-05-29,MOCK3,595980,0.05794620984523398,True,True,2017-05-30
2017-05-30,MOCK3,504873,0.07815545229015256,True,True,2017-05-31
2017-05-31,MOCK3,487707,0.0736811251943014,True,True,2017-06-01
2017-06-01,MOCK3,603782,0.058621266446964,True,True,2017-06-02
2017-06-02,MOCK3,967840,0.033356067980170656,True,True,2017-06-03
2017-06-05,MOCK3,526031,0.04692036196834678,True,True,2017-06-06
2017-06-06,MOCK3,4125,0.12970940639836545,True,True,2017-06-07
2017-06-07,MOCK3,95506,0.08754900532938323,True,True,2017-06-08
2017-06-08,MOCK3,402552,0.04757265081256699,True,True,2017-06-09
2017-06-09,MOCK3,362889,0.12583204905567733,True,True,2017-06-10
2017-06-12,MOCK3,491663,0.08850523908573345,True,True,2017-06-13
2017-06-13,MOCK3,948905,0.03357503745145645,True,True,2017-06-14
2017-06-14,MOCK3,165888,0.05198908092148519,True,True,2017-06-15
2017-06-15,MOCK3,458921,0.07759117657806992,True,True,2017-06-16
2017-06-16,MOCK3,750178,0.12344147517040237,True,True,2017-06-17
2017-06-19,MOCK3,570497,0.037574921670672265,True,True,2017-06-20
2017-06-20,MOCK3,73008,0.1016214668287591,True,True,2017-06-21
2017-06-21,MOCK3,558196,0.12029998147623208,True,True,2017-06-22
2017-06-22,MOCK3,478266,0.1496189264982893,True,True,2017-06-23
2017-06-23,MOCK3,144523,0.08525167966186072,True,True,2017-06-24
2017-06-26,MOCK3,730091,0.024648361874185426,True,True,2017-06-27
2017-06-27,MOCK3,489330,0.1290628947924138,True,True,2017-06-28
2017-06-28,MOCK3,661645,0.06586827693472833,True,True,2017-06-29
2017-06-29,MOCK3,986032,0.015162092744424597,True,True,2017-06-30
2017-06-30,MOCK3,74201,0.09184946247247505,True,True,2017-07-01
2017-07-03,MOCK3,921039,0.03484832054650925,True,True,2017-07-04
2017-07-04,MOCK3,994418,0.019425241537929933,True,True,2017-07-05
2017-07-05,MOCK3,874959,0.13790164923860165,True,True,2017-07-06
2017-07-06,MOCK3,686564,0.13727718130977476,True,True,2017-07-07
2017-07-07,MOCK3,179156,0.042851634218584726,True,True,2017-07-08
2017-07-10,MOCK3,886839,0.09255864344993417,True,True,2017-07-11
2017-07-11,MOCK3,368011,0.056929801251360136,True,True,2017-07-12
2017-07-12,MOCK3,769950,0.08578083212015893,True,True,2017-07-13
2017-07-13,MOCK3,749775,0.036017696955433685,True,True,2017-07-14
2017-07-14,MOCK3,868578,0.02031693754943104,True,True,2017-07-15
2017-07-17,MOCK3,161148,0.14142041321499432,True,True,2017-07-18
2017-07-18,MOCK3,634594,0.0626466299388584,True,True,2017-07-19
2017-07-19,MOCK3,737633,0.13304297669757784,True,True,2017-07-20
2017-07-20,MOCK3,598201,0.07127903389202124,True,True,2017-07-21
2017-07-21,MOCK3,250051,0.10835608009860037,True,True,2017-07-22
2017-07-24,MOCK3,930927,0.041916156297594605,True,True,2017-07-25
2017-07-25,MOCK3,32689,0.1380360283088626,True,True,2017-07-26
2017-07-26,MOCK3,329984,0.016087735608076432,True,True,2017-07-27
2017-07-27,MOCK3,251319,0.14717921900561898,True,True,2017-07-28
2017-07-28,MOCK3,747828,0.12838395434838623,True,True,2017-07-29
2017-07-31,MOCK3,479086,0.0990269914996902,True,True,2017-08-01
2017-08-01,MOCK3,960980,0.03232635119419774,True,True,2017-08-02
2017-08-02,MOCK3,880692,0.05504786625264283,True,True,2017-08-03
2017-08-03,MOCK3,639779,0.07797327767532759,True,True,2017-08-04
2017-08-04,MOCK3,137506,0.04378197093587694,True,True,2017-08-05
2017-08-07,MOCK3,285025,0.08366052224780836,True,True,2017-08-08
2017-08-08,MOCK3,484892,0.12614450046146644,True,True,2017-08-09
2017-08-09,MOCK3,538489,0.021997689005287396,True,True,2017-08-10
2017-08-10,MOCK3,776937,0.1336476940915317,True,True,2017-08-11
2017-08-11,MOCK3,815207,0.07550329095341063,True,True,2017-08-12
2017-08-14,MOCK3,610691,0.12663438337480684,True,True,2017-08-15
2017-08-15,MOCK3,431782,0.09004459253192404,True,True,2017-08-16
2017-08-16,MOCK3,696634,0.02562844098170384,True,True,2017-08-17
2017-08-17,MOCK3,219770,0.1363558695697018,True,True,2017-08-18
2017-08-18,MOCK3,898559,0.047681575057981346,True,True,2017-08-19
2017-08-21,MOCK3,321291,0.01724578835959674,True,True,2017-08-22
2017-08-22,MOCK3,826577,0.12221960658592204,True,True,2017-08-23
2017-08-23,MOCK3,572972,0.10205102150360694,True,True,2017-08-24
2017-08-24,MOCK3,577724,0.11731971403406642,True,True,2017-08-25
2017-08-25,MOCK3,242993,0.09693018521892148,True,True,2017-08-26
2017-08-28,MOCK3,606695,0.050644159992298085,True,True,2017-08-29
2017-08-29,MOCK3,276214,0.08049224022155203,True,True,2017-08-30
2017-08-30,MOCK3,340754,0.08420696554880992,True,True,2017-08-31
2017-08-31,MOCK3,188115,0.1372569699798415,True,True,2017-09-01
2017-09-01,MOCK3,183398,0.011591384573847492,True,True,2017-09-02
2017-09-04,MOCK3,788715,0.1171853986799002,True,True,2017-09-05
2017-09-05,MOCK3,643733,0.14514410981390033,True,True,2017-09-06
2017-09-06,MOCK3,736556,0.04273638564597454,True,True,2017-09-07
2017-09-07,MOCK3,990304,0.09420345893212428,True,True,2017-09-08
2017-09-08,MOCK3,438078,0.049923197839131586,True,True,2017-09-09
2017-09-11,MOCK3,439684,0.024108769606494745,True,True,2017-09-12
2017-09-12,MOCK3,543319,0.057361686010089875,True,True,2017-09-13
2017-09-13,MOCK3,472641,0.07686543802431244,True,True,2017-09-14
2017-09-14,MOCK3,847103,0.01578348163868972,True,True,2017-09-15
2017-09-15,MOCK3,245035,0.012857128580603458,True,True,2017-09-16
2017-09-18,MOCK3,354299,0.07237568849346007,True,True,2017-09-19
2017-09-19,MOCK3,962416,0.10022074215663097,True,True,2017-09-20
2017-09-20,MOCK3,113427,0.14418765616557155,True,True,2017-09-21
2017-09-21,MOCK3,552876,0.10353198023223852,True,True,2017-09-22
2017-09-22,MOCK3,964947,0.10351593579833268,True,True,2017-09-23
2017-09-25,MOCK3,950401,0.13366789644948365,True,True,2017-09-26
2017-09-26,MOCK3,45725,0.08959700459901905,True,True,2017-09-27
2017-09-27,MOCK3,783686,0.09522669613537348,True,True,2017-09-28
2017-09-28,MOCK3,506194,0.13388880506593986,True,True,2017-09-29
2017-09-29,MOCK3,843691,0.07886942333119323,True,True,2017-09-30
2017-10-02,MOCK3,361385,0.0890436646059431,True,True,2017-10-03
2017-10-03,MOCK3,665137,0.03893577975423885,True,True,2017-10-04
2017-10-04,MOCK3,173666,0.10367532666422449,True,True,2017-10-05
2017-10-05,MOCK3,598740,0.03597074216996957,True,True,2017-10-06
2017-10-06,MOCK3,364456,0.02285137172099474,True,True,2017-10-07
2017-10-09,MOCK3,206817,0.037926602985930764,True,True,2017-10-10
2017-10-10,MOCK3,99852,0.11622883224615316,True,True,2017-10-11
2017-10-11,MOCK3,827552,0.03173568943538718,True,True,2017-10-12
2017-10-12,MOCK3,335604,0.0751273786434377,True,True,2017-10-13
2017-10-13,MOCK3,358370,0.09796361447785158,True,True,2017-10-14
2017-10-16,MOCK3,388482,0.04696461020386507,True,True,2017-10-17
2017-10-17,MOCK3,341768,0.1260954327712452,True,True,2017-10-18
2017-10-18,MOCK3,336925,0.08997836671520065,True,True,2017-10-19
2017-10-19,MOCK3,216470,0.04159573240288752,True,True,2017-10-20
2017-10-20,MOCK3,570281,0.043546861043054226,True,True,2017-10-21
2017-10-23,MOCK3,549375,0.0764208748055453,True,True,2017-10-24
2017-10-24,MOCK3,180435,0.14767548090164093,True,True,2017-10-25
2017-10-25,MOCK3,67647,0.05417815095655637,True,True,2017-10-26
2017-10-26,MOCK3,512892,0.05932818687054724,True,True,2017-10-27
2017-10-27,MOCK3,637407,0.07477429106901486,True,True,2017-10-28
2017-10-30,MOCK3,624775,0.14349331144947045,True,True,2017-10-31
2017-10-31,MOCK3,778011,0.01702066501362804,True,True,2017-11-01
2017-11-01,MOCK3,831146,0.10379782877538977,True,True,2017-11-02
2017-11-02,MOCK3,621472,0.0937683787764106,True,True,2017-11-03
2017-11-03,MOCK3,514302,0.13460618678110065,True,True,2017-11-04
2017-11-06,MOCK3,86029,0.05270048775657025,True,True,2017-11-07
2017-11-07,MOCK3,407294,0.02100486783839209,True,True,2017-11-08
2017-11-08,MOCK3,942555,0.058164768542517564,True,True,2017-11-09
2017-11-09,MOCK3,407199,0.10829029460931829,True,True,2017-11-10
2017-11-10,MOCK3,900299,0.07024363539737404,True,True,2017-11-11
2017-11-13,MOCK3,969618,0.04934954731419849,True,True,2017-11-14
2017-11-14,MOCK3,660209,0.02589761297385168,True,True,2017-11-15
2017-11-15,MOCK3,669767,0.09296835928959307,True,True,2017-11-16
2017-11-16,MOCK3,230060,0.03918448950271066,True,True,2017-11-17
2017-11-17,MOCK3,876761,0.14716459763247747,True,True,2017-11-18
2017-11-20,MOCK3,624725,0.09413803162017792,True,True,2017-11-21
2017-11-21,MOCK3,619527,0.10325026921439616,True,True,2017-11-22
2017-11-22,MOCK3,402128,0.01073106269051686,True,True,2017-11-23
2017-11-23,MOCK3,953948,0.11529522427300472,True,True,2017-11-24
2017-11-24,MOCK3,561819,0.06599326522276282,True,True,2017-11-25
2017-11-27,MOCK3,884439,0.052951230063053745,True,True,2017-11-28
2017-11-28,MOCK3,824459,0.12081740704529094,True,True,2017-11-29
2017-11-29,MOCK3,815610,0.03474636176285752,True,True,2017-11-30
2017-11-30,MOCK3,352428,0.09411454685416425,True,True,2017-12-01
2017-12-01,MOCK3,946269,0.12728446614724856,True,True,2017-12-02
2017-12-04,MOCK3,477270,0.1059496687568931,True,True,2017-12-05
2017-12-05,MOCK3,33290,0.10130942611775585,True,True,2017-12-06
2017-12-06,MOCK3,352331,0.012824873263150662,True,True,2017-12-07
2017-12-07,MOCK3,333713,0.10376232998968868,True,True,2017-12-08
2017-12-08,MOCK3,948498,0.013233824613684825,True,True,2017-12-09
2017-12-11,MOCK3,181116,0.06633471259872846,True,True,2017-12-12
2017-12-12,MOCK3,109593,0.13060740826406655,True,True,2017-12-13
2017-12-13,MOCK3,350390,0.01927798634771185,True,True,2017-12-14
2017-12-14,MOCK3,539353,0.06403406224327347,True,True,2017-12-15
2017-12-15,MOCK3,589649,0.027471202205890964,True,True,2017-12-16
2017-12-18,MOCK3,832793,0.08770083683287631,True,True,2017-12-19
2017-12-19,MOCK3,195915,0.09858595382149499,True,True,2017-12-20
2017-12-20,MOCK3,87982,0.07582527615457914,True,True,2017-12-21
2017-12-21,MOCK3,860987,0.13596644296765148,True,True,2017-12-22
2017-12-22,MOCK3,156088,0.09472036172371996,True,True,2017-12-23
2017-12-25,MOCK3,689449,0.01306881087723485,True,True,2017-12-26
2017-12-26,MOCK3,128053,0.13931846025201838,True,True,2017-12-27
2017-12-27,MOCK3,282219,0.14354846452005005,True,True,2017-12-28
2017-12-28,MOCK3,671568,0.03177323695936426,True,True,2017-12-29
2017-12-29,MOCK3,594306,0.09344740480254833,True,True,2017-12-30
2018-01-01,MOCK3,664297,0.12519487782120897,True,True,2018-01-02
2018-01-02,MOCK3,819142,0.06629792971498687,True,True,2018-01-03
2018-01-03,MOCK3,181945,0.08520606571566126,True,True,2018-01-04
2018-01-04,MOCK3,622777,0.06041753146141211,True,True,2018-01-05
2018-01-05,MOCK3,447682,0.10507754189800829,True,True,2018-01-06
2018-01-08,MOCK3,529956,0.09151615903588302,True,True,2018-01-09
2018-01-09,MOCK3,882314,0.09218275025814451,True,True,2018-01-10
2018-01-10,MOCK3,56549,0.016640935656386063,True,True,2018-01-11
2018-01-11,MOCK3,567399,0.08581251117408818,True,True,2018-01-12
2018-01-12,MOCK3,20797,0.1012302712831747,True,True,2018-01-13
2018-01-15,MOCK3,810533,0.10653248098843497,True,True,2018-01-16
2018-01-16,MOCK3,651823,0.021633678490549885,True,True,2018-01-17
2018-01-17,MOCK3,437373,0.09904952612627958,True,True,2018-01-18
2018-01-18,MOCK3,442665,0.06477685356892521,True,True,2018-01-19
2018-01-19,MOCK3,710347,0.011686299754888859,True,True,2018-01-20
2018-01-22,MOCK3,860082,0.12397519280160622,True,True,2018-01-23
2018-01-23,MOCK3,5300,0.06504123358155854,True,True,2018-01-24
2018-01-24,MOCK3,158514,0.032764633698355944,True,True,2018-01-25
2018-01-25,MOCK3,320729,0.1283584183391773,True,True,2018-01-26
2018-01-26,MOCK3,923505,0.09527950578706244,True,True,2018-01-27
2018-01-29,MOCK3,832606,0.023888484924009544,True,True,2018-01-30
2018-01-30,MOCK3,648473,0.05240119686512526,True,True,2018-01-31
2018-01-31,MOCK3,232779,0.03128305889734766,True,True,2018-02-01
2018-02-01,MOCK3,373018,0.09544824913382854,True,True,2018-02-02
2018-02-02,MOCK3,396393,0.09019666303948304,True,True,2018-02-03
2018-02-05,MOCK3,872970,0.08208462937744684,True,True,2018-02-06
2018-02-06,MOCK3,915585,0.026868331580089028,True,True,2018-02-07
2018-02-07,MOCK3,125355,0.108399325298441,True,True,2018-02-08
2018-02-08,MOCK3,254659,0.13456317543260035,True,True,2018-02-09
2018-02-09,MOCK3,376994,0.03156908137743108,True,True,2018-02-10
2018-02-12,MOCK3,905341,0.14071763567942533,True,True,2018-02-13
2018-02-13,MOCK3,75264,0.09822566842984397,True,True,2018-02-14
2018-02-14,MOCK3,54423,0.01892182077405549,True,True,2018-02-15
2018-02-15,MOCK3,25495,0.1433287591279945,True,True,2018-02-16
2018-02-16,MOCK3,602518,0.08502156805113976,True,True,2018-02-17
2018-02-19,MOCK3,94734,0.016099954491966877,True,True,2018-02-20
2018-02-20,MOCK3,541897,0.09458289713662782,True,True,2018-02-21
2018-02-21,MOCK3,391133,0.09940918612794855,True,True,2018-02-22
2018-02-22,MOCK3,373399,0.13060979551783178,True,True,2018-02-23
2018-02-23,MOCK3,427007,0.11918607991161591,True,True,2018-02-24
2018-02-26,MOCK3,621979,0.13840701877956538,True,True,2018-02-27
2018-02-27,MOCK3,6017,0.04443713398921267,True,True,2018-02-28
2018-02-28,MOCK3,154483,0.10243795417216106,True,True,2018-03-01
2018-03-01,MOCK3,728836,0.03430698882764104,True,True,2018-03-02
2018-03-02,MOCK3,50592,0.06919011753655353,True,True,2018-03-03
2018-03-05,MOCK3,551800,0.04282265246398791,True,True,2018-03-06
2018-03-06,MOCK3,347659,0.0970842507905605,True,True,2018-03-07
2018-03-07,MOCK3,962799,0.11081861644680857,True,True,2018-03-08
2018-03-08,MOCK3,44814,0.026643714014121987,True,True,2018-03-09
2018-03-09,MOCK3,582832,0.11360730203671436,True,True,2018-03-10
2018-03-12,MOCK3,643224,0.12049834012447888,True,True,2018-03-13
2018-03-13,MOCK3,185464,0.05325929761988098,True,True,2018-03-14
2018-03-14,MOCK3,64883,0.02318174502346803,True,True,2018-03-15
2018-03-15,MOCK3,317230,0.015116169196789021,True,True,2018-03-16
2018-03-16,MOCK3,123783,0.13867239342319984,True,True,2018-03-17
2018-03-19,MOCK3,678198,0.0891982549239069,True,True,2018-03-20
2018-03-20,MOCK3,952845,0.10708009254531314,True,True,2018-03-21
2018-03-21,MOCK3,143177,0.016626993713256034,True,True,2018-03-22
2018-03-22,MOCK3,568546,0.06383819352245994,True,True,2018-03-23
2018-03-23,MOCK3,755827,0.061326819827183604,True,True,2018-03-24
2018-03-26,MOCK3,224403,0.1480831141822991,True,True,2018-03-27
2018-03-27,MOCK3,368455,0.02236677363358635,True,True,2018-03-28
2018-03-28,MOCK3,198677,0.08050744956240824,True,True,2018-03-29
2018-03-29,MOCK3,155657,0.1389515907727885,True,True,2018-03-30
2018-03-30,MOCK3,246784,0.1499276952215256,True,True,2018-03-31
2018-04-02,MOCK3,740971,0.13343905039523124,True,True,2018-04-03
2018-04-03,MOCK3,201722,0.028070796656898475,True,True,2018-04-04
2018-04-04,MOCK3,33718,0.10328979779537813,True,True,2018-04-05
2018-04-05,MOCK3,909324,0.04632075531675937,True,True,2018-04-06
2018-04-06,MOCK3,648342,0.07910818987077485,True,True,2018-04-07
2018-04-09,MOCK3,780173,0.051256655215474706,True,True,2018-04-10
2018-04-10,MOCK3,404851,0.12717568824341613,True,True,2018-04-11
2018-04-11,MOCK3,521581,0.0954450746056764,True,True,2018-04-12
2018-04-12,MOCK3,890914,0.015948788673729848,True,True,2018-04-13
2018-04-13,MOCK3,676916,0.07922437163488792,True,True,2018-04-14
2018-04-16,MOCK3,99922,0.09865568668561704,True,True,2018-04-17
2018-04-17,MOCK3,693671,0.07167227501958821,True,True,2018-04-18
2018-04-18,MOCK3,431436,0.1295918534920297,True,True,2018-04-19
2018-04-19,MOCK3,941300,0.10084223678261842,True,True,2018-04-20
2018-04-20,MOCK3,193200,0.11614487905649361,True,True,2018-04-21
2018-04-23,MOCK3,752492,0.04525078379950776,True,True,2018-04-24
2018-04-24,MOCK3,444654,0.14989708005277247,True,True,2018-04-25
2018-04-25,MOCK3,945690,0.09239423654446,True,True,2018-04-26
2018-04-26,MOCK3,264747,0.03806834861238388,True,True,2018-04-27
2018-04-27,MOCK3,784970,0.04778709765959712,True,True,2018-04-28
2018-04-30,MOCK3,21660,0.06024448659970887,True,True,2018-05-01
2018-05-01,MOCK3,753838,0.04059417092894282,True,True,2018-05-02
2018-05-02,MOCK3,638366,0.12651805871286104,True,True,2018-05-03
2018-05-03,MOCK3,832746,0.11104518446236283,True,True,2018-05-04
2018-05-04,MOCK3,719892,0.02012599006395067,True,True,2018-05-05
2018-05-07,MOCK3,991605,0.13762040259642228,True,True,2018-05-08
2018-05-08,MOCK3,963449,0.013609265514403963,True,True,2018-05-09
2018-05-09,MOCK3,173964,0.1371003714880082,True,True,2018-05-10
2018-05-10,MOCK3,457990,0.07022396808193371,True,True,2018-05-11
2018-05-11,MOCK3,266021,0.03250328691651363,True,True,2018-05-12
2018-05-14,MOCK3,570208,0.07897582564854917,True,True,2018-05-15
2018-05-15,MOCK3,681184,0.1325405947967597,True,True,2018-05-16
2018-05-16,MOCK3,884331,0.12208736303806515,True,True,2018-05-17
2018-05-17,MOCK3,554300,0.0726136165228205,True,True,2018-05-18
2018-05-18,MOCK3,774931,0.0319101140442941,True,True,2018-05-19
2018-05-21,MOCK3,268428,0.02694744850549942,True,True,2018-05-22
2018-05-22,MOCK3,826007,0.03978120538193261,True,True,2018-05-23
2018-05-23,MOCK3,900059,0.12319466470065349,True,True,2018-05-24
2018-05-24,MOCK3,657381,0.05651464220266996,True,True,2018-05-25
2018-05-25,MOCK3,69785,0.06297654960411131,True,True,2018-05-26
2018-05-28,MOCK3,58667,0.07187454859192341,True,True,2018-05-29
2018-05-29,MOCK3,279795,0.13513511485716176,True,True,2018-05-30
2018-05-30,MOCK3,50343,0.1497769064440653,True,True,2018-05-31
2018-05-31,MOCK3,9809,0.012918128675197243,True,True,2018-06-01
2018-06-01,MOCK3,170569,0.12970449081119068,True,True,2018-06-02
2018-06-04,MOCK3,991225,0.05933567403071645,True,True,2018-06-05
2018-06-05,MOCK3,626420,0.0655038313709388,True,True,2018-06-06
2018-06-06,MOCK3,417166,0.12998470926652056,True,True,2018-06-07
2018-06-07,MOCK3,198986,0.10907053931666723,True,True,2018-06-08
2018-06-08,MOCK3,674500,0.11878094776782469,True,True,2018-06-09
2018-06-11,MOCK3,37609,0.10218187774652983,True,True,2018-06-12
2018-06-12,MOCK3,507625,0.14178359157650997,True,True,2018-06-13
2018-06-13,MOCK3,470041,0.027132961397590007,True,True,2018-06-14
2018-06-14,MOCK3,776934,0.13249910763982206,True,True,2018-06-15
2018-06-15,MOCK3,315841,0.020312307925422213,True,True,2018-06-16
2018-06-18,MOCK3,65198,0.11454180195532548,True,True,2018-06-19
2018-06-19,MOCK3,43929,0.13049808623189912,True,True,2018-06-20
2018-06-20,MOCK3,602808,0.017108755270529817,True,True,2018-06-21
2018-06-21,MOCK3,710443,0.04074391915939539,True,True,2018-06-22
2018-06-22,MOCK3,359595,0.1205150692058812,True,True,2018-06-23
2018-06-25,MOCK3,577543,0.025043228045559744,True,True,2018-06-26
2018-06-26,MOCK3,559595,0.10552458085640795,True,True,2018-06-27
2018-06-27,MOCK3,264531,0.07003213037871088,True,True,2018-06-28
2018-06-28,MOCK3,512443,0.09779118133547375,True,True,2018-06-29
2018-06-29,MOCK3,868754,0.07880512221950316,True,True,2018-06-30
2018-07-02,MOCK3,78873,0.14555169739163853,True,True,2018-07-03
2018-07-03,MOCK3,982661,0.14218579446292492,True,True,2018-07-04
2018-07-04,MOCK3,63236,0.03989010934232796,True,True,2018-07-05
2018-07-05,MOCK3,693462,0.01830976860700203,True,True,2018-07-06
2018-07-06,MOCK3,143585,0.12733029016744415,True,True,2018-07-07
2018-07-09,MOCK3,281411,0.1365398856546224,True,True,2018-07-10
2018-07-10,MOCK3,483821,0.011104226739703755,True,True,2018-07-11
2018-07-11,MOCK3,15920,0.10570206635399673,True,True,2018-07-12
2018-07-12,MOCK3,712840,0.12123893165955743,True,True,2018-07-13
2018-07-13,MOCK3,346154,0.10322575745539886,True,True,2018-07-14
2018-07-16,MOCK3,328213,0.13036983664713697,True,True,2018-07-17
2018-07-17,MOCK3,247766,0.13890387965983922,True,True,2018-07-18
2018-07-18,MOCK3,465270,0.09441371712988833,True,True,2018-07-19
2018-07-19,MOCK3,846247,0.10419050523918848,True,True,2018-07-20
2018-07-20,MOCK3,474676,0.08100835348924336,True,True,2018-07-21
2018-07-23,MOCK3,120053,0.06172987282159273,True,True,2018-07-24
2018-07-24,MOCK3,173086,0.14374239103521647,True,True,2018-07-25
2018-07-25,MOCK3,837507,0.030183869061326557,True,True,2018-07-26
2018-07-26,MOCK3,553415,0.1491962675793386,True,True,2018-07-27
2018-07-27,MOCK3,575134,0.08518551146445595,True,True,2018-07-28
2018-07-30,MOCK3,58644,0.09837140010761629,True,True,2018-07-31
2018-07-31,MOCK3,363935,0.08983597748828132,True,True,2018-08-01
2018-08-01,MOCK3,680034,0.03986316307995972,True,True,2018-08-02
2018-08-02,MOCK3,790084,0.04280332113457766,True,True,2018-08-03
2018-08-03,MOCK3,695671,0.1203407563347986,True,True,2018-08-04
2018-08-06,MOCK3,357283,0.022421806238031264,True,True,2018-08-07
2018-08-07,MOCK3,444989,0.1319838551068873,True,True,2018-08-08
2018-08-08,MOCK3,602077,0.02865463468222055,True,True,2018-08-09
2018-08-09,MOCK3,102338,0.06651234135132096,True,True,2018-08-10
2018-08-10,MOCK3,343936,0.090261270846407,True,True,2018-08-11
2018-08-13,MOCK3,150305,0.07094630068477671,True,True,2018-08-14
2018-08-14,MOCK3,476167,0.012006326038826258,True,True,2018-08-15
2018-08-15,MOCK3,140979,0.06496260595495434,True,True,2018-08-16
2018-08-16,MOCK3,538141,0.09191301419951281,True,True,2018-08-17
2018-08-17,MOCK3,643519,0.037879293284924044,True,True,2018-08-18
2018-08-20,MOCK3,459566,0.10784153902668751,True,True,2018-08-21
2018-08-21,MOCK3,553558,0.07186019895864294,True,True,2018-08-22
2018-08-22,MOCK3,959086,0.11212142939750828,True,True,2018-08-23
2018-08-23,MOCK3,146911,0.0423626130356492,True,True,2018-08-24
2018-08-24,MOCK3,327390,0.08498702775521526,True,True,2018-08-25
2018-08-27,MOCK3,220443,0.14331618747284242,True,True,2018-08-28
2018-08-28,MOCK3,432059,0.11342449231438156,True,True,2018-08-29
2018-08-29,MOCK3,729528,0.07579574747283187,True,True,2018-08-30
2018-08-30,MOCK3,439686,0.0834723428661089,True,True,2018-08-31
2018-08-31,MOCK3,182149,0.0865076367040791,True,True,2018-09-01
2018-09-03,MOCK3,79760,0.11128565431399674,True,True,2018-09-04
2018-09-04,MOCK3,81609,0.14198629786288597,True,True,2018-09-05
2018-09-05,MOCK3,2731,0.045853891886969256,True,True,2018-09-06
2018-09-06,MOCK3,577512,0.1103986193474347,True,True,2018-09-07
2018-09-07,MOCK3,805507,0.047166386199075455,True,True,2018-09-08
2018-09-10,MOCK3,640747,0.11686525229544259,True,True,2018-09-11
2018-09-11,MOCK3,613119,0.13908250090374463,True,True,2018-09-12
2018-09-12,MOCK3,52117,0.05082474151423836,True,True,2018-09-13
2018-09-13,MOCK3,410125,0.06216072690607269,True,True,2018-09-14
2018-09-14,MOCK3,222539,0.09857508870679764,True,True,2018-09-15
2018-09-17,MOCK3,740851,0.06098194901497521,True,True,2018-09-18
2018-09-18,MOCK3,908706,0.10776867559790072,True,True,2018-09-19
2018-09-19,MOCK3,368,0.11951595679198046,True,True,2018-09-20
2018-09-20,MOCK3,119067,0.14889831255569322,True,True,2018-09-21
2018-09-21,MOCK3,602347,0.08857565691347469,True,True,2018-09-22
2018-09-24,MOCK3,433954,0.08152484169128955,True,True,2018-09-25
2018-09-25,MOCK3,809448,0.1420748408598942,True,True,2018-09-26
2018-09-26,MOCK3,845150,0.0668781604332323,True,True,2018-09-27
2018-09-27,MOCK3,727883,0.01579126083674763,True,True,2018-09-28
2018-09-28,MOCK3,811258,0.11619726842089152,True,True,2018-09-29
2018-10-01,MOCK3,152243,0.07095681692523918,True,True,2018-10-02
2018-10-02,MOCK3,414816,0.05917626883279057,True,True,2018-10-03
2018-10-03,MOCK3,184001,0.08361563031498984,True,True,2018-10-04
2018-10-04,MOCK3,986038,0.13319879259140277,True,True,2018-10-05
2018-10-05,MOCK3,859796,0.12453181670637466,True,True,2018-10-06
2018-10-08,MOCK3,319467,0.12216098102661603,True,True,2018-10-09
2018-10-09,MOCK3,437240,0.013035392058810493,True,True,2018-10-10
2018-10-10,MOCK3,109993,0.12581987806064793,True,True,2018-10-11
2018-10-11,MOCK3,456827,0.06521332334555131,True,True,2018-10-12
2018-10-12,MOCK3,404920,0.03229911762990275,True,True,2018-10-13
2018-10-15,MOCK3,784366,0.09080176049489981,True,True,2018-10-16
2018-10-16,MOCK3,309125,0.04732241269628544,True,True,2018-10-17
2018-10-17,MOCK3,353138,0.03920520061966943,True,True,2018-10-18
2018-10-18,MOCK3,422360,0.14433148623889686,True,True,2018-10-19
2018-10-19,MOCK3,910068,0.12662799455601093,True,True,2018-10-20
2018-10-22,MOCK3,729381,0.012846263243230824,True,True,2018-10-23
2018-10-23,MOCK3,907294,0.1323798977355034,True,True,2018-10-24
2018-10-24,MOCK3,774820,0.07539741651524029,True,True,2018-10-25
2018-10-25,MOCK3,241863,0.07695164879141857,True,True,2018-10-26
2018-10-26,MOCK3,408127,0.08575386551434848,True,True,2018-10-27
2018-10-29,MOCK3,227847,0.1329770319689646,True,True,2018-10-30
2018-10-30,MOCK3,477040,0.030399752930759312,True,True,2018-10-31
2018-10-31,MOCK3,809337,0.06233925295532114,True,True,2018-11-01
2018-11-01,MOCK3,777248,0.0321889092136926,True,True,2018-11-02
2018-11-02,MOCK3,997782,0.09111499675879198,True,True,2018-11-03
2018-11-05,MOCK3,399944,0.10779908513260476,True,True,2018-11-06
2018-11-06,MOCK3,448512,0.14829765636010164,True,True,2018-11-07
2018-11-07,MOCK3,694036,0.09088871878980255,True,True,2018-11-08
2018-11-08,MOCK3,728637,0.11741926784556769,True,True,2018-11-09
2018-11-09,MOCK3,475966,0.13462075029935494,True,True,2018-11-10
2018-11-12,MOCK3,445791,0.10229679249133566,True,True,2018-11-13
2018-11-13,MOCK3,261567,0.11158906745021481,True,True,2018-11-14
2018-11-14,MOCK3,920828,0.1486643315688373,True,True,2018-11-15
2018-11-15,MOCK3,574344,0.05706132206166248,True,True,2018-11-16
2018-11-16,MOCK3,490528,0.026501975428555646,True,True,2018-11-17
2018-11-19,MOCK3,47586,0.12465488852125461,True,True,2018-11-20
2018-11-20,MOCK3,485335,0.058934366912896885,True,True,2018-11-21
2018-11-21,MOCK3,560056,0.034221632386583226,True,True,2018-11-22
2018-11-22,MOCK3,276048,0.10533611987764653,True,True,2018-11-23
2018-11-23,MOCK3,527027,0.12117025575783998,True,True,2018-11-24
2018-11-26,MOCK3,163057,0.010463351530188687,True,True,2018-11-27
2018-11-27,MOCK3,134559,0.032275262206265865,True,True,2018-11-28
2018-11-28,MOCK3,766345,0.12044315520086253,True,True,2018-11-29
2018-11-29,MOCK3,389268,0.025228468644905758,True,True,2018-11-30
2018-11-30,MOCK3,537553,0.07209829797396554,True,True,2018-12-01
2018-12-03,MOCK3,801928,0.09774233696789031,True,True,2018-12-04
2018-12-04,MOCK3,962455,0.01602961867759596,True,True,2018-12-05
2018-12-05,MOCK3,397553,0.08612749596565857,True,True,2018-12-06
2018-12-06,MOCK3,791960,0.07652107788291122,True,True,2018-12-07
2018-12-07,MOCK3,363808,0.09936986719992588,True,True,2018-12-08
2018-12-10,MOCK3,596453,0.11658319474769949,True,True,2018-12-11
2018-12-11,MOCK3,869849,0.016139644589092478,True,True,2018-12-12
2018-12-12,MOCK3,278457,0.08928118615245784,True,True,2018-12-13
2018-12-13,MOCK3,923174,0.08738711533080437,True,True,2018-12-14
2018-12-14,MOCK3,974009,0.04463779445812341,True,True,2018-12-15
2018-12-17,MOCK3,885264,0.019681218054757456,True,True,2018-12-18
2018-12-18,MOCK3,438264,0.054914795383861924,True,True,2018-12-19
2018-12-19,MOCK3,654368,0.11575007310432724,True,True,2018-12-20
2018-12-20,MOCK3,603655,0.12779956936823517,True,True,2018-12-21
2018-12-21,MOCK3,889055,0.11358973777536327,True,True,2018-12-22
2018-12-24,MOCK3,719065,0.038674831379824956,True,True,2018-12-25
2018-12-25,MOCK3,813721,0.14184726473663606,True,True,2018-12-26
2018-12-26,MOCK3,363551,0.06347562775968528,True,True,2018-12-27
2018-12-27,MOCK3,595113,0.06976240775585693,True,True,2018-12-28
2018-12-28,MOCK3,518470,0.031293574921096,True,True,2018-12-29
2018-12-31,MOCK3,20498,0.08887573569231966,True,True,2019-01-01
2019-01-01,MOCK3,47637,0.09959035840462412,True,True,2019-01-02
2019-01-02,MOCK3,76486,0.10280685938821224,True,True,2019-01-03
2019-01-03,MOCK3,515875,0.14814434870389598,True,True,2019-01-04
2019-01-04,MOCK3,25295,0.06533148175102876,True,True,2019-01-05
2019-01-07,MOCK3,988626,0.07840753789883918,True,True,2019-01-08
2019-01-08,MOCK3,464151,0.10367752564172635,True,True,2019-01-09
2019-01-09,MOCK3,494601,0.08278845275868492,True,True,2019-01-10
2019-01-10,MOCK3,161766,0.0627154515691581,True,True,2019-01-11
2019-01-11,MOCK3,725582,0.12254271482203749,True,True,2019-01-12
2019-01-14,MOCK3,904634,0.06369964411536866,True,True,2019-01-15
2019-01-15,MOCK3,877613,0.035250469380284366,True,True,2019-01-16
2019-01-16,MOCK3,6792,0.031021882965236898,True,True,2019-01-17
2019-01-17,MOCK3,145851,0.03161605948273901,True,True,2019-01-18
2019-01-18,MOCK3,416373,0.08565223545234762,True,True,2019-01-19
2019-01-21,MOCK3,426786,0.032986102690060796,True,True,2019-01-22
2019-01-22,MOCK3,245139,0.11924637465786304,True,True,2019-01-23
2019-01-23,MOCK3,77544,0.08817866995736122,True,True,2019-01-24
2019-01-24,MOCK3,800388,0.11131167718290175,True,True,2019-01-25
2019-01-25,MOCK3,174753,0.03083311069776775,True,True,2019-01-26
2019-01-28,MOCK3,540994,0.04936258773964272,True,True,2019-01-29
2019-01-29,MOCK3,297798,0.028753444115676423,True,True,2019-01-30
2019-01-30,MOCK3,276285,0.02920607508084868,True,True,2019-01-31
2019-01-31,MOCK3,858549,0.10646482132033361,True,True,2019-02-01
2019-02-01,MOCK3,672650,0.13395177122503707,True,True,2019-02-02
2019-02-04,MOCK3,162935,0.016156324965160795,True,True,2019-02-05
2019-02-05,MOCK3,491248,0.11665901645180653,True,True,2019-02-06
2019-02-06,MOCK3,6871,0.07458528319077509,True,True,2019-02-07
2019-02-07,MOCK3,382802,0.05373474509139144,True,True,2019-02-08
2019-02-08,MOCK3,91493,0.06304050225135292,True,True,2019-02-09
2019-02-11,MOCK3,611096,0.12597931390405184,True,True,2019-02-12
2019-02-12,MOCK3,656863,0.06802139875891558,True,True,2019-02-13
2019-02-13,MOCK3,160526,0.0758371432413992,True,True,2019-02-14
2019-02-14,MOCK3,196914,0.042772242657669816,True,True,2019-02-15
2019-02-15,MOCK3,91866,0.022338141371398057,True,True,2019-02-16
2019-02-18,MOCK3,726610,0.04613800199220197,True,True,2019-02-19
2019-02-19,MOCK3,468024,0.13763689526081596,True,True,2019-02-20
2019-02-20,MOCK3,369659,0.12660587754429842,True,True,2019-02-21
2019-02-21,MOCK3,819348,0.08087652572113413,True,True,2019-02-22
2019-02-22,MOCK3,879478,0.09311002396744905,True,True,2019-02-23
2019-02-25,MOCK3,432677,0.09436741954009739,True,True,2019-02-26
2019-02-26,MOCK3,259197,0.10143549531336299,True,True,2019-02-27
2019-02-27,MOCK3,304642,0.051220141493958905,True,True,2019-02-28
2019-02-28,MOCK3,808223,0.017537309970266018,True,True,2019-03-01
2019-03-01,MOCK3,86366,0.13317660694472433,True,True,2019-03-02
2019-03-04,MOCK3,152275,0.02899825564954949,True,True,2019-03-05
2019-03-05,MOCK3,810261,0.018504910220350054,True,True,2019-03-06
2019-03-06,MOCK3,344538,0.12518344646529664,True,True,2019-03-07
2019-03-07,MOCK3,194807,0.143116603798735,True,True,2019-03-08
2019-03-08,MOCK3,98460,0.08501173211529142,True,True,2019-03-09
2019-03-11,MOCK3,948139,0.08334417243784059,True,True,2019-03-12
2019-03-12,MOCK3,618521,0.12267523410971636,True,True,2019-03-13
2019-03-13,MOCK3,959465,0.06077586693140787,True,True,2019-03-14
2019-03-14,MOCK3,996125,0.011446217175335225,True,True,2019-03-15
2019-03-15,MOCK3,897757,0.06473082012781953,True,True,2019-03-16
2019-03-18,MOCK3,220143,0.1384124251292826,True,True,2019-03-19
2019-03-19,MOCK3,233047,0.06424336750767803,True,True,2019-03-20
2019-03-20,MOCK3,666162,0.12524946376356286,True,True,2019-03-21
2019-03-21,MOCK3,973775,0.13628200172350438,True,True,2019-03-22
2019-03-22,MOCK3,870037,0.021756197456405134,True,True,2019-03-23
2019-03-25,MOCK3,593571,0.11690825339461505,True,True,2019-03-26
2019-03-26,MOCK3,147040,0.02964408630923642,True,True,2019-03-27
2019-03-27,MOCK3,255072,0.09870604211188837,True,True,2019-03-28
2019-03-28,MOCK3,408802,0.027307618698730676,True,True,2019-03-29
2019-03-29,MOCK3,38268,0.02745078703721255,True,True,2019-03-30
2019-04-01,MOCK3,493219,0.14536377151507188,True,True,2019-04-02
2019-04-02,MOCK3,276968,0.06962970090367378,True,True,2019-04-03
2019-04-03,MOCK3,260495,0.01611475926866175,True,True,2019-04-04
2019-04-04,MOCK3,920421,0.13851210725320723,True,True,2019-04-05
2019-04-05,MOCK3,621764,0.08041086894037858,True,True,2019-04-06
2019-04-08,MOCK3,305611,0.124454606948668,True,True,2019-04-09
2019-04-09,MOCK3,54957,0.0354944616550338,True,True,2019-04-10
2019-04-10,MOCK3,88505,0.11955267560721596,True,True,2019-04-11
2019-04-11,MOCK3,931771,0.09771994730867917,True,True,2019-04-12
2019-04-12,MOCK3,713797,0.06137442545105877,True,True,2019-04-13
2019-04-15,MOCK3,312893,0.037612199180099365,True,True,2019-04-16
2019-04-16,MOCK3,337591,0.13422333257874744,True,True,2019-04-17
2019-04-17,MOCK3,617667,0.023441515412817075,True,True,2019-04-18
2019-04-18,MOCK3,697531,0.1340602442572634,True,True,2019-04-19
2019-04-19,MOCK3,642326,0.06084271197259761,True,True,2019-04-20
2019-04-22,MOCK3,376485,0.04769412525617714,True,True,2019-04-23
2019-04-23,MOCK3,446802,0.09519597230873532,True,True,2019-04-24
2019-04-24,MOCK3,603841,0.08926937033759264,True,True,2019-04-25
2019-04-25,MOCK3,272344,0.0961182896517753,True,True,2019-04-26
2019-04-26,MOCK3,474632,0.103910977066304,True,True,2019-04-27
2019-04-29,MOCK3,141006,0.015143779317956053,True,True,2019-04-30
2019-04-30,MOCK3,933691,0.09982698101485706,True,True,2019-05-01
2019-05-01,MOCK3,581548,0.012451427788744026,True,True,2019-05-02
2019-05-02,MOCK3,131598,0.03848533370519708,True,True,2019-05-03
2019-05-03,MOCK3,145831,0.125745394138609,True,True,2019-05-04
2019-05-06,MOCK3,88600,0.03490514835672733,True,True,2019-05-07
2019-05-07,MOCK3,19651,0.05509421056313216,True,True,2019-05-08
2019-05-08,MOCK3,470272,0.11881267878582749,True,True,2019-05-09
2019-05-09,MOCK3,464370,0.14547508280994373,True,True,2019-05-10
2019-05-10,MOCK3,652657,0.1164527255660652,True,True,2019-05-11
2019-05-13,MOCK3,982415,0.04967613103415498,True,True,2019-05-14
2019-05-14,MOCK3,834912,0.11232075991497383,True,True,2019-05-15
2019-05-15,MOCK3,903160,0.09613244012460052,True,True,2019-05-16
2019-05-16,MOCK3,446129,0.016133186766380186,True,True,2019-05-17
2019-05-17,MOCK3,973000,0.01564508102657518,True,True,2019-05-18
2019-05-20,MOCK3,655514,0.09363945225858329,True,True,2019-05-21
2019-05-21,MOCK3,542552,0.102075107208652,True,True,2019-05-22
2019-05-22,MOCK3,302935,0.06441453920083808,True,True,2019-05-23
2019-05-23,MOCK3,940061,0.015373197607456607,True,True,2019-05-24
2019-05-24,MOCK3,465234,0.034123674760543475,True,True,2019-05-25
2019-05-27,MOCK3,813991,0.147993310840584,True,True,2019-05-28
2019-05-28,MOCK3,980075,0.010304524582103028,True,True,2019-05-29
2019-05-29,MOCK3,228495,0.04755731392666686,True,True,2019-05-30
2019-05-30,MOCK3,967857,0.039589374078972464,True,True,2019-05-31
2019-05-31,MOCK3,723019,0.0631878199967796,True,True,2019-06-01
2019-06-03,MOCK3,478019,0.11037478570457382,True,True,2019-06-04
2019-06-04,MOCK3,612424,0.046430680980867944,True,True,2019-06-05
2019-06-05,MOCK3,807294,0.020632034053750935,True,True,2019-06-06
2019-06-06,MOCK3,116603,0.14165823086219573,True,True,2019-06-07
2019-06-07,MOCK3,786003,0.015246819010310157,True,True,2019-06-08
2019-06-10,MOCK3,368017,0.06631624103533883,True,True,2019-06-11
2019-06-11,MOCK3,385774,0.1245870700530911,True,True,2019-06-12
2019-06-12,MOCK3,17580,0.010743132717090442,True,True,2019-06-13
2019-06-13,MOCK3,683986,0.14716234149899993,True,True,2019-06-14
2019-06-14,MOCK3,756142,0.13439959331953566,True,True,2019-06-15
2019-06-17,MOCK3,860857,0.09017509922342543,True,True,2019-06-18
2019-06-18,MOCK3,451011,0.10032094493361185,True,True,2019-06-19
2019-06-19,MOCK3,298038,0.09172583100921869,True,True,2019-06-20
2019-06-20,MOCK3,754001,0.10864031472506042,True,True,2019-06-21
2019-06-21,MOCK3,37220,0.017958678178705438,True,True,2019-06-22
2019-06-24,MOCK3,212093,0.10934088981914869,True,True,2019-06-25
2019-06-25,MOCK3,119169,0.030914908094338105,True,True,2019-06-26
2019-06-26,MOCK3,469652,0.04028041116535241,True,True,2019-06-27
2019-06-27,MOCK3,876198,0.05614214353983234,True,True,2019-06-28
2019-06-28,MOCK3,962416,0.02962880411305025,True,True,2019-06-29
2019-07-01,MOCK3,429244,0.022119104859486295,True,True,2019-07-02
2019-07-02,MOCK3,696328,0.13715419118101266,True,True,2019-07-03
2019-07-03,MOCK3,569411,0.1436762189323653,True,True,2019-07-04
2019-07-04,MOCK3,224670,0.04290625971894408,True,True,2019-07-05
2019-07-05,MOCK3,43373,0.043210783647756,True,True,2019-07-06
2019-07-08,MOCK3,827059,0.0365326446558193,True,True,2019-07-09
2019-07-09,MOCK3,413374,0.04021097335201204,True,True,2019-07-10
2019-07-10,MOCK3,383394,0.0943418399852441,True,True,2019-07-11
2019-07-11,MOCK3,665076,0.09065785745744222,True,True,2019-07-12
2019-07-12,MOCK3,387731,0.11973052310213599,True,True,2019-07-13
2019-07-15,MOCK3,218794,0.11334578489361498,True,True,2019-07-16
2019-07-16,MOCK3,860919,0.1488883941036892,True,True,2019-07-17
2019-07-17,MOCK3,319248,0.11606876862047318,True,True,2019-07-18
2019-07-18,MOCK3,975804,0.14421997722332675,True,True,2019-07-19
2019-07-19,MOCK3,896182,0.03963042484527745,True,True,2019-07-20
2019-07-22,MOCK3,773192,0.11774972457670842,True,True,2019-07-23
2019-07-23,MOCK3,505996,0.08654012349963427,True,True,2019-07-24
2019-07-24,MOCK3,422912,0.08981027016885841,True,True,2019-07-25
2019-07-25,MOCK3,656617,0.10192447943816321,True,True,2019-07-26
2019-07-26,MOCK3,456957,0.09736912143115692,True,True,2019-07-27
2019-07-29,MOCK3,572445,0.1357996521704647,True,True,2019-07-30
2019-07-30,MOCK3,739948,0.09273430040071384,True,True,2019-07-31
2019-07-31,MOCK3,963615,0.02648792205348205,True,True,2019-08-01
2019-08-01,MOCK3,723941,0.108558391882502,True,True,2019-08-02
2019-08-02,MOCK3,796478,0.14538383094842844,True,True,2019-08-03
2019-08-05,MOCK3,55201,0.10808791119256317,True,True,2019-08-06
2019-08-06,MOCK3,57433,0.11242432841997221,True,True,2019-08-07
2019-08-07,MOCK3,620711,0.07618094038276586,True,True,2019-08-08
2019-08-08,MOCK3,658382,0.11625696712228366,True,True,2019-08-09
2019-08-09,MOCK3,64034,0.09774677177626766,True,True,2019-08-10
2019-08-12,MOCK3,101915,0.11678052862920761,True,True,2019-08-13
2019-08-13,MOCK3,291988,0.09334199790690371,True,True,2019-08-14
2019-08-14,MOCK3,925146,0.07208995978536278,True,True,2019-08-15
2019-08-15,MOCK3,399996,0.08778105478005188,True,True,2019-08-16
2019-08-16,MOCK3,383870,0.031198238252982576,True,True,2019-08-17
2019-08-19,MOCK3,515627,0.137756324925703,True,True,2019-08-20
2019-08-20,MOCK3,520324,0.10067020173334833,True,True,2019-08-21
2019-08-21,MOCK3,21107,0.08540099622441749,True,True,2019-08-22
2019-08-22,MOCK3,721164,0.13018362094825278,True,True,2019-08-23
2019-08-23,MOCK3,490739,0.12411283785704853,True,True,2019-08-24
2019-08-26,MOCK3,118484,0.12190688020679291,True,True,2019-08-27
2019-08-27,MOCK3,429450,0.04004046385061377,True,True,2019-08-28
2019-08-28,MOCK3,615403,0.08366949673189014,True,True,2019-08-29
2019-08-29,MOCK3,33513,0.018070685029008004,True,True,2019-08-30
2019-08-30,MOCK3,490349,0.1233495850136142,True,True,2019-08-31
2019-09-02,MOCK3,59812,0.08194292947610471,True,True,2019-09-03
2019-09-03,MOCK3,11358,0.09417823014856185,True,True,2019-09-04
2019-09-04,MOCK3,836779,0.07368094594857294,True,True,2019-09-05
2019-09-05,MOCK3,181548,0.06199851613251886,True,True,2019-09-06
2019-09-06,MOCK3,836107,0.147630499594588,True,True,2019-09-07
2019-09-09,MOCK3,202739,0.10258899237865465,True,True,2019-09-10
2019-09-10,MOCK3,631791,0.02505705962127526,True,True,2019-09-11
2019-09-11,MOCK3,412967,0.07653741720835261,True,True,2019-09-12
2019-09-12,MOCK3,740152,0.06815498464229738,True,True,2019-09-13
2019-09-13,MOCK3,859682,0.04048769795133001,True,True,2019-09-14
2019-09-16,MOCK3,237962,0.08850072577068861,True,True,2019-09-17
2019-09-17,MOCK3,544604,0.050718282038187956,True,True,2019-09-18
2019-09-18,MOCK3,200653,0.06438679542341691,True,True,2019-09-19
2019-09-19,MOCK3,675531,0.0772643835662757,True,True,2019-09-20
2019-09-20,MOCK3,691519,0.022807289136442182,True,True,2019-09-21
2019-09-23,MOCK3,816197,0.09389766016810888,True,True,2019-09-24
2019-09-24,MOCK3,73653,0.0394263573190333,True,True,2019-09-25
2019-09-25,MOCK3,139169,0.08980339174841159,True,True,2019-09-26
2019-09-26,MOCK3,812079,0.10015511580102765,True,True,2019-09-27
2019-09-27,MOCK3,548975,0.06693097330041389,True,True,2019-09-28
2019-09-30,MOCK3,582404,0.10382914163945203,True,True,2019-10-01
2019-10-01,MOCK3,160103,0.017634741029628205,True,True,2019-10-02
2019-10-02,MOCK3,436391,0.013385457881851366,True,True,2019-10-03
2019-10-03,MOCK3,727309,0.04786786876258664,True,True,2019-10-04
2019-10-04,MOCK3,36409,0.026716974353144206,True,True,2019-10-05
2019-10-07,MOCK3,534359,0.08447313738120353,True,True,2019-10-08
2019-10-08,MOCK3,202363,0.1386467329959383,True,True,2019-10-09
2019-10-09,MOCK3,271121,0.1355460208696822,True,True,2019-10-10
2019-10-10,MOCK3,900496,0.06208717308754952,True,True,2019-10-11
2019-10-11,MOCK3,827624,0.061997523540028195,True,True,2019-10-12
2019-10-14,MOCK3,470713,0.07327881527090942,True,True,2019-10-15
2019-10-15,MOCK3,882807,0.07530931064777585,True,True,2019-10-16
2019-10-16,MOCK3,96235,0.0843273810769942,True,True,2019-10-17
2019-10-17,MOCK3,942082,0.13730697517097834,True,True,2019-10-18
2019-10-18,MOCK3,694913,0.01100352337392136,True,True,2019-10-19
2019-10-21,MOCK3,593283,0.052781209393271675,True,True,2019-10-22
2019-10-22,MOCK3,141100,0.0811068200233821,True,True,2019-10-23
2019-10-23,MOCK3,933712,0.13582081899310133,True,True,2019-10-24
2019-10-24,MOCK3,24867,0.01261236850891335,True,True,2019-10-25
2019-10-25,MOCK3,935786,0.08886286636144866,True,True,2019-10-26
2019-10-28,MOCK3,79973,0.14266577390931978,True,True,2019-10-29
2019-10-29,MOCK3,60257,0.09550975067674551,True,True,2019-10-30
2019-10-30,MOCK3,68851,0.14233939801126827,True,True,2019-10-31
2019-10-31,MOCK3,535503,0.03391511667938221,True,True,2019-11-01
2019-11-01,MOCK3,636577,0.022944686740678864,True,True,2019-11-02
2019-11-04,MOCK3,37051,0.011185019185688596,True,True,2019-11-05
2019-11-05,MOCK3,470087,0.052304140703283195,True,True,2019-11-06
2019-11-06,MOCK3,192880,0.038168743403929235,True,True,2019-11-07
2019-11-07,MOCK3,344834,0.10556053499459811,True,True,2019-11-08
2019-11-08,MOCK3,462031,0.13839784178370448,True,True,2019-11-09
2019-11-11,MOCK3,365819,0.12796520299274572,True,True,2019-11-12
2019-11-12,MOCK3,632667,0.14268362303958224,True,True,2019-11-13
2019-11-13,MOCK3,145779,0.08738988659130148,True,True,2019-11-14
2019-11-14,MOCK3,457453,0.08528084541482403,True,True,2019-11-15
2019-11-15,MOCK3,200820,0.0791017418228343,True,True,2019-11-16
2019-11-18,MOCK3,667373,0.06623479043472916,True,True,2019-11-19
2019-11-19,MOCK3,722891,0.0761381362879589,True,True,2019-11-20
2019-11-20,MOCK3,572007,0.10094360748648559,True,True,2019-11-21
2019-11-21,MOCK3,435582,0.09720679668031897,True,True,2019-11-22
2019-11-22,MOCK3,493055,0.08542550968659177,True,True,2019-11-23
2019-11-25,MOCK3,28953,0.09483736503687272,True,True,2019-11-26
2019-11-26,MOCK3,661576,0.10073985953839364,True,True,2019-11-27
2019-11-27,MOCK3,871103,0.118287587737539,True,True,2019-11-28
2019-11-28,MOCK3,801945,0.03269833499750012,True,True,2019-11-29
2019-11-29,MOCK3,789220,0.07687811365613545,True,True,2019-11-30
2019-12-02,MOCK3,226170,0.08874832118407636,True,True,2019-12-03
2019-12-03,MOCK3,322071,0.042617597198132996,True,True,2019-12-04
2019-12-04,MOCK3,850864,0.046422543758578655,True,True,2019-12-05
2019-12-05,MOCK3,682892,0.11397556998494215,True,True,2019-12-06
2019-12-06,MOCK3,266368,0.10758664944620114,True,True,2019-12-07
2019-12-09,MOCK3,974312,0.07549548971290075,True,True,2019-12-10
2019-12-10,MOCK3,830730,0.13172958092947948,True,True,2019-12-11
2019-12-11,MOCK3,351193,0.11529152903902662,True,True,2019-12-12
2019-12-12,MOCK3,830207,0.136241957006619,True,True,2019-12-13
2019-12-13,MOCK3,552058,0.1427819267882307,True,True,2019-12-14
2019-12-16,MOCK3,261115,0.0675965753692133,True,True,2019-12-17
2019-12-17,MOCK3,902385,0.03699092236476586,True,True,2019-12-18
2019-12-18,MOCK3,209572,0.052123282004630365,True,True,2019-12-19
2019-12-19,MOCK3,299045,0.07178533421093851,True,True,2019-12-20
2019-12-20,MOCK3,297210,0.055954116470453466,True,True,2019-12-21
2019-12-23,MOCK3,138858,0.08030131866602352,True,True,2019-12-24
2019-12-24,MOCK3,28887,0.10262258440482912,True,True,2019-12-25
2019-12-25,MOCK3,149862,0.03362052032757538,True,True,2019-12-26
2019-12-26,MOCK3,282015,0.011162668388948981,True,True,2019-12-27
2019-12-27,MOCK3,117045,0.04195297904580267,True,True,2019-12-28
2019-12-30,MOCK3,869155,0.021594364688167417,True,True,2019-12-31
2019-12-31,MOCK3,400537,0.09311592277809153,True,True,2020-01-01
2020-01-01,MOCK3,734928,0.12210513765604832,True,True,2020-01-02
2020-01-02,MOCK3,659806,0.049813038230011555,True,True,2020-01-03
2020-01-03,MOCK3,103776,0.12509671355413826,True,True,2020-01-04
2020-01-06,MOCK3,842966,0.05502113463706089,True,True,2020-01-07
2020-01-07,MOCK3,738995,0.03369748157101001,True,True,2020-01-08
2020-01-08,MOCK3,661238,0.05314912151971502,True,True,2020-01-09
2020-01-09,MOCK3,506843,0.09016358986106682,True,True,2020-01-10
2020-01-10,MOCK3,822829,0.06613983947483217,True,True,2020-01-11
2020-01-13,MOCK3,158537,0.03357547662141144,True,True,2020-01-14
2020-01-14,MOCK3,243949,0.13947372451418,True,True,2020-01-15
2020-01-15,MOCK3,869076,0.07078918429678573,True,True,2020-01-16
2020-01-16,MOCK3,478413,0.1423875083339137,True,True,2020-01-17
2020-01-17,MOCK3,162995,0.029656866882606853,True,True,2020-01-18
2020-01-20,MOCK3,354560,0.12188616468149777,True,True,2020-01-21
2020-01-21,MOCK3,113373,0.01570802806092537,True,True,2020-01-22
2020-01-22,MOCK3,22636,0.11055616485523481,True,True,2020-01-23
2020-01-23,MOCK3,269816,0.06784009086810765,True,True,2020-01-24
2020-01-24,MOCK3,924984,0.07938754754333499,True,True,2020-01-25
2020-01-27,MOCK3,258946,0.10483433785409935,True,True,2020-01-28
2020-01-28,MOCK3,435734,0.053629624894338236,True,True,2020-01-29
2020-01-29,MOCK3,998071,0.045136464540626614,True,True,2020-01-30
2020-01-30,MOCK3,523076,0.09216164380312787,True,True,2020-01-31
2020-01-31,MOCK3,459713,0.07157837230336739,True,True,2020-02-01
2020-02-03,MOCK3,662922,0.047390883712260704,True,True,2020-02-04
2020-02-04,MOCK3,599959,0.11779157951564562,True,True,2020-02-05
2020-02-05,MOCK3,467106,0.12456521028638301,True,True,2020-02-06
2020-02-06,MOCK3,813704,0.0557881170188883,True,True,2020-02-07
2020-02-07,MOCK3,812765,0.1052720214190999,True,True,2020-02-08
2020-02-10,MOCK3,275622,0.08858503153811732,True,True,2020-02-11
2020-02-11,MOCK3,830785,0.14160446216195358,True,True,2020-02-12
2020-02-12,MOCK3,997234,0.09725568926175246,True,True,2020-02-13
2020-02-13,MOCK3,456282,0.1402782082216388,True,True,2020-02-14
2020-02-14,MOCK3,457252,0.07279059118234987,True,True,2020-02-15
2020-02-17,MOCK3,330973,0.10501680881020278,True,True,2020-02-18
2020-02-18,MOCK3,925633,0.1074596743598426,True,True,2020-02-19
2020-02-19,MOCK3,937680,0.08031696623382463,True,True,2020-02-20
2020-02-20,MOCK3,237819,0.06605907140424115,True,True,2020-02-21
2020-02-21,MOCK3,140440,0.13929845684465744,True,True,2020-02-22
2020-02-24,MOCK3,639489,0.11586964708651051,True,True,2020-02-25
2020-02-25,MOCK3,778848,0.10243295256974326,True,True,2020-02-26
2020-02-26,MOCK3,288550,0.09808256478653447,True,True,2020-02-27
2020-02-27,MOCK3,370196,0.12728815129969928,True,True,2020-02-28
2020-02-28,MOCK3,961782,0.08289747628868417,True,True,2020-02-29
2020-03-02,MOCK3,76226,0.11588899451773421,True,True,2020-03-03
2020-03-03,MOCK3,300321,0.1333690798482866,True,True,2020-03-04
2020-03-04,MOCK3,902627,0.14308572421707455,True,True,2020-03-05
2020-03-05,MOCK3,18981,0.12668057166770488,True,True,2020-03-06
2020-03-06,MOCK3,326437,0.09070335293932753,True,True,2020-03-07
2020-03-09,MOCK3,629496,0.08529881320683783,True,True,2020-03-10
2020-03-10,MOCK3,845565,0.013043546445517546,True,True,2020-03-11
2020-03-11,MOCK3,791427,0.018329942120987354,True,True,2020-03-12
2020-03-12,MOCK3,39198,0.01880150033404663,True,True,2020-03-13
2020-03-13,MOCK3,548219,0.08918211996693222,True,True,2020-03-14
2020-03-16,MOCK3,319960,0.042819189250963056,True,True,2020-03-17
2020-03-17,MOCK3,347502,0.012142017456156722,True,True,2020-03-18
2020-03-18,MOCK3,44186,0.0986011646754585,True,True,2020-03-19
2020-03-19,MOCK3,789968,0.0613744974793504,True,True,2020-03-20
2020-03-20,MOCK3,62024,0.13203701259668735,True,True,2020-03-21
2020-03-23,MOCK3,532718,0.051609920096681874,True,True,2020-03-24
2020-03-24,MOCK3,179230,0.12485891582350186,True,True,2020-03-25
2020-03-25,MOCK3,384052,0.017897267768719662,True,True,2020-03-26
2020-03-26,MOCK3,284334,0.08546212105507421,True,True,2020-03-27
2020-03-27,MOCK3,520578,0.01647884390763097,True,True,2020-03-28
2020-03-30,MOCK3,951313,0.0400827114313895,True,True,2020-03-31
2020-03-31,MOCK3,99466,0.05508893816828883,True,True,2020-04-01
2020-04-01,MOCK3,741623,0.0681109504055404,True,True,2020-04-02
2020-04-02,MOCK3,261041,0.07616025110036016,True,True,2020-04-03
2020-04-03,MOCK3,433507,0.060964053165537234,True,True,2020-04-04
2020-04-06,MOCK3,676573,0.07757798779568072,True,True,2020-04-07
2020-04-07,MOCK3,60381,0.09449749704288672,True,True,2020-04-08
2020-04-08,MOCK3,826946,0.03863605467456022,True,True,2020-04-09
2020-04-09,MOCK3,185397,0.03622026600517168,True,True,2020-04-10
2020-04-10,MOCK3,890502,0.08162478187669672,True,True,2020-04-11
2020-04-13,MOCK3,565582,0.05618792459692902,True,True,2020-04-14
2020-04-14,MOCK3,422510,0.057654788792473724,True,True,2020-04-15
2020-04-15,MOCK3,581133,0.03922924265113556,True,True,2020-04-16
2020-04-16,MOCK3,402226,0.06337352953031841,True,True,2020-04-17
2020-04-17,MOCK3,290887,0.1482256015769016,True,True,2020-04-18
2020-04-20,MOCK3,623896,0.1342256712265947,True,True,2020-04-21
2020-04-21,MOCK3,724387,0.02686844539254559,True,True,2020-04-22
2020-04-22,MOCK3,127428,0.14599615180031078,True,True,2020-04-23
2020-04-23,MOCK3,485547,0.04654263215746053,True,True,2020-04-24
2020-04-24,MOCK3,502941,0.0621572672906179,True,True,2020-04-25
2020-04-27,MOCK3,78500,0.09697857301990219,True,True,2020-04-28
2020-04-28,MOCK3,502640,0.01945554355378634,True,True,2020-04-29
2020-04-29,MOCK3,152406,0.10111235220843612,True,True,2020-04-30
2020-04-30,MOCK3,49301,0.10389114484542931,True,True,2020-05-01
2020-05-01,MOCK3,222,0.07403669697557426,True,True,2020-05-02
2020-05-04,MOCK3,699357,0.035299087599816106,True,True,2020-05-05
2020-05-05,MOCK3,572264,0.11457840306816539,True,True,2020-05-06
2020-05-06,MOCK3,330864,0.014646136653477491,True,True,2020-05-07
2020-05-07,MOCK3,289109,0.13147797253486193,True,True,2020-05-08
2020-05-08,MOCK3,931848,0.11835627517229395,True,True,2020-05-09
2020-05-11,MOCK3,992945,0.1289322047109253,True,True,2020-05-12
2020-05-12,MOCK3,162924,0.0549781673885042,True,True,2020-05-13
2020-05-13,MOCK3,672090,0.022938182041929815,True,True,2020-05-14
2020-05-14,MOCK3,731798,0.11350259730041538,True,True,2020-05-15
2020-05-15,MOCK3,605528,0.09319607257327894,True,True,2020-05-16
2020-05-18,MOCK3,528840,0.04471008833830992,True,True,2020-05-19
2020-05-19,MOCK3,654037,0.06143808594854505,True,True,2020-05-20
2020-05-20,MOCK3,898936,0.03933577388780932,True,True,2020-05-21
2020-05-21,MOCK3,159496,0.07674754634263697,True,True,2020-05-22
2020-05-22,MOCK3,882837,0.1123557716462218,True,True,2020-05-23
2020-05-25,MOCK3,160768,0.087468432410475,True,True,2020-05-26
2020-05-26,MOCK3,665827,0.13256077731696586,True,True,2020-05-27
2020-05-27,MOCK3,900838,0.04473949013874458,True,True,2020-05-28
2020-05-28,MOCK3,871896,0.05609823558856949,True,True,2020-05-29
2020-05-29,MOCK3,566109,0.021588073708726965,True,True,2020-05-30
2020-06-01,MOCK3,447225,0.12354265722543087,True,True,2020-06-02
2020-06-02,MOCK3,213176,0.0726889828443159,True,True,2020-06-03
2020-06-03,MOCK3,667823,0.1322312688991944,True,True,2020-06-04
2020-06-04,MOCK3,307548,0.05392833979602638,True,True,2020-06-05
2020-06-05,MOCK3,917122,0.06386293254876459,True,True,2020-06-06
2020-06-08,MOCK3,774451,0.06162321588514129,True,True,2020-06-09
2020-06-09,MOCK3,6685,0.13272273418501312,True,True,2020-06-10
2020-06-10,MOCK3,12115,0.10858450372973542,True,True,2020-06-11
2020-06-11,MOCK3,84517,0.08798429923528137,True,True,2020-06-12
2020-06-12,MOCK3,750219,0.08539431602440271,True,True,2020-06-13
2020-06-15,MOCK3,843875,0.13221709958005726,True,True,2020-06-16
2020-06-16,MOCK3,953624,0.1274004867155702,True,True,2020-06-17
2020-06-17,MOCK3,706736,0.06792030783848049,True,True,2020-06-18
2020-06-18,MOCK3,673794,0.0733658451622303,True,True,2020-06-19
2020-06-19,MOCK3,671844,0.08963527379796754,True,True,2020-06-20
2020-06-22,MOCK3,542763,0.03570952847742366,True,True,2020-06-23
2020-06-23,MOCK3,243624,0.11703151491203583,True,True,2020-06-24
2020-06-24,MOCK3,271539,0.08308556468027749,True,True,2020-06-25
2020-06-25,MOCK3,855810,0.04140313162022903,True,True,2020-06-26
2020-06-26,MOCK3,884662,0.1136211368296466,True,True,2020-06-27
2020-06-29,MOCK3,948703,0.04613971883863076,True,True,2020-06-30
2020-06-30,MOCK3,660956,0.05096346898346631,True,True,2020-07-01
2020-07-01,MOCK3,443056,0.061423497203498066,True,True,2020-07-02
2020-07-02,MOCK3,26616,0.09988234757640793,True,True,2020-07-03
2020-07-03,MOCK3,564779,0.04258821747749308,True,True,2020-07-04
2020-07-06,MOCK3,491127,0.0468998703654524,True,True,2020-07-07
2020-07-07,MOCK3,316964,0.13893659629629876,True,True,2020-07-08
2020-07-08,MOCK3,437972,0.14479687698164218,True,True,2020-07-09
2020-07-09,MOCK3,298665,0.13498106819885033,True,True,2020-07-10
2020-07-10,MOCK3,949319,0.0661102893739865,True,True,2020-07-11
2020-07-13,MOCK3,205711,0.1257529731865594,True,True,2020-07-14
2020-07-14,MOCK3,361336,0.03277257577398101,True,True,2020-07-15
2020-07-15,MOCK3,539281,0.09198740522335778,True,True,2020-07-16
2020-07-16,MOCK3,348034,0.10054051565776508,True,True,2020-07-17
2020-07-17,MOCK3,103877,0.1062780790745924,True,True,2020-07-18
2020-07-20,MOCK3,973490,0.10829272661811279,True,True,2020-07-21
2020-07-21,MOCK3,232477,0.04883399860775989,True,True,2020-07-22
2020-07-22,MOCK3,881767,0.14957342726426812,True,True,2020-07-23
2020-07-23,MOCK3,443502,0.12844642140031023,True,True,2020-07-24
2020-07-24,MOCK3,359483,0.04371725915810979,True,True,2020-07-25
2020-07-27,MOCK3,9853,0.08106807102950175,True,True,2020-07-28
2020-07-28,MOCK3,358026,0.07165315111574085,True,True,2020-07-29
2020-07-29,MOCK3,597655,0.05738307307719004,True,True,2020-07-30
2020-07-30,MOCK3,488335,0.06048694124553223,True,True,2020-07-31
2020-07-31,MOCK3,400291,0.14561763537809017,True,True,2020-08-01
2020-08-03,MOCK3,44904,0.03851073526212426,True,True,2020-08-04
2020-08-04,MOCK3,992355,0.032252540254775725,True,True,2020-08-05
2020-08-05,MOCK3,396575,0.08883421115656144,True,True,2020-08-06
2020-08-06,MOCK3,786091,0.09407915087531382,True,True,2020-08-07
2020-08-07,MOCK3,259647,0.04916955829350254,True,True,2020-08-08
2020-08-10,MOCK3,872101,0.06679666257397686,True,True,2020-08-11
2020-08-11,MOCK3,603017,0.0987205657821883,True,True,2020-08-12
2020-08-12,MOCK3,542690,0.1446063286058435,True,True,2020-08-13
2020-08-13,MOCK3,85299,0.09525743384886529,True,True,2020-08-14
2020-08-14,MOCK3,952372,0.1024922510302981,True,True,2020-08-15
2020-08-17,MOCK3,392574,0.029070880361864893,True,True,2020-08-18
2020-08-18,MOCK3,600669,0.030818603924927822,True,True,2020-08-19
2020-08-19,MOCK3,966825,0.13172606272333257,True,True,2020-08-20
2020-08-20,MOCK3,382372,0.010203577199062175,True,True,2020-08-21
2020-08-21,MOCK3,463133,0.1118462300504425,True,True,2020-08-22
2020-08-24,MOCK3,501001,0.04194196459604276,True,True,2020-08-25
2020-08-25,MOCK3,923549,0.1454433396075825,True,True,2020-08-26
2020-08-26,MOCK3,643072,0.1255559350144393,True,True,2020-08-27
2020-08-27,MOCK3,124164,0.019871608767531718,True,True,2020-08-28
2020-08-28,MOCK3,8300,0.02603974884177012,True,True,2020-08-29
2020-08-31,MOCK3,259368,0.1379135167669656,True,True,2020-09-01
2020-09-01,MOCK3,127611,0.09194212790821447,True,True,2020-09-02
2020-09-02,MOCK3,434922,0.07863657511363042,True,True,2020-09-03
2020-09-03,MOCK3,542849,0.01869665408055917,True,True,2020-09-04
2020-09-04,MOCK3,66186,0.07257303790720973,True,True,2020-09-05
2020-09-07,MOCK3,462122,0.026266991137125953,True,True,2020-09-08
2020-09-08,MOCK3,333269,0.1078466958732966,True,True,2020-09-09
2020-09-09,MOCK3,971841,0.02058481921816295,True,True,2020-09-10
2020-09-10,MOCK3,591114,0.09087409436721613,True,True,2020-09-11
2020-09-11,MOCK3,748219,0.11501512988834199,True,True,2020-09-12
2020-09-14,MOCK3,832662,0.04701055452493982,True,True,2020-09-15
2020-09-15,MOCK3,662214,0.09513665115851529,True,True,2020-09-16
2020-09-16,MOCK3,633496,0.0913710230047375,True,True,2020-09-17
2020-09-17,MOCK3,521884,0.11436471355720476,True,True,2020-09-18
2020-09-18,MOCK3,424399,0.07377615293220668,True,True,2020-09-19
2020-09-21,MOCK3,520754,0.13789799061134056,True,True,2020-09-22
2020-09-22,MOCK3,231079,0.0564433582784301,True,True,2020-09-23
2020-09-23,MOCK3,699738,0.024108352114929413,True,True,2020-09-24
2020-09-24,MOCK3,71870,0.14586849641217742,True,True,2020-09-25
2020-09-25,MOCK3,978870,0.055730833261416715,True,True,2020-09-26
2020-09-28,MOCK3,835893,0.011643037199426892,True,True,2020-09-29
2020-09-29,MOCK3,849156,0.0454596333958471,True,True,2020-09-30
2020-09-30,MOCK3,304098,0.10825365363034184,True,True,2020-10-01
2020-10-01,MOCK3,819476,0.0871246586542761,True,True,2020-10-02
2020-10-02,MOCK3,104386,0.021590924005307592,True,True,2020-10-03
2020-10-05,MOCK3,596620,0.10789294637277357,True,True,2020-10-06
2020-10-06,MOCK3,323630,0.13912610990169538,True,True,2020-10-07
2020-10-07,MOCK3,440510,0.13829468465623673,True,True,2020-10-08
2020-10-08,MOCK3,126536,0.049315486256311374,True,True,2020-10-09
2020-10-09,MOCK3,178840,0.1298412479728434,True,True,2020-10-10
2020-10-12,MOCK3,596842,0.011289171696989165,True,True,2020-10-13
2020-10-13,MOCK3,72598,0.12341703626694395,True,True,2020-10-14
2020-10-14,MOCK3,941322,0.022280695989769075,True,True,2020-10-15
2020-10-15,MOCK3,946818,0.11836709186428415,True,True,2020-10-16
2020-10-16,MOCK3,100010,0.05196735160713578,True,True,2020-10-17
2020-10-19,MOCK3,271056,0.07046539669697124,True,True,2020-10-20
2020-10-20,MOCK3,482926,0.0420890667626764,True,True,2020-10-21
2020-10-21,MOCK3,337392,0.12249154118088215,True,True,2020-10-22
2020-10-22,MOCK3,773105,0.1423056726422404,True,True,2020-10-23
2020-10-23,MOCK3,855354,0.14091564817552396,True,True,2020-10-24
2020-10-26,MOCK3,684600,0.04235854439822842,True,True,2020-10-27
2020-10-27,MOCK3,353548,0.017113459684141016,True,True,2020-10-28
2020-10-28,MOCK3,433058,0.12732727845673877,True,True,2020-10-29
2020-10-29,MOCK3,248974,0.12410429992632391,True,True,2020-10-30
2020-10-30,MOCK3,199646,0.04176334737408775,True,True,2020-10-31
2020-11-02,MOCK3,319646,0.019006955375217315,True,True,2020-11-03
2020-11-03,MOCK3,924034,0.11198173149725742,True,True,2020-11-04
2020-11-04,MOCK3,999603,0.0944703486345139,True,True,2020-11-05
2020-11-05,MOCK3,725445,0.0763336641671774,True,True,2020-11-06
2020-11-06,MOCK3,953602,0.08490328187687872,True,True,2020-11-07
2020-11-09,MOCK3,441120,0.03087341088610355,True,True,2020-11-10
2020-11-10,MOCK3,21211,0.03369622009964316,True,True,2020-11-11
2020-11-11,MOCK3,140387,0.1052518098353855,True,True,2020-11-12
2020-11-12,MOCK3,945841,0.09030660685334713,True,True,2020-11-13
2020-11-13,MOCK3,364003,0.14301774838617717,True,True,2020-11-14
2020-11-16,MOCK3,3540,0.14463011508840665,True,True,2020-11-17
2020-11-17,MOCK3,527322,0.08573040600899269,True,True,2020-11-18
2020-11-18,MOCK3,971921,0.14799835994363836,True,True,2020-11-19
2020-11-19,MOCK3,189678,0.011267006420583878,True,True,2020-11-20
2020-11-20,MOCK3,203997,0.14108613210787962,True,True,2020-11-21
2020-11-23,MOCK3,221111,0.05066562637355678,True,True,2020-11-24
2020-11-24,MOCK3,959598,0.03487901765559604,True,True,2020-11-25
2020-11-25,MOCK3,290806,0.0765819394272159,True,True,2020-11-26
2020-11-26,MOCK3,573154,0.050371401900829164,True,True,2020-11-27
2020-11-27,MOCK3,247375,0.0680679118093293,True,True,2020-11-28
2020-11-30,MOCK3,887555,0.1320797206724124,True,True,2020-12-01
2020-12-01,MOCK3,55870,0.09974035264498379,True,True,2020-12-02
2020-12-02,MOCK3,600478,0.033664994255105024,True,True,2020-12-03
2020-12-03,MOCK3,881390,0.03702893079176216,True,True,2020-12-04
2020-12-04,MOCK3,142231,0.07556804518015507,True,True,2020-12-05
2020-12-07,MOCK3,190897,0.1074670989720653,True,True,2020-12-08
2020-12-08,MOCK3,169422,0.018604677317401327,True,True,2020-12-09
2020-12-09,MOCK3,506517,0.02248181713528722,True,True,2020-12-10
2020-12-10,MOCK3,68774,0.13922293044084666,True,True,2020-12-11
2020-12-11,MOCK3,336367,0.04686451033892445,True,True,2020-12-12
2020-12-14,MOCK3,60567,0.12436899767898461,True,True,2020-12-15
2020-12-15,MOCK3,66997,0.08275407401281511,True,True,2020-12-16
2020-12-16,MOCK3,568518,0.028706855089296435,True,True,2020-12-17
2020-12-17,MOCK3,865496,0.017710252113423842,True,True,2020-12-18
2020-12-18,MOCK3,366334,0.06625212551527046,True,True,2020-12-19
2020-12-21,MOCK3,32236,0.05169121805383646,True,True,2020-12-22
2020-12-22,MOCK3,147303,0.10158953313415407,True,True,2020-12-23
2020-12-23,MOCK3,699982,0.0815922453088056,True,True,2020-12-24
2020-12-24,MOCK3,458497,0.11597786997510705,True,True,2020-12-25
2020-12-25,MOCK3,470933,0.11085783891657093,True,True,2020-12-26
2020-12-28,MOCK3,931084,0.048936605570505554,True,True,2020-12-29
2020-12-29,MOCK3,896050,0.09990228221292329,True,True,2020-12-30
2020-12-30,MOCK3,894250,0.038918228689294114,True,True,2020-12-31
2020-12-31,MOCK3,153245,0.09054976422010609,True,True,2021-01-01
2021-01-01,MOCK3,905628,0.1423120640619633,True,True,2021-01-02
2021-01-04,MOCK3,959809,0.05034749148570415,True,True,2021-01-05
2021-01-05,MOCK3,85297,0.04647380291441256,True,True,2021-01-06
2021-01-06,MOCK3,501830,0.12318596275251081,True,True,2021-01-07
2021-01-07,MOCK3,625364,0.07537906600246211,True,True,2021-01-08
2021-01-08,MOCK3,202947,0.13449319887750824,True,True,2021-01-09
2021-01-11,MOCK3,589394,0.04203909266437634,True,True,2021-01-12
2021-01-12,MOCK3,383584,0.019547247268294814,True,True,2021-01-13
2021-01-13,MOCK3,916316,0.0643667143653974,True,True,2021-01-14
2021-01-14,MOCK3,88986,0.019994321684395938,True,True,2021-01-15
2021-01-15,MOCK3,481892,0.047804096039202694,True,True,2021-01-16
2021-01-18,MOCK3,58082,0.09149865295949533,True,True,2021-01-19
2021-01-19,MOCK3,969090,0.047243082908094716,True,True,2021-01-20
2021-01-20,MOCK3,325025,0.09197728969004394,True,True,2021-01-21
2021-01-21,MOCK3,720583,0.06037061513210908,True,True,2021-01-22
2021-01-22,MOCK3,403863,0.07121298483282129,True,True,2021-01-23
2021-01-25,MOCK3,984745,0.11579118981823742,True,True,2021-01-26
2021-01-26,MOCK3,811192,0.08346253557680221,True,True,2021-01-27
2021-01-27,MOCK3,494970,0.1343165138159483,True,True,2021-01-28
2021-01-28,MOCK3,789102,0.047472606388802546,True,True,2021-01-29
2021-01-29,MOCK3,938725,0.06246170376303386,True,True,2021-01-30
2021-02-01,MOCK3,558775,0.06739160928804191,True,True,2021-02-02
2021-02-02,MOCK3,609835,0.11669886239600936,True,True,2021-02-03
2021-02-03,MOCK3,81225,0.023400988897177805,True,True,2021-02-04
2021-02-04,MOCK3,447761,0.1469822187944459,True,True,2021-02-05
2021-02-05,MOCK3,238512,0.045125280923785635,True,True,2021-02-06
2021-02-08,MOCK3,108679,0.13165513081131172,True,True,2021-02-09
2021-02-09,MOCK3,283030,0.12239867414511424,True,True,2021-02-10
2021-02-10,MOCK3,636941,0.05009745473524971,True,True,2021-02-11
2021-02-11,MOCK3,913977,0.042222162437554035,True,True,2021-02-12
2021-02-12,MOCK3,108171,0.03368668972162222,True,True,2021-02-13
2021-02-15,MOCK3,183530,0.06852217528833612,True,True,2021-02-16
2021-02-16,MOCK3,616284,0.075672436563165,True,True,2021-02-17
2021-02-17,MOCK3,772935,0.13889554634174212,True,True,2021-02-18
2021-02-18,MOCK3,351484,0.025302238207742463,True,True,2021-02-19
2021-02-19,MOCK3,445691,0.05604889634831044,True,True,2021-02-20
2021-02-22,MOCK3,776848,0.04527483617217497,True,True,2021-02-23
2021-02-23,MOCK3,916362,0.04088274923225052,True,True,2021-02-24
2021-02-24,MOCK3,361628,0.1444306037613129,True,True,2021-02-25
2021-02-25,MOCK3,127448,0.09001161535916398,True,True,2021-02-26
2021-02-26,MOCK3,19476,0.018789680519393084,True,True,2021-02-27
2021-03-01,MOCK3,487257,0.13081655122239022,True,True,2021-03-02
2021-03-02,MOCK3,318587,0.04596034573201138,True,True,2021-03-03
2021-03-03,MOCK3,660212,0.05460792314265396,True,True,2021-03-04
2021-03-04,MOCK3,804329,0.06003641670882635,True,True,2021-03-05
2021-03-05,MOCK3,350219,0.07790088587795843,True,True,2021-03-06
2021-03-08,MOCK3,25035,0.11830701468050246,True,True,2021-03-09
2021-03-09,MOCK3,624626,0.10881863319879276,True,True,2021-03-10
2021-03-10,MOCK3,604176,0.13316004820794303,True,True,2021-03-11
2021-03-11,MOCK3,162789,0.04693556102115495,True,True,2021-03-12
2021-03-12,MOCK3,932501,0.1226643791987419,True,True,2021-03-13
2021-03-15,MOCK3,875859,0.1077674682648564,True,True,2021-03-16
2021-03-16,MOCK3,540536,0.10756127626173204,True,True,2021-03-17
2021-03-17,MOCK3,80399,0.04489108476871734,True,True,2021-03-18
2021-03-18,MOCK3,354538,0.03104568650667472,True,True,2021-03-19
2021-03-19,MOCK3,597534,0.04284162699294787,True,True,2021-03-20
2021-03-22,MOCK3,358227,0.09683066929129407,True,True,2021-03-23
2021-03-23,MOCK3,274727,0.14423674849247842,True,True,2021-03-24
2021-03-24,MOCK3,317762,0.05270149364348549,True,True,2021-03-25
2021-03-25,MOCK3,454862,0.14454683086155148,True,True,2021-03-26
2021-03-26,MOCK3,63921,0.041065256160332186,True,True,2021-03-27
2021-03-29,MOCK3,358433,0.14251688790486447,True,True,2021-03-30
2021-03-30,MOCK3,725150,0.12322842139189176,True,True,2021-03-31
2021-03-31,MOCK3,121582,0.016088541235231537,True,True,2021-04-01
2021-04-01,MOCK3,317889,0.04961463649784361,True,True,2021-04-02
2021-04-02,MOCK3,647869,0.07288673463058436,True,True,2021-04-03
2021-04-05,MOCK3,775240,0.06145968908173282,True,True,2021-04-06
2021-04-06,MOCK3,973806,0.14369002505562736,True,True,2021-04-07
2021-04-07,MOCK3,590208,0.1445833329452733,True,True,2021-04-08
2021-04-08,MOCK3,844966,0.07776745646908788,True,True,2021-04-09
2021-04-09,MOCK3,351474,0.10979888097359364,True,True,2021-04-10
2021-04-12,MOCK3,955768,0.13020142666857448,True,True,2021-04-13
2021-04-13,MOCK3,383971,0.14603241503688683,True,True,2021-04-14
2021-04-14,MOCK3,388351,0.12060261720538853,True,True,2021-04-15
2021-04-15,MOCK3,208656,0.10627740223045974,True,True,2021-04-16
2021-04-16,MOCK3,342949,0.05914629164210107,True,True,2021-04-17
2021-04-19,MOCK3,715130,0.05090771482544196,True,True,2021-04-20
2021-04-20,MOCK3,693524,0.08307162937498891,True,True,2021-04-21
2021-04-21,MOCK3,577979,0.05291750493808425,True,True,2021-04-22
2021-04-22,MOCK3,856296,0.07179418352900684,True,True,2021-04-23
2021-04-23,MOCK3,336722,0.10112877430440201,True,True,2021-04-24
2021-04-26,MOCK3,963947,0.09596996460070055,True,True,2021-04-27
2021-04-27,MOCK3,410112,0.04608537328337442,True,True,2021-04-28
2021-04-28,MOCK3,970563,0.12386986747872505,True,True,2021-04-29
2021-04-29,MOCK3,952260,0.1420901861485311,True,True,2021-04-30
2021-04-30,MOCK3,242952,0.1493871973391545,True,True,2021-05-01
2021-05-03,MOCK3,407986,0.027772067261219363,True,True,2021-05-04
2021-05-04,MOCK3,354313,0.036198841126154055,True,True,2021-05-05
2021-05-05,MOCK3,743561,0.1224444220686766,True,True,2021-05-06
2021-05-06,MOCK3,180622,0.12156698643692702,True,True,2021-05-07
2021-05-07,MOCK3,405817,0.1299416877553953,True,True,2021-05-08
2021-05-10,MOCK3,415261,0.14039260935890133,True,True,2021-05-11
2021-05-11,MOCK3,832475,0.05918895287072686,True,True,2021-05-12
2021-05-12,MOCK3,291244,0.09758993742850308,True,True,2021-05-13
2021-05-13,MOCK3,977674,0.10396136897876818,True,True,2021-05-14
2021-05-14,MOCK3,431990,0.011537850668096771,True,True,2021-05-15
2021-05-17,MOCK3,731731,0.09922348226629449,True,True,2021-05-18
2021-05-18,MOCK3,50451,0.11923192139909589,True,True,2021-05-19
2021-05-19,MOCK3,233943,0.09631137072995592,True,True,2021-05-20
2021-05-20,MOCK3,2957,0.06528047586840983,True,True,2021-05-21
2021-05-21,MOCK3,511060,0.12431497664885428,True,True,2021-05-22
2021-05-24,MOCK3,427558,0.07534890462618224,True,True,2021-05-25
2021-05-25,MOCK3,260865,0.06035259531486218,True,True,2021-05-26
2021-05-26,MOCK3,935036,0.035513830580081056,True,True,2021-05-27
2021-05-27,MOCK3,109073,0.08680261281386027,True,True,2021-05-28
2021-05-28,MOCK3,215845,0.08734238489291295,True,True,2021-05-29
2021-05-31,MOCK3,142432,0.030609256515241018,True,True,2021-06-01
2021-06-01,MOCK3,704687,0.026896338773490965,True,True,2021-06-02
2021-06-02,MOCK3,715303,0.0955438341875666,True,True,2021-06-03
2021-06-03,MOCK3,958487,0.0975363020132143,True,True,2021-06-04
2021-06-04,MOCK3,958384,0.030217250579027972,True,True,2021-06-05
2021-06-07,MOCK3,666394,0.11547442329186812,True,True,2021-06-08
2021-06-08,MOCK3,311875,0.1342775291030049,True,True,2021-06-09
2021-06-09,MOCK3,648690,0.07217592042238088,True,True,2021-06-10
2021-06-10,MOCK3,336396,0.11612487048200694,True,True,2021-06-11
2021-06-11,MOCK3,351311,0.08867924619516616,True,True,2021-06-12
2021-06-14,MOCK3,52135,0.08144384977299833,True,True,2021-06-15
2021-06-15,MOCK3,665213,0.12173351974377909,True,True,2021-06-16
2021-06-16,MOCK3,530458,0.021265994080555163,True,True,2021-06-17
2021-06-17,MOCK3,922673,0.07490542000990369,True,True,2021-06-18
2021-06-18,MOCK3,734654,0.09920419815176466,True,True,2021-06-19
2021-06-21,MOCK3,752883,0.04206747397796159,True,True,2021-06-22
2021-06-22,MOCK3,654787,0.07353021847856683,True,True,2021-06-23
2021-06-23,MOCK3,662753,0.10451025576479085,True,True,2021-06-24
2021-06-24,MOCK3,811337,0.04532640928333281,True,True,2021-06-25
2021-06-25,MOCK3,46395,0.0588763128734575,True,True,2021-06-26
2021-06-28,MOCK3,70918,0.06999292649193811,True,True,2021-06-29
2021-06-29,MOCK3,844269,0.14219273149978306,True,True,2021-06-30
2021-06-30,MOCK3,507850,0.044228935367460816,True,True,2021-07-01
2021-07-01,MOCK3,565304,0.04930257285614346,True,True,2021-07-02
2021-07-02,MOCK3,452156,0.07058655280233643,True,True,2021-07-03
2021-07-05,MOCK3,559763,0.11542060938951668,True,True,2021-07-06
2021-07-06,MOCK3,528842,0.049007689432814576,True,True,2021-07-07
2021-07-07,MOCK3,447383,0.03788707400926974,True,True,2021-07-08
2021-07-08,MOCK3,801675,0.10295607283285271,True,True,2021-07-09
2021-07-09,MOCK3,911710,0.04510978036944014,True,True,2021-07-10
2021-07-12,MOCK3,275104,0.017554519669240227,True,True,2021-07-13
2021-07-13,MOCK3,166917,0.14434296916854084,True,True,2021-07-14
2021-07-14,MOCK3,519377,0.07437045276514243,True,True,2021-07-15
2021-07-15,MOCK3,749253,0.09340515951194796,True,True,2021-07-16
2021-07-16,MOCK3,543919,0.06037363262620936,True,True,2021-07-17
2021-07-19,MOCK3,122922,0.04330422514154947,True,True,2021-07-20
2021-07-20,MOCK3,490523,0.053782194655435975,True,True,2021-07-21
2021-07-21,MOCK3,217482,0.14973309109810892,True,True,2021-07-22
2021-07-22,MOCK3,246173,0.022422776677848005,True,True,2021-07-23
2021-07-23,MOCK3,164435,0.051844230540669035,True,True,2021-07-24
2021-07-26,MOCK3,362597,0.0120827346168024,True,True,2021-07-27
2021-07-27,MOCK3,700407,0.14953951426522646,True,True,2021-07-28
2021-07-28,MOCK3,585980,0.02653048457008375,True,True,2021-07-29
2021-07-29,MOCK3,950303,0.07693417339867492,True,True,2021-07-30
2021-07-30,MOCK3,499026,0.026672721886239502,True,True,2021-07-31
2021-08-02,MOCK3,40004,0.1329125848899631,True,True,2021-08-03
2021-08-03,MOCK3,143939,0.038559070588100174,True,True,2021-08-04
2021-08-04,MOCK3,700489,0.1425353448410428,True,True,2021-08-05
2021-08-05,MOCK3,693666,0.14572447880467324,True,True,2021-08-06
2021-08-06,MOCK3,508666,0.019590651732078176,True,True,2021-08-07
2021-08-09,MOCK3,756619,0.11821994177851874,True,True,2021-08-10
2021-08-10,MOCK3,230576,0.06682481658124274,True,True,2021-08-11
2021-08-11,MOCK3,242195,0.09543174355529638,True,True,2021-08-12
2021-08-12,MOCK3,44791,0.14017787498662382,True,True,2021-08-13
2021-08-13,MOCK3,959443,0.12144879717629875,True,True,2021-08-14
2021-08-16,MOCK3,249090,0.016751011053136956,True,True,2021-08-17
2021-08-17,MOCK3,865774,0.022571431664683825,True,True,2021-08-18
2021-08-18,MOCK3,988579,0.07764447164556232,True,True,2021-08-19
2021-08-19,MOCK3,69540,0.13438077690614783,True,True,2021-08-20
2021-08-20,MOCK3,312248,0.13968672792880593,True,True,2021-08-21
2021-08-23,MOCK3,660928,0.06882887573069703,True,True,2021-08-24
2021-08-24,MOCK3,501213,0.03970166487455728,True,True,2021-08-25
2021-08-25,MOCK3,110658,0.0883639347190464,True,True,2021-08-26
2021-08-26,MOCK3,507818,0.13588869313988824,True,True,2021-08-27
2021-08-27,MOCK3,543286,0.13740154303102828,True,True,2021-08-28
2021-08-30,MOCK3,370746,0.13207960562586674,True,True,2021-08-31
2021-08-31,MOCK3,64213,0.06473229521467737,True,True,2021-09-01
2021-09-01,MOCK3,434855,0.08524551620015931,True,True,2021-09-02
2021-09-02,MOCK3,594550,0.026866443090386882,True,True,2021-09-03
2021-09-03,MOCK3,20078,0.12874099111792137,True,True,2021-09-04
2021-09-06,MOCK3,646318,0.06266022329822987,True,True,2021-09-07
2021-09-07,MOCK3,860644,0.12603716944128576,True,True,2021-09-08
2021-09-08,MOCK3,82371,0.08529107708250433,True,True,2021-09-09
2021-09-09,MOCK3,50197,0.08119909844859012,True,True,2021-09-10
2021-09-10,MOCK3,648993,0.07874643004219113,True,True,2021-09-11
2021-09-13,MOCK3,676691,0.10960780369539404,True,True,2021-09-14
2021-09-14,MOCK3,213366,0.07778196032462256,True,True,2021-09-15
2021-09-15,MOCK3,968762,0.11905080616261089,True,True,2021-09-16
2021-09-16,MOCK3,83954,0.024678834016479276,True,True,2021-09-17
2021-09-17,MOCK3,964014,0.06329345206056847,True,True,2021-09-18
2021-09-20,MOCK3,950506,0.03773485688335255,True,True,2021-09-21
2021-09-21,MOCK3,393149,0.10435101531708381,True,True,2021-09-22
2021-09-22,MOCK3,33099,0.11362751799569594,True,True,2021-09-23
2021-09-23,MOCK3,557695,0.13975335680975945,True,True,2021-09-24
2021-09-24,MOCK3,18076,0.021797581541716477,True,True,2021-09-25
2021-09-27,MOCK3,385998,0.029249505271547113,True,True,2021-09-28
2021-09-28,MOCK3,305715,0.015863502631428043,True,True,2021-09-29
2021-09-29,MOCK3,314503,0.03417507842384795,True,True,2021-09-30
2021-09-30,MOCK3,344591,0.07166117856293704,True,True,2021-10-01
2021-10-01,MOCK3,284711,0.0994561948404213,True,True,2021-10-02
2021-10-04,MOCK3,869036,0.04202092113766041,True,True,2021-10-05
2021-10-05,MOCK3,703772,0.030878728462589586,True,True,2021-10-06
2021-10-06,MOCK3,949415,0.03707266714677573,True,True,2021-10-07
2021-10-07,MOCK3,347370,0.09012410210730017,True,True,2021-10-08
2021-10-08,MOCK3,235531,0.10414737257324533,True,True,2021-10-09
2021-10-11,MOCK3,96344,0.060381334745029505,True,True,2021-10-12
2021-10-12,MOCK3,453726,0.11886834561340016,True,True,2021-10-13
2021-10-13,MOCK3,412574,0.04614734185870288,True,True,2021-10-14
2021-10-14,MOCK3,41213,0.07490108987732048,True,True,2021-10-15
2021-10-15,MOCK3,247583,0.02498748186637552,True,True,2021-10-16
2021-10-18,MOCK3,513722,0.08824267668527595,True,True,2021-10-19
2021-10-19,MOCK3,509043,0.10394227660384595,True,True,2021-10-20
2021-10-20,MOCK3,372050,0.1399309259807377,True,True,2021-10-21
2021-10-21,MOCK3,964627,0.13893217711176772,True,True,2021-10-22
2021-10-22,MOCK3,499521,0.06309466831285511,True,True,2021-10-23
2021-10-25,MOCK3,183201,0.03202984893106053,True,True,2021-10-26
2021-10-26,MOCK3,212822,0.0786499874647512,True,True,2021-10-27
2021-10-27,MOCK3,432042,0.044981195183847585,True,True,2021-10-28
2021-10-28,MOCK3,254756,0.04894794216096508,True,True,2021-10-29
2021-10-29,MOCK3,71082,0.05570531625546428,True,True,2021-10-30
2021-11-01,MOCK3,85666,0.011938604610901545,True,True,2021-11-02
2021-11-02,MOCK3,815104,0.07140874667144138,True,True,2021-11-03
2021-11-03,MOCK3,589098,0.12809132716018812,True,True,2021-11-04
2021-11-04,MOCK3,614710,0.024860571076265013,True,True,2021-11-05
2021-11-05,MOCK3,866888,0.06853921421494787,True,True,2021-11-06
2021-11-08,MOCK3,210139,0.0384385016471548,True,True,2021-11-09
2021-11-09,MOCK3,186603,0.01763736091817252,True,True,2021-11-10
2021-11-10,MOCK3,880210,0.07613604677636328,True,True,2021-11-11
2021-11-11,MOCK3,71596,0.026565412615308988,True,True,2021-11-12
2021-11-12,MOCK3,64643,0.023420154548289218,True,True,2021-11-13
2021-11-15,MOCK3,138452,0.12164233143237183,True,True,2021-11-16
2021-11-16,MOCK3,505308,0.037888925047826365,True,True,2021-11-17
2021-11-17,MOCK3,712274,0.04788342577563139,True,True,2021-11-18
2021-11-18,MOCK3,620501,0.11418133069695652,True,True,2021-11-19
2021-11-19,MOCK3,486533,0.04973432257562949,True,True,2021-11-20
2021-11-22,MOCK3,753683,0.09209293324069755,True,True,2021-11-23
2021-11-23,MOCK3,51523,0.05701100605070509,True,True,2021-11-24
2021-11-24,MOCK3,592795,0.09953540214308251,True,True,2021-11-25
2021-11-25,MOCK3,362742,0.08378447927908762,True,True,2021-11-26
2021-11-26,MOCK3,982739,0.0918125963253355,True,True,2021-11-27
2021-11-29,MOCK3,33843,0.11672798914660559,True,True,2021-11-30
2021-11-30,MOCK3,929346,0.10142062070051176,True,True,2021-12-01
2021-12-01,MOCK3,291389,0.07944298910917105,True,True,2021-12-02
2021-12-02,MOCK3,33901,0.028264565369529482,True,True,2021-12-03
2021-12-03,MOCK3,962177,0.019704106744705744,True,True,2021-12-04
2021-12-06,MOCK3,451309,0.10796233910677493,True,True,2021-12-07
2021-12-07,MOCK3,934329,0.14487697985245368,True,True,2021-12-08
2021-12-08,MOCK3,796411,0.11884535301200197,True,True,2021-12-09
2021-12-09,MOCK3,376466,0.11018192606793051,True,True,2021-12-10
2021-12-10,MOCK3,310681,0.14632605820950217,True,True,2021-12-11
2021-12-13,MOCK3,766922,0.08178182707622708,True,True,2021-12-14
2021-12-14,MOCK3,243649,0.06675755440568544,True,True,2021-12-15
2021-12-15,MOCK3,90943,0.043277533451883024,True,True,2021-12-16
2021-12-16,MOCK3,538803,0.011713263370654712,True,True,2021-12-17
2021-12-17,MOCK3,480546,0.13834276978540644,True,True,2021-12-18
2021-12-20,MOCK3,844696,0.12121772058531884,True,True,2021-12-21
2021-12-21,MOCK3,739918,0.08274605110718808,True,True,2021-12-22
2021-12-22,MOCK3,975137,0.023482741422630286,True,True,2021-12-23
2021-12-23,MOCK3,988740,0.04369923737984852,True,True,2021-12-24
2021-12-24,MOCK3,805219,0.08595316519138685,True,True,2021-12-25
2021-12-27,MOCK3,464287,0.14723261151499017,True,True,2021-12-28
2021-12-28,MOCK3,870319,0.036685386085774874,True,True,2021-12-29
2021-12-29,MOCK3,82365,0.09557475734446491,True,True,2021-12-30
2021-12-30,MOCK3,888700,0.09192736412806464,True,True,2021-12-31
2021-12-31,MOCK3,542799,0.05139655463452031,True,True,2022-01-01
2022-01-03,MOCK3,12545,0.1198537450321062,True,True,2022-01-04
2022-01-04,MOCK3,98296,0.08733708483011536,True,True,2022-01-05
2022-01-05,MOCK3,84735,0.07948179018819533,True,True,2022-01-06
2022-01-06,MOCK3,800809,0.04676721481864308,True,True,2022-01-07
2022-01-07,MOCK3,628532,0.015741343701438874,True,True,2022-01-08
2022-01-10,MOCK3,26094,0.13279168264844318,True,True,2022-01-11
2022-01-11,MOCK3,307762,0.03194909337280503,True,True,2022-01-12
2022-01-12,MOCK3,815846,0.029662392354731143,True,True,2022-01-13
2022-01-13,MOCK3,954719,0.12395538109732006,True,True,2022-01-14
2022-01-14,MOCK3,711853,0.08844872394597125,True,True,2022-01-15
2022-01-17,MOCK3,676691,0.09740602629008352,True,True,2022-01-18
2022-01-18,MOCK3,995600,0.07547838443522395,True,True,2022-01-19
2022-01-19,MOCK3,920972,0.02835203397286036,True,True,2022-01-20
2022-01-20,MOCK3,783842,0.12020517157050596,True,True,2022-01-21
2022-01-21,MOCK3,232273,0.027815220248043178,True,True,2022-01-22
2022-01-24,MOCK3,415549,0.09011354408920297,True,True,2022-01-25
2022-01-25,MOCK3,206908,0.08252897249257772,True,True,2022-01-26
2022-01-26,MOCK3,152458,0.1171644617160426,True,True,2022-01-27
2022-01-27,MOCK3,118459,0.1463860921217855,True,True,2022-01-28
2022-01-28,MOCK3,704980,0.05755105714520788,True,True,2022-01-29
2022-01-31,MOCK3,618378,0.03358262049938704,True,True,2022-02-01
2022-02-01,MOCK3,92801,0.11686198161529071,True,True,2022-02-02
2022-02-02,MOCK3,96310,0.05717168429656562,True,True,2022-02-03
2022-02-03,MOCK3,321898,0.13632382288313932,True,True,2022-02-04
2022-02-04,MOCK3,65964,0.07895817325347855,True,True,2022-02-05
2022-02-07,MOCK3,139376,0.05744032471316678,True,True,2022-02-08
2022-02-08,MOCK3,789410,0.012492160112472582,True,True,2022-02-09
2022-02-09,MOCK3,530694,0.13645630834280661,True,True,2022-02-10
2022-02-10,MOCK3,638733,0.030494075752672455,True,True,2022-02-11
2022-02-11,MOCK3,787615,0.1462918632155407,True,True,2022-02-12
2022-02-14,MOCK3,907056,0.12255745625333263,True,True,2022-02-15
2022-02-15,MOCK3,170411,0.11651168836693933,True,True,2022-02-16
2022-02-16,MOCK3,732477,0.11419071470989656,True,True,2022-02-17
2022-02-17,MOCK3,621731,0.0835664965603294,True,True,2022-02-18
2022-02-18,MOCK3,294714,0.01815859063910423,True,True,2022-02-19
2022-02-21,MOCK3,362646,0.01679433469261428,True,True,2022-02-22
2022-02-22,MOCK3,67913,0.1448528671671784,True,True,2022-02-23
2022-02-23,MOCK3,974844,0.10277453962605251,True,True,2022-02-24
2022-02-24,MOCK3,245338,0.029553917188032755,True,True,2022-02-25
2022-02-25,MOCK3,733975,0.14597517397978435,True,True,2022-02-26
2022-02-28,MOCK3,834557,0.10836217287436839,True,True,2022-03-01
2022-03-01,MOCK3,271313,0.07862623730382216,True,True,2022-03-02
2022-03-02,MOCK3,804972,0.14892652174593352,True,True,2022-03-03
2022-03-03,MOCK3,369744,0.01844632075292378,True,True,2022-03-04
2022-03-04,MOCK3,491018,0.07224413862405947,True,True,2022-03-05
2022-03-07,MOCK3,712212,0.08892193039020674,True,True,2022-03-08
2022-03-08,MOCK3,215555,0.08508881522557941,True,True,2022-03-09
2022-03-09,MOCK3,224273,0.1306456444483232,True,True,2022-03-10
2022-03-10,MOCK3,230907,0.01277199653254148,True,True,2022-03-11
2022-03-11,MOCK3,640629,0.08435377581525777,True,True,2022-03-12
2022-03-14,MOCK3,87852,0.060188157976897486,True,True,2022-03-15
2022-03-15,MOCK3,304672,0.05797686843420272,True,True,2022-03-16
2022-03-16,MOCK3,128249,0.10600119098646484,True,True,2022-03-17
2022-03-17,MOCK3,87750,0.11898997511009006,True,True,2022-03-18
2022-03-18,MOCK3,489682,0.08449197626367101,True,True,2022-03-19
2022-03-21,MOCK3,826829,0.0980471941316401,True,True,2022-03-22
2022-03-22,MOCK3,756092,0.10957058327317316,True,True,2022-03-23
2022-03-23,MOCK3,317511,0.0703174928731207,True,True,2022-03-24
2022-03-24,MOCK3,83619,0.10316002592098249,True,True,2022-03-25
2022-03-25,MOCK3,219915,0.038194491243180084,True,True,2022-03-26
2022-03-28,MOCK3,941136,0.12035061943069082,True,True,2022-03-29
2022-03-29,MOCK3,597243,0.04324929438129813,True,True,2022-03-30
2022-03-30,MOCK3,776668,0.03285776536808459,True,True,2022-03-31
2022-03-31,MOCK3,373955,0.06643576820540897,True,True,2022-04-01
2022-04-01,MOCK3,469668,0.033817183133210305,True,True,2022-04-02
2022-04-04,MOCK3,914644,0.07720968680336183,True,True,2022-04-05
2022-04-05,MOCK3,200764,0.05850156339600892,True,True,2022-04-06
2022-04-06,MOCK3,637488,0.025105814288119782,True,True,2022-04-07
2022-04-07,MOCK3,377257,0.10747334049372793,True,True,2022-04-08
2022-04-08,MOCK3,783510,0.14826118544222816,True,True,2022-04-09
2022-04-11,MOCK3,264241,0.01625436100836062,True,True,2022-04-12
2022-04-12,MOCK3,657034,0.04151656228748587,True,True,2022-04-13
2022-04-13,MOCK3,630234,0.09128249190917893,True,True,2022-04-14
2022-04-14,MOCK3,127714,0.01948458054476157,True,True,2022-04-15
2022-04-15,MOCK3,69608,0.03560936583458416,True,True,2022-04-16
2022-04-18,MOCK3,536681,0.12585371500142933,True,True,2022-04-19
2022-04-19,MOCK3,522469,0.04753236403674816,True,True,2022-04-20
2022-04-20,MOCK3,292113,0.022338008844352497,True,True,2022-04-21
2022-04-21,MOCK3,109606,0.1031708388148003,True,True,2022-04-22
2022-04-22,MOCK3,232579,0.04691573918749818,True,True,2022-04-23
2022-04-25,MOCK3,851544,0.010625622010631585,True,True,2022-04-26
2022-04-26,MOCK3,928485,0.08658218324473714,True,True,2022-04-27
2022-04-27,MOCK3,485710,0.05848370879731226,True,True,2022-04-28
2022-04-28,MOCK3,638397,0.1377680653800789,True,True,2022-04-29
2022-04-29,MOCK3,472822,0.11290154663482428,True,True,2022-04-30
2022-05-02,MOCK3,146219,0.08991922142482431,True,True,2022-05-03
2022-05-03,MOCK3,695102,0.08632372784329503,True,True,2022-05-04
2022-05-04,MOCK3,187765,0.06821010849117072,True,True,2022-05-05
2022-05-05,MOCK3,53735,0.10963850071189107,True,True,2022-05-06
2022-05-06,MOCK3,991070,0.012366010361664737,True,True,2022-05-07
2022-05-09,MOCK3,332780,0.08092615300182958,True,True,2022-05-10
2022-05-10,MOCK3,532628,0.11138388118812716,True,True,2022-05-11
2022-05-11,MOCK3,387697,0.09027704445844542,True,True,2022-05-12
2022-05-12,MOCK3,43664,0.05117850298217843,True,True,2022-05-13
2022-05-13,MOCK3,223379,0.14023488252759614,True,True,2022-05-14
2022-05-16,MOCK3,782385,0.014250733775049833,True,True,2022-05-17
2022-05-17,MOCK3,172725,0.06827422141199553,True,True,2022-05-18
2022-05-18,MOCK3,968245,0.07377494209274958,True,True,2022-05-19
2022-05-19,MOCK3,609622,0.040631535028191494,True,True,2022-05-20
2022-05-20,MOCK3,466141,0.08266496036460921,True,True,2022-05-21
2022-05-23,MOCK3,444371,0.07075948560569148,True,True,2022-05-24
2022-05-24,MOCK3,266404,0.04392650727586642,True,True,2022-05-25
2022-05-25,MOCK3,168245,0.0651956864262546,True,True,2022-05-26
2022-05-26,MOCK3,882770,0.08749190182864953,True,True,2022-05-27
2022-05-27,MOCK3,487374,0.022784243285851727,True,True,2022-05-28
2022-05-30,MOCK3,662989,0.04447267427485638,True,True,2022-05-31
2022-05-31,MOCK3,108233,0.026796543179027257,True,True,2022-06-01
2022-06-01,MOCK3,978970,0.09895789909317518,True,True,2022-06-02
2022-06-02,MOCK3,877254,0.1417950079901395,True,True,2022-06-03
2022-06-03,MOCK3,658032,0.04115218659713243,True,True,2022-06-04
2022-06-06,MOCK3,605810,0.11727699929583348,True,True,2022-06-07
2022-06-07,MOCK3,714258,0.0815835026452361,True,True,2022-06-08
2022-06-08,MOCK3,199099,0.0411276867932847,True,True,2022-06-09
2022-06-09,MOCK3,187100,0.02133633292451511,True,True,2022-06-10
2022-06-10,MOCK3,760358,0.062200832703252766,True,True,2022-06-11
2022-06-13,MOCK3,390227,0.052313131739298725,True,True,2022-06-14
2022-06-14,MOCK3,851537,0.08974583794521271,True,True,2022-06-15
2022-06-15,MOCK3,772723,0.021258184101718425,True,True,2022-06-16
2022-06-16,MOCK3,22638,0.056909795087861266,True,True,2022-06-17
2022-06-17,MOCK3,461980,0.12909069636999598,True,True,2022-06-18
2022-06-20,MOCK3,967919,0.04358910401617077,True,True,2022-06-21
2022-06-21,MOCK3,516226,0.05418695596505191,True,True,2022-06-22
2022-06-22,MOCK3,524939,0.10856825131049805,True,True,2022-06-23
2022-06-23,MOCK3,673854,0.048022967036233426,True,True,2022-06-24
2022-06-24,MOCK3,655079,0.13167967755502208,True,True,2022-06-25
2022-06-27,MOCK3,268567,0.03833880446719497,True,True,2022-06-28
2022-06-28,MOCK3,907596,0.09763003780546961,True,True,2022-06-29
2022-06-29,MOCK3,968287,0.028382157976365736,True,True,2022-06-30
2022-06-30,MOCK3,845366,0.11351054463052411,True,True,2022-07-01
2022-07-01,MOCK3,171933,0.027623332159004484,True,True,2022-07-02
2022-07-04,MOCK3,603579,0.061212904811565765,True,True,2022-07-05
2022-07-05,MOCK3,695963,0.025622809230251245,True,True,2022-07-06
2022-07-06,MOCK3,133008,0.08225337901566879,True,True,2022-07-07
2022-07-07,MOCK3,454180,0.10469923082354801,True,True,2022-07-08
2022-07-08,MOCK3,407879,0.032212450977985654,True,True,2022-07-09
2022-07-11,MOCK3,325093,0.021383221565479952,True,True,2022-07-12
2022-07-12,MOCK3,72434,0.022750808111533585,True,True,2022-07-13
2022-07-13,MOCK3,226802,0.11302538733990605,True,True,2022-07-14
2022-07-14,MOCK3,444860,0.031051978234982583,True,True,2022-07-15
2022-07-15,MOCK3,225332,0.02803489913000627,True,True,2022-07-16
2022-07-18,MOCK3,616678,0.06723828569427799,True,True,2022-07-19
2022-07-19,MOCK3,130214,0.06576502784673847,True,True,2022-07-20
2022-07-20,MOCK3,576574,0.14929657615134884,True,True,2022-07-21
2022-07-21,MOCK3,426634,0.04899073765270371,True,True,2022-07-22
2022-07-22,MOCK3,297503,0.05038820123059663,True,True,2022-07-23
2022-07-25,MOCK3,511444,0.0836273703013629,True,True,2022-07-26
2022-07-26,MOCK3,703753,0.09846923479170536,True,True,2022-07-27
2022-07-27,MOCK3,116952,0.055421966875646135,True,True,2022-07-28
2022-07-28,MOCK3,828981,0.11484526833362783,True,True,2022-07-29
2022-07-29,MOCK3,486156,0.10878849634982737,True,True,2022-07-30
2022-08-01,MOCK3,349001,0.12793109384459198,True,True,2022-08-02
2022-08-02,MOCK3,235856,0.028567500277539654,True,True,2022-08-03
2022-08-03,MOCK3,351188,0.14018929482601508,True,True,2022-08-04
2022-08-04,MOCK3,9443,0.056980909197838554,True,True,2022-08-05
2022-08-05,MOCK3,681860,0.1259031125571259,True,True,2022-08-06
2022-08-08,MOCK3,76004,0.027933878127296835,True,True,2022-08-09
2022-08-09,MOCK3,94126,0.08272360175942885,True,True,2022-08-10
2022-08-10,MOCK3,899049,0.06486028548132577,True,True,2022-08-11
2022-08-11,MOCK3,403729,0.09908337702895843,True,True,2022-08-12
2022-08-12,MOCK3,328704,0.11509294634402978,True,True,2022-08-13
2022-08-15,MOCK3,867582,0.05867033868749088,True,True,2022-08-16
2022-08-16,MOCK3,495027,0.05572859136387865,True,True,2022-08-17
2022-08-17,MOCK3,610395,0.09240866545316757,True,True,2022-08-18
2022-08-18,MOCK3,391981,0.12652199196382916,True,True,2022-08-19
2022-08-19,MOCK3,702798,0.13335195356702356,True,True,2022-08-20
2022-08-22,MOCK3,902830,0.13895374619677,True,True,2022-08-23
2022-08-23,MOCK3,84954,0.07509821723674893,True,True,2022-08-24
2022-08-24,MOCK3,331904,0.02864165844099207,True,True,2022-08-25
2022-08-25,MOCK3,796451,0.14448854692908322,True,True,2022-08-26
2022-08-26,MOCK3,191279,0.058613715387629904,True,True,2022-08-27
2022-08-29,MOCK3,751057,0.07197337813126738,True,True,2022-08-30
2022-08-30,MOCK3,11444,0.11266075558516604,True,True,2022-08-31
2022-08-31,MOCK3,337656,0.048313925378286146,True,True,2022-09-01
2022-09-01,MOCK3,557007,0.06282739281467539,True,True,2022-09-02
2022-09-02,MOCK3,98699,0.10053652275320282,True,True,2022-09-03
2022-09-05,MOCK3,72452,0.10755008060530427,True,True,2022-09-06
2022-09-06,MOCK3,539799,0.10727935901807155,True,True,2022-09-07
2022-09-07,MOCK3,732861,0.12587411868075912,True,True,2022-09-08
2022-09-08,MOCK3,413161,0.047483857499529984,True,True,2022-09-09
2022-09-09,MOCK3,57380,0.06516954670400935,True,True,2022-09-10
2022-09-12,MOCK3,740731,0.09502902190486522,True,True,2022-09-13
2022-09-13,MOCK3,307289,0.060383015693359965,True,True,2022-09-14
2022-09-14,MOCK3,714587,0.09190935198731766,True,True,2022-09-15
2022-09-15,MOCK3,677596,0.011442246361599464,True,True,2022-09-16
2022-09-16,MOCK3,340614,0.02769092078496079,True,True,2022-09-17
2022-09-19,MOCK3,615101,0.08525132772021572,True,True,2022-09-20
2022-09-20,MOCK3,914000,0.06110609796323423,True,True,2022-09-21
2022-09-21,MOCK3,553703,0.07750103617572363,True,True,2022-09-22
2022-09-22,MOCK3,70060,0.0730943154287958,True,True,2022-09-23
2022-09-23,MOCK3,581707,0.07174881217162545,True,True,2022-09-24
2022-09-26,MOCK3,430789,0.04854819390474719,True,True,2022-09-27
2022-09-27,MOCK3,748262,0.05245440611694499,True,True,2022-09-28
2022-09-28,MOCK3,646904,0.12722215230507838,True,True,2022-09-29
2022-09-29,MOCK3,858864,0.07233100039103069,True,True,2022-09-30
2022-09-30,MOCK3,880030,0.03729497817842818,True,True,2022-10-01
2022-10-03,MOCK3,435909,0.02353963109617665,True,True,2022-10-04
2022-10-04,MOCK3,985165,0.07146734230921581,True,True,2022-10-05
2022-10-05,MOCK3,459478,0.08257118104378972,True,True,2022-10-06
2022-10-06,MOCK3,610429,0.14209518308726518,True,True,2022-10-07
2022-10-07,MOCK3,783916,0.09256244626118845,True,True,2022-10-08
2022-10-10,MOCK3,338790,0.07831856590049921,True,True,2022-10-11
2022-10-11,MOCK3,737479,0.12058178512830273,True,True,2022-10-12
2022-10-12,MOCK3,941383,0.11939257614014098,True,True,2022-10-13
2022-10-13,MOCK3,335329,0.13192063590014053,True,True,2022-10-14
2022-10-14,MOCK3,548715,0.10932166120651968,True,True,2022-10-15
2022-10-17,MOCK3,954263,0.05523817476657988,True,True,2022-10-18
2022-10-18,MOCK3,972732,0.011959726868186549,True,True,2022-10-19
2022-10-19,MOCK3,493182,0.10092678820131426,True,True,2022-10-20
2022-10-20,MOCK3,398827,0.0678145831497063,True,True,2022-10-21
2022-10-21,MOCK3,662401,0.08895382742828577,True,True,2022-10-22
2022-10-24,MOCK3,553303,0.1202728366517745,True,True,2022-10-25
2022-10-25,MOCK3,470125,0.030227555508924087,True,True,2022-10-26
2022-10-26,MOCK3,198615,0.14802901657714518,True,True,2022-10-27
2022-10-27,MOCK3,626412,0.14607149317853294,True,True,2022-10-28
2022-10-28,MOCK3,89214,0.03676467800361747,True,True,2022-10-29
2022-10-31,MOCK3,123835,0.1063837717797493,True,True,2022-11-01
2022-11-01,MOCK3,114655,0.13528550208603488,True,True,2022-11-02
2022-11-02,MOCK3,595616,0.14501201555570808,True,True,2022-11-03
2022-11-03,MOCK3,212109,0.12501150971179312,True,True,2022-11-04
2022-11-04,MOCK3,860530,0.05456096463160255,True,True,2022-11-05
2022-11-07,MOCK3,958178,0.017606679659684123,True,True,2022-11-08
2022-11-08,MOCK3,872133,0.10615573385564453,True,True,2022-11-09
2022-11-09,MOCK3,369227,0.061804627465619204,True,True,2022-11-10
2022-11-10,MOCK3,446114,0.012166458244334613,True,True,2022-11-11
2022-11-11,MOCK3,143021,0.10758137510591131,True,True,2022-11-12
2022-11-14,MOCK3,130903,0.13755715550641706,True,True,2022-11-15
2022-11-15,MOCK3,191102,0.08156136995931708,True,True,2022-11-16
2022-11-16,MOCK3,888295,0.09735616152182024,True,True,2022-11-17
2022-11-17,MOCK3,898253,0.019362691469079343,True,True,2022-11-18
2022-11-18,MOCK3,254060,0.03713493900417856,True,True,2022-11-19
2022-11-21,MOCK3,282547,0.08003513671210313,True,True,2022-11-22
2022-11-22,MOCK3,182684,0.04392446414871374,True,True,2022-11-23
2022-11-23,MOCK3,613685,0.06622877034337367,True,True,2022-11-24
2022-11-24,MOCK3,118392,0.07036277528300093,True,True,2022-11-25
2022-11-25,MOCK3,758892,0.08483967741957962,True,True,2022-11-26
2022-11-28,MOCK3,644748,0.04607149335717175,True,True,2022-11-29
2022-11-29,MOCK3,734606,0.0846606382421939,True,True,2022-11-30
2022-11-30,MOCK3,364368,0.0407145563375061,True,True,2022-12-01
2022-12-01,MOCK3,24395,0.01135951155829294,True,True,2022-12-02
2022-12-02,MOCK3,548907,0.08835048755536892,True,True,2022-12-03
2022-12-05,MOCK3,980147,0.043377435143797945,True,True,2022-12-06
2022-12-06,MOCK3,937037,0.060620215067932734,True,True,2022-12-07
2022-12-07,MOCK3,172311,0.022198212732611345,True,True,2022-12-08
2022-12-08,MOCK3,539029,0.07758013254531085,True,True,2022-12-09
2022-12-09,MOCK3,271259,0.040902031983993684,True,True,2022-12-10
2022-12-12,MOCK3,528907,0.05313294172146338,True,True,2022-12-13
2022-12-13,MOCK3,140387,0.06785951741379333,True,True,2022-12-14
2022-12-14,MOCK3,640640,0.07286262326081341,True,True,2022-12-15
2022-12-15,MOCK3,192835,0.061672956490794524,True,True,2022-12-16
2022-12-16,MOCK3,521419,0.1495902577311082,True,True,2022-12-17
2022-12-19,MOCK3,878344,0.05226354911732589,True,True,2022-12-20
2022-12-20,MOCK3,51353,0.13896535103605925,True,True,2022-12-21
2022-12-21,MOCK3,209151,0.11971191379804506,True,True,2022-12-22
2022-12-22,MOCK3,877884,0.011220005173048388,True,True,2022-12-23
2022-12-23,MOCK3,983451,0.09855350892230476,True,True,2022-12-24
2022-12-26,MOCK3,409131,0.0314431390803138,True,True,2022-12-27
2022-12-27,MOCK3,739771,0.1055579989819173,True,True,2022-12-28
2022-12-28,MOCK3,597968,0.04680359582322099,True,True,2022-12-29
2022-12-29,MOCK3,668416,0.09961462687288158,True,True,2022-12-30
2022-12-30,MOCK3,309145,0.057938087151482943,True,True,2022-12-31
2023-01-02,MOCK3,269503,0.12531170800793603,True,True,2023-01-03
2023-01-03,MOCK3,349367,0.13702774599329395,True,True,2023-01-04
2023-01-04,MOCK3,41124,0.056710092178681275,True,True,2023-01-05
2023-01-05,MOCK3,196298,0.01612551503603612,True,True,2023-01-06
2023-01-06,MOCK3,98641,0.08249255424381739,True,True,2023-01-07
2023-01-09,MOCK3,749470,0.042391218224794296,True,True,2023-01-10
2023-01-10,MOCK3,992018,0.05522730058666378,True,True,2023-01-11
2023-01-11,MOCK3,654197,0.12685568932395272,True,True,2023-01-12
2023-01-12,MOCK3,954352,0.048455862890675355,True,True,2023-01-13
2023-01-13,MOCK3,464271,0.01036796253159874,True,True,2023-01-14
2023-01-16,MOCK3,847037,0.02660068878296041,True,True,2023-01-17
2023-01-17,MOCK3,348638,0.12408525411587287,True,True,2023-01-18
2023-01-18,MOCK3,97022,0.12447780370042763,True,True,2023-01-19
2023-01-19,MOCK3,640279,0.027590854140473707,True,True,2023-01-20
2023-01-20,MOCK3,887911,0.054592788259335064,True,True,2023-01-21
2023-01-23,MOCK3,98193,0.058737460551951635,True,True,2023-01-24
2023-01-24,MOCK3,231681,0.03724260380297534,True,True,2023-01-25
2023-01-25,MOCK3,541032,0.07289078565725433,True,True,2023-01-26
2023-01-26,MOCK3,920219,0.025039158313465367,True,True,2023-01-27
2023-01-27,MOCK3,572910,0.10946880110315957,True,True,2023-01-28
2023-01-30,MOCK3,235188,0.10218631730353912,True,True,2023-01-31
2023-01-31,MOCK3,921682,0.0944047971722145,True,True,2023-02-01
2023-02-01,MOCK3,949139,0.08246551929125966,True,True,2023-02-02
2023-02-02,MOCK3,389040,0.05110877840229895,True,True,2023-02-03
2023-02-03,MOCK3,306277,0.09296192245648757,True,True,2023-02-04
2023-02-06,MOCK3,803003,0.016813194409992804,True,True,2023-02-07
2023-02-07,MOCK3,739305,0.1477631313279589,True,True,2023-02-08
2023-02-08,MOCK3,410588,0.014638691070414071,True,True,2023-02-09
2023-02-09,MOCK3,719234,0.1378116860215536,True,True,2023-02-10
2023-02-10,MOCK3,699973,0.13969394251212622,True,True,2023-02-11
2023-02-13,MOCK3,503970,0.13095285029834083,True,True,2023-02-14
2023-02-14,MOCK3,616424,0.10987548450202839,True,True,2023-02-15
2023-02-15,MOCK3,116780,0.05156844545937975,True,True,2023-02-16
2023-02-16,MOCK3,41703,0.09521356855626034,True,True,2023-02-17
2023-02-17,MOCK3,326214,0.1293401662949036,True,True,2023-02-18
2023-02-20,MOCK3,423365,0.12010624776932086,True,True,2023-02-21
2023-02-21,MOCK3,793720,0.022720534992547777,True,True,2023-02-22
2023-02-22,MOCK3,831579,0.13322866664398816,True,True,2023-02-23
2023-02-23,MOCK3,211152,0.09902451216725146,True,True,2023-02-24
2023-02-24,MOCK3,519767,0.13224284149024226,True,True,2023-02-25
2023-02-27,MOCK3,491386,0.056219808238668775,True,True,2023-02-28
2023-02-28,MOCK3,393725,0.044695694869939386,True,True,2023-03-01
2023-03-01,MOCK3,248806,0.03821406330315089,True,True,2023-03-02
2023-03-02,MOCK3,255735,0.01565008450486819,True,True,2023-03-03
2023-03-03,MOCK3,901046,0.061246688281790286,True,True,2023-03-04
2023-03-06,MOCK3,141813,0.027805621074431998,True,True,2023-03-07
2023-03-07,MOCK3,167981,0.09764449594264385,True,True,2023-03-08
2023-03-08,MOCK3,600571,0.11781464897670045,True,True,2023-03-09
2023-03-09,MOCK3,465996,0.031485102198053484,True,True,2023-03-10
2023-03-10,MOCK3,556244,0.11030108828142533,True,True,2023-03-11
2023-03-13,MOCK3,541656,0.138995643336195,True,True,2023-03-14
2023-03-14,MOCK3,588148,0.12364986851166056,True,True,2023-03-15
2023-03-15,MOCK3,348487,0.03139304987977474,True,True,2023-03-16
2023-03-16,MOCK3,161203,0.041407553469282474,True,True,2023-03-17
2023-03-17,MOCK3,193038,0.11151144372235107,True,True,2023-03-18
2023-03-20,MOCK3,56453,0.1445275145613809,True,True,2023-03-21
2023-03-21,MOCK3,13813,0.12682267528468644,True,True,2023-03-22
2023-03-22,MOCK3,295890,0.07046871800312723,True,True,2023-03-23
2023-03-23,MOCK3,487493,0.12970413156889118,True,True,2023-03-24
2023-03-24,MOCK3,836845,0.06981485658243933,True,True,2023-03-25
2023-03-27,MOCK3,830668,0.12502368060699617,True,True,2023-03-28
2023-03-28,MOCK3,857778,0.0753046854223888,True,True,2023-03-29
2023-03-29,MOCK3,400093,0.024118915097523307,True,True,2023-03-30
2023-03-30,MOCK3,891975,0.13505567161542564,True,True,2023-03-31
2023-03-31,MOCK3,98553,0.07008751736599578,True,True,2023-04-01
2023-04-03,MOCK3,60386,0.11093446349761789,True,True,2023-04-04
2023-04-04,MOCK3,444365,0.0523408858765887,True,True,2023-04-05
2023-04-05,MOCK3,786882,0.1448025234601663,True,True,2023-04-06
2023-04-06,MOCK3,563642,0.04667156177713413,True,True,2023-04-07
2023-04-07,MOCK3,617583,0.06014998584978622,True,True,2023-04-08
2023-04-10,MOCK3,906835,0.12950453246769428,True,True,2023-04-11
2023-04-11,MOCK3,533243,0.02920948206973563,True,True,2023-04-12
2023-04-12,MOCK3,986293,0.13077298771366544,True,True,2023-04-13
2023-04-13,MOCK3,738035,0.062290500613111255,True,True,2023-04-14
2023-04-14,MOCK3,775505,0.09312548596550528,True,True,2023-04-15
2023-04-17,MOCK3,727403,0.1470601960739297,True,True,2023-04-18
2023-04-18,MOCK3,642691,0.07161713362929657,True,True,2023-04-19
2023-04-19,MOCK3,436570,0.13370890893500562,True,True,2023-04-20
2023-04-20,MOCK3,737689,0.13099099053845958,True,True,2023-04-21
2023-04-21,MOCK3,153579,0.016005970582618434,True,True,2023-04-22
2023-04-24,MOCK3,956351,0.021849173581307203,True,True,2023-04-25
2023-04-25,MOCK3,338926,0.04916672956852455,True,True,2023-04-26
2023-04-26,MOCK3,519678,0.0938104348017502,True,True,2023-04-27
2023-04-27,MOCK3,41678,0.010840602227646632,True,True,2023-04-28
2023-04-28,MOCK3,808749,0.07995017085920107,True,True,2023-04-29
2023-05-01,MOCK3,582967,0.039290003897683036,True,True,2023-05-02
2023-05-02,MOCK3,859501,0.1010691139026462,True,True,2023-05-03
2023-05-03,MOCK3,171215,0.04770067020373006,True,True,2023-05-04
2023-05-04,MOCK3,89768,0.031601865933707764,True,True,2023-05-05
2023-05-05,MOCK3,283194,0.05241662691222587,True,True,2023-05-06
2023-05-08,MOCK3,644040,0.1222659946271635,True,True,2023-05-09
2023-05-09,MOCK3,759810,0.14241262773569505,True,True,2023-05-10
2023-05-10,MOCK3,932405,0.03741768368942491,True,True,2023-05-11
2023-05-11,MOCK3,266344,0.14177201622964772,True,True,2023-05-12
2023-05-12,MOCK3,324432,0.09746957554585388,True,True,2023-05-13
2023-05-15,MOCK3,704774,0.03992792315012058,True,True,2023-05-16
2023-05-16,MOCK3,545449,0.10188172267740327,True,True,2023-05-17
2023-05-17,MOCK3,27107,0.05871412821231388,True,True,2023-05-18
2023-05-18,MOCK3,904001,0.01165486807904864,True,True,2023-05-19
2023-05-19,MOCK3,153253,0.052164564385776886,True,True,2023-05-20
2023-05-22,MOCK3,765740,0.040732782899401,True,True,2023-05-23
2023-05-23,MOCK3,936232,0.06470501182923129,True,True,2023-05-24
2023-05-24,MOCK3,502015,0.11775413973719409,True,True,2023-05-25
2023-05-25,MOCK3,538694,0.0395164142797774,True,True,2023-05-26
2023-05-26,MOCK3,87999,0.14858393783088072,True,True,2023-05-27
2023-05-29,MOCK3,222237,0.12538145701622894,True,True,2023-05-30
2023-05-30,MOCK3,34724,0.07883096547359768,True,True,2023-05-31
2023-05-31,MOCK3,127956,0.023935201585071002,True,True,2023-06-01
2023-06-01,MOCK3,815962,0.09035580959978289,True,True,2023-06-02
2023-06-02,MOCK3,313967,0.034471179187556815,True,True,2023-06-03
2023-06-05,MOCK3,409149,0.14511284918871473,True,True,2023-06-06
2023-06-06,MOCK3,810250,0.031940815653885304,True,True,2023-06-07
2023-06-07,MOCK3,318394,0.11667456388876964,True,True,2023-06-08
2023-06-08,MOCK3,585790,0.12079207403694059,True,True,2023-06-09
2023-06-09,MOCK3,928199,0.08212299408230053,True,True,2023-06-10
2023-06-12,MOCK3,436670,0.11823724404035617,True,True,2023-06-13
2023-06-13,MOCK3,948319,0.053846636048489153,True,True,2023-06-14
2023-06-14,MOCK3,36344,0.05862319147021185,True,True,2023-06-15
2023-06-15,MOCK3,105929,0.06283794246170618,True,True,2023-06-16
2023-06-16,MOCK3,423299,0.04819143145956911,True,True,2023-06-17
2023-06-19,MOCK3,574954,0.018282987440012,True,True,2023-06-20
2023-06-20,MOCK3,179670,0.02907356170509425,True,True,2023-06-21
2023-06-21,MOCK3,366045,0.07766100907547424,True,True,2023-06-22
2023-06-22,MOCK3,705080,0.14897204597584368,True,True,2023-06-23
2023-06-23,MOCK3,74513,0.01928604633938489,True,True,2023-06-24
2023-06-26,MOCK3,522503,0.0903473646596461,True,True,2023-06-27
2023-06-27,MOCK3,346021,0.037604248552499435,True,True,2023-06-28
2023-06-28,MOCK3,696301,0.1412587269383031,True,True,2023-06-29
2023-06-29,MOCK3,551244,0.12570780777987223,True,True,2023-06-30
2023-06-30,MOCK3,268570,0.1279092369802808,True,True,2023-07-01
2023-07-03,MOCK3,995541,0.1180726209886259,True,True,2023-07-04
2023-07-04,MOCK3,363948,0.07002068370133,True,True,2023-07-05
2023-07-05,MOCK3,685108,0.09970576674308838,True,True,2023-07-06
2023-07-06,MOCK3,228257,0.05233830999932929,True,True,2023-07-07
2023-07-07,MOCK3,653126,0.14538428943963677,True,True,2023-07-08
2023-07-10,MOCK3,728050,0.017402813201498862,True,True,2023-07-11
2023-07-11,MOCK3,986345,0.015419851664581687,True,True,2023-07-12
2023-07-12,MOCK3,512903,0.131155641414816,True,True,2023-07-13
2023-07-13,MOCK3,786562,0.014643374188531448,True,True,2023-07-14
2023-07-14,MOCK3,819571,0.033610626522469905,True,True,2023-07-15
2023-07-17,MOCK3,500899,0.05663803518562596,True,True,2023-07-18
2023-07-18,MOCK3,741841,0.04849577232547235,True,True,2023-07-19
2023-07-19,MOCK3,208090,0.12325595349997569,True,True,2023-07-20
2023-07-20,MOCK3,226143,0.08002285035765001,True,True,2023-07-21
2023-07-21,MOCK3,215282,0.060084072184750856,True,True,2023-07-22
2023-07-24,MOCK3,822712,0.09862412587371172,True,True,2023-07-25
2023-07-25,MOCK3,92092,0.03961685734331783,True,True,2023-07-26
2023-07-26,MOCK3,804785,0.07513621708145848,True,True,2023-07-27
2023-07-27,MOCK3,908159,0.11999111494743246,True,True,2023-07-28
2023-07-28,MOCK3,297099,0.012103913913990431,True,True,2023-07-29
2023-07-31,MOCK3,559080,0.1426516663732666,True,True,2023-08-01
2023-08-01,MOCK3,718727,0.12508773640722223,True,True,2023-08-02
2023-08-02,MOCK3,943404,0.12262708007648604,True,True,2023-08-03
2023-08-03,MOCK3,275645,0.054631670715179124,True,True,2023-08-04
2023-08-04,MOCK3,649106,0.010358923491524322,True,True,2023-08-05
2023-08-07,MOCK3,93639,0.047282158710605385,True,True,2023-08-08
2023-08-08,MOCK3,689117,0.10895460098432272,True,True,2023-08-09
2023-08-09,MOCK3,526601,0.0205573050754252,True,True,2023-08-10
2023-08-10,MOCK3,105496,0.015676307942029392,True,True,2023-08-11
2023-08-11,MOCK3,563566,0.11949255080408268,True,True,2023-08-12
2023-08-14,MOCK3,943504,0.07755844275006885,True,True,2023-08-15
2023-08-15,MOCK3,66703,0.1300505031343889,True,True,2023-08-16
2023-08-16,MOCK3,397850,0.10046935981415274,True,True,2023-08-17
2023-08-17,MOCK3,492494,0.01936308625067336,True,True,2023-08-18
2023-08-18,MOCK3,985171,0.08802416621064983,True,True,2023-08-19
2023-08-21,MOCK3,826856,0.0656704007772434,True,True,2023-08-22
2023-08-22,MOCK3,569168,0.04399240153187187,True,True,2023-08-23
2023-08-23,MOCK3,491931,0.0385350949681544,True,True,2023-08-24
2023-08-24,MOCK3,93162,0.04463110476762169,True,True,2023-08-25
2023-08-25,MOCK3,710933,0.14481634463780765,True,True,2023-08-26
2023-08-28,MOCK3,198203,0.1396334786605919,True,True,2023-08-29
2023-08-29,MOCK3,411008,0.12148313482742905,True,True,2023-08-30
2023-08-30,MOCK3,997782,0.12209681800144608,True,True,2023-08-31
2023-08-31,MOCK3,582351,0.14390122417205317,True,True,2023-09-01
2023-09-01,MOCK3,600758,0.13393036252866355,True,True,2023-09-02
2023-09-04,MOCK3,891818,0.13537758392947286,True,True,2023-09-05
2023-09-05,MOCK3,281881,0.06800592493073057,True,True,2023-09-06
2023-09-06,MOCK3,583593,0.01739506160924682,True,True,2023-09-07
2023-09-07,MOCK3,884168,0.011627522263963814,True,True,2023-09-08
2023-09-08,MOCK3,20590,0.03841313016949295,True,True,2023-09-09
2023-09-11,MOCK3,992848,0.09353474196494378,True,True,2023-09-12
2023-09-12,MOCK3,614988,0.1375386068838687,True,True,2023-09-13
2023-09-13,MOCK3,84889,0.044632170378122824,True,True,2023-09-14
2023-09-14,MOCK3,745105,0.06922422294993857,True,True,2023-09-15
2023-09-15,MOCK3,675253,0.07587220157591787,True,True,2023-09-16
2023-09-18,MOCK3,747164,0.12785286275151223,True,True,2023-09-19
2023-09-19,MOCK3,668826,0.12980665790593895,True,True,2023-09-20
2023-09-20,MOCK3,706337,0.01131497728168746,True,True,2023-09-21
2023-09-21,MOCK3,478343,0.0395204754191784,True,True,2023-09-22
2023-09-22,MOCK3,731778,0.1331127159990831,True,True,2023-09-23
2023-09-25,MOCK3,671726,0.017408002776377465,True,True,2023-09-26
2023-09-26,MOCK3,664767,0.06994604701141212,True,True,2023-09-27
2023-09-27,MOCK3,586150,0.0390782581746975,True,True,2023-09-28
2023-09-28,MOCK3,809332,0.09124377195709027,True,True,2023-09-29
2023-09-29,MOCK3,542405,0.1480654066230343,True,True,2023-09-30
2023-10-02,MOCK3,108852,0.11224799051805946,True,True,2023-10-03
2023-10-03,MOCK3,339131,0.12320266215706027,True,True,2023-10-04
2023-10-04,MOCK3,757577,0.13658451309963124,True,True,2023-10-05
2023-10-05,MOCK3,163017,0.11556943585483404,True,True,2023-10-06
2023-10-06,MOCK3,833043,0.14673318556161954,True,True,2023-10-07
2023-10-09,MOCK3,779721,0.0566042322461823,True,True,2023-10-10
2023-10-10,MOCK3,974007,0.13357600161451383,True,True,2023-10-11
2023-10-11,MOCK3,743543,0.13358138714643225,True,True,2023-10-12
2023-10-12,MOCK3,939269,0.01351564614594823,True,True,2023-10-13
2023-10-13,MOCK3,345940,0.06577343324485449,True,True,2023-10-14
2023-10-16,MOCK3,977161,0.06841501914452079,True,True,2023-10-17
2023-10-17,MOCK3,167800,0.09283646643841288,True,True,2023-10-18
2023-10-18,MOCK3,171728,0.07294122842316303,True,True,2023-10-19
2023-10-19,MOCK3,7026,0.07640711492912121,True,True,2023-10-20
2023-10-20,MOCK3,855572,0.08405351406168529,True,True,2023-10-21
2023-10-23,MOCK3,226952,0.0443119329823396,True,True,2023-10-24
2023-10-24,MOCK3,849522,0.023253974821341533,True,True,2023-10-25
2023-10-25,MOCK3,756738,0.11787086000333917,True,True,2023-10-26
2023-10-26,MOCK3,910413,0.02443840209128441,True,True,2023-10-27
2023-10-27,MOCK3,689631,0.018729601834934988,True,True,2023-10-28
2023-10-30,MOCK3,931688,0.12737133527772762,True,True,2023-10-31
2023-10-31,MOCK3,802217,0.11119327761498056,True,True,2023-11-01
2023-11-01,MOCK3,903484,0.07287995049589355,True,True,2023-11-02
2023-11-02,MOCK3,308977,0.054786801070582855,True,True,2023-11-03
2023-11-03,MOCK3,874744,0.022175985724253236,True,True,2023-11-04
2023-11-06,MOCK3,910171,0.11019257289878878,True,True,2023-11-07
2023-11-07,MOCK3,936966,0.10780717382725219,True,True,2023-11-08
2023-11-08,MOCK3,167339,0.12403855494293965,True,True,2023-11-09
2023-11-09,MOCK3,410445,0.13079904289383665,True,True,2023-11-10
2023-11-10,MOCK3,997616,0.09790210333750231,True,True,2023-11-11
2023-11-13,MOCK3,270955,0.08784588922696557,True,True,2023-11-14
2023-11-14,MOCK3,621188,0.09324201635805385,True,True,2023-11-15
2023-11-15,MOCK3,983224,0.1421827392584894,True,True,2023-11-16
2023-11-16,MOCK3,418315,0.06421976480996669,True,True,2023-11-17
2023-11-17,MOCK3,149035,0.02451993342223842,True,True,2023-11-18
2023-11-20,MOCK3,522722,0.08506579055229892,True,True,2023-11-21
2023-11-21,MOCK3,467755,0.11727042220554793,True,True,2023-11-22
2023-11-22,MOCK3,13883,0.10029354903184302,True,True,2023-11-23
2023-11-23,MOCK3,390025,0.058971832228009745,True,True,2023-11-24
2023-11-24,MOCK3,331896,0.024475069594853856,True,True,2023-11-25
2023-11-27,MOCK3,229665,0.04684675142418643,True,True,2023-11-28
2023-11-28,MOCK3,642825,0.11322931543240053,True,True,2023-11-29
2023-11-29,MOCK3,856730,0.019237083277459217,True,True,2023-11-30
2023-11-30,MOCK3,672102,0.14191042644096308,True,True,2023-12-01
2023-12-01,MOCK3,791617,0.03878078026133315,True,True,2023-12-02
2023-12-04,MOCK3,845549,0.11675403408333518,True,True,2023-12-05
2023-12-05,MOCK3,262626,0.09834264387720813,True,True,2023-12-06
2023-12-06,MOCK3,993682,0.06877746507734978,True,True,2023-12-07
2023-12-07,MOCK3,458441,0.13165523460674902,True,True,2023-12-08
2023-12-08,MOCK3,974112,0.07794821161502828,True,True,2023-12-09
2023-12-11,MOCK3,871178,0.08510659505352579,True,True,2023-12-12
2023-12-12,MOCK3,587206,0.12114654773763887,True,True,2023-12-13
2023-12-13,MOCK3,881849,0.03501828905590386,True,True,2023-12-14
2023-12-14,MOCK3,752224,0.051408738659278475,True,True,2023-12-15
2023-12-15,MOCK3,122025,0.035160051543673236,True,True,2023-12-16
2023-12-18,MOCK3,271655,0.12129260776102073,True,True,2023-12-19
2023-12-19,MOCK3,434685,0.07716461682661002,True,True,2023-12-20
2023-12-20,MOCK3,594057,0.13640098704755887,True,True,2023-12-21
2023-12-21,MOCK3,69105,0.039211567732991844,True,True,2023-12-22
2023-12-22,MOCK3,397628,0.02180129987240531,True,True,2023-12-23
2023-12-25,MOCK3,896391,0.11070084476036508,True,True,2023-12-26
2023-12-26,MOCK3,312368,0.09220082512573857,True,True,2023-12-27
2023-12-27,MOCK3,80223,0.015018116795074374,True,True,2023-12-28
2023-12-28,MOCK3,861490,0.031336387284063745,True,True,2023-12-29
2023-12-29,MOCK3,790227,0.04245446549743085,True,True,2023-12-30
2024-01-01,MOCK3,428383,0.11087507615615685,True,True,2024-01-02
2024-01-02,MOCK3,147604,0.12006075662065584,True,True,2024-01-03
2024-01-03,MOCK3,310144,0.07956233213447467,True,True,2024-01-04
2024-01-04,MOCK3,755968,0.0961772177954882,True,True,2024-01-05
2024-01-05,MOCK3,276028,0.10400108191125343,True,True,2024-01-06
2024-01-08,MOCK3,125551,0.08079662630395133,True,True,2024-01-09
2024-01-09,MOCK3,930864,0.14033417344739693,True,True,2024-01-10
2024-01-10,MOCK3,884644,0.04167377580648896,True,True,2024-01-11
2024-01-11,MOCK3,98409,0.07975362796470885,True,True,2024-01-12
2024-01-12,MOCK3,170164,0.06573063337004087,True,True,2024-01-13
2024-01-15,MOCK3,709033,0.07420117621761856,True,True,2024-01-16
2024-01-16,MOCK3,963606,0.024151094355546826,True,True,2024-01-17
2024-01-17,MOCK3,66612,0.01787207263882109,True,True,2024-01-18
2024-01-18,MOCK3,773860,0.025377844566463983,True,True,2024-01-19
2024-01-19,MOCK3,648754,0.07961607133025644,True,True,2024-01-20
2024-01-22,MOCK3,430497,0.046808937946331626,True,True,2024-01-23
2024-01-23,MOCK3,525840,0.06937044368082616,True,True,2024-01-24
2024-01-24,MOCK3,677064,0.14031620684495746,True,True,2024-01-25
2024-01-25,MOCK3,537721,0.10202815724304712,True,True,2024-01-26
2024-01-26,MOCK3,52719,0.04959727255102291,True,True,2024-01-27
2024-01-29,MOCK3,407533,0.027949140264997445,True,True,2024-01-30
2024-01-30,MOCK3,94847,0.027336581774969393,True,True,2024-01-31
2024-01-31,MOCK3,870621,0.03308182789521162,True,True,2024-02-01
2024-02-01,MOCK3,190858,0.1022733778460962,True,True,2024-02-02
2024-02-02,MOCK3,148790,0.049946311543085,True,True,2024-02-03
2024-02-05,MOCK3,900153,0.05434089053669851,True,True,2024-02-06
2024-02-06,MOCK3,986036,0.12769191272522734,True,True,2024-02-07
2024-02-07,MOCK3,404235,0.10622322164526819,True,True,2024-02-08
2024-02-08,MOCK3,163271,0.022023318293349133,True,True,2024-02-09
2024-02-09,MOCK3,188706,0.1469440277061825,True,True,2024-02-10
2024-02-12,MOCK3,559358,0.1365972762430956,True,True,2024-02-13
2024-02-13,MOCK3,619746,0.10658357754307134,True,True,2024-02-14
2024-02-14,MOCK3,499512,0.09225064603235751,True,True,2024-02-15
2024-02-15,MOCK3,844589,0.02562360883872969,True,True,2024-02-16
2024-02-16,MOCK3,270064,0.09802410032738582,True,True,2024-02-17
2024-02-19,MOCK3,736800,0.11404438792149738,True,True,2024-02-20
2024-02-20,MOCK3,283368,0.1401046224743311,True,True,2024-02-21
2024-02-21,MOCK3,348503,0.08682304136606973,True,True,2024-02-22
2024-02-22,MOCK3,165687,0.08066453929068244,True,True,2024-02-23
2024-02-23,MOCK3,96485,0.10068861752142971,True,True,2024-02-24
2024-02-26,MOCK3,614229,0.1466617368955504,True,True,2024-02-27
2024-02-27,MOCK3,121340,0.11021211749995648,True,True,2024-02-28
2024-02-28,MOCK3,970732,0.13629976266886165,True,True,2024-02-29
2024-02-29,MOCK3,524105,0.06564992733154384,True,True,2024-03-01
2024-03-01,MOCK3,652098,0.06493732500501467,True,True,2024-03-02
2024-03-04,MOCK3,472374,0.05913684365935526,True,True,2024-03-05
2024-03-05,MOCK3,503174,0.05021709181197499,True,True,2024-03-06
2024-03-06,MOCK3,744523,0.10376026524480404,True,True,2024-03-07
2024-03-07,MOCK3,427347,0.05040763772068502,True,True,2024-03-08
2024-03-08,MOCK3,988348,0.02453406917043449,True,True,2024-03-09
2024-03-11,MOCK3,876073,0.036637963983918664,True,True,2024-03-12
2024-03-12,MOCK3,504201,0.13292558965165657,True,True,2024-03-13
2024-03-13,MOCK3,419394,0.09422663827116654,True,True,2024-03-14
2024-03-14,MOCK3,168027,0.1019556931822321,True,True,2024-03-15
2024-03-15,MOCK3,524835,0.07964468140761431,True,True,2024-03-16
2024-03-18,MOCK3,135650,0.01963740375087259,True,True,2024-03-19
2024-03-19,MOCK3,181126,0.10549894939616625,True,True,2024-03-20
2024-03-20,MOCK3,726267,0.14911514911953516,True,True,2024-03-21
2024-03-21,MOCK3,133457,0.11735193669451711,True,True,2024-03-22
2024-03-22,MOCK3,515480,0.02768071382152644,True,True,2024-03-23
2024-03-25,MOCK3,891667,0.01782710545203254,True,True,2024-03-26
2024-03-26,MOCK3,496856,0.10874417507819704,True,True,2024-03-27
2024-03-27,MOCK3,131029,0.10763962207969645,True,True,2024-03-28
2024-03-28,MOCK3,460548,0.01902834437054401,True,True,2024-03-29
2024-03-29,MOCK3,373051,0.05616726160962245,True,True,2024-03-30
2024-04-01,MOCK3,644101,0.07892636891342474,True,True,2024-04-02
2024-04-02,MOCK3,378808,0.10418266924021029,True,True,2024-04-03
2024-04-03,MOCK3,785300,0.026106055523923845,True,True,2024-04-04
2024-04-04,MOCK3,45490,0.13882600519037985,True,True,2024-04-05
2024-04-05,MOCK3,162096,0.02761743638092632,True,True,2024-04-06
2024-04-08,MOCK3,408145,0.018928804713298053,True,True,2024-04-09
2024-04-09,MOCK3,652570,0.09543086930216368,True,True,2024-04-10
2024-04-10,MOCK3,400241,0.01850618417421463,True,True,2024-04-11
2024-04-11,MOCK3,313746,0.07070286364679247,True,True,2024-04-12
2024-04-12,MOCK3,861909,0.10295028989009633,True,True,2024-04-13
2024-04-15,MOCK3,967264,0.13156396573096826,True,True,2024-04-16
2024-04-16,MOCK3,216097,0.01241750299897379,True,True,2024-04-17
2024-04-17,MOCK3,369926,0.021474239924087136,True,True,2024-04-18
2024-04-18,MOCK3,100551,0.03694139495761732,True,True,2024-04-19
2024-04-19,MOCK3,32451,0.03491665521765748,True,True,2024-04-20
2024-04-22,MOCK3,745058,0.1282790686483976,True,True,2024-04-23
2024-04-23,MOCK3,629020,0.011273833307724277,True,True,2024-04-24
2024-04-24,MOCK3,605648,0.14746129317459142,True,True,2024-04-25
2024-04-25,MOCK3,943026,0.11208701708003324,True,True,2024-04-26
2024-04-26,MOCK3,246379,0.10452693461278381,True,True,2024-04-27
2024-04-29,MOCK3,353388,0.07680455595178749,True,True,2024-04-30
2024-04-30,MOCK3,657906,0.06992827006433297,True,True,2024-05-01
2024-05-01,MOCK3,551302,0.03344433800071263,True,True,2024-05-02
2024-05-02,MOCK3,927611,0.05258543370751316,True,True,2024-05-03
2024-05-03,MOCK3,293599,0.059717258857717226,True,True,2024-05-04
2024-05-06,MOCK3,58175,0.10861212110627366,True,True,2024-05-07
2024-05-07,MOCK3,94599,0.07071646098553758,True,True,2024-05-08
2024-05-08,MOCK3,939717,0.12041901758212498,True,True,2024-05-09
2024-05-09,MOCK3,879257,0.14968473221552225,True,True,2024-05-10
2024-05-10,MOCK3,433273,0.12073758551620946,True,True,2024-05-11
2024-05-13,MOCK3,876703,0.14238802236376424,True,True,2024-05-14
2024-05-14,MOCK3,591542,0.0795563601462339,True,True,2024-05-15
2024-05-15,MOCK3,832274,0.1238760165020663,True,True,2024-05-16
2024-05-16,MOCK3,816758,0.049422898499539486,True,True,2024-05-17
2024-05-17,MOCK3,134808,0.1390111750839955,True,True,2024-05-18
2024-05-20,MOCK3,185949,0.027256619075163045,True,True,2024-05-21
2024-05-21,MOCK3,322133,0.108032190891927,True,True,2024-05-22
2024-05-22,MOCK3,706782,0.07816453258670439,True,True,2024-05-23
2024-05-23,MOCK3,225311,0.05741313228568529,True,True,2024-05-24
2024-05-24,MOCK3,885645,0.0904248748905144,True,True,2024-05-25
2024-05-27,MOCK3,726833,0.09512986143774645,True,True,2024-05-28
2024-05-28,MOCK3,97764,0.053856078879240994,True,True,2024-05-29
2024-05-29,MOCK3,673951,0.01750482830613889,True,True,2024-05-30
2024-05-30,MOCK3,701417,0.07692450871112749,True,True,2024-05-31
2024-05-31,MOCK3,659103,0.04445394340486307,True,True,2024-06-01
2024-06-03,MOCK3,830635,0.1056383522574105,True,True,2024-06-04
2024-06-04,MOCK3,604526,0.013504689193506805,True,True,2024-06-05
2024-06-05,MOCK3,787041,0.1468250429727858,True,True,2024-06-06
2024-06-06,MOCK3,671122,0.05533722524553881,True,True,2024-06-07
2024-06-07,MOCK3,658623,0.11625364672377878,True,True,2024-06-08
2024-06-10,MOCK3,818500,0.08964036510310475,True,True,2024-06-11
2024-06-11,MOCK3,850406,0.0424273089081059,True,True,2024-06-12
2024-06-12,MOCK3,165054,0.10987844882352589,True,True,2024-06-13
2024-06-13,MOCK3,183653,0.11227230395499488,True,True,2024-06-14
2024-06-14,MOCK3,639283,0.017850766266830364,True,True,2024-06-15
2024-06-17,MOCK3,640388,0.11833898484077482,True,True,2024-06-18
2024-06-18,MOCK3,94392,0.08208970858436616,True,True,2024-06-19
2024-06-19,MOCK3,68864,0.0551855611266264,True,True,2024-06-20
2024-06-20,MOCK3,875604,0.08157249450926339,True,True,2024-06-21
2024-06-21,MOCK3,836286,0.09852610001153374,True,True,2024-06-22
2024-06-24,MOCK3,435899,0.038542193547830686,True,True,2024-06-25
2024-06-25,MOCK3,236387,0.02561281474837762,True,True,2024-06-26
2024-06-26,MOCK3,419724,0.027804650244357985,True,True,2024-06-27
2024-06-27,MOCK3,369533,0.01080740595625831,True,True,2024-06-28
2024-06-28,MOCK3,63958,0.0693881055621938,True,True,2024-06-29
2024-07-01,MOCK3,454393,0.01166458371848381,True,True,2024-07-02
2024-07-02,MOCK3,17762,0.0893238023251655,True,True,2024-07-03
2024-07-03,MOCK3,957367,0.014799258698424092,True,True,2024-07-04
2024-07-04,MOCK3,869358,0.08279060413789269,True,True,2024-07-05
2024-07-05,MOCK3,355420,0.07325229115642791,True,True,2024-07-06
2024-07-08,MOCK3,621650,0.12233414090518288,True,True,2024-07-09
2024-07-09,MOCK3,629526,0.027938992932136683,True,True,2024-07-10
2024-07-10,MOCK3,616442,0.08025653469835509,True,True,2024-07-11
2024-07-11,MOCK3,713661,0.06271111643922955,True,True,2024-07-12
2024-07-12,MOCK3,141714,0.09036123882128111,True,True,2024-07-13
2024-07-15,MOCK3,312151,0.06889827957059727,True,True,2024-07-16
2024-07-16,MOCK3,708044,0.099283275551533,True,True,2024-07-17
2024-07-17,MOCK3,441976,0.06439935105206576,True,True,2024-07-18
2024-07-18,MOCK3,600718,0.12666687554353495,True,True,2024-07-19
2024-07-19,MOCK3,79693,0.028967260818411313,True,True,2024-07-20
2024-07-22,MOCK3,998635,0.021722710549761486,True,True,2024-07-23
2024-07-23,MOCK3,986547,0.07383804246059716,True,True,2024-07-24
2024-07-24,MOCK3,681022,0.038214130154188786,True,True,2024-07-25
2024-07-25,MOCK3,238230,0.03012081450272703,True,True,2024-07-26
2024-07-26,MOCK3,978785,0.014915727987796374,True,True,2024-07-27
2024-07-29,MOCK3,3798,0.09553015048308913,True,True,2024-07-30
2024-07-30,MOCK3,201348,0.07703820767240344,True,True,2024-07-31
2024-07-31,MOCK3,668152,0.06062055493388408,True,True,2024-08-01
2024-08-01,MOCK3,590985,0.10114290064323431,True,True,2024-08-02
2024-08-02,MOCK3,623311,0.04058862601415107,True,True,2024-08-03
2024-08-05,MOCK3,373770,0.015035149913318875,True,True,2024-08-06
2024-08-06,MOCK3,701769,0.08686194135706077,True,True,2024-08-07
2024-08-07,MOCK3,21176,0.023197473847481907,True,True,2024-08-08
2024-08-08,MOCK3,169187,0.0648794520713195,True,True,2024-08-09
2024-08-09,MOCK3,66903,0.024309885829207428,True,True,2024-08-10
2024-08-12,MOCK3,590538,0.08472279781063333,True,True,2024-08-13
2024-08-13,MOCK3,385417,0.06088068618575164,True,True,2024-08-14
2024-08-14,MOCK3,158191,0.035315057537065056,True,True,2024-08-15
2024-08-15,MOCK3,486806,0.07250726604674514,True,True,2024-08-16
2024-08-16,MOCK3,232331,0.012547728873674667,True,True,2024-08-17
2024-08-19,MOCK3,764315,0.10683859463436389,True,True,2024-08-20
2024-08-20,MOCK3,393011,0.1348431426885016,True,True,2024-08-21
2024-08-21,MOCK3,980389,0.060302436314003595,True,True,2024-08-22
2024-08-22,MOCK3,282967,0.05513044387173774,True,True,2024-08-23
2024-08-23,MOCK3,661845,0.1147439332757902,True,True,2024-08-24
2024-08-26,MOCK3,398667,0.10844670289079762,True,True,2024-08-27
2024-08-27,MOCK3,925212,0.12091387728850768,True,True,2024-08-28
2024-08-28,MOCK3,496041,0.01581949269962933,True,True,2024-08-29
2024-08-29,MOCK3,155245,0.10847765459274501,True,True,2024-08-30
2024-08-30,MOCK3,523227,0.07501065664658767,True,True,2024-08-31
2024-09-02,MOCK3,232467,0.07416176036731136,True,True,2024-09-03
2024-09-03,MOCK3,91039,0.0811089999914494,True,True,2024-09-04
2024-09-04,MOCK3,376768,0.14533941685854207,True,True,2024-09-05
2024-09-05,MOCK3,459626,0.04535489347961068,True,True,2024-09-06
2024-09-06,MOCK3,851155,0.12207358638247974,True,True,2024-09-07
2024-09-09,MOCK3,273093,0.10802546586679308,True,True,2024-09-10
2024-09-10,MOCK3,332078,0.05137203071552408,True,True,2024-09-11
2024-09-11,MOCK3,151682,0.11113724566571356,True,True,2024-09-12
2024-09-12,MOCK3,197822,0.010450999605046078,True,True,2024-09-13
2024-09-13,MOCK3,251634,0.14341548335189794,True,True,2024-09-14
2024-09-16,MOCK3,341561,0.1440705268208107,True,True,2024-09-17
2024-09-17,MOCK3,342287,0.07072686130720185,True,True,2024-09-18
2024-09-18,MOCK3,141767,0.09047491906139761,True,True,2024-09-19
2024-09-19,MOCK3,149438,0.07734255447793155,True,True,2024-09-20
2024-09-20,MOCK3,185406,0.04961468941040894,True,True,2024-09-21
2024-09-23,MOCK3,62498,0.05553812669834943,True,True,2024-09-24
2024-09-24,MOCK3,505002,0.04734414552465219,True,True,2024-09-25
2024-09-25,MOCK3,424551,0.04721755032586847,True,True,2024-09-26
2024-09-26,MOCK3,821250,0.1309783596750328,True,True,2024-09-27
2024-09-27,MOCK3,96241,0.05235510337153803,True,True,2024-09-28
2024-09-30,MOCK3,99183,0.144405798406537,True,True,2024-10-01
2024-10-01,MOCK3,908767,0.11493871845022159,True,True,2024-10-02
2024-10-02,MOCK3,404426,0.12126163505591406,True,True,2024-10-03
2024-10-03,MOCK3,841086,0.05615294714850607,True,True,2024-10-04
2024-10-04,MOCK3,166877,0.13144375386592297,True,True,2024-10-05
2024-10-07,MOCK3,920149,0.03804831059404069,True,True,2024-10-08
2024-10-08,MOCK3,262604,0.09718607362646324,True,True,2024-10-09
2024-10-09,MOCK3,214363,0.06215363898759666,True,True,2024-10-10
2024-10-10,MOCK3,249701,0.08140084564367225,True,True,2024-10-11
2024-10-11,MOCK3,341693,0.025178688417331115,True,True,2024-10-12
2024-10-14,MOCK3,656540,0.12759013476177372,True,True,2024-10-15
2024-10-15,MOCK3,119958,0.135950270514606,True,True,2024-10-16
2024-10-16,MOCK3,280155,0.1177880325821002,True,True,2024-10-17
2024-10-17,MOCK3,176884,0.01017465743059051,True,True,2024-10-18
2024-10-18,MOCK3,998759,0.14049189067604187,True,True,2024-10-19
2024-10-21,MOCK3,930319,0.06597074903078146,True,True,2024-10-22
2024-10-22,MOCK3,886667,0.11213779474862637,True,True,2024-10-23
2024-10-23,MOCK3,980854,0.09816119658362926,True,True,2024-10-24
2024-10-24,MOCK3,966819,0.07035669883136228,True,True,2024-10-25
2024-10-25,MOCK3,224565,0.14434596983689577,True,True,2024-10-26
2024-10-28,MOCK3,219271,0.13893692715828387,True,True,2024-10-29
2024-10-29,MOCK3,346155,0.10290475448801154,True,True,2024-10-30
2024-10-30,MOCK3,881921,0.014451214383689327,True,True,2024-10-31
2024-10-31,MOCK3,818475,0.08586573697187934,True,True,2024-11-01
2024-11-01,MOCK3,537712,0.013774043204570019,True,True,2024-11-02
2024-11-04,MOCK3,144481,0.10700344338745152,True,True,2024-11-05
2024-11-05,MOCK3,116738,0.09573004162331908,True,True,2024-11-06
2024-11-06,MOCK3,103770,0.0323837538627766,True,True,2024-11-07
2024-11-07,MOCK3,403139,0.09175321492499403,True,True,2024-11-08
2024-11-08,MOCK3,274631,0.1099212641864915,True,True,2024-11-09
2024-11-11,MOCK3,412288,0.06839304622955614,True,True,2024-11-12
2024-11-12,MOCK3,413695,0.054162711605356344,True,True,2024-11-13
2024-11-13,MOCK3,286154,0.02462701029702822,True,True,2024-11-14
2024-11-14,MOCK3,558807,0.05101088633560593,True,True,2024-11-15
2024-11-15,MOCK3,550529,0.14039131053498638,True,True,2024-11-16
2024-11-18,MOCK3,353104,0.025656102267314025,True,True,2024-11-19
2024-11-19,MOCK3,945742,0.05325215331004277,True,True,2024-11-20
2024-11-20,MOCK3,583929,0.03182785263359495,True,True,2024-11-21
2024-11-21,MOCK3,593203,0.11328805970129928,True,True,2024-11-22
2024-11-22,MOCK3,461198,0.033807637447370184,True,True,2024-11-23
2024-11-25,MOCK3,432681,0.01856492369841562,True,True,2024-11-26
2024-11-26,MOCK3,234645,0.028303484616833387,True,True,2024-11-27
2024-11-27,MOCK3,495681,0.12768792964334477,True,True,2024-11-28
2024-11-28,MOCK3,186447,0.04112248028625848,True,True,2024-11-29
2024-11-29,MOCK3,880705,0.10299134911768504,True,True,2024-11-30
2024-12-02,MOCK3,421038,0.04661579161287506,True,True,2024-12-03
2024-12-03,MOCK3,843878,0.0823505581973878,True,True,2024-12-04
2024-12-04,MOCK3,982002,0.10165473978148407,True,True,2024-12-05
2024-12-05,MOCK3,803545,0.04000273105365253,True,True,2024-12-06
2024-12-06,MOCK3,377920,0.11582655768898178,True,True,2024-12-07
2024-12-09,MOCK3,543026,0.126502168020338,True,True,2024-12-10
2024-12-10,MOCK3,46150,0.1016549131785466,True,True,2024-12-11
2024-12-11,MOCK3,312839,0.077830656410266,True,True,2024-12-12
2024-12-12,MOCK3,863730,0.07454361700535724,True,True,2024-12-13
2024-12-13,MOCK3,649402,0.08588686345811439,True,True,2024-12-14
2024-12-16,MOCK3,944459,0.07887898797204065,True,True,2024-12-17
2024-12-17,MOCK3,789193,0.07514727585737538,True,True,2024-12-18
2024-12-18,MOCK3,460014,0.13131681451445976,True,True,2024-12-19
2024-12-19,MOCK3,86709,0.1483900345878403,True,True,2024-12-20
2024-12-20,MOCK3,810193,0.06969302892507015,True,True,2024-12-21
2024-12-23,MOCK3,219810,0.08674556719518438,True,True,2024-12-24
2024-12-24,MOCK3,462050,0.09056780275228356,True,True,2024-12-25
2024-12-25,MOCK3,229675,0.06659984668479862,True,True,2024-12-26
2024-12-26,MOCK3,842024,0.11957097048408466,True,True,2024-12-27
2024-12-27,MOCK3,353049,0.04520709048243066,True,True,2024-12-28
2024-12-30,MOCK3,867708,0.1409952019243956,True,True,2024-12-31
2024-12-31,MOCK3,359576,0.0796532781219708,True,True,2025-01-01
2025-01-01,MOCK3,640564,0.14993556200984437,True,True,2025-01-02
2025-01-02,MOCK3,845363,0.09871254467929987,True,True,2025-01-03
2025-01-03,MOCK3,577826,0.09176300907510332,True,True,2025-01-04
2025-01-06,MOCK3,450245,0.04274596195358302,True,True,2025-01-07
2025-01-07,MOCK3,239611,0.01899927727803809,True,True,2025-01-08
2025-01-08,MOCK3,447058,0.09352748044142915,True,True,2025-01-09
2025-01-09,MOCK3,83167,0.016611899215373892,True,True,2025-01-10
2025-01-10,MOCK3,172244,0.024833124598827784,True,True,2025-01-11
2025-01-13,MOCK3,683347,0.13995738582056355,True,True,2025-01-14
2025-01-14,MOCK3,785412,0.09862368651076175,True,True,2025-01-15
2025-01-15,MOCK3,535439,0.11646645914094489,True,True,2025-01-16
2025-01-16,MOCK3,357154,0.02059789552411357,True,True,2025-01-17
2025-01-17,MOCK3,68656,0.13492829230817704,True,True,2025-01-18
2025-01-20,MOCK3,339354,0.09872891439876337,True,True,2025-01-21
2025-01-21,MOCK3,20702,0.1259223510342549,True,True,2025-01-22
2025-01-22,MOCK3,747431,0.1444877441640427,True,True,2025-01-23
2025-01-23,MOCK3,264830,0.05883098702366678,True,True,2025-01-24
2025-01-24,MOCK3,423706,0.041629385095188425,True,True,2025-01-25
2025-01-27,MOCK3,664919,0.0651396887935846,True,True,2025-01-28
2025-01-28,MOCK3,122074,0.057655168969914884,True,True,2025-01-29
2025-01-29,MOCK3,727339,0.08280961350987177,True,True,2025-01-30
2025-01-30,MOCK3,598528,0.011203801999878549,True,True,2025-01-31
2025-01-31,MOCK3,604649,0.04126905214727723,True,True,2025-02-01
2025-02-03,MOCK3,268285,0.0788045423115097,True,True,2025-02-04
2025-02-04,MOCK3,996939,0.12634435441373273,True,True,2025-02-05
2025-02-05,MOCK3,646588,0.08112759990417541,True,True,2025-02-06
2025-02-06,MOCK3,282950,0.05765427831041809,True,True,2025-02-07
2025-02-07,MOCK3,486309,0.1254040045767775,True,True,2025-02-08
2025-02-10,MOCK3,481499,0.04249219582705562,True,True,2025-02-11
2025-02-11,MOCK3,825372,0.07241169411535035,True,True,2025-02-12
2025-02-12,MOCK3,879309,0.03927443738377258,True,True,2025-02-13
2025-02-13,MOCK3,161408,0.03121223965763975,True,True,2025-02-14
2025-02-14,MOCK3,756881,0.13415232262587984,True,True,2025-02-15
2025-02-17,MOCK3,432764,0.09564858944805205,True,True,2025-02-18
2025-02-18,MOCK3,954054,0.09867069785325432,True,True,2025-02-19
2025-02-19,MOCK3,298771,0.1417504427696391,True,True,2025-02-20
2025-02-20,MOCK3,506218,0.06455413950284479,True,True,2025-02-21
2025-02-21,MOCK3,612153,0.09062783305843536,True,True,2025-02-22
2025-02-24,MOCK3,406928,0.016830777571614993,True,True,2025-02-25
2025-02-25,MOCK3,76858,0.03699289929704684,True,True,2025-02-26
2025-02-26,MOCK3,120275,0.10102316499531426,True,True,2025-02-27
2025-02-27,MOCK3,127331,0.13530267084723285,True,True,2025-02-28
2025-02-28,MOCK3,808341,0.06269902610826696,True,True,2025-03-01
2025-03-03,MOCK3,638747,0.049259046498789844,True,True,2025-03-04
2025-03-04,MOCK3,192798,0.027250487229021486,True,True,2025-03-05
2025-03-05,MOCK3,629200,0.12740180159735898,True,True,2025-03-06
2025-03-06,MOCK3,459228,0.038488139340180604,True,True,2025-03-07
2025-03-07,MOCK3,917541,0.06471290606274943,True,True,2025-03-08
2025-03-10,MOCK3,445321,0.07019965367014382,True,True,2025-03-11
2025-03-11,MOCK3,130224,0.11213173911648362,True,True,2025-03-12
2025-03-12,MOCK3,230150,0.05660434763778195,True,True,2025-03-13
2025-03-13,MOCK3,139866,0.07139700203701496,True,True,2025-03-14
2025-03-14,MOCK3,983923,0.05640277558959044,True,True,2025-03-15
2025-03-17,MOCK3,441104,0.07831025186206761,True,True,2025-03-18
2025-03-18,MOCK3,644835,0.10246759171612918,True,True,2025-03-19
2025-03-19,MOCK3,472049,0.14056220064268712,True,True,2025-03-20
2025-03-20,MOCK3,637454,0.10147596662997013,True,True,2025-03-21
2025-03-21,MOCK3,57824,0.09475942674323401,True,True,2025-03-22
2025-03-24,MOCK3,561230,0.09847144389495431,True,True,2025-03-25
2025-03-25,MOCK3,967337,0.1275849355181287,True,True,2025-03-26
2025-03-26,MOCK3,109539,0.030357122326731004,True,True,2025-03-27
2025-03-27,MOCK3,169915,0.10113182209249455,True,True,2025-03-28
2025-03-28,MOCK3,813411,0.0935833022755899,True,True,2025-03-29
2025-03-31,MOCK3,198453,0.03872679128094333,True,True,2025-04-01
2025-04-01,MOCK3,718716,0.09574226819062484,True,True,2025-04-02
2025-04-02,MOCK3,765920,0.020126369543716244,True,True,2025-04-03
2025-04-03,MOCK3,786316,0.12516263135852193,True,True,2025-04-04
2025-04-04,MOCK3,748124,0.11599497586817382,True,True,2025-04-05
2025-04-07,MOCK3,574331,0.04070815583740058,True,True,2025-04-08
2025-04-08,MOCK3,339099,0.03895246864362653,True,True,2025-04-09
2025-04-09,MOCK3,462747,0.040221622470210626,True,True,2025-04-10
2025-04-10,MOCK3,206167,0.06255872335462184,True,True,2025-04-11
2025-04-11,MOCK3,920614,0.04378908410360919,True,True,2025-04-12
2025-04-14,MOCK3,26618,0.046982576688986616,True,True,2025-04-15
2025-04-15,MOCK3,485338,0.07147541158758183,True,True,2025-04-16
2025-04-16,MOCK3,30864,0.030627253635598164,True,True,2025-04-17
2025-04-17,MOCK3,844227,0.14161480944792623,True,True,2025-04-18
2025-04-18,MOCK3,288942,0.14889642146848123,True,True,2025-04-19
2025-04-21,MOCK3,880570,0.12557606904339128,True,True,2025-04-22
2025-04-22,MOCK3,584973,0.03057698710023344,True,True,2025-04-23
2025-04-23,MOCK3,957665,0.12696978949509696,True,True,2025-04-24
2025-04-24,MOCK3,218823,0.010375966868819711,True,True,2025-04-25
2025-04-25,MOCK3,679056,0.01001811218038497,True,True,2025-04-26
2025-04-28,MOCK3,254698,0.12068389535748315,True,True,2025-04-29
2025-04-29,MOCK3,262125,0.03496740406118623,True,True,2025-04-30
2025-04-30,MOCK3,986206,0.09746627207978521,True,True,2025-05-01
2025-05-01,MOCK3,745726,0.09865300720361475,True,True,2025-05-02
2025-05-02,MOCK3,553025,0.030966850702911733,True,True,2025-05-03
2025-05-05,MOCK3,352782,0.11289356866942069,True,True,2025-05-06
2025-05-06,MOCK3,960847,0.028125421059816837,True,True,2025-05-07
2025-05-07,MOCK3,564132,0.03141681517261774,True,True,2025-05-08
2025-05-08,MOCK3,318155,0.12641066403174442,True,True,2025-05-09
2025-05-09,MOCK3,930495,0.0617627390930367,True,True,2025-05-10
2025-05-12,MOCK3,965374,0.04648164198997004,True,True,2025-05-13
2025-05-13,MOCK3,856054,0.14875429456745348,True,True,2025-05-14
2025-05-14,MOCK3,819665,0.05470161336428162,True,True,2025-05-15
2025-05-15,MOCK3,638175,0.09525045324066142,True,True,2025-05-16
2025-05-16,MOCK3,288196,0.04961556734163094,True,True,2025-05-17
2025-05-19,MOCK3,216434,0.12185901593408274,True,True,2025-05-20
2025-05-20,MOCK3,282071,0.03217121864000948,True,True,2025-05-21
2025-05-21,MOCK3,491552,0.09004516745761308,True,True,2025-05-22
2025-05-22,MOCK3,415276,0.14180130606830538,True,True,2025-05-23
2025-05-23,MOCK3,808666,0.10390849764304075,True,True,2025-05-24
2025-05-26,MOCK3,894312,0.10748819829816895,True,True,2025-05-27
2025-05-27,MOCK3,342123,0.014881361601980853,True,True,2025-05-28
2025-05-28,MOCK3,536925,0.09048547120380315,True,True,2025-05-29
2025-05-29,MOCK3,152335,0.09732670774192796,True,True,2025-05-30
2025-05-30,MOCK3,200634,0.14988151937097305,True,True,2025-05-31
2025-06-02,MOCK3,90583,0.11465875660138906,True,True,2025-06-03
2025-06-03,MOCK3,539064,0.1470441482549685,True,True,2025-06-04
2025-06-04,MOCK3,715434,0.04849724353279653,True,True,2025-06-05
2025-06-05,MOCK3,555157,0.07191950761903056,True,True,2025-06-06
2025-06-06,MOCK3,932036,0.046201728880491046,True,True,2025-06-07
2025-06-09,MOCK3,953149,0.05535040260303369,True,True,2025-06-10
2025-06-10,MOCK3,966418,0.09269206145795643,True,True,2025-06-11
2025-06-11,MOCK3,546431,0.0491448095442947,True,True,2025-06-12
2025-06-12,MOCK3,12847,0.023520064809111042,True,True,2025-06-13
2025-06-13,MOCK3,528787,0.0378075513948584,True,True,2025-06-14
2025-06-16,MOCK3,690414,0.011626681883245919,True,True,2025-06-17
2025-06-17,MOCK3,681605,0.13407834395727727,True,True,2025-06-18
2025-06-18,MOCK3,720807,0.1459322870197565,True,True,2025-06-19
2025-06-19,MOCK3,58763,0.10526217307594793,True,True,2025-06-20
2025-06-20,MOCK3,481839,0.14342212757956468,True,True,2025-06-21
2025-06-23,MOCK3,975404,0.10677267700527111,True,True,2025-06-24
2025-06-24,MOCK3,516939,0.11793282828354625,True,True,2025-06-25
2025-06-25,MOCK3,194488,0.026066832415865923,True,True,2025-06-26
2025-06-26,MOCK3,690969,0.12502659812139363,True,True,2025-06-27
2025-06-27,MOCK3,170295,0.1400174907418826,True,True,2025-06-28
2025-06-30,MOCK3,942621,0.02706860410261505,True,True,2025-07-01
2025-07-01,MOCK3,709513,0.10944532963103719,True,True,2025-07-02
2025-07-02,MOCK3,148858,0.03946719100233294,True,True,2025-07-03
2025-07-03,MOCK3,885305,0.0864209469977586,True,True,2025-07-04
2025-07-04,MOCK3,203107,0.09796115930702687,True,True,2025-07-05
2025-07-07,MOCK3,58592,0.026997164261241602,True,True,2025-07-08
2025-07-08,MOCK3,696284,0.1490474282265724,True,True,2025-07-09
2025-07-09,MOCK3,630699,0.011865109649338961,True,True,2025-07-10
2025-07-10,MOCK3,694279,0.08241686862040846,True,True,2025-07-11
2025-07-11,MOCK3,63512,0.07066540761592036,True,True,2025-07-12
2025-07-14,MOCK3,934284,0.14290631060119424,True,True,2025-07-15
2025-07-15,MOCK3,296639,0.03522786716007784,True,True,2025-07-16
2025-07-16,MOCK3,272240,0.052127829897609,True,True,2025-07-17
2025-07-17,MOCK3,209565,0.03176363805479512,True,True,2025-07-18
2025-07-18,MOCK3,62085,0.034113325892846484,True,True,2025-07-19
2025-07-21,MOCK3,583125,0.14143908913953512,True,True,2025-07-22
2025-07-22,MOCK3,857524,0.06839521207971375,True,True,2025-07-23
2025-07-23,MOCK3,867800,0.1227412821214713,True,True,2025-07-24
2025-07-24,MOCK3,689392,0.02854860825210353,True,True,2025-07-25
2025-07-25,MOCK3,555119,0.12384709771239637,True,True,2025-07-26
2025-07-28,MOCK3,989403,0.015415246394802316,True,True,2025-07-29
2025-07-29,MOCK3,7927,0.017102686591810537,True,True,2025-07-30
2025-07-30,MOCK3,552953,0.0834072967299682,True,True,2025-07-31
2025-07-31,MOCK3,656003,0.08804999876349488,True,True,2025-08-01
2025-08-01,MOCK3,910292,0.08565345183242698,True,True,2025-08-02
2025-08-04,MOCK3,969613,0.07557550662146591,True,True,2025-08-05
2025-08-05,MOCK3,59109,0.13324415021391373,True,True,2025-08-06
2025-08-06,MOCK3,423307,0.10242943111129363,True,True,2025-08-07
2025-08-07,MOCK3,615253,0.08499385953177782,True,True,2025-08-08
2025-08-08,MOCK3,864831,0.06241732645163496,True,True,2025-08-09
2025-08-11,MOCK3,107921,0.0641166514249398,True,True,2025-08-12
2025-08-12,MOCK3,8122,0.08140069515835618,True,True,2025-08-13
2025-08-13,MOCK3,27508,0.11938260253953635,True,True,2025-08-14
2025-08-14,MOCK3,91828,0.06770545084626867,True,True,2025-08-15
2025-08-15,MOCK3,296100,0.13672864448334499,True,True,2025-08-16
2025-08-18,MOCK3,716848,0.01689472413150233,True,True,2025-08-19
2025-08-19,MOCK3,371933,0.09187964798714501,True,True,2025-08-20
2025-08-20,MOCK3,397310,0.048879374392874486,True,True,2025-08-21
2025-08-21,MOCK3,551590,0.07867129042878218,True,True,2025-08-22
2025-08-22,MOCK3,557473,0.07303124341807328,True,True,2025-08-23
2025-08-25,MOCK3,589223,0.10854163001692932,True,True,2025-08-26
2025-08-26,MOCK3,214801,0.10409218180510252,True,True,2025-08-27
2025-08-27,MOCK3,148898,0.01413165117414555,True,True,2025-08-28
2025-08-28,MOCK3,595412,0.052303927999128835,True,True,2025-08-29
2025-08-29,MOCK3,758991,0.06430077523198323,True,True,2025-08-30
2025-09-01,MOCK3,463685,0.08652459903981836,True,True,2025-09-02
2025-09-02,MOCK3,395894,0.08392581048771613,True,True,2025-09-03
2025-09-03,MOCK3,571745,0.02711863426684346,True,True,2025-09-04
2025-09-04,MOCK3,168914,0.03438128903682122,True,True,2025-09-05
2025-09-05,MOCK3,688872,0.13599851474361477,True,True,2025-09-06
2025-09-08,MOCK3,946689,0.03779712806582577,True,True,2025-09-09
2025-09-09,MOCK3,583616,0.1494525321272698,True,True,2025-09-10
2025-09-10,MOCK3,548647,0.07087042760943538,True,True,2025-09-11
2025-09-11,MOCK3,791325,0.08156850992635685,True,True,2025-09-12
2025-09-12,MOCK3,166381,0.05198559171866072,True,True,2025-09-13
2025-09-15,MOCK3,723462,0.11691611957502816,True,True,2025-09-16
2025-09-16,MOCK3,130895,0.06662221768519735,True,True,2025-09-17
2025-09-17,MOCK3,843300,0.05714212311801549,True,True,2025-09-18
2025-09-18,MOCK3,175260,0.017302898042751327,True,True,2025-09-19
2025-09-19,MOCK3,874405,0.05351722265206113,True,True,2025-09-20
2025-09-22,MOCK3,564517,0.030833373678948672,True,True,2025-09-23
2025-09-23,MOCK3,53496,0.1026164324758576,True,True,2025-09-24
2025-09-24,MOCK3,812597,0.06695814645948182,True,True,2025-09-25
2025-09-25,MOCK3,3617,0.04983477801788884,True,True,2025-09-26
2025-09-26,MOCK3,643692,0.07184768731979554,True,True,2025-09-27
2025-09-29,MOCK3,44468,0.1298538301211421,True,True,2025-09-30
2025-09-30,MOCK3,763874,0.1153051765032907,True,True,2025-10-01
2025-10-01,MOCK3,503817,0.034286727802222826,True,True,2025-10-02
2025-10-02,MOCK3,779853,0.11090691740232522,True,True,2025-10-03
2025-10-03,MOCK3,341752,0.14439101423840528,True,True,2025-10-04
2025-10-06,MOCK3,738506,0.0650309513120907,True,True,2025-10-07
2025-10-07,MOCK3,921029,0.09429175720717725,True,True,2025-10-08
2025-10-08,MOCK3,229839,0.03158925900470279,True,True,2025-10-09
2025-10-09,MOCK3,583778,0.12514378795369216,True,True,2025-10-10
2025-10-10,MOCK3,190804,0.1100999407528304,True,True,2025-10-11
2025-10-13,MOCK3,367316,0.017658918270573656,True,True,2025-10-14
2025-10-14,MOCK3,969571,0.1446179473273082,True,True,2025-10-15
2025-10-15,MOCK3,780362,0.14012370325720863,True,True,2025-10-16
2025-10-16,MOCK3,708590,0.09360136814293976,True,True,2025-10-17
2025-10-17,MOCK3,535934,0.011594991194125444,True,True,2025-10-18
2025-10-20,MOCK3,255784,0.09457509455726658,True,True,2025-10-21
2025-10-21,MOCK3,289712,0.13437044826284245,True,True,2025-10-22
2025-10-22,MOCK3,179293,0.01609176845242437,True,True,2025-10-23
2025-10-23,MOCK3,841101,0.019578931158026183,True,True,2025-10-24
2025-10-24,MOCK3,167088,0.05423015688889708,True,True,2025-10-25
2025-10-27,MOCK3,157479,0.10378441698581506,True,True,2025-10-28
2025-10-28,MOCK3,837495,0.06122861706229798,True,True,2025-10-29
2025-10-29,MOCK3,238874,0.030578387327971447,True,True,2025-10-30
2025-10-30,MOCK3,483348,0.08570892310576238,True,True,2025-10-31
2025-10-31,MOCK3,226724,0.09999283065622477,True,True,2025-11-01
2025-11-03,MOCK3,555730,0.10952128359659302,True,True,2025-11-04
2025-11-04,MOCK3,326770,0.023591034228946275,True,True,2025-11-05
2025-11-05,MOCK3,982567,0.09548447242198055,True,True,2025-11-06
2025-11-06,MOCK3,23530,0.10808014361630984,True,True,2025-11-07
2025-11-07,MOCK3,295641,0.12989961123625343,True,True,2025-11-08
2025-11-10,MOCK3,981100,0.02138197372655888,True,True,2025-11-11
2025-11-11,MOCK3,913884,0.13379070212252822,True,True,2025-11-12
2025-11-12,MOCK3,45952,0.11433744275362895,True,True,2025-11-13
2025-11-13,MOCK3,828568,0.14873725379815447,True,True,2025-11-14
2025-11-14,MOCK3,304986,0.06864509886561591,True,True,2025-11-15
2025-11-17,MOCK3,696621,0.06428886087147441,True,True,2025-11-18
2025-11-18,MOCK3,120654,0.010499470028573727,True,True,2025-11-19
2025-11-19,MOCK3,932676,0.055698556729448456,True,True,2025-11-20
2025-11-20,MOCK3,64924,0.11345622674398463,True,True,2025-11-21
2025-11-21,MOCK3,194071,0.09980996723907523,True,True,2025-11-22
2025-11-24,MOCK3,898815,0.10618660257827228,True,True,2025-11-25
2025-11-25,MOCK3,541440,0.0436045482758001,True,True,2025-11-26
2025-11-26,MOCK3,193519,0.06306886726816677,True,True,2025-11-27
2025-11-27,MOCK3,805257,0.10804361318269916,True,True,2025-11-28
2025-11-28,MOCK3,848253,0.02861947915733925,True,True,2025-11-29
2025-12-01,MOCK3,154156,0.057737072528932544,True,True,2025-12-02
2025-12-02,MOCK3,371577,0.08466576911175476,True,True,2025-12-03
2025-12-03,MOCK3,739433,0.049642318444926434,True,True,2025-12-04
2025-12-04,MOCK3,501021,0.07364247096162271,True,True,2025-12-05
2025-12-05,MOCK3,697671,0.057038939930473306,True,True,2025-12-06
2025-12-08,MOCK3,600604,0.11940094687938962,True,True,2025-12-09
2025-12-09,MOCK3,297527,0.07549850796639183,True,True,2025-12-10
2025-12-10,MOCK3,701528,0.09126601303865636,True,True,2025-12-11
2025-12-11,MOCK3,107913,0.069437508761548,True,True,2025-12-12
2025-12-12,MOCK3,97320,0.046280362066568353,True,True,2025-12-13
2025-12-15,MOCK3,361209,0.1287091979098164,True,True,2025-12-16
2025-12-16,MOCK3,924329,0.11014388092860744,True,True,2025-12-17
2025-12-17,MOCK3,778656,0.1086066656160432,True,True,2025-12-18
2025-12-18,MOCK3,9402,0.06830685018354028,True,True,2025-12-19
2025-12-19,MOCK3,664641,0.04170898592582907,True,True,2025-12-20
2025-12-22,MOCK3,50531,0.09198287796459936,True,True,2025-12-23
2025-12-23,MOCK3,276948,0.056033247953914476,True,True,2025-12-24
2025-12-24,MOCK3,287872,0.13804272708432117,True,True,2025-12-25
2025-12-25,MOCK3,944494,0.01650294584966712,True,True,2025-12-26
2025-12-26,MOCK3,88370,0.0741694115233621,True,True,2025-12-27
2025-12-29,MOCK3,849118,0.06458297904148785,True,True,2025-12-30
2025-12-30,MOCK3,875265,0.03615671082159683,True,True,2025-12-31
2025-12-31,MOCK3,270980,0.028333510249798098,True,True,2026-01-01
2026-01-01,MOCK3,354762,0.12943355214181876,True,True,2026-01-02
2026-01-02,MOCK3,589084,0.06829612166088583,True,True,2026-01-03
2026-01-05,MOCK3,335205,0.045036613611833524,True,True,2026-01-06
2026-01-06,MOCK3,862084,0.10996372845879697,True,True,2026-01-07
2026-01-07,MOCK3,709893,0.02558220334679305,True,True,2026-01-08
2026-01-08,MOCK3,812921,0.08063811287272996,True,True,2026-01-09
2026-01-09,MOCK3,281770,0.017782388706160036,True,True,2026-01-10
2026-01-12,MOCK3,19867,0.055947425300762466,True,True,2026-01-13
2026-01-13,MOCK3,260401,0.06843532952401842,True,True,2026-01-14
2026-01-14,MOCK3,125853,0.12965578898087746,True,True,2026-01-15
2026-01-15,MOCK3,859852,0.06656524150795169,True,True,2026-01-16
2026-01-16,MOCK3,690012,0.08987105208021316,True,True,2026-01-17
2026-01-19,MOCK3,985353,0.14817097201567367,True,True,2026-01-20
2026-01-20,MOCK3,557018,0.023762646635540858,True,True,2026-01-21
2026-01-21,MOCK3,181759,0.12287227013641254,True,True,2026-01-22
2026-01-22,MOCK3,292300,0.06591999393043259,True,True,2026-01-23
2026-01-23,MOCK3,14436,0.10267997360603288,True,True,2026-01-24
2026-01-26,MOCK3,621560,0.030673890336660493,True,True,2026-01-27
2026-01-27,MOCK3,879529,0.01597220382904118,True,True,2026-01-28
2026-01-28,MOCK3,803428,0.0857114313381454,True,True,2026-01-29
2026-01-29,MOCK3,736716,0.14282230587891248,True,True,2026-01-30
2026-01-30,MOCK3,451192,0.10677748564171201,True,True,2026-01-31
2026-02-02,MOCK3,972253,0.12477172572716054,True,True,2026-02-03
2026-02-03,MOCK3,129286,0.14519665946145874,True,True,2026-02-04
2026-02-04,MOCK3,730088,0.03173822623834258,True,True,2026-02-05
2026-02-05,MOCK3,767572,0.08417537625975907,True,True,2026-02-06
2026-02-06,MOCK3,594943,0.08461022892439245,True,True,2026-02-07
2026-02-09,MOCK3,733455,0.11367113147169615,True,True,2026-02-10
2026-02-10,MOCK3,850034,0.013456581985241611,True,True,2026-02-11
2026-02-11,MOCK3,161900,0.09852460935737,True,True,2026-02-12
2026-02-12,MOCK3,266435,0.04079479682546947,True,True,2026-02-13
2026-02-13,MOCK3,713887,0.11288948688545601,True,True,2026-02-14
2026-02-16,MOCK3,717799,0.14277139804326797,True,True,2026-02-17
2026-02-17,MOCK3,662527,0.05185976451021011,True,True,2026-02-18
2026-02-18,MOCK3,717162,0.028265808519760946,True,True,2026-02-19
2026-02-19,MOCK3,567024,0.1268973916345234,True,True,2026-02-20
2026-02-20,MOCK3,415400,0.02765137036513144,True,True,2026-02-21
2026-02-23,MOCK3,39364,0.12844560001481453,True,True,2026-02-24
2026-02-24,MOCK3,723037,0.028113825574809764,True,True,2026-02-25
2026-02-25,MOCK3,745426,0.14570691419523388,True,True,2026-02-26
2026-02-26,MOCK3,436936,0.11863567806129506,True,True,2026-02-27
2026-02-27,MOCK3,456985,0.07812394855046821,True,True,2026-02-28
2026-03-02,MOCK3,559110,0.08988674072988273,True,True,2026-03-03
2026-03-03,MOCK3,686644,0.05711549215791906,True,True,2026-03-04
2026-03-04,MOCK3,947021,0.016468273697384718,True,True,2026-03-05
2026-03-05,MOCK3,879257,0.06556353913160703,True,True,2026-03-06
2026-03-06,MOCK3,597633,0.09468787566340221,True,True,2026-03-07
2026-03-09,MOCK3,174136,0.11372830986006754,True,True,2026-03-10
2026-03-10,MOCK3,328147,0.10022715716839459,True,True,2026-03-11
2026-03-11,MOCK3,988331,0.10332019911918446,True,True,2026-03-12
2026-03-12,MOCK3,239936,0.1316536166433937,True,True,2026-03-13
2026-03-13,MOCK3,857082,0.1362004520360783,True,True,2026-03-14
2026-03-16,MOCK3,638196,0.11972333932863498,True,True,2026-03-17
2026-03-17,MOCK3,220686,0.07646935490323693,True,True,2026-03-18
2026-03-18,MOCK3,43410,0.08305134947379357,True,True,2026-03-19
2026-03-19,MOCK3,216522,0.14318478939732648,True,True,2026-03-20
2026-03-20,MOCK3,665086,0.09662513677867705,True,True,2026-03-21
2026-03-23,MOCK3,80201,0.10763348628582121,True,True,2026-03-24
2026-03-24,MOCK3,648705,0.09636204841044474,True,True,2026-03-25
2026-03-25,MOCK3,213814,0.10710464967849552,True,True,2026-03-26
2026-03-26,MOCK3,559945,0.019549526189504382,True,True,2026-03-27
2026-03-27,MOCK3,345819,0.07048165192206778,True,True,2026-03-28
2026-03-30,MOCK3,563026,0.04696382761202768,True,True,2026-03-31
2026-03-31,MOCK3,674972,0.06145003464305637,True,True,2026-04-01
2026-04-01,MOCK3,24820,0.08289424029382238,True,True,2026-04-02
2026-04-02,MOCK3,645177,0.019468022343445614,True,True,2026-04-03
2026-04-03,MOCK3,425104,0.08894631234676595,True,True,2026-04-04
2026-04-06,MOCK3,465388,0.14851046927702058,True,True,2026-04-07
2026-04-07,MOCK3,127948,0.06047136923068139,True,True,2026-04-08
2026-04-08,MOCK3,807900,0.07449242325337889,True,True,2026-04-09
2026-04-09,MOCK3,66836,0.13370795116547304,True,True,2026-04-10
2026-04-10,MOCK3,552753,0.12752430617308283,True,True,2026-04-11
2026-04-13,MOCK3,738183,0.012631045310753384,True,True,2026-04-14
2026-04-14,MOCK3,575566,0.08373152226492941,True,True,2026-04-15
2026-04-15,MOCK3,724474,0.11064457963080619,True,True,2026-04-16
2026-04-16,MOCK3,822856,0.08537231720915052,True,True,2026-04-17
2026-04-17,MOCK3,881282,0.07699225475946214,True,True,2026-04-18
2026-04-20,MOCK3,463227,0.044405019143267284,True,True,2026-04-21
2026-04-21,MOCK3,870979,0.07991252211889456,True,True,2026-04-22
2026-04-22,MOCK3,192939,0.08705113699265034,True,True,2026-04-23
2026-04-23,MOCK3,184022,0.04393910518907726,True,True,2026-04-24
2026-04-24,MOCK3,701326,0.024686894329752185,True,True,2026-04-25
2026-04-27,MOCK3,93348,0.07129498281414436,True,True,2026-04-28
2026-04-28,MOCK3,522577,0.1475401423171185,True,True,2026-04-29
2026-04-29,MOCK3,550272,0.14020464120996592,True,True,2026-04-30
2026-04-30,MOCK3,945730,0.12697321651190732,True,True,2026-05-01
2026-05-01,MOCK3,254618,0.054703743683421055,True,True,2026-05-02
2026-05-04,MOCK3,369398,0.14553049800947404,True,True,2026-05-05
2026-05-05,MOCK3,480374,0.06686094843968472,True,True,2026-05-06
2026-05-06,MOCK3,836393,0.08805420940926403,True,True,2026-05-07
2026-05-07,MOCK3,240088,0.0869764322756855,True,True,2026-05-08
2026-05-08,MOCK3,300912,0.12271030035024175,True,True,2026-05-09
2026-05-11,MOCK3,591406,0.08846827630572571,True,True,2026-05-12
2026-05-12,MOCK3,231782,0.0837422757553182,True,True,2026-05-13
2026-05-13,MOCK3,232542,0.038321120494305826,True,True,2026-05-14
2026-05-14,MOCK3,732745,0.010102134369504632,True,True,2026-05-15
2026-05-15,MOCK3,182258,0.1444204450784065,True,True,2026-05-16
2026-05-18,MOCK3,410710,0.10168193915259761,True,True,2026-05-19
2026-05-19,MOCK3,494643,0.024353773811394447,True,True,2026-05-20
2026-05-20,MOCK3,554843,0.040525779163653575,True,True,2026-05-21
2026-05-21,MOCK3,765577,0.06489454062487351,True,True,2026-05-22
2026-05-22,MOCK3,340349,0.03419775216061118,True,True,2026-05-23
2026-05-25,MOCK3,266808,0.016318246784126328,True,True,2026-05-26
2026-05-26,MOCK3,564002,0.018636745854125142,True,True,2026-05-27
2026-05-27,MOCK3,505024,0.08969750569568644,True,True,2026-05-28
2026-05-28,MOCK3,676190,0.12510656252885988,True,True,2026-05-29
2026-05-29,MOCK3,220029,0.11843840875602454,True,True,2026-05-30
2026-06-01,MOCK3,680071,0.14727652384960563,True,True,2026-06-02
2026-06-02,MOCK3,879724,0.12937576803647682,True,True,2026-06-03
2026-06-03,MOCK3,321436,0.11477583468635277,True,True,2026-06-04
2026-06-04,MOCK3,297722,0.05904887905038175,True,True,2026-06-05
2026-06-05,MOCK3,864511,0.035652240051151245,True,True,2026-06-06
2026-06-08,MOCK3,492237,0.08806250457857692,True,True,2026-06-09
2026-06-09,MOCK3,414887,0.04828742819021171,True,True,2026-06-10
2026-06-10,MOCK3,509573,0.05771576304572522,True,True,2026-06-11
2026-06-11,MOCK3,752379,0.07237040958882808,True,True,2026-06-12
2026-06-12,MOCK3,426033,0.05416266625140592,True,True,2026-06-13
2026-06-15,MOCK3,861188,0.1115920102525977,True,True,2026-06-16
2026-06-16,MOCK3,628990,0.14764001622463976,True,True,2026-06-17
2026-06-17,MOCK3,773506,0.14675505515307538,True,True,2026-06-18
2026-06-18,MOCK3,312308,0.0162002721598348,True,True,2026-06-19
2026-06-19,MOCK3,491124,0.03389132344594602,True,True,2026-06-20
2026-06-22,MOCK3,21704,0.018317410387974072,True,True,2026-06-23
2026-06-23,MOCK3,809771,0.14064644373893226,True,True,2026-06-24
2026-06-24,MOCK3,174897,0.05686630563426254,True,True,2026-06-25
2026-06-25,MOCK3,198899,0.014409575217123938,True,True,2026-06-26
2026-06-26,MOCK3,619472,0.04859356443199806,True,True,2026-06-27
2026-06-29,MOCK3,475824,0.10458929687722303,True,True,2026-06-30
2026-06-30,MOCK3,438000,0.09926066724336563,True,True,2026-07-01
2026-07-01,MOCK3,632727,0.09504314564697136,True,True,2026-07-02
2026-07-02,MOCK3,631964,0.033094440405823176,True,True,2026-07-03
2026-07-03,MOCK3,529610,0.12547840987619582,True,True,2026-07-04
2026-07-06,MOCK3,26635,0.1491696389594609,True,True,2026-07-07
2026-07-07,MOCK3,737991,0.13580053045727306,True,True,2026-07-08
2026-07-08,MOCK3,675392,0.08844329984719373,True,True,2026-07-09
2026-07-09,MOCK3,827876,0.11127886677929454,True,True,2026-07-10
2026-07-10,MOCK3,370685,0.10877184492589495,True,True,2026-07-11
2026-07-13,MOCK3,799048,0.020324374009713597,True,True,2026-07-14
2026-07-14,MOCK3,319298,0.05498414998090135,True,True,2026-07-15
2026-07-15,MOCK3,442102,0.039764662201494765,True,True,2026-07-16
2026-07-16,MOCK3,822303,0.060588238691388734,True,True,2026-07-17
2026-07-17,MOCK3,807464,0.08683089095785519,True,True,2026-07-18
2026-07-20,MOCK3,435591,0.12233039789037554,True,True,2026-07-21
2026-07-21,MOCK3,99125,0.0854876046780394,True,True,2026-07-22
2026-07-22,MOCK3,764766,0.04802654838324974,True,True,2026-07-23
2026-07-23,MOCK3,676137,0.10689370439715552,True,True,2026-07-24
2026-07-24,MOCK3,134827,0.10908736971265878,True,True,2026-07-25
2026-07-27,MOCK3,356024,0.05086639898455488,True,True,2026-07-28
2026-07-28,MOCK3,574313,0.09567761261323263,True,True,2026-07-29
2026-07-29,MOCK3,815384,0.08193703272424867,True,True,2026-07-30
2026-07-30,MOCK3,418839,0.01225549752991319,True,True,2026-07-31
2026-07-31,MOCK3,616627,0.09315918880244593,True,True,2026-08-01
2026-08-03,MOCK3,407994,0.09957822864864065,True,True,2026-08-04
2026-08-04,MOCK3,821811,0.03318769364183981,True,True,2026-08-05
2026-08-05,MOCK3,553480,0.0778580574196112,True,True,2026-08-06
2026-08-06,MOCK3,593409,0.11436085802669983,True,True,2026-08-07
2026-08-07,MOCK3,328147,0.12698965095327217,True,True,2026-08-08
2026-08-10,MOCK3,127837,0.12265996556868722,True,True,2026-08-11
2026-08-11,MOCK3,616015,0.12413141312698663,True,True,2026-08-12
2026-08-12,MOCK3,942838,0.14496954097818898,True,True,2026-08-13
2026-08-13,MOCK3,680535,0.06841532520163641,True,True,2026-08-14
2026-08-14,MOCK3,177436,0.13505158903488437,True,True,2026-08-15
2026-08-17,MOCK3,784965,0.08200227025946583,True,True,2026-08-18
2026-08-18,MOCK3,344053,0.03055317947671314,True,True,2026-08-19
2026-08-19,MOCK3,284205,0.14650911652934692,True,True,2026-08-20
2026-08-20,MOCK3,915475,0.03310021975799929,True,True,2026-08-21
2026-08-21,MOCK3,138535,0.08545328213215261,True,True,2026-08-22
2026-08-24,MOCK3,164932,0.10996155774687041,True,True,2026-08-25
2026-08-25,MOCK3,685019,0.095607695862992,True,True,2026-08-26
2026-08-26,MOCK3,872983,0.010030122627332261,True,True,2026-08-27
2026-08-27,MOCK3,389751,0.14579671737952132,True,True,2026-08-28
2026-08-28,MOCK3,797788,0.05712513047132238,True,True,2026-08-29
