date,advances,declines,unchanged,adv_decl_ratio,breadth_pct
2015-01-01,319,382,-201,0.8350785340314136,0.638
2015-01-02,160,230,110,0.6956521739130435,0.32
2015-01-05,257,261,-18,0.9846743295019157,0.514
2015-01-06,277,134,89,2.0671641791044775,0.554
2015-01-07,350,123,27,2.845528455284553,0.7
2015-01-08,166,191,143,0.8691099476439791,0.332
2015-01-09,249,155,96,1.6064516129032258,0.498
2015-01-12,357,203,-60,1.7586206896551724,0.714
2015-01-13,264,345,-109,0.7652173913043478,0.528
2015-01-14,160,203,137,0.7881773399014779,0.32
2015-01-15,143,294,63,0.48639455782312924,0.286
2015-01-16,161,386,-47,0.4170984455958549,0.322
2015-01-19,135,210,155,0.6428571428571429,0.27
2015-01-20,233,136,131,1.713235294117647,0.466
2015-01-21,257,190,53,1.3526315789473684,0.514
2015-01-22,367,371,-238,0.9892183288409704,0.734
2015-01-23,279,233,-12,1.1974248927038627,0.558
2015-01-26,158,101,241,1.5643564356435644,0.316
2015-01-27,389,105,6,3.704761904761905,0.778
2015-01-28,228,247,25,0.9230769230769231,0.456
2015-01-29,384,210,-94,1.8285714285714285,0.768
2015-01-30,222,364,-86,0.6098901098901099,0.444
2015-02-02,374,238,-112,1.5714285714285714,0.748
2015-02-03,393,344,-237,1.1424418604651163,0.786
2015-02-04,388,179,-67,2.1675977653631286,0.776
2015-02-05,383,327,-210,1.1712538226299694,0.766
2015-02-06,371,210,-81,1.7666666666666666,0.742
2015-02-09,340,130,30,2.6153846153846154,0.68
2015-02-10,254,232,14,1.0948275862068966,0.508
2015-02-11,128,260,112,0.49230769230769234,0.256
2015-02-12,128,170,202,0.7529411764705882,0.256
2015-02-13,143,289,68,0.49480968858131485,0.286
2015-02-16,110,117,273,0.9401709401709402,0.22
2015-02-17,166,323,11,0.5139318885448917,0.332
2015-02-18,390,325,-215,1.2,0.78
2015-02-19,216,112,172,1.9285714285714286,0.432
2015-02-20,331,135,34,2.4518518518518517,0.662
2015-02-23,254,205,41,1.2390243902439024,0.508
2015-02-24,212,322,-34,0.6583850931677019,0.424
2015-02-25,305,211,-16,1.4454976303317535,0.61
2015-02-26,291,147,62,1.9795918367346939,0.582
2015-02-27,371,108,21,3.435185185185185,0.742
2015-03-02,341,123,36,2.772357723577236,0.682
2015-03-03,113,319,68,0.3542319749216301,0.226
2015-03-04,201,163,136,1.2331288343558282,0.402
2015-03-05,304,167,29,1.8203592814371257,0.608
2015-03-06,302,378,-180,0.798941798941799,0.604
2015-03-09,376,350,-226,1.0742857142857143,0.752
2015-03-10,183,348,-31,0.5258620689655172,0.366
2015-03-11,272,296,-68,0.918918918918919,0.544
2015-03-12,378,120,2,3.15,0.756
2015-03-13,237,349,-86,0.6790830945558739,0.474
2015-03-16,215,105,180,2.0476190476190474,0.43
2015-03-17,191,322,-13,0.593167701863354,0.382
2015-03-18,128,348,24,0.367816091954023,0.256
2015-03-19,389,354,-243,1.0988700564971752,0.778
2015-03-20,238,291,-29,0.8178694158075601,0.476
2015-03-23,248,350,-98,0.7085714285714285,0.496
2015-03-24,181,219,100,0.8264840182648402,0.362
2015-03-25,246,106,148,2.3207547169811322,0.492
2015-03-26,278,179,43,1.553072625698324,0.556
2015-03-27,352,106,42,3.3207547169811322,0.704
2015-03-30,354,108,38,3.2777777777777777,0.708
2015-03-31,358,208,-66,1.7211538461538463,0.716
2015-04-01,149,166,185,0.8975903614457831,0.298
2015-04-02,127,182,191,0.6978021978021978,0.254
2015-04-03,165,228,107,0.7236842105263158,0.33
2015-04-06,276,201,23,1.373134328358209,0.552
2015-04-07,237,119,144,1.9915966386554622,0.474
2015-04-08,368,175,-43,2.1028571428571428,0.736
2015-04-09,118,130,252,0.9076923076923077,0.236
2015-04-10,296,371,-167,0.7978436657681941,0.592
2015-04-13,321,346,-167,0.9277456647398844,0.642
2015-04-14,371,353,-224,1.0509915014164306,0.742
2015-04-15,354,221,-75,1.6018099547511313,0.708
2015-04-16,246,275,-21,0.8945454545454545,0.492
2015-04-17,348,397,-245,0.8765743073047859,0.696
2015-04-20,382,333,-215,1.147147147147147,0.764
2015-04-21,153,317,30,0.48264984227129337,0.306
2015-04-22,114,180,206,0.6333333333333333,0.228
2015-04-23,135,233,132,0.5793991416309013,0.27
2015-04-24,133,107,260,1.2429906542056075,0.266
2015-04-27,383,299,-182,1.2809364548494984,0.766
2015-04-28,235,307,-42,0.7654723127035831,0.47
2015-04-29,133,117,250,1.1367521367521367,0.266
2015-04-30,168,348,-16,0.4827586206896552,0.336
2015-05-01,155,142,203,1.091549295774648,0.31
2015-05-04,322,235,-57,1.3702127659574468,0.644
2015-05-05,189,170,141,1.111764705882353,0.378
2015-05-06,171,196,133,0.8724489795918368,0.342
2015-05-07,120,151,229,0.7947019867549668,0.24
2015-05-08,342,156,2,2.1923076923076925,0.684
2015-05-11,213,224,63,0.9508928571428571,0.426
2015-05-12,146,160,194,0.9125,0.292
2015-05-13,284,361,-145,0.7867036011080333,0.568
2015-05-14,199,370,-69,0.5378378378378378,0.398
2015-05-15,209,334,-43,0.625748502994012,0.418
2015-05-18,392,168,-60,2.3333333333333335,0.784
2015-05-19,226,291,-17,0.7766323024054983,0.452
2015-05-20,261,269,-30,0.9702602230483272,0.522
2015-05-21,399,185,-84,2.156756756756757,0.798
2015-05-22,184,162,154,1.1358024691358024,0.368
2015-05-25,135,343,22,0.3935860058309038,0.27
2015-05-26,365,360,-225,1.0138888888888888,0.73
2015-05-27,123,309,68,0.39805825242718446,0.246
2015-05-28,389,313,-202,1.2428115015974441,0.778
2015-05-29,133,391,-24,0.340153452685422,0.266
2015-06-01,136,134,230,1.0149253731343284,0.272
2015-06-02,253,272,-25,0.9301470588235294,0.506
2015-06-03,198,351,-49,0.5641025641025641,0.396
2015-06-04,310,275,-85,1.1272727272727272,0.62
2015-06-05,120,109,271,1.1009174311926606,0.24
2015-06-08,362,132,6,2.742424242424242,0.724
2015-06-09,258,241,1,1.070539419087137,0.516
2015-06-10,369,131,0,2.816793893129771,0.738
2015-06-11,214,337,-51,0.6350148367952523,0.428
2015-06-12,169,237,94,0.7130801687763713,0.338
2015-06-15,254,219,27,1.1598173515981736,0.508
2015-06-16,248,383,-131,0.6475195822454308,0.496
2015-06-17,256,332,-88,0.7710843373493976,0.512
2015-06-18,165,298,37,0.5536912751677853,0.33
2015-06-19,105,105,290,1.0,0.21
2015-06-22,259,116,125,2.2327586206896552,0.518
2015-06-23,281,148,71,1.8986486486486487,0.562
2015-06-24,393,122,-15,3.221311475409836,0.786
2015-06-25,245,110,145,2.227272727272727,0.49
2015-06-26,297,214,-11,1.3878504672897196,0.594
2015-06-29,395,258,-153,1.5310077519379846,0.79
2015-06-30,372,263,-135,1.414448669201521,0.744
2015-07-01,341,116,43,2.939655172413793,0.682
2015-07-02,145,202,153,0.7178217821782178,0.29
2015-07-03,362,352,-214,1.0284090909090908,0.724
2015-07-06,232,224,44,1.0357142857142858,0.464
2015-07-07,229,220,51,1.040909090909091,0.458
2015-07-08,308,143,49,2.1538461538461537,0.616
2015-07-09,297,210,-7,1.4142857142857144,0.594
2015-07-10,184,168,148,1.0952380952380953,0.368
2015-07-13,152,302,46,0.5033112582781457,0.304
2015-07-14,279,359,-138,0.7771587743732591,0.558
2015-07-15,217,189,94,1.1481481481481481,0.434
2015-07-16,339,368,-207,0.9211956521739131,0.678
2015-07-17,241,191,68,1.2617801047120418,0.482
2015-07-20,176,166,158,1.0602409638554218,0.352
2015-07-21,281,300,-81,0.9366666666666666,0.562
2015-07-22,131,344,25,0.3808139534883721,0.262
2015-07-23,356,289,-145,1.231833910034602,0.712
2015-07-24,172,131,197,1.3129770992366412,0.344
2015-07-27,289,312,-101,0.9262820512820513,0.578
2015-07-28,391,263,-154,1.4866920152091254,0.782
2015-07-29,192,211,97,0.909952606635071,0.384
2015-07-30,162,172,166,0.9418604651162791,0.324
2015-07-31,395,229,-124,1.724890829694323,0.79
2015-08-03,319,164,17,1.9451219512195121,0.638
2015-08-04,207,165,128,1.2545454545454546,0.414
2015-08-05,173,218,109,0.7935779816513762,0.346
2015-08-06,331,316,-147,1.0474683544303798,0.662
2015-08-07,299,393,-192,0.7608142493638677,0.598
2015-08-10,380,339,-219,1.12094395280236,0.76
2015-08-11,153,303,44,0.504950495049505,0.306
2015-08-12,204,163,133,1.2515337423312884,0.408
2015-08-13,282,195,23,1.4461538461538461,0.564
2015-08-14,369,368,-237,1.002717391304348,0.738
2015-08-17,195,140,165,1.3928571428571428,0.39
2015-08-18,259,319,-78,0.8119122257053292,0.518
2015-08-19,356,157,-13,2.267515923566879,0.712
2015-08-20,165,114,221,1.4473684210526316,0.33
2015-08-21,125,259,116,0.4826254826254826,0.25
2015-08-24,181,303,16,0.5973597359735974,0.362
2015-08-25,142,324,34,0.4382716049382716,0.284
2015-08-26,191,276,33,0.6920289855072463,0.382
2015-08-27,309,305,-114,1.0131147540983607,0.618
2015-08-28,174,345,-19,0.5043478260869565,0.348
2015-08-31,192,157,151,1.2229299363057324,0.384
2015-09-01,264,223,13,1.1838565022421526,0.528
2015-09-02,141,344,15,0.40988372093023256,0.282
2015-09-03,345,193,-38,1.7875647668393781,0.69
2015-09-04,103,359,38,0.28690807799442897,0.206
2015-09-07,288,173,39,1.6647398843930636,0.576
2015-09-08,149,396,-45,0.37626262626262624,0.298
2015-09-09,105,147,248,0.7142857142857143,0.21
2015-09-10,176,349,-25,0.504297994269341,0.352
2015-09-11,191,172,137,1.1104651162790697,0.382
2015-09-14,198,162,140,1.2222222222222223,0.396
2015-09-15,213,320,-33,0.665625,0.426
2015-09-16,188,334,-22,0.562874251497006,0.376
2015-09-17,381,356,-237,1.0702247191011236,0.762
2015-09-18,104,357,39,0.2913165266106443,0.208
2015-09-21,397,168,-65,2.363095238095238,0.794
2015-09-22,129,319,52,0.4043887147335423,0.258
2015-09-23,146,311,43,0.4694533762057878,0.292
2015-09-24,221,209,70,1.0574162679425838,0.442
2015-09-25,338,176,-14,1.9204545454545454,0.676
2015-09-28,235,199,66,1.1809045226130652,0.47
2015-09-29,396,150,-46,2.64,0.792
2015-09-30,119,180,201,0.6611111111111111,0.238
2015-10-01,304,349,-153,0.8710601719197708,0.608
2015-10-02,295,128,77,2.3046875,0.59
2015-10-05,340,252,-92,1.3492063492063493,0.68
2015-10-06,282,146,72,1.9315068493150684,0.564
2015-10-07,334,345,-179,0.9681159420289855,0.668
2015-10-08,149,303,48,0.49174917491749176,0.298
2015-10-09,262,185,53,1.4162162162162162,0.524
2015-10-12,335,268,-103,1.25,0.67
2015-10-13,190,192,118,0.9895833333333334,0.38
2015-10-14,298,100,102,2.98,0.596
2015-10-15,101,309,90,0.3268608414239482,0.202
2015-10-16,352,235,-87,1.4978723404255319,0.704
2015-10-19,199,230,71,0.8652173913043478,0.398
2015-10-20,319,335,-154,0.9522388059701492,0.638
2015-10-21,292,169,39,1.727810650887574,0.584
2015-10-22,316,331,-147,0.9546827794561934,0.632
2015-10-23,334,198,-32,1.6868686868686869,0.668
2015-10-26,192,368,-60,0.5217391304347826,0.384
2015-10-27,105,319,76,0.329153605015674,0.21
2015-10-28,343,132,25,2.5984848484848486,0.686
2015-10-29,169,235,96,0.7191489361702128,0.338
2015-10-30,325,312,-137,1.0416666666666667,0.65
2015-11-02,140,364,-4,0.38461538461538464,0.28
2015-11-03,230,155,115,1.4838709677419355,0.46
2015-11-04,278,239,-17,1.1631799163179917,0.556
2015-11-05,308,147,45,2.0952380952380953,0.616
2015-11-06,354,333,-187,1.063063063063063,0.708
2015-11-09,321,232,-53,1.3836206896551724,0.642
2015-11-10,295,276,-71,1.068840579710145,0.59
2015-11-11,287,152,61,1.888157894736842,0.574
2015-11-12,387,299,-186,1.294314381270903,0.774
2015-11-13,152,175,173,0.8685714285714285,0.304
2015-11-16,383,279,-162,1.3727598566308243,0.766
2015-11-17,357,138,5,2.5869565217391304,0.714
2015-11-18,231,343,-74,0.673469387755102,0.462
2015-11-19,312,283,-95,1.1024734982332156,0.624
2015-11-20,370,186,-56,1.989247311827957,0.74
2015-11-23,208,225,67,0.9244444444444444,0.416
2015-11-24,129,107,264,1.205607476635514,0.258
2015-11-25,327,390,-217,0.8384615384615385,0.654
2015-11-26,237,239,24,0.9916317991631799,0.474
2015-11-27,220,396,-116,0.5555555555555556,0.44
2015-11-30,173,122,205,1.4180327868852458,0.346
2015-12-01,167,158,175,1.0569620253164558,0.334
2015-12-02,380,342,-222,1.1111111111111112,0.76
2015-12-03,381,258,-139,1.4767441860465116,0.762
2015-12-04,316,159,25,1.9874213836477987,0.632
2015-12-07,318,164,18,1.9390243902439024,0.636
2015-12-08,358,276,-134,1.2971014492753623,0.716
2015-12-09,187,178,135,1.050561797752809,0.374
2015-12-10,309,192,-1,1.609375,0.618
2015-12-11,276,175,49,1.5771428571428572,0.552
2015-12-14,299,227,-26,1.3171806167400881,0.598
2015-12-15,387,242,-129,1.5991735537190082,0.774
2015-12-16,151,215,134,0.7023255813953488,0.302
2015-12-17,138,265,97,0.5207547169811321,0.276
2015-12-18,391,268,-159,1.458955223880597,0.782
2015-12-21,234,267,-1,0.8764044943820225,0.468
2015-12-22,376,285,-161,1.3192982456140352,0.752
2015-12-23,303,161,36,1.8819875776397517,0.606
2015-12-24,383,361,-244,1.0609418282548477,0.766
2015-12-25,223,110,167,2.0272727272727273,0.446
2015-12-28,302,254,-56,1.188976377952756,0.604
2015-12-29,201,316,-17,0.6360759493670886,0.402
2015-12-30,367,313,-180,1.1725239616613419,0.734
2015-12-31,144,177,179,0.8135593220338984,0.288
2016-01-01,373,362,-235,1.0303867403314917,0.746
2016-01-04,188,128,184,1.46875,0.376
2016-01-05,257,208,35,1.2355769230769231,0.514
2016-01-06,279,252,-31,1.1071428571428572,0.558
2016-01-07,166,120,214,1.3833333333333333,0.332
2016-01-08,326,235,-61,1.3872340425531915,0.652
2016-01-11,214,300,-14,0.7133333333333334,0.428
2016-01-12,260,273,-33,0.9523809523809523,0.52
2016-01-13,102,128,270,0.796875,0.204
2016-01-14,183,325,-8,0.563076923076923,0.366
2016-01-15,198,130,172,1.523076923076923,0.396
2016-01-18,125,210,165,0.5952380952380952,0.25
2016-01-19,360,212,-72,1.6981132075471699,0.72
2016-01-20,145,319,36,0.45454545454545453,0.29
2016-01-21,123,297,80,0.41414141414141414,0.246
2016-01-22,156,128,216,1.21875,0.312
2016-01-25,389,128,-17,3.0390625,0.778
2016-01-26,245,325,-70,0.7538461538461538,0.49
2016-01-27,226,343,-69,0.6588921282798834,0.452
2016-01-28,103,369,28,0.2791327913279133,0.206
2016-01-29,215,388,-103,0.5541237113402062,0.43
2016-02-01,195,235,70,0.8297872340425532,0.39
2016-02-02,304,277,-81,1.0974729241877257,0.608
2016-02-03,332,285,-117,1.1649122807017545,0.664
2016-02-04,161,237,102,0.679324894514768,0.322
2016-02-05,251,393,-144,0.638676844783715,0.502
2016-02-08,375,394,-269,0.9517766497461929,0.75
2016-02-09,144,116,240,1.2413793103448276,0.288
2016-02-10,214,159,127,1.3459119496855345,0.428
2016-02-11,331,394,-225,0.8401015228426396,0.662
2016-02-12,123,368,9,0.3342391304347826,0.246
2016-02-15,291,116,93,2.5086206896551726,0.582
2016-02-16,386,131,-17,2.946564885496183,0.772
2016-02-17,325,198,-23,1.6414141414141414,0.65
2016-02-18,121,353,26,0.34277620396600567,0.242
2016-02-19,123,101,276,1.2178217821782178,0.246
2016-02-22,359,343,-202,1.0466472303206997,0.718
2016-02-23,340,244,-84,1.3934426229508197,0.68
2016-02-24,250,211,39,1.1848341232227488,0.5
2016-02-25,299,268,-67,1.1156716417910448,0.598
2016-02-26,256,340,-96,0.7529411764705882,0.512
2016-02-29,236,113,151,2.088495575221239,0.472
2016-03-01,354,128,18,2.765625,0.708
2016-03-02,265,238,-3,1.1134453781512605,0.53
2016-03-03,147,137,216,1.072992700729927,0.294
2016-03-04,184,239,77,0.7698744769874477,0.368
2016-03-07,306,397,-203,0.7707808564231738,0.612
2016-03-08,226,151,123,1.4966887417218544,0.452
2016-03-09,271,217,12,1.2488479262672811,0.542
2016-03-10,112,308,80,0.36363636363636365,0.224
2016-03-11,245,143,112,1.7132867132867133,0.49
2016-03-14,104,232,164,0.4482758620689655,0.208
2016-03-15,282,135,83,2.088888888888889,0.564
2016-03-16,232,378,-110,0.6137566137566137,0.464
2016-03-17,307,242,-49,1.2685950413223142,0.614
2016-03-18,282,271,-53,1.040590405904059,0.564
2016-03-21,397,292,-189,1.3595890410958904,0.794
2016-03-22,289,394,-183,0.733502538071066,0.578
2016-03-23,264,203,33,1.3004926108374384,0.528
2016-03-24,110,180,210,0.6111111111111112,0.22
2016-03-25,151,383,-34,0.39425587467362927,0.302
2016-03-28,216,399,-115,0.5413533834586466,0.432
2016-03-29,213,256,31,0.83203125,0.426
2016-03-30,184,210,106,0.8761904761904762,0.368
2016-03-31,215,245,40,0.8775510204081632,0.43
2016-04-01,144,134,222,1.0746268656716418,0.288
2016-04-04,105,107,288,0.9813084112149533,0.21
2016-04-05,127,267,106,0.4756554307116105,0.254
2016-04-06,359,234,-93,1.5341880341880343,0.718
2016-04-07,191,123,186,1.5528455284552845,0.382
2016-04-08,266,113,121,2.353982300884956,0.532
2016-04-11,287,396,-183,0.7247474747474747,0.574
2016-04-12,318,295,-113,1.0779661016949154,0.636
2016-04-13,184,279,37,0.6594982078853047,0.368
2016-04-14,107,376,17,0.2845744680851064,0.214
2016-04-15,273,224,3,1.21875,0.546
2016-04-18,248,203,49,1.2216748768472907,0.496
2016-04-19,322,121,57,2.6611570247933884,0.644
2016-04-20,104,205,191,0.5073170731707317,0.208
2016-04-21,329,369,-198,0.8915989159891599,0.658
2016-04-22,212,144,144,1.4722222222222223,0.424
2016-04-25,159,138,203,1.1521739130434783,0.318
2016-04-26,259,111,130,2.3333333333333335,0.518
2016-04-27,167,304,29,0.5493421052631579,0.334
2016-04-28,362,392,-254,0.923469387755102,0.724
2016-04-29,310,370,-180,0.8378378378378378,0.62
2016-05-02,378,329,-207,1.148936170212766,0.756
2016-05-03,259,387,-146,0.6692506459948321,0.518
2016-05-04,144,273,83,0.5274725274725275,0.288
2016-05-05,385,170,-55,2.264705882352941,0.77
2016-05-06,202,384,-86,0.5260416666666666,0.404
2016-05-09,212,256,32,0.828125,0.424
2016-05-10,273,344,-117,0.7936046511627907,0.546
2016-05-11,265,173,62,1.5317919075144508,0.53
2016-05-12,277,308,-85,0.8993506493506493,0.554
2016-05-13,120,106,274,1.1320754716981132,0.24
2016-05-16,251,370,-121,0.6783783783783783,0.502
2016-05-17,273,377,-150,0.7241379310344828,0.546
2016-05-18,259,256,-15,1.01171875,0.518
2016-05-19,120,198,182,0.6060606060606061,0.24
2016-05-20,212,188,100,1.127659574468085,0.424
2016-05-23,321,129,50,2.488372093023256,0.642
2016-05-24,300,173,27,1.7341040462427746,0.6
2016-05-25,181,155,164,1.167741935483871,0.362
2016-05-26,265,342,-107,0.7748538011695907,0.53
2016-05-27,204,280,16,0.7285714285714285,0.408
2016-05-30,227,340,-67,0.6676470588235294,0.454
2016-05-31,354,363,-217,0.9752066115702479,0.708
2016-06-01,319,358,-177,0.8910614525139665,0.638
2016-06-02,204,274,22,0.7445255474452555,0.408
2016-06-03,127,227,146,0.5594713656387665,0.254
2016-06-06,138,331,31,0.4169184290030212,0.276
2016-06-07,325,310,-135,1.0483870967741935,0.65
2016-06-08,121,339,40,0.35693215339233036,0.242
2016-06-09,231,360,-91,0.6416666666666667,0.462
2016-06-10,316,328,-144,0.9634146341463414,0.632
2016-06-13,246,394,-140,0.6243654822335025,0.492
2016-06-14,387,217,-104,1.7834101382488479,0.774
2016-06-15,166,288,46,0.5763888888888888,0.332
2016-06-16,327,195,-22,1.676923076923077,0.654
2016-06-17,225,367,-92,0.6130790190735694,0.45
2016-06-20,104,318,78,0.3270440251572327,0.208
2016-06-21,365,396,-261,0.9217171717171717,0.73
2016-06-22,375,335,-210,1.1194029850746268,0.75
2016-06-23,313,127,60,2.4645669291338583,0.626
2016-06-24,218,199,83,1.0954773869346734,0.436
2016-06-27,137,197,166,0.6954314720812182,0.274
2016-06-28,116,291,93,0.39862542955326463,0.232
2016-06-29,371,367,-238,1.0108991825613078,0.742
2016-06-30,232,166,102,1.3975903614457832,0.464
2016-07-01,307,320,-127,0.959375,0.614
2016-07-04,370,241,-111,1.5352697095435686,0.74
2016-07-05,308,206,-14,1.4951456310679612,0.616
2016-07-06,258,125,117,2.064,0.516
2016-07-07,157,136,207,1.1544117647058822,0.314
2016-07-08,264,288,-52,0.9166666666666666,0.528
2016-07-11,276,189,35,1.4603174603174602,0.552
2016-07-12,200,205,95,0.975609756097561,0.4
2016-07-13,394,160,-54,2.4625,0.788
2016-07-14,184,365,-49,0.5041095890410959,0.368
2016-07-15,365,159,-24,2.2955974842767297,0.73
2016-07-18,320,319,-139,1.0031347962382444,0.64
2016-07-19,135,300,65,0.45,0.27
2016-07-20,312,324,-136,0.9629629629629629,0.624
2016-07-21,324,375,-199,0.864,0.648
2016-07-22,136,260,104,0.5230769230769231,0.272
2016-07-25,264,210,26,1.2571428571428571,0.528
2016-07-26,289,276,-65,1.0471014492753623,0.578
2016-07-27,377,244,-121,1.5450819672131149,0.754
2016-07-28,305,217,-22,1.4055299539170507,0.61
2016-07-29,212,343,-55,0.6180758017492711,0.424
2016-08-01,165,149,186,1.1073825503355705,0.33
2016-08-02,159,390,-49,0.4076923076923077,0.318
2016-08-03,245,331,-76,0.7401812688821753,0.49
2016-08-04,109,151,240,0.7218543046357616,0.218
2016-08-05,114,256,130,0.4453125,0.228
2016-08-08,240,221,39,1.085972850678733,0.48
2016-08-09,145,194,161,0.7474226804123711,0.29
2016-08-10,226,215,59,1.0511627906976744,0.452
2016-08-11,291,273,-64,1.065934065934066,0.582
2016-08-12,289,123,88,2.3495934959349594,0.578
2016-08-15,141,281,78,0.501779359430605,0.282
2016-08-16,376,115,9,3.2695652173913046,0.752
2016-08-17,132,149,219,0.8859060402684564,0.264
2016-08-18,203,398,-101,0.5100502512562815,0.406
2016-08-19,391,224,-115,1.7455357142857142,0.782
2016-08-22,106,312,82,0.33974358974358976,0.212
2016-08-23,144,142,214,1.0140845070422535,0.288
2016-08-24,126,282,92,0.44680851063829785,0.252
2016-08-25,397,360,-257,1.1027777777777779,0.794
2016-08-26,339,179,-18,1.893854748603352,0.678
2016-08-29,110,220,170,0.5,0.22
2016-08-30,298,185,17,1.6108108108108108,0.596
2016-08-31,323,206,-29,1.5679611650485437,0.646
2016-09-01,215,200,85,1.075,0.43
2016-09-02,113,149,238,0.7583892617449665,0.226
2016-09-05,316,363,-179,0.8705234159779615,0.632
2016-09-06,200,386,-86,0.5181347150259067,0.4
2016-09-07,300,274,-74,1.094890510948905,0.6
2016-09-08,394,246,-140,1.6016260162601625,0.788
2016-09-09,383,158,-41,2.4240506329113924,0.766
2016-09-12,314,162,24,1.9382716049382716,0.628
2016-09-13,176,141,183,1.24822695035461,0.352
2016-09-14,398,341,-239,1.1671554252199414,0.796
2016-09-15,366,385,-251,0.9506493506493506,0.732
2016-09-16,303,272,-75,1.1139705882352942,0.606
2016-09-19,270,322,-92,0.8385093167701864,0.54
2016-09-20,291,191,18,1.5235602094240839,0.582
2016-09-21,101,111,288,0.9099099099099099,0.202
2016-09-22,387,199,-86,1.9447236180904524,0.774
2016-09-23,124,221,155,0.5610859728506787,0.248
2016-09-26,160,137,203,1.167883211678832,0.32
2016-09-27,363,243,-106,1.4938271604938271,0.726
2016-09-28,219,221,60,0.9909502262443439,0.438
2016-09-29,352,192,-44,1.8333333333333333,0.704
2016-09-30,259,377,-136,0.6870026525198939,0.518
2016-10-03,262,283,-45,0.9257950530035336,0.524
2016-10-04,305,327,-132,0.9327217125382263,0.61
2016-10-05,263,202,35,1.301980198019802,0.526
2016-10-06,273,328,-101,0.8323170731707317,0.546
2016-10-07,308,180,12,1.711111111111111,0.616
2016-10-10,103,113,284,0.911504424778761,0.206
2016-10-11,243,212,45,1.1462264150943395,0.486
2016-10-12,367,113,20,3.247787610619469,0.734
2016-10-13,354,219,-73,1.6164383561643836,0.708
2016-10-14,243,163,94,1.49079754601227,0.486
2016-10-17,157,120,223,1.3083333333333333,0.314
2016-10-18,345,292,-137,1.1815068493150684,0.69
2016-10-19,260,289,-49,0.8996539792387543,0.52
2016-10-20,248,212,40,1.169811320754717,0.496
2016-10-21,155,281,64,0.5516014234875445,0.31
2016-10-24,211,359,-70,0.5877437325905293,0.422
2016-10-25,305,204,-9,1.4950980392156863,0.61
2016-10-26,364,378,-242,0.9629629629629629,0.728
2016-10-27,117,320,63,0.365625,0.234
2016-10-28,165,169,166,0.9763313609467456,0.33
2016-10-31,228,333,-61,0.6846846846846847,0.456
2016-11-01,200,391,-91,0.5115089514066496,0.4
2016-11-02,158,375,-33,0.42133333333333334,0.316
2016-11-03,257,137,106,1.8759124087591241,0.514
2016-11-04,322,105,73,3.066666666666667,0.644
2016-11-07,337,331,-168,1.0181268882175227,0.674
2016-11-08,241,255,4,0.9450980392156862,0.482
2016-11-09,315,312,-127,1.0096153846153846,0.63
2016-11-10,115,287,98,0.40069686411149824,0.23
2016-11-11,183,197,120,0.9289340101522843,0.366
2016-11-14,398,294,-192,1.3537414965986394,0.796
2016-11-15,305,277,-82,1.1010830324909748,0.61
2016-11-16,184,265,51,0.6943396226415094,0.368
2016-11-17,376,134,-10,2.8059701492537314,0.752
2016-11-18,223,147,130,1.5170068027210883,0.446
2016-11-21,167,232,101,0.7198275862068966,0.334
2016-11-22,238,251,11,0.9482071713147411,0.476
2016-11-23,214,344,-58,0.622093023255814,0.428
2016-11-24,372,200,-72,1.86,0.744
2016-11-25,277,153,70,1.8104575163398693,0.554
2016-11-28,232,351,-83,0.6609686609686609,0.464
2016-11-29,116,335,49,0.34626865671641793,0.232
2016-11-30,306,105,89,2.914285714285714,0.612
2016-12-01,354,351,-205,1.0085470085470085,0.708
2016-12-02,182,272,46,0.6691176470588235,0.364
2016-12-05,106,204,190,0.5196078431372549,0.212
2016-12-06,217,144,139,1.5069444444444444,0.434
2016-12-07,118,290,92,0.4068965517241379,0.236
2016-12-08,312,179,9,1.7430167597765363,0.624
2016-12-09,390,259,-149,1.505791505791506,0.78
2016-12-12,319,205,-24,1.5560975609756098,0.638
2016-12-13,250,296,-46,0.8445945945945946,0.5
2016-12-14,205,298,-3,0.6879194630872483,0.41
2016-12-15,284,167,49,1.7005988023952097,0.568
2016-12-16,285,380,-165,0.75,0.57
2016-12-19,396,382,-278,1.036649214659686,0.792
2016-12-20,288,361,-149,0.7977839335180056,0.576
2016-12-21,212,220,68,0.9636363636363636,0.424
2016-12-22,294,135,71,2.1777777777777776,0.588
2016-12-23,356,188,-44,1.8936170212765957,0.712
2016-12-26,102,309,89,0.3300970873786408,0.204
2016-12-27,184,231,85,0.7965367965367965,0.368
2016-12-28,294,104,102,2.826923076923077,0.588
2016-12-29,332,283,-115,1.1731448763250882,0.664
2016-12-30,305,295,-100,1.0338983050847457,0.61
2017-01-02,335,389,-224,0.8611825192802056,0.67
2017-01-03,238,373,-111,0.6380697050938338,0.476
2017-01-04,394,373,-267,1.0563002680965148,0.788
2017-01-05,370,347,-217,1.0662824207492796,0.74
2017-01-06,340,236,-76,1.4406779661016949,0.68
2017-01-09,161,130,209,1.2384615384615385,0.322
2017-01-10,250,210,40,1.1904761904761905,0.5
2017-01-11,265,346,-111,0.7658959537572254,0.53
2017-01-12,101,322,77,0.3136645962732919,0.202
2017-01-13,148,306,46,0.48366013071895425,0.296
2017-01-16,135,348,17,0.3879310344827586,0.27
2017-01-17,359,329,-188,1.0911854103343466,0.718
2017-01-18,392,128,-20,3.0625,0.784
2017-01-19,176,146,178,1.2054794520547945,0.352
2017-01-20,351,288,-139,1.21875,0.702
2017-01-23,218,380,-98,0.5736842105263158,0.436
2017-01-24,366,306,-172,1.196078431372549,0.732
2017-01-25,340,296,-136,1.1486486486486487,0.68
2017-01-26,285,240,-25,1.1875,0.57
2017-01-27,316,100,84,3.16,0.632
2017-01-30,318,211,-29,1.5071090047393365,0.636
2017-01-31,244,364,-108,0.6703296703296703,0.488
2017-02-01,297,144,59,2.0625,0.594
2017-02-02,302,266,-68,1.1353383458646618,0.604
2017-02-03,191,188,121,1.0159574468085106,0.382
2017-02-06,145,263,92,0.5513307984790875,0.29
2017-02-07,373,129,-2,2.891472868217054,0.746
2017-02-08,262,292,-54,0.8972602739726028,0.524
2017-02-09,228,108,164,2.111111111111111,0.456
2017-02-10,261,250,-11,1.044,0.522
2017-02-13,279,275,-54,1.0145454545454546,0.558
2017-02-14,249,346,-95,0.7196531791907514,0.498
2017-02-15,284,266,-50,1.0676691729323309,0.568
2017-02-16,263,334,-97,0.7874251497005988,0.526
2017-02-17,232,394,-126,0.5888324873096447,0.464
2017-02-20,171,340,-11,0.5029411764705882,0.342
2017-02-21,170,350,-20,0.4857142857142857,0.34
2017-02-22,302,297,-99,1.0168350168350169,0.604
2017-02-23,195,108,197,1.8055555555555556,0.39
2017-02-24,168,344,-12,0.4883720930232558,0.336
2017-02-27,290,149,61,1.9463087248322148,0.58
2017-02-28,289,372,-161,0.7768817204301075,0.578
2017-03-01,258,137,105,1.8832116788321167,0.516
2017-03-02,289,182,29,1.5879120879120878,0.578
2017-03-03,137,216,147,0.6342592592592593,0.274
2017-03-06,214,105,181,2.038095238095238,0.428
2017-03-07,276,294,-70,0.9387755102040817,0.552
2017-03-08,283,274,-57,1.032846715328467,0.566
2017-03-09,351,192,-43,1.828125,0.702
2017-03-10,159,282,59,0.5638297872340425,0.318
2017-03-13,293,141,66,2.078014184397163,0.586
2017-03-14,307,195,-2,1.5743589743589743,0.614
2017-03-15,241,328,-69,0.7347560975609756,0.482
2017-03-16,100,309,91,0.32362459546925565,0.2
2017-03-17,264,264,-28,1.0,0.528
2017-03-20,289,100,111,2.89,0.578
2017-03-21,286,396,-182,0.7222222222222222,0.572
2017-03-22,249,225,26,1.1066666666666667,0.498
2017-03-23,391,163,-54,2.3987730061349692,0.782
2017-03-24,277,194,29,1.4278350515463918,0.554
2017-03-27,362,101,37,3.5841584158415842,0.724
2017-03-28,144,149,207,0.9664429530201343,0.288
2017-03-29,275,290,-65,0.9482758620689655,0.55
2017-03-30,105,250,145,0.42,0.21
2017-03-31,219,236,45,0.9279661016949152,0.438
2017-04-03,229,169,102,1.3550295857988166,0.458
2017-04-04,379,350,-229,1.082857142857143,0.758
2017-04-05,205,325,-30,0.6307692307692307,0.41
2017-04-06,165,231,104,0.7142857142857143,0.33
2017-04-07,224,306,-30,0.7320261437908496,0.448
2017-04-10,373,233,-106,1.6008583690987124,0.746
2017-04-11,224,197,79,1.1370558375634519,0.448
2017-04-12,356,148,-4,2.4054054054054053,0.712
2017-04-13,362,191,-53,1.8952879581151831,0.724
2017-04-14,173,175,152,0.9885714285714285,0.346
2017-04-17,375,367,-242,1.021798365122616,0.75
2017-04-18,214,114,172,1.8771929824561404,0.428
2017-04-19,332,325,-157,1.0215384615384615,0.664
2017-04-20,112,126,262,0.8888888888888888,0.224
2017-04-21,162,299,39,0.5418060200668896,0.324
2017-04-24,397,227,-124,1.748898678414097,0.794
2017-04-25,118,121,261,0.9752066115702479,0.236
2017-04-26,262,229,9,1.1441048034934498,0.524
2017-04-27,238,244,18,0.9754098360655737,0.476
2017-04-28,244,284,-28,0.8591549295774648,0.488
2017-05-01,302,100,98,3.02,0.604
2017-05-02,157,347,-4,0.45244956772334294,0.314
2017-05-03,213,325,-38,0.6553846153846153,0.426
2017-05-04,386,323,-209,1.195046439628483,0.772
2017-05-05,251,141,108,1.7801418439716312,0.502
2017-05-08,128,364,8,0.3516483516483517,0.256
2017-05-09,220,147,133,1.4965986394557824,0.44
2017-05-10,237,326,-63,0.7269938650306749,0.474
2017-05-11,305,241,-46,1.2655601659751037,0.61
2017-05-12,325,152,23,2.138157894736842,0.65
2017-05-15,370,125,5,2.96,0.74
2017-05-16,298,243,-41,1.2263374485596708,0.596
2017-05-17,232,394,-126,0.5888324873096447,0.464
2017-05-18,234,242,24,0.9669421487603306,0.468
2017-05-19,283,220,-3,1.2863636363636364,0.566
2017-05-22,211,350,-61,0.6028571428571429,0.422
2017-05-23,354,290,-144,1.2206896551724138,0.708
2017-05-24,387,108,5,3.5833333333333335,0.774
2017-05-25,111,392,-3,0.28316326530612246,0.222
2017-05-26,337,205,-42,1.6439024390243901,0.674
2017-05-29,132,314,54,0.42038216560509556,0.264
2017-05-30,187,178,135,1.050561797752809,0.374
2017-05-31,380,190,-70,2.0,0.76
2017-06-01,332,206,-38,1.6116504854368932,0.664
2017-06-02,220,164,116,1.3414634146341464,0.44
2017-06-05,125,290,85,0.43103448275862066,0.25
2017-06-06,182,317,1,0.5741324921135647,0.364
2017-06-07,241,201,58,1.199004975124378,0.482
2017-06-08,137,390,-27,0.35128205128205126,0.274
2017-06-09,352,341,-193,1.032258064516129,0.704
2017-06-12,300,280,-80,1.0714285714285714,0.6
2017-06-13,299,148,53,2.02027027027027,0.598
2017-06-14,318,271,-89,1.1734317343173433,0.636
2017-06-15,159,189,152,0.8412698412698413,0.318
2017-06-16,305,204,-9,1.4950980392156863,0.61
2017-06-19,393,272,-165,1.4448529411764706,0.786
2017-06-20,106,257,137,0.41245136186770426,0.212
2017-06-21,136,389,-25,0.3496143958868895,0.272
2017-06-22,299,357,-156,0.8375350140056023,0.598
2017-06-23,230,171,99,1.345029239766082,0.46
2017-06-26,211,337,-48,0.6261127596439169,0.422
2017-06-27,388,245,-133,1.583673469387755,0.776
2017-06-28,162,227,111,0.7136563876651982,0.324
2017-06-29,337,294,-131,1.1462585034013606,0.674
2017-06-30,110,102,288,1.0784313725490196,0.22
2017-07-03,396,304,-200,1.3026315789473684,0.792
2017-07-04,238,232,30,1.0258620689655173,0.476
2017-07-05,121,378,1,0.3201058201058201,0.242
2017-07-06,234,349,-83,0.670487106017192,0.468
2017-07-07,154,213,133,0.7230046948356808,0.308
2017-07-10,294,126,80,2.3333333333333335,0.588
2017-07-11,271,339,-110,0.799410029498525,0.542
2017-07-12,219,284,-3,0.7711267605633803,0.438
2017-07-13,279,184,37,1.516304347826087,0.558
2017-07-14,291,293,-84,0.9931740614334471,0.582
2017-07-17,185,130,185,1.4230769230769231,0.37
2017-07-18,297,181,22,1.6408839779005524,0.594
2017-07-19,352,158,-10,2.2278481012658227,0.704
2017-07-20,370,295,-165,1.2542372881355932,0.74
2017-07-21,181,371,-52,0.48787061994609165,0.362
2017-07-24,339,162,-1,2.0925925925925926,0.678
2017-07-25,185,356,-41,0.5196629213483146,0.37
2017-07-26,168,323,9,0.5201238390092879,0.336
2017-07-27,118,267,115,0.4419475655430712,0.236
2017-07-28,379,213,-92,1.7793427230046948,0.758
2017-07-31,298,109,93,2.7339449541284404,0.596
2017-08-01,172,136,192,1.2647058823529411,0.344
2017-08-02,370,220,-90,1.6818181818181819,0.74
2017-08-03,151,359,-10,0.4206128133704735,0.302
2017-08-04,221,137,142,1.6131386861313868,0.442
2017-08-07,105,129,266,0.813953488372093,0.21
2017-08-08,216,244,40,0.8852459016393442,0.432
2017-08-09,269,277,-46,0.9711191335740073,0.538
2017-08-10,114,258,128,0.4418604651162791,0.228
2017-08-11,271,188,41,1.4414893617021276,0.542
2017-08-14,263,290,-53,0.906896551724138,0.526
2017-08-15,348,204,-52,1.7058823529411764,0.696
2017-08-16,292,340,-132,0.8588235294117647,0.584
2017-08-17,254,350,-104,0.7257142857142858,0.508
2017-08-18,399,192,-91,2.078125,0.798
2017-08-21,289,125,86,2.312,0.578
2017-08-22,227,327,-54,0.6941896024464832,0.454
2017-08-23,262,398,-160,0.6582914572864321,0.524
2017-08-24,119,191,190,0.6230366492146597,0.238
2017-08-25,338,352,-190,0.9602272727272727,0.676
2017-08-28,123,244,133,0.5040983606557377,0.246
2017-08-29,220,253,27,0.8695652173913043,0.44
2017-08-30,179,317,4,0.5646687697160884,0.358
2017-08-31,394,234,-128,1.6837606837606838,0.788
2017-09-01,116,202,182,0.5742574257425742,0.232
2017-09-04,110,122,268,0.9016393442622951,0.22
2017-09-05,265,264,-29,1.003787878787879,0.53
2017-09-06,189,181,130,1.0441988950276244,0.378
2017-09-07,334,135,31,2.474074074074074,0.668
2017-09-08,341,368,-209,0.9266304347826086,0.682
2017-09-11,266,180,54,1.4777777777777779,0.532
2017-09-12,351,277,-128,1.2671480144404332,0.702
2017-09-13,324,216,-40,1.5,0.648
2017-09-14,284,356,-140,0.797752808988764,0.568
2017-09-15,385,217,-102,1.7741935483870968,0.77
2017-09-18,266,117,117,2.2735042735042734,0.532
2017-09-19,112,188,200,0.5957446808510638,0.224
2017-09-20,195,306,-1,0.6372549019607843,0.39
2017-09-21,394,336,-230,1.1726190476190477,0.788
2017-09-22,288,314,-102,0.9171974522292994,0.576
2017-09-25,238,303,-41,0.7854785478547854,0.476
2017-09-26,277,315,-92,0.8793650793650793,0.554
2017-09-27,292,362,-154,0.8066298342541437,0.584
2017-09-28,215,398,-113,0.5402010050251256,0.43
2017-09-29,316,133,51,2.3759398496240602,0.632
2017-10-02,305,372,-177,0.8198924731182796,0.61
2017-10-03,359,252,-111,1.4246031746031746,0.718
2017-10-04,346,224,-70,1.5446428571428572,0.692
2017-10-05,149,319,32,0.4670846394984326,0.298
2017-10-06,169,132,199,1.2803030303030303,0.338
2017-10-09,370,347,-217,1.0662824207492796,0.74
2017-10-10,326,281,-107,1.1601423487544484,0.652
2017-10-11,295,228,-23,1.293859649122807,0.59
2017-10-12,332,346,-178,0.9595375722543352,0.664
2017-10-13,326,293,-119,1.1126279863481228,0.652
2017-10-16,184,206,110,0.8932038834951457,0.368
2017-10-17,331,302,-133,1.096026490066225,0.662
2017-10-18,177,326,-3,0.5429447852760736,0.354
2017-10-19,176,201,123,0.8756218905472637,0.352
2017-10-20,267,177,56,1.5084745762711864,0.534
2017-10-23,229,202,69,1.1336633663366336,0.458
2017-10-24,366,281,-147,1.302491103202847,0.732
2017-10-25,149,240,111,0.6208333333333333,0.298
2017-10-26,186,165,149,1.1272727272727272,0.372
2017-10-27,132,375,-7,0.352,0.264
2017-10-30,298,181,21,1.6464088397790055,0.596
2017-10-31,389,286,-175,1.3601398601398602,0.778
2017-11-01,295,341,-136,0.8651026392961877,0.59
2017-11-02,395,340,-235,1.161764705882353,0.79
2017-11-03,275,283,-58,0.9717314487632509,0.55
2017-11-06,157,229,114,0.6855895196506551,0.314
2017-11-07,282,147,71,1.9183673469387754,0.564
2017-11-08,106,117,277,0.905982905982906,0.212
2017-11-09,132,122,246,1.0819672131147542,0.264
2017-11-10,215,153,132,1.4052287581699345,0.43
2017-11-13,148,318,34,0.46540880503144655,0.296
2017-11-14,298,217,-15,1.3732718894009217,0.596
2017-11-15,294,193,13,1.5233160621761659,0.588
2017-11-16,385,300,-185,1.2833333333333334,0.77
2017-11-17,125,182,193,0.6868131868131868,0.25
2017-11-20,134,276,90,0.4855072463768116,0.268
2017-11-21,370,185,-55,2.0,0.74
2017-11-22,373,315,-188,1.1841269841269841,0.746
2017-11-23,202,328,-30,0.6158536585365854,0.404
2017-11-24,211,199,90,1.0603015075376885,0.422
2017-11-27,226,231,43,0.9783549783549783,0.452
2017-11-28,170,391,-61,0.43478260869565216,0.34
2017-11-29,301,298,-99,1.0100671140939597,0.602
2017-11-30,229,142,129,1.6126760563380282,0.458
2017-12-01,348,375,-223,0.928,0.696
2017-12-04,307,210,-17,1.4619047619047618,0.614
2017-12-05,343,142,15,2.415492957746479,0.686
2017-12-06,326,103,71,3.1650485436893203,0.652
2017-12-07,376,267,-143,1.408239700374532,0.752
2017-12-08,369,300,-169,1.23,0.738
2017-12-11,172,279,49,0.6164874551971327,0.344
2017-12-12,325,398,-223,0.8165829145728644,0.65
2017-12-13,355,123,22,2.886178861788618,0.71
2017-12-14,189,395,-84,0.47848101265822784,0.378
2017-12-15,369,280,-149,1.3178571428571428,0.738
2017-12-18,156,143,201,1.0909090909090908,0.312
2017-12-19,316,285,-101,1.1087719298245613,0.632
2017-12-20,196,320,-16,0.6125,0.392
2017-12-21,388,268,-156,1.4477611940298507,0.776
2017-12-22,297,290,-87,1.0241379310344827,0.594
2017-12-25,279,221,0,1.262443438914027,0.558
2017-12-26,365,145,-10,2.5172413793103448,0.73
2017-12-27,338,198,-36,1.707070707070707,0.676
2017-12-28,118,338,44,0.34911242603550297,0.236
2017-12-29,219,296,-15,0.7398648648648649,0.438
2018-01-01,286,154,60,1.8571428571428572,0.572
2018-01-02,363,278,-141,1.3057553956834533,0.726
2018-01-03,214,158,128,1.3544303797468353,0.428
2018-01-04,105,381,14,0.2755905511811024,0.21
2018-01-05,385,147,-32,2.619047619047619,0.77
2018-01-08,291,160,49,1.81875,0.582
2018-01-09,171,209,120,0.8181818181818182,0.342
2018-01-10,120,281,99,0.42704626334519574,0.24
2018-01-11,130,228,142,0.5701754385964912,0.26
2018-01-12,129,263,108,0.49049429657794674,0.258
2018-01-15,155,190,155,0.8157894736842105,0.31
2018-01-16,301,158,41,1.9050632911392404,0.602
2018-01-17,311,157,32,1.980891719745223,0.622
2018-01-18,215,141,144,1.524822695035461,0.43
2018-01-19,222,132,146,1.6818181818181819,0.444
2018-01-22,258,232,10,1.1120689655172413,0.516
2018-01-23,129,100,271,1.29,0.258
2018-01-24,230,173,97,1.329479768786127,0.46
2018-01-25,134,359,7,0.3732590529247911,0.268
2018-01-26,253,234,13,1.0811965811965811,0.506
2018-01-29,163,316,21,0.5158227848101266,0.326
2018-01-30,128,177,195,0.7231638418079096,0.256
2018-01-31,362,135,3,2.6814814814814816,0.724
2018-02-01,297,388,-185,0.7654639175257731,0.594
2018-02-02,335,388,-223,0.8634020618556701,0.67
2018-02-05,340,163,-3,2.085889570552147,0.68
2018-02-06,373,346,-219,1.0780346820809248,0.746
2018-02-07,114,379,7,0.3007915567282322,0.228
2018-02-08,265,238,-3,1.1134453781512605,0.53
2018-02-09,366,335,-201,1.0925373134328358,0.732
2018-02-12,313,182,5,1.7197802197802199,0.626
2018-02-13,310,202,-12,1.5346534653465347,0.62
2018-02-14,393,369,-262,1.065040650406504,0.786
2018-02-15,273,159,68,1.7169811320754718,0.546
2018-02-16,113,146,241,0.773972602739726,0.226
2018-02-19,337,372,-209,0.9059139784946236,0.674
2018-02-20,222,219,59,1.0136986301369864,0.444
2018-02-21,169,366,-35,0.46174863387978143,0.338
2018-02-22,138,178,184,0.7752808988764045,0.276
2018-02-23,173,213,114,0.812206572769953,0.346
2018-02-26,245,289,-34,0.8477508650519031,0.49
2018-02-27,373,186,-59,2.0053763440860215,0.746
2018-02-28,278,267,-45,1.0411985018726593,0.556
2018-03-01,375,105,20,3.5714285714285716,0.75
2018-03-02,166,318,16,0.5220125786163522,0.332
2018-03-05,205,126,169,1.626984126984127,0.41
2018-03-06,291,159,50,1.830188679245283,0.582
2018-03-07,397,351,-248,1.131054131054131,0.794
2018-03-08,397,320,-217,1.240625,0.794
2018-03-09,324,265,-89,1.2226415094339622,0.648
2018-03-12,179,236,85,0.7584745762711864,0.358
2018-03-13,277,260,-37,1.0653846153846154,0.554
2018-03-14,399,122,-21,3.2704918032786887,0.798
2018-03-15,207,313,-20,0.6613418530351438,0.414
2018-03-16,127,272,101,0.46691176470588236,0.254
2018-03-19,141,110,249,1.2818181818181817,0.282
2018-03-20,219,126,155,1.7380952380952381,0.438
2018-03-21,383,376,-259,1.0186170212765957,0.766
2018-03-22,268,295,-63,0.9084745762711864,0.536
2018-03-23,110,192,198,0.5729166666666666,0.22
2018-03-26,104,210,186,0.49523809523809526,0.208
2018-03-27,281,196,23,1.433673469387755,0.562
2018-03-28,334,235,-69,1.421276595744681,0.668
2018-03-29,388,148,-36,2.6216216216216215,0.776
2018-03-30,104,368,28,0.2826086956521739,0.208
2018-04-02,240,171,89,1.4035087719298245,0.48
2018-04-03,124,143,233,0.8671328671328671,0.248
2018-04-04,152,274,74,0.5547445255474452,0.304
2018-04-05,298,385,-183,0.7740259740259741,0.596
2018-04-06,275,161,64,1.7080745341614907,0.55
2018-04-09,356,344,-200,1.0348837209302326,0.712
2018-04-10,343,146,11,2.3493150684931505,0.686
2018-04-11,164,349,-13,0.4699140401146132,0.328
2018-04-12,168,369,-37,0.45528455284552843,0.336
2018-04-13,333,244,-77,1.3647540983606556,0.666
2018-04-16,263,163,74,1.6134969325153374,0.526
2018-04-17,286,368,-154,0.7771739130434783,0.572
2018-04-18,319,279,-98,1.1433691756272402,0.638
2018-04-19,160,375,-35,0.4266666666666667,0.32
2018-04-20,390,385,-275,1.0129870129870129,0.78
2018-04-23,396,380,-276,1.0421052631578946,0.792
2018-04-24,213,268,19,0.7947761194029851,0.426
2018-04-25,192,187,121,1.0267379679144386,0.384
2018-04-26,160,148,192,1.0810810810810811,0.32
2018-04-27,268,185,47,1.4486486486486487,0.536
2018-04-30,271,304,-75,0.8914473684210527,0.542
2018-05-01,337,385,-222,0.8753246753246753,0.674
2018-05-02,136,136,228,1.0,0.272
2018-05-03,232,363,-95,0.6391184573002755,0.464
2018-05-04,177,289,34,0.6124567474048442,0.354
2018-05-07,366,388,-254,0.9432989690721649,0.732
2018-05-08,238,235,27,1.0127659574468084,0.476
2018-05-09,381,362,-243,1.0524861878453038,0.762
2018-05-10,274,128,98,2.140625,0.548
2018-05-11,236,227,37,1.039647577092511,0.472
2018-05-14,278,194,28,1.4329896907216495,0.556
2018-05-15,113,110,277,1.0272727272727273,0.226
2018-05-16,175,253,72,0.691699604743083,0.35
2018-05-17,131,377,-8,0.34748010610079577,0.262
2018-05-18,221,111,168,1.990990990990991,0.442
2018-05-21,353,225,-78,1.568888888888889,0.706
2018-05-22,111,352,37,0.3153409090909091,0.222
2018-05-23,206,339,-45,0.6076696165191741,0.412
2018-05-24,356,353,-209,1.0084985835694051,0.712
2018-05-25,325,365,-190,0.8904109589041096,0.65
2018-05-28,155,130,215,1.1923076923076923,0.31
2018-05-29,234,225,41,1.04,0.468
2018-05-30,288,150,62,1.92,0.576
2018-05-31,253,288,-41,0.8784722222222222,0.506
2018-06-01,139,213,148,0.6525821596244131,0.278
2018-06-04,302,278,-80,1.0863309352517985,0.604
2018-06-05,271,210,19,1.2904761904761906,0.542
2018-06-06,188,188,124,1.0,0.376
2018-06-07,269,315,-84,0.8539682539682539,0.538
2018-06-08,146,162,192,0.9012345679012346,0.292
2018-06-11,139,346,15,0.40173410404624277,0.278
2018-06-12,238,347,-85,0.6858789625360231,0.476
2018-06-13,238,125,137,1.904,0.476
2018-06-14,145,376,-21,0.38563829787234044,0.29
2018-06-15,295,260,-55,1.1346153846153846,0.59
2018-06-18,238,220,42,1.0818181818181818,0.476
2018-06-19,216,342,-58,0.631578947368421,0.432
2018-06-20,118,320,62,0.36875,0.236
2018-06-21,254,364,-118,0.6978021978021978,0.508
2018-06-22,181,238,81,0.7605042016806722,0.362
2018-06-25,151,177,172,0.8531073446327684,0.302
2018-06-26,318,121,61,2.628099173553719,0.636
2018-06-27,343,156,1,2.198717948717949,0.686
2018-06-28,223,279,-2,0.7992831541218638,0.446
2018-06-29,219,303,-22,0.7227722772277227,0.438
2018-07-02,285,394,-179,0.7233502538071066,0.57
2018-07-03,199,216,85,0.9212962962962963,0.398
2018-07-04,181,371,-52,0.48787061994609165,0.362
2018-07-05,364,395,-259,0.9215189873417722,0.728
2018-07-06,369,385,-254,0.9584415584415584,0.738
2018-07-09,371,182,-53,2.0384615384615383,0.742
2018-07-10,211,196,93,1.0765306122448979,0.422
2018-07-11,134,274,92,0.48905109489051096,0.268
2018-07-12,132,206,162,0.6407766990291263,0.264
2018-07-13,178,360,-38,0.49444444444444446,0.356
2018-07-16,308,110,82,2.8,0.616
2018-07-17,256,308,-64,0.8311688311688312,0.512
2018-07-18,105,161,234,0.6521739130434783,0.21
2018-07-19,154,101,245,1.5247524752475248,0.308
2018-07-20,349,355,-204,0.9830985915492958,0.698
2018-07-23,152,183,165,0.8306010928961749,0.304
2018-07-24,390,337,-227,1.1572700296735905,0.78
2018-07-25,205,284,11,0.721830985915493,0.41
2018-07-26,320,184,-4,1.7391304347826086,0.64
2018-07-27,359,333,-192,1.078078078078078,0.718
2018-07-30,250,258,-8,0.9689922480620154,0.5
2018-07-31,255,158,87,1.6139240506329113,0.51
2018-08-01,136,152,212,0.8947368421052632,0.272
2018-08-02,134,320,46,0.41875,0.268
2018-08-03,386,205,-91,1.8829268292682926,0.772
2018-08-06,396,221,-117,1.7918552036199096,0.792
2018-08-07,239,287,-26,0.8327526132404182,0.478
2018-08-08,114,315,71,0.3619047619047619,0.228
2018-08-09,350,162,-12,2.1604938271604937,0.7
2018-08-10,210,120,170,1.75,0.42
2018-08-13,270,223,7,1.210762331838565,0.54
2018-08-14,371,115,14,3.226086956521739,0.742
2018-08-15,298,239,-37,1.2468619246861925,0.596
2018-08-16,280,161,59,1.7391304347826086,0.56
2018-08-17,104,364,32,0.2857142857142857,0.208
2018-08-20,218,210,72,1.0380952380952382,0.436
2018-08-21,365,356,-221,1.0252808988764044,0.73
2018-08-22,377,281,-158,1.3416370106761566,0.754
2018-08-23,284,210,6,1.3523809523809525,0.568
2018-08-24,262,366,-128,0.7158469945355191,0.524
2018-08-27,146,398,-44,0.36683417085427134,0.292
2018-08-28,184,327,-11,0.5626911314984709,0.368
2018-08-29,228,117,155,1.9487179487179487,0.456
2018-08-30,221,294,-15,0.7517006802721088,0.442
2018-08-31,153,166,181,0.9216867469879518,0.306
2018-09-03,252,276,-28,0.9130434782608695,0.504
2018-09-04,159,146,195,1.0890410958904109,0.318
2018-09-05,320,119,61,2.689075630252101,0.64
2018-09-06,329,345,-174,0.9536231884057971,0.658
2018-09-07,116,141,243,0.8226950354609929,0.232
2018-09-10,331,163,6,2.0306748466257667,0.662
2018-09-11,353,265,-118,1.3320754716981131,0.706
2018-09-12,103,357,40,0.28851540616246496,0.206
2018-09-13,265,384,-149,0.6901041666666666,0.53
2018-09-14,354,332,-186,1.0662650602409638,0.708
2018-09-17,373,302,-175,1.2350993377483444,0.746
2018-09-18,373,345,-218,1.0811594202898551,0.746
2018-09-19,200,149,151,1.342281879194631,0.4
2018-09-20,394,357,-251,1.1036414565826331,0.788
2018-09-21,399,274,-173,1.4562043795620438,0.798
2018-09-24,304,331,-135,0.918429003021148,0.608
2018-09-25,200,319,-19,0.6269592476489029,0.4
2018-09-26,365,246,-111,1.483739837398374,0.73
2018-09-27,306,287,-93,1.0662020905923344,0.612
2018-09-28,328,313,-141,1.0479233226837061,0.656
2018-10-01,331,238,-69,1.3907563025210083,0.662
2018-10-02,248,398,-146,0.6231155778894473,0.496
2018-10-03,293,255,-48,1.1490196078431372,0.586
2018-10-04,249,220,31,1.1318181818181818,0.498
2018-10-05,144,333,23,0.43243243243243246,0.288
2018-10-08,314,215,-29,1.4604651162790698,0.628
2018-10-09,242,162,96,1.4938271604938271,0.484
2018-10-10,278,305,-83,0.9114754098360656,0.556
2018-10-11,229,194,77,1.1804123711340206,0.458
2018-10-12,396,169,-65,2.3431952662721893,0.792
2018-10-15,104,229,167,0.45414847161572053,0.208
2018-10-16,327,232,-59,1.4094827586206897,0.654
2018-10-17,125,274,101,0.4562043795620438,0.25
2018-10-18,245,193,62,1.2694300518134716,0.49
2018-10-19,147,367,-14,0.40054495912806537,0.294
2018-10-22,280,109,111,2.5688073394495414,0.56
2018-10-23,225,228,47,0.9868421052631579,0.45
2018-10-24,291,226,-17,1.2876106194690264,0.582
2018-10-25,388,393,-281,0.9872773536895675,0.776
2018-10-26,390,322,-212,1.2111801242236024,0.78
2018-10-29,201,201,98,1.0,0.402
2018-10-30,309,268,-77,1.1529850746268657,0.618
2018-10-31,170,206,124,0.8252427184466019,0.34
2018-11-01,278,174,48,1.5977011494252873,0.556
2018-11-02,340,291,-131,1.168384879725086,0.68
2018-11-05,357,182,-39,1.9615384615384615,0.714
2018-11-06,115,396,-11,0.2904040404040404,0.23
2018-11-07,194,104,202,1.8653846153846154,0.388
2018-11-08,308,224,-32,1.375,0.616
2018-11-09,313,139,48,2.2517985611510793,0.626
2018-11-12,127,353,20,0.3597733711048159,0.254
2018-11-13,339,241,-80,1.4066390041493777,0.678
2018-11-14,206,269,25,0.7657992565055762,0.412
2018-11-15,101,224,175,0.45089285714285715,0.202
2018-11-16,108,103,289,1.0485436893203883,0.216
2018-11-19,153,200,147,0.765,0.306
2018-11-20,300,166,34,1.8072289156626506,0.6
2018-11-21,263,313,-76,0.8402555910543131,0.526
2018-11-22,333,198,-31,1.6818181818181819,0.666
2018-11-23,333,230,-63,1.4478260869565218,0.666
2018-11-26,267,299,-66,0.8929765886287625,0.534
2018-11-27,341,122,37,2.7950819672131146,0.682
2018-11-28,262,123,115,2.130081300813008,0.524
2018-11-29,236,289,-25,0.8166089965397924,0.472
2018-11-30,358,230,-88,1.5565217391304347,0.716
2018-12-03,167,270,63,0.6185185185185185,0.334
2018-12-04,250,136,114,1.838235294117647,0.5
2018-12-05,179,119,202,1.504201680672269,0.358
2018-12-06,237,336,-73,0.7053571428571429,0.474
2018-12-07,218,294,-12,0.7414965986394558,0.436
2018-12-10,293,391,-184,0.7493606138107417,0.586
2018-12-11,243,306,-49,0.7941176470588235,0.486
2018-12-12,327,365,-192,0.8958904109589041,0.654
2018-12-13,121,364,15,0.3324175824175824,0.242
2018-12-14,312,308,-120,1.0129870129870129,0.624
2018-12-17,128,353,19,0.3626062322946176,0.256
2018-12-18,181,188,131,0.9627659574468085,0.362
2018-12-19,253,347,-100,0.729106628242075,0.506
2018-12-20,309,294,-103,1.0510204081632653,0.618
2018-12-21,128,129,243,0.9922480620155039,0.256
2018-12-24,329,216,-45,1.5231481481481481,0.658
2018-12-25,113,179,208,0.6312849162011173,0.226
2018-12-26,171,382,-53,0.4476439790575916,0.342
2018-12-27,143,333,24,0.4294294294294294,0.286
2018-12-28,334,342,-176,0.9766081871345029,0.668
2018-12-31,242,203,55,1.1921182266009853,0.484
2019-01-01,108,151,241,0.7152317880794702,0.216
2019-01-02,293,155,52,1.8903225806451613,0.586
2019-01-03,258,241,1,1.070539419087137,0.516
2019-01-04,101,184,215,0.5489130434782609,0.202
2019-01-07,321,281,-102,1.1423487544483986,0.642
2019-01-08,253,131,116,1.9312977099236641,0.506
2019-01-09,104,255,141,0.40784313725490196,0.208
2019-01-10,285,174,41,1.6379310344827587,0.57
2019-01-11,372,243,-115,1.5308641975308641,0.744
2019-01-14,292,364,-156,0.8021978021978022,0.584
2019-01-15,357,107,36,3.336448598130841,0.714
2019-01-16,369,131,0,2.816793893129771,0.738
2019-01-17,167,376,-43,0.4441489361702128,0.334
2019-01-18,189,295,16,0.6406779661016949,0.378
2019-01-21,231,394,-125,0.5862944162436549,0.462
2019-01-22,222,282,-4,0.7872340425531915,0.444
2019-01-23,110,361,29,0.3047091412742382,0.22
2019-01-24,342,210,-52,1.6285714285714286,0.684
2019-01-25,161,237,102,0.679324894514768,0.322
2019-01-28,145,241,114,0.6016597510373444,0.29
2019-01-29,323,352,-175,0.9176136363636364,0.646
2019-01-30,241,216,43,1.1157407407407407,0.482
2019-01-31,263,344,-107,0.7645348837209303,0.526
2019-02-01,115,208,177,0.5528846153846154,0.23
2019-02-04,208,243,49,0.8559670781893004,0.416
2019-02-05,130,179,191,0.7262569832402235,0.26
2019-02-06,209,218,73,0.9587155963302753,0.418
2019-02-07,260,196,44,1.3265306122448979,0.52
2019-02-08,169,133,198,1.2706766917293233,0.338
2019-02-11,282,396,-178,0.7121212121212122,0.564
2019-02-12,268,375,-143,0.7146666666666667,0.536
2019-02-13,360,110,30,3.272727272727273,0.72
2019-02-14,227,320,-47,0.709375,0.454
2019-02-15,280,330,-110,0.8484848484848485,0.56
2019-02-18,200,289,11,0.6920415224913494,0.4
2019-02-19,394,153,-47,2.5751633986928106,0.788
2019-02-20,141,200,159,0.705,0.282
2019-02-21,165,203,132,0.812807881773399,0.33
2019-02-22,387,156,-43,2.480769230769231,0.774
2019-02-25,144,140,216,1.0285714285714285,0.288
2019-02-26,201,130,169,1.5461538461538462,0.402
2019-02-27,185,276,39,0.6702898550724637,0.37
2019-02-28,395,156,-51,2.532051282051282,0.79
2019-03-01,101,307,92,0.3289902280130293,0.202
2019-03-04,396,305,-201,1.298360655737705,0.792
2019-03-05,268,233,-1,1.150214592274678,0.536
2019-03-06,196,156,148,1.2564102564102564,0.392
2019-03-07,246,337,-83,0.7299703264094956,0.492
2019-03-08,284,259,-43,1.0965250965250966,0.568
2019-03-11,303,363,-166,0.8347107438016529,0.606
2019-03-12,125,162,213,0.7716049382716049,0.25
2019-03-13,115,209,176,0.5502392344497608,0.23
2019-03-14,277,245,-22,1.1306122448979592,0.554
2019-03-15,378,385,-263,0.9818181818181818,0.756
2019-03-18,288,163,49,1.7668711656441718,0.576
2019-03-19,112,210,178,0.5333333333333333,0.224
2019-03-20,311,373,-184,0.8337801608579088,0.622
2019-03-21,171,207,122,0.8260869565217391,0.342
2019-03-22,171,375,-46,0.456,0.342
2019-03-25,384,301,-185,1.2757475083056478,0.768
2019-03-26,223,312,-35,0.7147435897435898,0.446
2019-03-27,240,290,-30,0.8275862068965517,0.48
2019-03-28,206,324,-30,0.6358024691358025,0.412
2019-03-29,373,219,-92,1.7031963470319635,0.746
2019-04-01,351,148,1,2.3716216216216215,0.702
2019-04-02,336,170,-6,1.9764705882352942,0.672
2019-04-03,347,211,-58,1.6445497630331753,0.694
2019-04-04,126,166,208,0.7590361445783133,0.252
2019-04-05,196,317,-13,0.6182965299684543,0.392
2019-04-08,386,367,-253,1.0517711171662125,0.772
2019-04-09,195,381,-76,0.5118110236220472,0.39
2019-04-10,244,354,-98,0.6892655367231638,0.488
2019-04-11,157,221,122,0.7104072398190046,0.314
2019-04-12,270,105,125,2.5714285714285716,0.54
2019-04-15,121,275,104,0.44,0.242
2019-04-16,215,106,179,2.0283018867924527,0.43
2019-04-17,152,125,223,1.216,0.304
2019-04-18,170,209,121,0.8133971291866029,0.34
2019-04-19,242,337,-79,0.7181008902077152,0.484
2019-04-22,162,192,146,0.84375,0.324
2019-04-23,181,334,-15,0.5419161676646707,0.362
2019-04-24,214,181,105,1.1823204419889504,0.428
2019-04-25,336,305,-141,1.1016393442622952,0.672
2019-04-26,351,337,-188,1.0415430267062316,0.702
2019-04-29,306,162,32,1.8888888888888888,0.612
2019-04-30,156,252,92,0.6190476190476191,0.312
2019-05-01,396,161,-57,2.459627329192547,0.792
2019-05-02,141,158,201,0.8924050632911392,0.282
2019-05-03,316,235,-51,1.3446808510638297,0.632
2019-05-06,254,240,6,1.0583333333333333,0.508
2019-05-07,101,239,160,0.4225941422594142,0.202
2019-05-08,335,324,-159,1.0339506172839505,0.67
2019-05-09,356,375,-231,0.9493333333333334,0.712
2019-05-10,220,221,59,0.995475113122172,0.44
2019-05-13,148,356,-4,0.4157303370786517,0.296
2019-05-14,164,142,194,1.1549295774647887,0.328
2019-05-15,161,368,-29,0.4375,0.322
2019-05-16,342,391,-233,0.8746803069053708,0.684
2019-05-17,241,124,135,1.9435483870967742,0.482
2019-05-20,275,170,55,1.6176470588235294,0.55
2019-05-21,120,354,26,0.3389830508474576,0.24
2019-05-22,199,353,-52,0.5637393767705382,0.398
2019-05-23,325,236,-61,1.3771186440677967,0.65
2019-05-24,249,288,-37,0.8645833333333334,0.498
2019-05-27,332,189,-21,1.7566137566137565,0.664
2019-05-28,312,334,-146,0.9341317365269461,0.624
2019-05-29,274,210,16,1.3047619047619048,0.548
2019-05-30,278,151,71,1.8410596026490067,0.556
2019-05-31,368,180,-48,2.0444444444444443,0.736
2019-06-03,187,198,115,0.9444444444444444,0.374
2019-06-04,265,196,39,1.3520408163265305,0.53
2019-06-05,350,364,-214,0.9615384615384616,0.7
2019-06-06,321,115,64,2.791304347826087,0.642
2019-06-07,116,155,229,0.7483870967741936,0.232
2019-06-10,120,225,155,0.5333333333333333,0.24
2019-06-11,197,291,12,0.6769759450171822,0.394
2019-06-12,226,202,72,1.118811881188119,0.452
2019-06-13,334,357,-191,0.9355742296918768,0.668
2019-06-14,386,122,-8,3.1639344262295084,0.772
2019-06-17,164,399,-63,0.41102756892230574,0.328
2019-06-18,389,196,-85,1.9846938775510203,0.778
2019-06-19,319,394,-213,0.8096446700507615,0.638
2019-06-20,162,317,21,0.5110410094637224,0.324
2019-06-21,209,258,33,0.810077519379845,0.418
2019-06-24,237,152,111,1.5592105263157894,0.474
2019-06-25,335,270,-105,1.2407407407407407,0.67
2019-06-26,377,246,-123,1.532520325203252,0.754
2019-06-27,394,215,-109,1.8325581395348838,0.788
2019-06-28,379,271,-150,1.3985239852398523,0.758
2019-07-01,363,153,-16,2.372549019607843,0.726
2019-07-02,130,309,61,0.42071197411003236,0.26
2019-07-03,290,187,23,1.5508021390374331,0.58
2019-07-04,281,153,66,1.8366013071895424,0.562
2019-07-05,300,179,21,1.675977653631285,0.6
2019-07-08,386,185,-71,2.0864864864864865,0.772
2019-07-09,278,232,-10,1.1982758620689655,0.556
2019-07-10,332,307,-139,1.0814332247557004,0.664
2019-07-11,149,201,150,0.7412935323383084,0.298
2019-07-12,222,383,-105,0.5796344647519582,0.444
2019-07-15,333,360,-193,0.925,0.666
2019-07-16,272,307,-79,0.8859934853420195,0.544
2019-07-17,151,322,27,0.468944099378882,0.302
2019-07-18,308,167,25,1.844311377245509,0.616
2019-07-19,389,316,-205,1.231012658227848,0.778
2019-07-22,379,295,-174,1.2847457627118644,0.758
2019-07-23,275,122,103,2.2540983606557377,0.55
2019-07-24,122,341,37,0.35777126099706746,0.244
2019-07-25,184,395,-79,0.46582278481012657,0.368
2019-07-26,364,165,-29,2.206060606060606,0.728
2019-07-29,204,138,158,1.4782608695652173,0.408
2019-07-30,169,160,171,1.05625,0.338
2019-07-31,105,103,292,1.0194174757281553,0.21
2019-08-01,132,209,159,0.631578947368421,0.264
2019-08-02,149,199,152,0.7487437185929648,0.298
2019-08-05,276,191,33,1.4450261780104712,0.552
2019-08-06,235,252,13,0.9325396825396826,0.47
2019-08-07,159,107,234,1.485981308411215,0.318
2019-08-08,286,304,-90,0.9407894736842105,0.572
2019-08-09,326,352,-178,0.9261363636363636,0.652
2019-08-12,226,317,-43,0.7129337539432177,0.452
2019-08-13,383,224,-107,1.7098214285714286,0.766
2019-08-14,283,379,-162,0.7467018469656992,0.566
2019-08-15,301,251,-52,1.199203187250996,0.602
2019-08-16,192,392,-84,0.4897959183673469,0.384
2019-08-19,222,142,136,1.5633802816901408,0.444
2019-08-20,387,398,-285,0.9723618090452262,0.774
2019-08-21,179,181,140,0.988950276243094,0.358
2019-08-22,333,319,-152,1.0438871473354232,0.666
2019-08-23,256,395,-151,0.6481012658227848,0.512
2019-08-26,148,165,187,0.896969696969697,0.296
2019-08-27,375,274,-149,1.3686131386861313,0.75
2019-08-28,160,344,-4,0.46511627906976744,0.32
2019-08-29,293,108,99,2.712962962962963,0.586
2019-08-30,308,308,-116,1.0,0.616
2019-09-02,304,337,-141,0.9020771513353115,0.608
2019-09-03,174,363,-37,0.4793388429752066,0.348
2019-09-04,139,121,240,1.1487603305785123,0.278
2019-09-05,293,225,-18,1.3022222222222222,0.586
2019-09-06,246,287,-33,0.8571428571428571,0.492
2019-09-09,185,366,-51,0.505464480874317,0.37
2019-09-10,371,209,-80,1.7751196172248804,0.742
2019-09-11,187,376,-63,0.4973404255319149,0.374
2019-09-12,168,127,205,1.3228346456692914,0.336
2019-09-13,163,260,77,0.6269230769230769,0.326
2019-09-16,270,301,-71,0.8970099667774086,0.54
2019-09-17,274,140,86,1.957142857142857,0.548
2019-09-18,241,264,-5,0.9128787878787878,0.482
2019-09-19,217,212,71,1.0235849056603774,0.434
2019-09-20,316,186,-2,1.6989247311827957,0.632
2019-09-23,364,244,-108,1.4918032786885247,0.728
2019-09-24,140,257,103,0.5447470817120622,0.28
2019-09-25,384,209,-93,1.8373205741626795,0.768
2019-09-26,185,248,67,0.7459677419354839,0.37
2019-09-27,233,168,99,1.3869047619047619,0.466
2019-09-30,319,395,-214,0.8075949367088607,0.638
2019-10-01,106,123,271,0.8617886178861789,0.212
2019-10-02,351,196,-47,1.7908163265306123,0.702
2019-10-03,219,165,116,1.3272727272727274,0.438
2019-10-04,109,365,26,0.29863013698630136,0.218
2019-10-07,273,209,18,1.30622009569378,0.546
2019-10-08,336,398,-234,0.8442211055276382,0.672
2019-10-09,127,305,68,0.4163934426229508,0.254
2019-10-10,213,347,-60,0.6138328530259366,0.426
2019-10-11,151,108,241,1.3981481481481481,0.302
2019-10-14,225,113,162,1.991150442477876,0.45
2019-10-15,364,237,-101,1.5358649789029535,0.728
2019-10-16,341,352,-193,0.96875,0.682
2019-10-17,120,132,248,0.9090909090909091,0.24
2019-10-18,139,160,201,0.86875,0.278
2019-10-21,258,139,103,1.856115107913669,0.516
2019-10-22,258,191,51,1.350785340314136,0.516
2019-10-23,217,307,-24,0.7068403908794788,0.434
2019-10-24,374,107,19,3.4953271028037385,0.748
2019-10-25,344,267,-111,1.2883895131086143,0.688
2019-10-28,396,104,0,3.8076923076923075,0.792
2019-10-29,203,147,150,1.380952380952381,0.406
2019-10-30,192,190,118,1.0105263157894737,0.384
2019-10-31,371,303,-174,1.2244224422442245,0.742
2019-11-01,351,354,-205,0.9915254237288136,0.702
2019-11-04,378,317,-195,1.1924290220820188,0.756
2019-11-05,374,125,1,2.992,0.748
2019-11-06,296,103,101,2.8737864077669903,0.592
2019-11-07,213,142,145,1.5,0.426
2019-11-08,193,234,73,0.8247863247863247,0.386
2019-11-11,183,288,29,0.6354166666666666,0.366
2019-11-12,389,130,-19,2.9923076923076923,0.778
2019-11-13,161,196,143,0.8214285714285714,0.322
2019-11-14,132,214,154,0.616822429906542,0.264
2019-11-15,156,319,25,0.4890282131661442,0.312
2019-11-18,339,353,-192,0.9603399433427762,0.678
2019-11-19,319,184,-3,1.733695652173913,0.638
2019-11-20,348,218,-66,1.5963302752293578,0.696
2019-11-21,119,252,129,0.4722222222222222,0.238
2019-11-22,165,226,109,0.7300884955752213,0.33
2019-11-25,151,194,155,0.7783505154639175,0.302
2019-11-26,201,218,81,0.9220183486238532,0.402
2019-11-27,165,162,173,1.0185185185185186,0.33
2019-11-28,212,189,99,1.1216931216931216,0.424
2019-11-29,169,334,-3,0.5059880239520959,0.338
2019-12-02,116,152,232,0.7631578947368421,0.232
2019-12-03,192,207,101,0.927536231884058,0.384
2019-12-04,399,362,-261,1.1022099447513811,0.798
2019-12-05,344,246,-90,1.3983739837398375,0.688
2019-12-06,297,316,-113,0.939873417721519,0.594
2019-12-09,134,207,159,0.6473429951690821,0.268
2019-12-10,109,368,23,0.296195652173913,0.218
2019-12-11,140,362,-2,0.3867403314917127,0.28
2019-12-12,245,349,-94,0.7020057306590258,0.49
2019-12-13,250,398,-148,0.628140703517588,0.5
2019-12-16,327,143,30,2.2867132867132867,0.654
2019-12-17,387,178,-65,2.1741573033707864,0.774
2019-12-18,344,257,-101,1.33852140077821,0.688
2019-12-19,156,385,-41,0.4051948051948052,0.312
2019-12-20,117,380,3,0.3078947368421053,0.234
2019-12-23,343,296,-139,1.1587837837837838,0.686
2019-12-24,218,387,-105,0.5633074935400517,0.436
2019-12-25,168,162,170,1.037037037037037,0.336
2019-12-26,359,396,-255,0.9065656565656566,0.718
2019-12-27,333,299,-132,1.1137123745819397,0.666
2019-12-30,128,158,214,0.810126582278481,0.256
2019-12-31,337,179,-16,1.8826815642458101,0.674
2020-01-01,229,372,-101,0.6155913978494624,0.458
2020-01-02,303,349,-152,0.8681948424068768,0.606
2020-01-03,143,283,74,0.5053003533568905,0.286
2020-01-06,190,156,154,1.2179487179487178,0.38
2020-01-07,267,296,-63,0.902027027027027,0.534
2020-01-08,352,124,24,2.838709677419355,0.704
2020-01-09,150,350,0,0.42857142857142855,0.3
2020-01-10,325,176,-1,1.8465909090909092,0.65
2020-01-13,106,123,271,0.8617886178861789,0.212
2020-01-14,110,388,2,0.28350515463917525,0.22
2020-01-15,348,240,-88,1.45,0.696
2020-01-16,226,250,24,0.904,0.452
2020-01-17,274,279,-53,0.982078853046595,0.548
2020-01-20,130,386,-16,0.33678756476683935,0.26
2020-01-21,380,262,-142,1.450381679389313,0.76
2020-01-22,317,332,-149,0.9548192771084337,0.634
2020-01-23,132,332,36,0.39759036144578314,0.264
2020-01-24,243,360,-103,0.675,0.486
2020-01-27,389,212,-101,1.8349056603773586,0.778
2020-01-28,264,179,57,1.4748603351955307,0.528
2020-01-29,127,104,269,1.2211538461538463,0.254
2020-01-30,156,215,129,0.7255813953488373,0.312
2020-01-31,196,131,173,1.4961832061068703,0.392
2020-02-03,172,172,156,1.0,0.344
2020-02-04,199,310,-9,0.6419354838709678,0.398
2020-02-05,161,356,-17,0.45224719101123595,0.322
2020-02-06,190,209,101,0.9090909090909091,0.38
2020-02-07,260,126,114,2.0634920634920637,0.52
2020-02-10,133,188,179,0.7074468085106383,0.266
2020-02-11,279,300,-79,0.93,0.558
2020-02-12,323,376,-199,0.8590425531914894,0.646
2020-02-13,248,364,-112,0.6813186813186813,0.496
2020-02-14,170,164,166,1.0365853658536586,0.34
2020-02-17,202,388,-90,0.520618556701031,0.404
2020-02-18,154,330,16,0.4666666666666667,0.308
2020-02-19,226,376,-102,0.601063829787234,0.452
2020-02-20,150,237,113,0.6329113924050633,0.3
2020-02-21,320,274,-94,1.167883211678832,0.64
2020-02-24,178,314,8,0.5668789808917197,0.356
2020-02-25,136,161,203,0.84472049689441,0.272
2020-02-26,254,268,-22,0.9477611940298507,0.508
2020-02-27,363,272,-135,1.3345588235294117,0.726
2020-02-28,130,268,102,0.48507462686567165,0.26
2020-03-02,323,288,-111,1.1215277777777777,0.646
2020-03-03,189,254,57,0.7440944881889764,0.378
2020-03-04,184,289,27,0.6366782006920415,0.368
2020-03-05,290,196,14,1.4795918367346939,0.58
2020-03-06,377,114,9,3.307017543859649,0.754
2020-03-09,178,350,-28,0.5085714285714286,0.356
2020-03-10,218,327,-45,0.6666666666666666,0.436
2020-03-11,325,244,-69,1.3319672131147542,0.65
2020-03-12,232,137,131,1.6934306569343065,0.464
2020-03-13,391,316,-207,1.2373417721518987,0.782
2020-03-16,290,274,-64,1.0583941605839415,0.58
2020-03-17,200,320,-20,0.625,0.4
2020-03-18,314,179,7,1.7541899441340782,0.628
2020-03-19,155,199,146,0.7788944723618091,0.31
2020-03-20,319,249,-68,1.2811244979919678,0.638
2020-03-23,203,355,-58,0.571830985915493,0.406
2020-03-24,267,167,66,1.598802395209581,0.534
2020-03-25,240,173,87,1.3872832369942196,0.48
2020-03-26,302,305,-107,0.9901639344262295,0.604
2020-03-27,100,110,290,0.9090909090909091,0.2
2020-03-30,246,149,105,1.651006711409396,0.492
2020-03-31,273,219,8,1.2465753424657535,0.546
2020-04-01,215,370,-85,0.581081081081081,0.43
2020-04-02,197,162,141,1.2160493827160495,0.394
2020-04-03,239,279,-18,0.8566308243727598,0.478
2020-04-06,137,342,21,0.40058479532163743,0.274
2020-04-07,128,342,30,0.3742690058479532,0.256
2020-04-08,141,291,68,0.4845360824742268,0.282
2020-04-09,371,206,-77,1.8009708737864079,0.742
2020-04-10,369,223,-92,1.654708520179372,0.738
2020-04-13,139,265,96,0.5245283018867924,0.278
2020-04-14,193,395,-88,0.48860759493670886,0.386
2020-04-15,134,378,-12,0.3544973544973545,0.268
2020-04-16,185,207,108,0.893719806763285,0.37
2020-04-17,287,339,-126,0.8466076696165191,0.574
2020-04-20,109,204,187,0.5343137254901961,0.218
2020-04-21,139,330,31,0.4212121212121212,0.278
2020-04-22,106,156,238,0.6794871794871795,0.212
2020-04-23,130,391,-21,0.33248081841432225,0.26
2020-04-24,301,335,-136,0.8985074626865671,0.602
2020-04-27,234,325,-59,0.72,0.468
2020-04-28,238,239,23,0.99581589958159,0.476
2020-04-29,153,210,137,0.7285714285714285,0.306
2020-04-30,111,303,86,0.36633663366336633,0.222
2020-05-01,186,121,193,1.537190082644628,0.372
2020-05-04,163,321,16,0.5077881619937694,0.326
2020-05-05,199,272,29,0.7316176470588235,0.398
2020-05-06,112,389,-1,0.2879177377892031,0.224
2020-05-07,126,371,3,0.33962264150943394,0.252
2020-05-08,388,397,-285,0.9773299748110831,0.776
2020-05-11,139,247,114,0.562753036437247,0.278
2020-05-12,326,292,-118,1.1164383561643836,0.652
2020-05-13,290,170,40,1.7058823529411764,0.58
2020-05-14,232,131,137,1.7709923664122138,0.464
2020-05-15,211,373,-84,0.5656836461126006,0.422
2020-05-18,252,375,-127,0.672,0.504
2020-05-19,342,171,-13,2.0,0.684
2020-05-20,158,332,10,0.4759036144578313,0.316
2020-05-21,329,124,47,2.653225806451613,0.658
2020-05-22,278,344,-122,0.8081395348837209,0.556
2020-05-25,329,333,-162,0.987987987987988,0.658
2020-05-26,142,250,108,0.568,0.284
2020-05-27,198,261,41,0.7586206896551724,0.396
2020-05-28,326,278,-104,1.1726618705035972,0.652
2020-05-29,309,333,-142,0.9279279279279279,0.618
2020-06-01,266,311,-77,0.8553054662379421,0.532
2020-06-02,381,114,5,3.3421052631578947,0.762
2020-06-03,333,364,-197,0.9148351648351648,0.666
2020-06-04,202,384,-86,0.5260416666666666,0.404
2020-06-05,239,147,114,1.6258503401360545,0.478
2020-06-08,249,249,2,1.0,0.498
2020-06-09,236,270,-6,0.8740740740740741,0.472
2020-06-10,309,215,-24,1.4372093023255814,0.618
2020-06-11,264,297,-61,0.8888888888888888,0.528
2020-06-12,146,157,197,0.9299363057324841,0.292
2020-06-15,394,115,-9,3.4260869565217393,0.788
2020-06-16,221,294,-15,0.7517006802721088,0.442
2020-06-17,178,326,-4,0.5460122699386503,0.356
2020-06-18,316,231,-47,1.367965367965368,0.632
2020-06-19,260,319,-79,0.8150470219435737,0.52
2020-06-22,130,322,48,0.40372670807453415,0.26
2020-06-23,142,352,6,0.4034090909090909,0.284
2020-06-24,213,170,117,1.2529411764705882,0.426
2020-06-25,273,254,-27,1.0748031496062993,0.546
2020-06-26,284,213,3,1.3333333333333333,0.568
2020-06-29,395,352,-247,1.1221590909090908,0.79
2020-06-30,177,155,168,1.1419354838709677,0.354
2020-07-01,132,384,-16,0.34375,0.264
2020-07-02,150,175,175,0.8571428571428571,0.3
2020-07-03,124,330,46,0.37575757575757573,0.248
2020-07-06,127,325,48,0.39076923076923076,0.254
2020-07-07,154,132,214,1.1666666666666667,0.308
2020-07-08,375,317,-192,1.1829652996845426,0.75
2020-07-09,235,319,-54,0.7366771159874608,0.47
2020-07-10,305,365,-170,0.8356164383561644,0.61
2020-07-13,141,241,118,0.5850622406639004,0.282
2020-07-14,392,345,-237,1.136231884057971,0.784
2020-07-15,311,219,-30,1.4200913242009132,0.622
2020-07-16,346,288,-134,1.2013888888888888,0.692
2020-07-17,378,198,-76,1.9090909090909092,0.756
2020-07-20,332,197,-29,1.6852791878172588,0.664
2020-07-21,203,204,93,0.9950980392156863,0.406
2020-07-22,295,245,-40,1.2040816326530612,0.59
2020-07-23,394,186,-80,2.118279569892473,0.788
2020-07-24,266,169,65,1.5739644970414202,0.532
2020-07-27,222,307,-29,0.7231270358306189,0.444
2020-07-28,255,114,131,2.236842105263158,0.51
2020-07-29,394,290,-184,1.3586206896551725,0.788
2020-07-30,323,218,-41,1.481651376146789,0.646
2020-07-31,336,261,-97,1.2873563218390804,0.672
2020-08-03,136,222,142,0.6126126126126126,0.272
2020-08-04,311,319,-130,0.9749216300940439,0.622
2020-08-05,217,129,154,1.682170542635659,0.434
2020-08-06,180,132,188,1.3636363636363635,0.36
2020-08-07,230,210,60,1.0952380952380953,0.46
2020-08-10,186,144,170,1.2916666666666667,0.372
2020-08-11,262,246,-8,1.065040650406504,0.524
2020-08-12,171,197,132,0.868020304568528,0.342
2020-08-13,108,299,93,0.3612040133779264,0.216
2020-08-14,241,131,128,1.8396946564885497,0.482
2020-08-17,334,370,-204,0.9027027027027027,0.668
2020-08-18,203,250,47,0.812,0.406
2020-08-19,112,193,195,0.5803108808290155,0.224
2020-08-20,140,197,163,0.7106598984771574,0.28
2020-08-21,104,266,130,0.39097744360902253,0.208
2020-08-24,234,188,78,1.2446808510638299,0.468
2020-08-25,104,282,114,0.36879432624113473,0.208
2020-08-26,379,165,-44,2.296969696969697,0.758
2020-08-27,358,287,-145,1.2473867595818815,0.716
2020-08-28,229,334,-63,0.6856287425149701,0.458
2020-08-31,269,323,-92,0.8328173374613003,0.538
2020-09-01,244,224,32,1.0892857142857142,0.488
2020-09-02,120,163,217,0.7361963190184049,0.24
2020-09-03,310,166,24,1.8674698795180722,0.62
2020-09-04,213,316,-29,0.6740506329113924,0.426
2020-09-07,398,377,-275,1.0557029177718833,0.796
2020-09-08,247,375,-122,0.6586666666666666,0.494
2020-09-09,323,133,44,2.4285714285714284,0.646
2020-09-10,374,390,-264,0.958974358974359,0.748
2020-09-11,129,271,100,0.47601476014760147,0.258
2020-09-14,107,190,203,0.5631578947368421,0.214
2020-09-15,246,181,73,1.3591160220994476,0.492
2020-09-16,145,283,72,0.5123674911660777,0.29
2020-09-17,307,198,-5,1.5505050505050506,0.614
2020-09-18,195,221,84,0.8823529411764706,0.39
2020-09-21,206,392,-98,0.5255102040816326,0.412
2020-09-22,224,360,-84,0.6222222222222222,0.448
2020-09-23,350,325,-175,1.0769230769230769,0.7
2020-09-24,296,398,-194,0.7437185929648241,0.592
2020-09-25,344,343,-187,1.0029154518950438,0.688
2020-09-28,187,281,32,0.6654804270462633,0.374
2020-09-29,121,332,47,0.3644578313253012,0.242
2020-09-30,207,385,-92,0.5376623376623376,0.414
2020-10-01,108,333,59,0.32432432432432434,0.216
2020-10-02,115,256,129,0.44921875,0.23
2020-10-05,397,149,-46,2.664429530201342,0.794
2020-10-06,224,278,-2,0.8057553956834532,0.448
2020-10-07,209,276,15,0.7572463768115942,0.418
2020-10-08,141,280,79,0.5035714285714286,0.282
2020-10-09,127,343,30,0.37026239067055394,0.254
2020-10-12,356,321,-177,1.1090342679127725,0.712
2020-10-13,273,170,57,1.6058823529411765,0.546
2020-10-14,198,243,59,0.8148148148148148,0.396
2020-10-15,366,286,-152,1.2797202797202798,0.732
2020-10-16,105,109,286,0.963302752293578,0.21
2020-10-19,115,308,77,0.37337662337662336,0.23
2020-10-20,144,299,57,0.4816053511705686,0.288
2020-10-21,178,208,114,0.8557692307692307,0.356
2020-10-22,268,375,-143,0.7146666666666667,0.536
2020-10-23,235,156,109,1.5064102564102564,0.47
2020-10-26,283,290,-73,0.9758620689655172,0.566
2020-10-27,165,102,233,1.6176470588235294,0.33
2020-10-28,197,368,-65,0.5353260869565217,0.394
2020-10-29,187,238,75,0.7857142857142857,0.374
2020-10-30,316,110,74,2.8727272727272726,0.632
2020-11-02,158,395,-53,0.4,0.316
2020-11-03,105,270,125,0.3888888888888889,0.21
2020-11-04,157,106,237,1.4811320754716981,0.314
2020-11-05,150,386,-36,0.38860103626943004,0.3
2020-11-06,299,290,-89,1.0310344827586206,0.598
2020-11-09,117,200,183,0.585,0.234
2020-11-10,220,395,-115,0.5569620253164557,0.44
2020-11-11,337,238,-75,1.415966386554622,0.674
2020-11-12,287,216,-3,1.3287037037037037,0.574
2020-11-13,232,315,-47,0.7365079365079366,0.464
2020-11-16,217,240,43,0.9041666666666667,0.434
2020-11-17,201,225,74,0.8933333333333333,0.402
2020-11-18,339,384,-223,0.8828125,0.678
2020-11-19,183,159,158,1.150943396226415,0.366
2020-11-20,342,289,-131,1.1833910034602075,0.684
2020-11-23,227,232,41,0.978448275862069,0.454
2020-11-24,399,107,-6,3.7289719626168223,0.798
2020-11-25,107,385,8,0.2779220779220779,0.214
2020-11-26,354,163,-17,2.1717791411042944,0.708
2020-11-27,196,176,128,1.1136363636363635,0.392
2020-11-30,293,113,94,2.5929203539823007,0.586
2020-12-01,196,151,153,1.2980132450331126,0.392
2020-12-02,169,368,-37,0.4592391304347826,0.338
2020-12-03,371,282,-153,1.3156028368794326,0.742
2020-12-04,364,244,-108,1.4918032786885247,0.728
2020-12-07,244,321,-65,0.7601246105919003,0.488
2020-12-08,212,273,15,0.7765567765567766,0.424
2020-12-09,313,176,11,1.7784090909090908,0.626
2020-12-10,383,190,-73,2.0157894736842104,0.766
2020-12-11,116,118,266,0.9830508474576272,0.232
2020-12-14,357,329,-186,1.0851063829787233,0.714
2020-12-15,228,229,43,0.9956331877729258,0.456
2020-12-16,298,259,-57,1.1505791505791505,0.596
2020-12-17,196,257,47,0.7626459143968871,0.392
2020-12-18,242,219,39,1.1050228310502284,0.484
2020-12-21,359,135,6,2.6592592592592594,0.718
2020-12-22,315,298,-113,1.0570469798657718,0.63
2020-12-23,312,227,-39,1.3744493392070485,0.624
2020-12-24,276,148,76,1.864864864864865,0.552
2020-12-25,108,399,-7,0.2706766917293233,0.216
2020-12-28,127,192,181,0.6614583333333334,0.254
2020-12-29,360,294,-154,1.2244897959183674,0.72
2020-12-30,273,216,11,1.2638888888888888,0.546
2020-12-31,335,107,58,3.130841121495327,0.67
2021-01-01,362,115,23,3.1478260869565218,0.724
2021-01-04,269,178,53,1.5112359550561798,0.538
2021-01-05,312,157,31,1.9872611464968153,0.624
2021-01-06,359,389,-248,0.922879177377892,0.718
2021-01-07,113,343,44,0.3294460641399417,0.226
2021-01-08,217,128,155,1.6953125,0.434
2021-01-11,272,136,92,2.0,0.544
2021-01-12,362,353,-215,1.0254957507082152,0.724
2021-01-13,232,299,-31,0.7759197324414716,0.464
2021-01-14,320,131,49,2.4427480916030535,0.64
2021-01-15,169,294,37,0.5748299319727891,0.338
2021-01-18,303,207,-10,1.463768115942029,0.606
2021-01-19,295,320,-115,0.921875,0.59
2021-01-20,289,217,-6,1.3317972350230414,0.578
2021-01-21,252,282,-34,0.8936170212765957,0.504
2021-01-22,265,121,114,2.190082644628099,0.53
2021-01-25,299,215,-14,1.3906976744186046,0.598
2021-01-26,243,119,138,2.042016806722689,0.486
2021-01-27,354,298,-152,1.1879194630872483,0.708
2021-01-28,170,109,221,1.5596330275229358,0.34
2021-01-29,376,245,-121,1.5346938775510204,0.752
2021-02-01,236,360,-96,0.6555555555555556,0.472
2021-02-02,110,198,192,0.5555555555555556,0.22
2021-02-03,268,341,-109,0.7859237536656891,0.536
2021-02-04,122,396,-18,0.30808080808080807,0.244
2021-02-05,147,194,159,0.7577319587628866,0.294
2021-02-08,376,328,-204,1.146341463414634,0.752
2021-02-09,231,158,111,1.4620253164556962,0.462
2021-02-10,169,318,13,0.5314465408805031,0.338
2021-02-11,244,101,155,2.4158415841584158,0.488
2021-02-12,265,385,-150,0.6883116883116883,0.53
2021-02-15,323,334,-157,0.9670658682634731,0.646
2021-02-16,181,254,65,0.7125984251968503,0.362
2021-02-17,211,255,34,0.8274509803921568,0.422
2021-02-18,250,111,139,2.2522522522522523,0.5
2021-02-19,255,136,109,1.875,0.51
2021-02-22,312,279,-91,1.118279569892473,0.624
2021-02-23,234,264,2,0.8863636363636364,0.468
2021-02-24,288,313,-101,0.9201277955271565,0.576
2021-02-25,163,130,207,1.2538461538461538,0.326
2021-02-26,223,174,103,1.2816091954022988,0.446
2021-03-01,157,344,-1,0.4563953488372093,0.314
2021-03-02,133,181,186,0.7348066298342542,0.266
2021-03-03,138,213,149,0.647887323943662,0.276
2021-03-04,325,137,38,2.372262773722628,0.65
2021-03-05,149,247,104,0.6032388663967612,0.298
2021-03-08,136,387,-23,0.35142118863049093,0.272
2021-03-09,104,206,190,0.5048543689320388,0.208
2021-03-10,359,322,-181,1.1149068322981366,0.718
2021-03-11,344,125,31,2.752,0.688
2021-03-12,253,207,40,1.2222222222222223,0.506
2021-03-15,333,293,-126,1.136518771331058,0.666
2021-03-16,179,116,205,1.543103448275862,0.358
2021-03-17,234,389,-123,0.6015424164524421,0.468
2021-03-18,261,170,69,1.535294117647059,0.522
2021-03-19,130,370,0,0.35135135135135137,0.26
2021-03-22,103,305,92,0.3377049180327869,0.206
2021-03-23,324,234,-58,1.3846153846153846,0.648
2021-03-24,167,125,208,1.336,0.334
2021-03-25,340,366,-206,0.9289617486338798,0.68
2021-03-26,160,204,136,0.7843137254901961,0.32
2021-03-29,340,301,-141,1.1295681063122924,0.68
2021-03-30,271,175,54,1.5485714285714285,0.542
2021-03-31,336,144,20,2.3333333333333335,0.672
2021-04-01,204,125,171,1.632,0.408
2021-04-02,380,140,-20,2.7142857142857144,0.76
2021-04-05,225,296,-21,0.7601351351351351,0.45
2021-04-06,361,278,-139,1.2985611510791366,0.722
2021-04-07,125,154,221,0.8116883116883117,0.25
2021-04-08,254,269,-23,0.9442379182156134,0.508
2021-04-09,193,301,6,0.6411960132890365,0.386
2021-04-12,224,234,42,0.9572649572649573,0.448
2021-04-13,199,249,52,0.7991967871485943,0.398
2021-04-14,307,299,-106,1.0267558528428093,0.614
2021-04-15,327,237,-64,1.379746835443038,0.654
2021-04-16,174,184,142,0.9456521739130435,0.348
2021-04-19,333,393,-226,0.8473282442748091,0.666
2021-04-20,101,218,181,0.463302752293578,0.202
2021-04-21,341,386,-227,0.883419689119171,0.682
2021-04-22,388,266,-154,1.4586466165413534,0.776
2021-04-23,103,241,156,0.42738589211618255,0.206
2021-04-26,188,151,161,1.2450331125827814,0.376
2021-04-27,359,131,10,2.7404580152671754,0.718
2021-04-28,133,116,251,1.146551724137931,0.266
2021-04-29,366,138,-4,2.652173913043478,0.732
2021-04-30,343,376,-219,0.9122340425531915,0.686
2021-05-03,302,274,-76,1.102189781021898,0.604
2021-05-04,273,138,89,1.9782608695652173,0.546
2021-05-05,239,375,-114,0.6373333333333333,0.478
2021-05-06,159,391,-50,0.40664961636828645,0.318
2021-05-07,290,171,39,1.695906432748538,0.58
2021-05-10,286,306,-92,0.934640522875817,0.572
2021-05-11,156,313,31,0.4984025559105431,0.312
2021-05-12,134,226,140,0.5929203539823009,0.268
2021-05-13,396,169,-65,2.3431952662721893,0.792
2021-05-14,111,308,81,0.36038961038961037,0.222
2021-05-17,362,377,-239,0.9602122015915119,0.724
2021-05-18,189,297,14,0.6363636363636364,0.378
2021-05-19,358,130,12,2.753846153846154,0.716
2021-05-20,383,274,-157,1.397810218978102,0.766
2021-05-21,373,372,-245,1.0026881720430108,0.746
2021-05-24,165,259,76,0.637065637065637,0.33
2021-05-25,395,266,-161,1.4849624060150375,0.79
2021-05-26,195,169,136,1.1538461538461537,0.39
2021-05-27,106,193,201,0.5492227979274611,0.212
2021-05-28,160,308,32,0.5194805194805194,0.32
2021-05-31,149,103,248,1.4466019417475728,0.298
2021-06-01,174,120,206,1.45,0.348
2021-06-02,332,356,-188,0.9325842696629213,0.664
2021-06-03,230,200,70,1.15,0.46
2021-06-04,282,196,22,1.4387755102040816,0.564
2021-06-07,109,374,17,0.2914438502673797,0.218
2021-06-08,175,342,-17,0.5116959064327485,0.35
2021-06-09,231,242,27,0.9545454545454546,0.462
2021-06-10,140,352,8,0.3977272727272727,0.28
2021-06-11,161,165,174,0.9757575757575757,0.322
2021-06-14,347,321,-168,1.0809968847352025,0.694
2021-06-15,218,223,59,0.9775784753363229,0.436
2021-06-16,348,321,-169,1.0841121495327102,0.696
2021-06-17,210,309,-19,0.6796116504854369,0.42
2021-06-18,263,319,-82,0.8244514106583072,0.526
2021-06-21,249,288,-37,0.8645833333333334,0.498
2021-06-22,133,199,168,0.6683417085427136,0.266
2021-06-23,107,287,106,0.37282229965156793,0.214
2021-06-24,371,381,-252,0.973753280839895,0.742
2021-06-25,182,345,-27,0.527536231884058,0.364
2021-06-28,220,162,118,1.3580246913580247,0.44
2021-06-29,372,183,-55,2.0327868852459017,0.744
2021-06-30,360,248,-108,1.4516129032258065,0.72
2021-07-01,190,343,-33,0.5539358600583091,0.38
2021-07-02,362,299,-161,1.2107023411371238,0.724
2021-07-05,311,381,-192,0.8162729658792651,0.622
2021-07-06,337,287,-124,1.1742160278745644,0.674
2021-07-07,132,233,135,0.5665236051502146,0.264
2021-07-08,121,341,38,0.3548387096774194,0.242
2021-07-09,183,133,184,1.3759398496240602,0.366
2021-07-12,226,274,0,0.8248175182481752,0.452
2021-07-13,186,364,-50,0.510989010989011,0.372
2021-07-14,262,332,-94,0.7891566265060241,0.524
2021-07-15,190,156,154,1.2179487179487178,0.38
2021-07-16,321,215,-36,1.4930232558139536,0.642
2021-07-19,313,151,36,2.0728476821192054,0.626
2021-07-20,280,278,-58,1.0071942446043165,0.56
2021-07-21,139,102,259,1.3627450980392157,0.278
2021-07-22,257,313,-70,0.8210862619808307,0.514
2021-07-23,295,128,77,2.3046875,0.59
2021-07-26,160,333,7,0.4804804804804805,0.32
2021-07-27,163,311,26,0.5241157556270096,0.326
2021-07-28,229,253,18,0.9051383399209486,0.458
2021-07-29,141,158,201,0.8924050632911392,0.282
2021-07-30,115,107,278,1.074766355140187,0.23
2021-08-02,163,269,68,0.6059479553903345,0.326
2021-08-03,312,156,32,2.0,0.624
2021-08-04,101,253,146,0.39920948616600793,0.202
2021-08-05,102,307,91,0.3322475570032573,0.204
2021-08-06,368,359,-227,1.0250696378830084,0.736
2021-08-09,265,360,-125,0.7361111111111112,0.53
2021-08-10,101,256,143,0.39453125,0.202
2021-08-11,320,356,-176,0.898876404494382,0.64
2021-08-12,206,216,78,0.9537037037037037,0.412
2021-08-13,162,263,75,0.6159695817490495,0.324
2021-08-16,144,385,-29,0.37402597402597404,0.288
2021-08-17,252,309,-61,0.8155339805825242,0.504
2021-08-18,266,281,-47,0.9466192170818505,0.532
2021-08-19,269,301,-70,0.893687707641196,0.538
2021-08-20,105,355,40,0.29577464788732394,0.21
2021-08-23,141,249,110,0.5662650602409639,0.282
2021-08-24,267,120,113,2.225,0.534
2021-08-25,278,369,-147,0.7533875338753387,0.556
2021-08-26,224,249,27,0.8995983935742972,0.448
2021-08-27,190,331,-21,0.5740181268882175,0.38
2021-08-30,120,331,49,0.36253776435045315,0.24
2021-08-31,207,263,30,0.7870722433460076,0.414
2021-09-01,286,168,46,1.7023809523809523,0.572
2021-09-02,179,332,-11,0.5391566265060241,0.358
2021-09-03,289,257,-46,1.1245136186770428,0.578
2021-09-06,319,247,-66,1.291497975708502,0.638
2021-09-07,243,152,105,1.5986842105263157,0.486
2021-09-08,180,117,203,1.5384615384615385,0.36
2021-09-09,396,255,-151,1.5529411764705883,0.792
2021-09-10,244,373,-117,0.6541554959785523,0.488
2021-09-13,382,237,-119,1.6118143459915613,0.764
2021-09-14,393,314,-207,1.2515923566878981,0.786
2021-09-15,353,310,-163,1.1387096774193548,0.706
2021-09-16,232,204,64,1.1372549019607843,0.464
2021-09-17,209,230,61,0.908695652173913,0.418
2021-09-20,339,206,-45,1.645631067961165,0.678
2021-09-21,312,260,-72,1.2,0.624
2021-09-22,112,242,146,0.4628099173553719,0.224
2021-09-23,330,227,-57,1.4537444933920705,0.66
2021-09-24,219,123,158,1.7804878048780488,0.438
2021-09-27,211,351,-62,0.6011396011396012,0.422
2021-09-28,335,154,11,2.175324675324675,0.67
2021-09-29,174,263,63,0.6615969581749049,0.348
2021-09-30,246,317,-63,0.7760252365930599,0.492
2021-10-01,332,378,-210,0.8783068783068783,0.664
2021-10-04,372,209,-81,1.7799043062200957,0.744
2021-10-05,167,378,-45,0.4417989417989418,0.334
2021-10-06,252,181,67,1.3922651933701657,0.504
2021-10-07,305,352,-157,0.8664772727272727,0.61
2021-10-08,302,153,45,1.973856209150327,0.604
2021-10-11,371,136,-7,2.7279411764705883,0.742
2021-10-12,149,397,-46,0.37531486146095716,0.298
2021-10-13,367,138,-5,2.6594202898550723,0.734
2021-10-14,351,219,-70,1.6027397260273972,0.702
2021-10-15,236,146,118,1.6164383561643836,0.472
2021-10-18,149,398,-47,0.3743718592964824,0.298
2021-10-19,291,239,-30,1.217573221757322,0.582
2021-10-20,291,276,-67,1.0543478260869565,0.582
2021-10-21,397,392,-289,1.0127551020408163,0.794
2021-10-22,113,194,193,0.5824742268041238,0.226
2021-10-25,164,186,150,0.8817204301075269,0.328
2021-10-26,223,162,115,1.376543209876543,0.446
2021-10-27,194,124,182,1.564516129032258,0.388
2021-10-28,157,125,218,1.256,0.314
2021-10-29,331,186,-17,1.7795698924731183,0.662
2021-11-01,216,106,178,2.0377358490566038,0.432
2021-11-02,213,254,33,0.8385826771653543,0.426
2021-11-03,224,254,22,0.8818897637795275,0.448
2021-11-04,118,126,256,0.9365079365079365,0.236
2021-11-05,289,317,-106,0.9116719242902208,0.578
2021-11-08,131,253,116,0.5177865612648221,0.262
2021-11-09,215,299,-14,0.7190635451505016,0.43
2021-11-10,375,201,-76,1.8656716417910448,0.75
2021-11-11,224,340,-64,0.6588235294117647,0.448
2021-11-12,333,271,-104,1.2287822878228782,0.666
2021-11-15,360,254,-114,1.4173228346456692,0.72
2021-11-16,164,297,39,0.5521885521885522,0.328
2021-11-17,389,226,-115,1.7212389380530972,0.778
2021-11-18,303,262,-65,1.1564885496183206,0.606
2021-11-19,167,287,46,0.5818815331010453,0.334
2021-11-22,326,137,37,2.3795620437956204,0.652
2021-11-23,211,342,-53,0.6169590643274854,0.422
2021-11-24,105,251,144,0.41832669322709165,0.21
2021-11-25,327,295,-122,1.1084745762711865,0.654
2021-11-26,152,122,226,1.2459016393442623,0.304
2021-11-29,336,269,-105,1.2490706319702602,0.672
2021-11-30,266,173,61,1.5375722543352601,0.532
2021-12-01,255,347,-102,0.7348703170028819,0.51
2021-12-02,251,156,93,1.608974358974359,0.502
2021-12-03,151,275,74,0.5490909090909091,0.302
2021-12-06,216,268,16,0.8059701492537313,0.432
2021-12-07,349,350,-199,0.9971428571428571,0.698
2021-12-08,193,292,15,0.660958904109589,0.386
2021-12-09,266,361,-127,0.7368421052631579,0.532
2021-12-10,290,350,-140,0.8285714285714286,0.58
2021-12-13,178,310,12,0.5741935483870968,0.356
2021-12-14,317,157,26,2.0191082802547773,0.634
2021-12-15,299,268,-67,1.1156716417910448,0.598
2021-12-16,281,206,13,1.3640776699029127,0.562
2021-12-17,365,351,-216,1.03988603988604,0.73
2021-12-20,122,292,86,0.4178082191780822,0.244
2021-12-21,374,163,-37,2.294478527607362,0.748
2021-12-22,183,190,127,0.9631578947368421,0.366
2021-12-23,282,251,-33,1.1235059760956174,0.564
2021-12-24,184,315,1,0.5841269841269842,0.368
2021-12-27,217,359,-76,0.6044568245125348,0.434
2021-12-28,135,233,132,0.5793991416309013,0.27
2021-12-29,152,300,48,0.5066666666666667,0.304
2021-12-30,229,141,130,1.624113475177305,0.458
2021-12-31,359,339,-198,1.0589970501474926,0.718
2022-01-03,118,313,69,0.3769968051118211,0.236
2022-01-04,117,180,203,0.65,0.234
2022-01-05,244,348,-92,0.7011494252873564,0.488
2022-01-06,342,114,44,3.0,0.684
2022-01-07,203,181,116,1.1215469613259668,0.406
2022-01-10,168,157,175,1.070063694267516,0.336
2022-01-11,283,227,-10,1.2466960352422907,0.566
2022-01-12,107,143,250,0.7482517482517482,0.214
2022-01-13,315,128,57,2.4609375,0.63
2022-01-14,202,325,-27,0.6215384615384615,0.404
2022-01-17,326,350,-176,0.9314285714285714,0.652
2022-01-18,252,353,-105,0.7138810198300283,0.504
2022-01-19,265,102,133,2.5980392156862746,0.53
2022-01-20,133,300,67,0.44333333333333336,0.266
2022-01-21,142,116,242,1.2241379310344827,0.284
2022-01-24,104,147,249,0.7074829931972789,0.208
2022-01-25,237,282,-19,0.8404255319148937,0.474
2022-01-26,124,175,201,0.7085714285714285,0.248
2022-01-27,184,297,19,0.6195286195286195,0.368
2022-01-28,376,286,-162,1.3146853146853146,0.752
2022-01-31,134,211,155,0.6350710900473934,0.268
2022-02-01,379,205,-84,1.8487804878048781,0.758
2022-02-02,125,155,220,0.8064516129032258,0.25
2022-02-03,352,219,-71,1.6073059360730593,0.704
2022-02-04,339,271,-110,1.2509225092250922,0.678
2022-02-07,187,218,95,0.8577981651376146,0.374
2022-02-08,125,191,184,0.6544502617801047,0.25
2022-02-09,217,233,50,0.9313304721030042,0.434
2022-02-10,379,258,-137,1.4689922480620154,0.758
2022-02-11,201,380,-81,0.5289473684210526,0.402
2022-02-14,330,326,-156,1.0122699386503067,0.66
2022-02-15,327,326,-153,1.0030674846625767,0.654
2022-02-16,263,120,117,2.191666666666667,0.526
2022-02-17,398,373,-271,1.0670241286863271,0.796
2022-02-18,291,275,-66,1.0581818181818181,0.582
2022-02-21,269,388,-157,0.6932989690721649,0.538
2022-02-22,374,266,-140,1.406015037593985,0.748
2022-02-23,316,274,-90,1.1532846715328466,0.632
2022-02-24,358,350,-208,1.022857142857143,0.716
2022-02-25,329,214,-43,1.5373831775700935,0.658
2022-02-28,182,383,-65,0.4751958224543081,0.364
2022-03-01,180,130,190,1.3846153846153846,0.36
2022-03-02,178,179,143,0.994413407821229,0.356
2022-03-03,225,299,-24,0.7525083612040134,0.45
2022-03-04,398,166,-64,2.397590361445783,0.796
2022-03-07,258,320,-78,0.80625,0.516
2022-03-08,196,200,104,0.98,0.392
2022-03-09,278,140,82,1.9857142857142858,0.556
2022-03-10,389,246,-135,1.58130081300813,0.778
2022-03-11,323,111,66,2.90990990990991,0.646
2022-03-14,275,304,-79,0.9046052631578947,0.55
2022-03-15,232,255,13,0.9098039215686274,0.464
2022-03-16,292,105,103,2.780952380952381,0.584
2022-03-17,182,296,22,0.6148648648648649,0.364
2022-03-18,292,215,-7,1.3581395348837209,0.584
2022-03-21,377,375,-252,1.0053333333333334,0.754
2022-03-22,346,349,-195,0.9914040114613181,0.692
2022-03-23,281,206,13,1.3640776699029127,0.562
2022-03-24,389,361,-250,1.077562326869806,0.778
2022-03-25,169,164,167,1.0304878048780488,0.338
2022-03-28,321,292,-113,1.0993150684931507,0.642
2022-03-29,164,259,77,0.6332046332046332,0.328
2022-03-30,300,383,-183,0.783289817232376,0.6
2022-03-31,158,212,130,0.7452830188679245,0.316
2022-04-01,103,310,87,0.33225806451612905,0.206
2022-04-04,365,240,-105,1.5208333333333333,0.73
2022-04-05,343,319,-162,1.0752351097178683,0.686
2022-04-06,197,371,-68,0.5309973045822103,0.394
2022-04-07,339,258,-97,1.313953488372093,0.678
2022-04-08,374,385,-259,0.9714285714285714,0.748
2022-04-11,355,148,-3,2.3986486486486487,0.71
2022-04-12,214,314,-28,0.6815286624203821,0.428
2022-04-13,358,390,-248,0.9179487179487179,0.716
2022-04-14,338,126,36,2.6825396825396823,0.676
2022-04-15,285,224,-9,1.2723214285714286,0.57
2022-04-18,166,284,50,0.5845070422535211,0.332
2022-04-19,261,141,98,1.851063829787234,0.522
2022-04-20,192,320,-12,0.6,0.384
2022-04-21,229,376,-105,0.6090425531914894,0.458
2022-04-22,375,266,-141,1.4097744360902256,0.75
2022-04-25,371,237,-108,1.5654008438818565,0.742
2022-04-26,318,368,-186,0.8641304347826086,0.636
2022-04-27,184,390,-74,0.4717948717948718,0.368
2022-04-28,311,119,70,2.6134453781512605,0.622
2022-04-29,329,293,-122,1.1228668941979523,0.658
2022-05-02,275,198,27,1.3888888888888888,0.55
2022-05-03,317,142,41,2.232394366197183,0.634
2022-05-04,103,247,150,0.41700404858299595,0.206
2022-05-05,161,219,120,0.7351598173515982,0.322
2022-05-06,234,240,26,0.975,0.468
2022-05-09,307,258,-65,1.189922480620155,0.614
2022-05-10,174,375,-49,0.464,0.348
2022-05-11,233,241,26,0.966804979253112,0.466
2022-05-12,367,133,0,2.7593984962406015,0.734
2022-05-13,214,328,-42,0.6524390243902439,0.428
2022-05-16,200,360,-60,0.5555555555555556,0.4
2022-05-17,350,155,-5,2.2580645161290325,0.7
2022-05-18,279,353,-132,0.7903682719546742,0.558
2022-05-19,190,376,-66,0.5053191489361702,0.38
2022-05-20,257,372,-129,0.6908602150537635,0.514
2022-05-23,318,234,-52,1.358974358974359,0.636
2022-05-24,185,285,30,0.6491228070175439,0.37
2022-05-25,170,302,28,0.5629139072847682,0.34
2022-05-26,319,265,-84,1.2037735849056603,0.638
2022-05-27,321,399,-220,0.8045112781954887,0.642
2022-05-30,124,299,77,0.41471571906354515,0.248
2022-05-31,302,331,-133,0.9123867069486404,0.604
2022-06-01,267,321,-88,0.8317757009345794,0.534
2022-06-02,122,180,198,0.6777777777777778,0.244
2022-06-03,221,353,-74,0.6260623229461756,0.442
2022-06-06,273,275,-48,0.9927272727272727,0.546
2022-06-07,212,378,-90,0.5608465608465608,0.424
2022-06-08,263,100,137,2.63,0.526
2022-06-09,361,139,0,2.597122302158273,0.722
2022-06-10,291,149,60,1.9530201342281879,0.582
2022-06-13,255,200,45,1.275,0.51
2022-06-14,187,159,154,1.1761006289308176,0.374
2022-06-15,240,116,144,2.0689655172413794,0.48
2022-06-16,292,207,1,1.4106280193236715,0.584
2022-06-17,208,292,0,0.7123287671232876,0.416
2022-06-20,193,192,115,1.0052083333333333,0.386
2022-06-21,279,380,-159,0.7342105263157894,0.558
2022-06-22,395,114,-9,3.4649122807017543,0.79
2022-06-23,136,352,12,0.38636363636363635,0.272
2022-06-24,212,110,178,1.9272727272727272,0.424
2022-06-27,142,366,-8,0.3879781420765027,0.284
2022-06-28,206,180,114,1.1444444444444444,0.412
2022-06-29,244,140,116,1.7428571428571429,0.488
2022-06-30,237,254,9,0.9330708661417323,0.474
2022-07-01,127,326,47,0.3895705521472393,0.254
2022-07-04,301,177,22,1.7005649717514124,0.602
2022-07-05,104,258,138,0.40310077519379844,0.208
2022-07-06,333,187,-20,1.7807486631016043,0.666
2022-07-07,230,328,-58,0.7012195121951219,0.46
2022-07-08,231,250,19,0.924,0.462
2022-07-11,334,386,-220,0.8652849740932642,0.668
2022-07-12,224,220,56,1.018181818181818,0.448
2022-07-13,141,171,188,0.8245614035087719,0.282
2022-07-14,389,120,-9,3.2416666666666667,0.778
2022-07-15,153,112,235,1.3660714285714286,0.306
2022-07-18,368,280,-148,1.3142857142857143,0.736
2022-07-19,310,231,-41,1.341991341991342,0.62
2022-07-20,251,395,-146,0.6354430379746835,0.502
2022-07-21,370,168,-38,2.2023809523809526,0.74
2022-07-22,300,105,95,2.857142857142857,0.6
2022-07-25,103,179,218,0.5754189944134078,0.206
2022-07-26,258,162,80,1.5925925925925926,0.516
2022-07-27,256,207,37,1.2367149758454106,0.512
2022-07-28,206,275,19,0.7490909090909091,0.412
2022-07-29,115,380,5,0.3026315789473684,0.23
2022-08-01,245,375,-120,0.6533333333333333,0.49
2022-08-02,351,298,-149,1.1778523489932886,0.702
2022-08-03,334,236,-70,1.4152542372881356,0.668
2022-08-04,172,185,143,0.9297297297297298,0.344
2022-08-05,287,346,-133,0.8294797687861272,0.574
2022-08-08,123,219,158,0.5616438356164384,0.246
2022-08-09,102,112,286,0.9107142857142857,0.204
2022-08-10,173,353,-26,0.49008498583569404,0.346
2022-08-11,295,152,53,1.9407894736842106,0.59
2022-08-12,366,357,-223,1.0252100840336134,0.732
2022-08-15,311,258,-69,1.2054263565891472,0.622
2022-08-16,238,268,-6,0.8880597014925373,0.476
2022-08-17,210,394,-104,0.5329949238578681,0.42
2022-08-18,135,393,-28,0.3435114503816794,0.27
2022-08-19,144,397,-41,0.36272040302267,0.288
2022-08-22,160,293,47,0.5460750853242321,0.32
2022-08-23,100,375,25,0.26666666666666666,0.2
2022-08-24,261,372,-133,0.7016129032258065,0.522
2022-08-25,363,397,-260,0.9143576826196473,0.726
2022-08-26,379,235,-114,1.6127659574468085,0.758
2022-08-29,346,346,-192,1.0,0.692
2022-08-30,337,349,-186,0.9656160458452722,0.674
2022-08-31,179,384,-63,0.4661458333333333,0.358
2022-09-01,267,332,-99,0.8042168674698795,0.534
2022-09-02,178,297,25,0.5993265993265994,0.356
2022-09-05,161,190,149,0.8473684210526315,0.322
2022-09-06,222,102,176,2.176470588235294,0.444
2022-09-07,178,167,155,1.0658682634730539,0.356
2022-09-08,118,105,277,1.1238095238095238,0.236
2022-09-09,359,199,-58,1.8040201005025125,0.718
2022-09-12,249,188,63,1.324468085106383,0.498
2022-09-13,151,228,121,0.6622807017543859,0.302
2022-09-14,171,301,28,0.5681063122923588,0.342
2022-09-15,172,113,215,1.5221238938053097,0.344
2022-09-16,109,275,116,0.39636363636363636,0.218
2022-09-19,263,259,-22,1.0154440154440154,0.526
2022-09-20,227,235,38,0.9659574468085106,0.454
2022-09-21,299,215,-14,1.3906976744186046,0.598
2022-09-22,355,359,-214,0.9888579387186629,0.71
2022-09-23,388,253,-141,1.533596837944664,0.776
2022-09-26,125,286,89,0.4370629370629371,0.25
2022-09-27,229,296,-25,0.7736486486486487,0.458
2022-09-28,261,334,-95,0.781437125748503,0.522
2022-09-29,231,164,105,1.4085365853658536,0.462
2022-09-30,265,222,13,1.1936936936936937,0.53
2022-10-03,218,350,-68,0.6228571428571429,0.436
2022-10-04,144,169,187,0.8520710059171598,0.288
2022-10-05,287,201,12,1.427860696517413,0.574
2022-10-06,144,295,61,0.488135593220339,0.288
2022-10-07,351,118,31,2.9745762711864407,0.702
2022-10-10,288,259,-47,1.111969111969112,0.576
2022-10-11,282,368,-150,0.7663043478260869,0.564
2022-10-12,381,248,-129,1.5362903225806452,0.762
2022-10-13,161,215,124,0.7488372093023256,0.322
2022-10-14,160,378,-38,0.42328042328042326,0.32
2022-10-17,348,196,-44,1.7755102040816326,0.696
2022-10-18,253,165,82,1.5333333333333334,0.506
2022-10-19,394,163,-57,2.4171779141104293,0.788
2022-10-20,218,364,-82,0.5989010989010989,0.436
2022-10-21,252,343,-95,0.7346938775510204,0.504
2022-10-24,160,160,180,1.0,0.32
2022-10-25,225,397,-122,0.5667506297229219,0.45
2022-10-26,191,257,52,0.7431906614785992,0.382
2022-10-27,110,210,180,0.5238095238095238,0.22
2022-10-28,347,189,-36,1.835978835978836,0.694
2022-10-31,355,118,27,3.0084745762711864,0.71
2022-11-01,386,384,-270,1.0052083333333333,0.772
2022-11-02,240,277,-17,0.8664259927797834,0.48
2022-11-03,345,250,-95,1.38,0.69
2022-11-04,302,333,-135,0.9069069069069069,0.604
2022-11-07,121,114,265,1.0614035087719298,0.242
2022-11-08,207,177,116,1.1694915254237288,0.414
2022-11-09,344,100,56,3.44,0.688
2022-11-10,291,377,-168,0.7718832891246684,0.582
2022-11-11,212,192,96,1.1041666666666667,0.424
2022-11-14,329,221,-50,1.48868778280543,0.658
2022-11-15,211,275,14,0.7672727272727272,0.422
2022-11-16,124,103,273,1.203883495145631,0.248
2022-11-17,186,195,119,0.9538461538461539,0.372
2022-11-18,167,101,232,1.6534653465346534,0.334
2022-11-21,363,282,-145,1.2872340425531914,0.726
2022-11-22,308,165,27,1.8666666666666667,0.616
2022-11-23,278,163,59,1.705521472392638,0.556
2022-11-24,359,354,-213,1.0141242937853108,0.718
2022-11-25,175,135,190,1.2962962962962963,0.35
2022-11-28,102,104,294,0.9807692307692307,0.204
2022-11-29,325,137,38,2.372262773722628,0.65
2022-11-30,132,103,265,1.2815533980582525,0.264
2022-12-01,210,102,188,2.0588235294117645,0.42
2022-12-02,115,268,117,0.4291044776119403,0.23
2022-12-05,229,208,63,1.1009615384615385,0.458
2022-12-06,200,306,-6,0.6535947712418301,0.4
2022-12-07,366,187,-53,1.9572192513368984,0.732
2022-12-08,198,347,-45,0.5706051873198847,0.396
2022-12-09,108,128,264,0.84375,0.216
2022-12-12,238,269,-7,0.8847583643122676,0.476
2022-12-13,153,266,81,0.575187969924812,0.306
2022-12-14,130,201,169,0.6467661691542289,0.26
2022-12-15,107,282,111,0.37943262411347517,0.214
2022-12-16,323,298,-121,1.0838926174496644,0.646
2022-12-19,361,119,20,3.033613445378151,0.722
2022-12-20,215,339,-54,0.6342182890855457,0.43
2022-12-21,314,218,-32,1.4403669724770642,0.628
2022-12-22,281,172,47,1.6337209302325582,0.562
2022-12-23,320,194,-14,1.6494845360824741,0.64
2022-12-26,330,190,-20,1.736842105263158,0.66
2022-12-27,229,347,-76,0.659942363112392,0.458
2022-12-28,252,347,-99,0.7262247838616714,0.504
2022-12-29,392,243,-135,1.6131687242798354,0.784
2022-12-30,202,333,-35,0.6066066066066066,0.404
2023-01-02,369,291,-160,1.268041237113402,0.738
2023-01-03,383,348,-231,1.1005747126436782,0.766
2023-01-04,195,308,-3,0.6331168831168831,0.39
2023-01-05,168,386,-54,0.43523316062176165,0.336
2023-01-06,156,345,-1,0.45217391304347826,0.312
2023-01-09,337,277,-114,1.2166064981949458,0.674
2023-01-10,324,297,-121,1.0909090909090908,0.648
2023-01-11,298,351,-149,0.8490028490028491,0.596
2023-01-12,173,144,183,1.2013888888888888,0.346
2023-01-13,315,151,34,2.0860927152317883,0.63
2023-01-16,262,272,-34,0.9632352941176471,0.524
2023-01-17,260,257,-17,1.0116731517509727,0.52
2023-01-18,325,147,28,2.2108843537414966,0.65
2023-01-19,274,220,6,1.2454545454545454,0.548
2023-01-20,367,249,-116,1.4738955823293172,0.734
2023-01-23,275,139,86,1.9784172661870503,0.55
2023-01-24,271,106,123,2.556603773584906,0.542
2023-01-25,398,243,-141,1.6378600823045268,0.796
2023-01-26,260,146,94,1.7808219178082192,0.52
2023-01-27,212,122,166,1.7377049180327868,0.424
2023-01-30,106,167,227,0.6347305389221557,0.212
2023-01-31,375,164,-39,2.2865853658536586,0.75
2023-02-01,283,209,8,1.354066985645933,0.566
2023-02-02,250,369,-119,0.6775067750677507,0.5
2023-02-03,207,206,87,1.0048543689320388,0.414
2023-02-06,313,246,-59,1.2723577235772359,0.626
2023-02-07,189,173,138,1.092485549132948,0.378
2023-02-08,210,281,9,0.7473309608540926,0.42
2023-02-09,106,209,185,0.507177033492823,0.212
2023-02-10,318,299,-117,1.0635451505016722,0.636
2023-02-13,250,349,-99,0.7163323782234957,0.5
2023-02-14,231,234,35,0.9871794871794872,0.462
2023-02-15,352,384,-236,0.9166666666666666,0.704
2023-02-16,356,378,-234,0.9417989417989417,0.712
2023-02-17,156,100,244,1.56,0.312
2023-02-20,367,115,18,3.1913043478260867,0.734
2023-02-21,313,271,-84,1.154981549815498,0.626
2023-02-22,118,243,139,0.48559670781893005,0.236
2023-02-23,319,287,-106,1.1114982578397212,0.638
2023-02-24,251,358,-109,0.7011173184357542,0.502
2023-02-27,154,361,-15,0.4265927977839335,0.308
2023-02-28,355,251,-106,1.4143426294820718,0.71
2023-03-01,331,299,-130,1.1070234113712374,0.662
2023-03-02,216,184,100,1.173913043478261,0.432
2023-03-03,194,242,64,0.8016528925619835,0.388
2023-03-06,138,187,175,0.7379679144385026,0.276
2023-03-07,115,377,8,0.3050397877984085,0.23
2023-03-08,283,347,-130,0.8155619596541787,0.566
2023-03-09,228,193,79,1.1813471502590673,0.456
2023-03-10,187,214,99,0.8738317757009346,0.374
2023-03-13,368,134,-2,2.746268656716418,0.736
2023-03-14,170,142,188,1.1971830985915493,0.34
2023-03-15,255,306,-61,0.8333333333333334,0.51
2023-03-16,331,263,-94,1.258555133079848,0.662
2023-03-17,136,201,163,0.6766169154228856,0.272
2023-03-20,121,248,131,0.4879032258064516,0.242
2023-03-21,379,146,-25,2.595890410958904,0.758
2023-03-22,184,184,132,1.0,0.368
2023-03-23,294,289,-83,1.0173010380622838,0.588
2023-03-24,233,143,124,1.6293706293706294,0.466
2023-03-27,268,246,-14,1.089430894308943,0.536
2023-03-28,244,335,-79,0.7283582089552239,0.488
2023-03-29,221,243,36,0.9094650205761317,0.442
2023-03-30,327,323,-150,1.0123839009287925,0.654
2023-03-31,319,376,-195,0.848404255319149,0.638
2023-04-03,274,116,110,2.3620689655172415,0.548
2023-04-04,226,233,41,0.9699570815450643,0.452
2023-04-05,347,327,-174,1.0611620795107033,0.694
2023-04-06,140,153,207,0.9150326797385621,0.28
2023-04-07,329,231,-60,1.4242424242424243,0.658
2023-04-10,124,249,127,0.4979919678714859,0.248
2023-04-11,259,392,-151,0.6607142857142857,0.518
2023-04-12,205,318,-23,0.6446540880503144,0.41
2023-04-13,213,142,145,1.5,0.426
2023-04-14,297,151,52,1.966887417218543,0.594
2023-04-17,286,300,-86,0.9533333333333334,0.572
2023-04-18,149,325,26,0.4584615384615385,0.298
2023-04-19,253,133,114,1.9022556390977443,0.506
2023-04-20,278,241,-19,1.1535269709543567,0.556
2023-04-21,172,191,137,0.900523560209424,0.344
2023-04-24,256,339,-95,0.7551622418879056,0.512
2023-04-25,242,163,95,1.4846625766871167,0.484
2023-04-26,249,256,-5,0.97265625,0.498
2023-04-27,115,340,45,0.3382352941176471,0.23
2023-04-28,313,250,-63,1.252,0.626
2023-05-01,249,350,-99,0.7114285714285714,0.498
2023-05-02,304,303,-107,1.0033003300330032,0.608
2023-05-03,209,212,79,0.9858490566037735,0.418
2023-05-04,354,382,-236,0.9267015706806283,0.708
2023-05-05,131,350,19,0.3742857142857143,0.262
2023-05-08,294,269,-63,1.0929368029739777,0.588
2023-05-09,178,347,-25,0.5129682997118156,0.356
2023-05-10,357,256,-113,1.39453125,0.714
2023-05-11,288,261,-49,1.103448275862069,0.576
2023-05-12,322,310,-132,1.038709677419355,0.644
2023-05-15,359,289,-148,1.2422145328719723,0.718
2023-05-16,272,252,-24,1.0793650793650793,0.544
2023-05-17,311,133,56,2.338345864661654,0.622
2023-05-18,111,383,6,0.2898172323759791,0.222
2023-05-19,321,113,66,2.84070796460177,0.642
2023-05-22,323,223,-46,1.4484304932735426,0.646
2023-05-23,201,109,190,1.8440366972477065,0.402
2023-05-24,237,188,75,1.2606382978723405,0.474
2023-05-25,217,239,44,0.9079497907949791,0.434
2023-05-26,157,342,1,0.4590643274853801,0.314
2023-05-29,105,272,123,0.3860294117647059,0.21
2023-05-30,265,193,42,1.3730569948186528,0.53
2023-05-31,185,156,159,1.185897435897436,0.37
2023-06-01,276,272,-48,1.0147058823529411,0.552
2023-06-02,340,211,-51,1.6113744075829384,0.68
2023-06-05,328,177,-5,1.8531073446327684,0.656
2023-06-06,327,389,-216,0.8406169665809768,0.654
2023-06-07,199,390,-89,0.5102564102564102,0.398
2023-06-08,398,385,-283,1.0337662337662337,0.796
2023-06-09,221,209,70,1.0574162679425838,0.442
2023-06-12,246,289,-35,0.8512110726643599,0.492
2023-06-13,306,376,-182,0.8138297872340425,0.612
2023-06-14,314,334,-148,0.9401197604790419,0.628
2023-06-15,194,268,38,0.7238805970149254,0.388
2023-06-16,212,177,111,1.1977401129943503,0.424
2023-06-19,266,146,88,1.821917808219178,0.532
2023-06-20,125,338,37,0.3698224852071006,0.25
2023-06-21,278,294,-72,0.9455782312925171,0.556
2023-06-22,277,166,57,1.6686746987951808,0.554
2023-06-23,224,387,-111,0.5788113695090439,0.448
2023-06-26,177,323,0,0.5479876160990712,0.354
2023-06-27,111,242,147,0.45867768595041325,0.222
2023-06-28,305,304,-109,1.0032894736842106,0.61
2023-06-29,118,371,11,0.31805929919137466,0.236
2023-06-30,394,263,-157,1.4980988593155893,0.788
2023-07-03,280,244,-24,1.1475409836065573,0.56
2023-07-04,305,152,43,2.0065789473684212,0.61
2023-07-05,351,305,-156,1.1508196721311474,0.702
2023-07-06,382,265,-147,1.441509433962264,0.764
2023-07-07,283,304,-87,0.930921052631579,0.566
2023-07-10,313,112,75,2.794642857142857,0.626
2023-07-11,350,156,-6,2.2435897435897436,0.7
2023-07-12,192,338,-30,0.5680473372781065,0.384
2023-07-13,371,229,-100,1.6200873362445414,0.742
2023-07-14,283,194,23,1.458762886597938,0.566
2023-07-17,114,208,178,0.5480769230769231,0.228
2023-07-18,321,258,-79,1.244186046511628,0.642
2023-07-19,358,194,-52,1.8453608247422681,0.716
2023-07-20,104,231,165,0.45021645021645024,0.208
2023-07-21,374,225,-99,1.6622222222222223,0.748
2023-07-24,220,223,57,0.9865470852017937,0.44
2023-07-25,250,142,108,1.7605633802816902,0.5
2023-07-26,295,286,-81,1.0314685314685315,0.59
2023-07-27,394,281,-175,1.402135231316726,0.788
2023-07-28,287,161,52,1.7826086956521738,0.574
2023-07-31,165,347,-12,0.4755043227665706,0.33
2023-08-01,203,147,150,1.380952380952381,0.406
2023-08-02,327,314,-141,1.0414012738853504,0.654
2023-08-03,217,184,99,1.1793478260869565,0.434
2023-08-04,354,201,-55,1.7611940298507462,0.708
2023-08-07,108,345,47,0.3130434782608696,0.216
2023-08-08,210,163,127,1.2883435582822085,0.42
2023-08-09,281,372,-153,0.7553763440860215,0.562
2023-08-10,379,363,-242,1.044077134986226,0.758
2023-08-11,302,156,42,1.935897435897436,0.604
2023-08-14,328,266,-94,1.2330827067669172,0.656
2023-08-15,121,339,40,0.35693215339233036,0.242
2023-08-16,315,200,-15,1.575,0.63
2023-08-17,387,146,-33,2.6506849315068495,0.774
2023-08-18,135,216,149,0.625,0.27
2023-08-21,140,224,136,0.625,0.28
2023-08-22,277,264,-41,1.0492424242424243,0.554
2023-08-23,307,356,-163,0.8623595505617978,0.614
2023-08-24,153,101,246,1.5148514851485149,0.306
2023-08-25,239,260,1,0.9192307692307692,0.478
2023-08-28,341,376,-217,0.9069148936170213,0.682
2023-08-29,301,189,10,1.5925925925925926,0.602
2023-08-30,370,394,-264,0.9390862944162437,0.74
2023-08-31,357,327,-184,1.091743119266055,0.714
2023-09-01,198,174,128,1.1379310344827587,0.396
2023-09-04,298,170,32,1.7529411764705882,0.596
2023-09-05,272,323,-95,0.8421052631578947,0.544
2023-09-06,370,230,-100,1.608695652173913,0.74
2023-09-07,107,308,85,0.3474025974025974,0.214
2023-09-08,280,256,-36,1.09375,0.56
2023-09-11,278,132,90,2.106060606060606,0.556
2023-09-12,125,194,181,0.6443298969072165,0.25
2023-09-13,316,325,-141,0.9723076923076923,0.632
2023-09-14,103,356,41,0.2893258426966292,0.206
2023-09-15,201,142,157,1.4154929577464788,0.402
2023-09-18,123,110,267,1.1181818181818182,0.246
2023-09-19,357,119,24,3.0,0.714
2023-09-20,325,132,43,2.462121212121212,0.65
2023-09-21,226,233,41,0.9699570815450643,0.452
2023-09-22,364,399,-263,0.9122807017543859,0.728
2023-09-25,225,317,-42,0.7097791798107256,0.45
2023-09-26,375,205,-80,1.829268292682927,0.75
2023-09-27,143,352,5,0.40625,0.286
2023-09-28,128,377,-5,0.3395225464190981,0.256
2023-09-29,333,157,10,2.121019108280255,0.666
2023-10-02,291,392,-183,0.7423469387755102,0.582
2023-10-03,215,148,137,1.4527027027027026,0.43
2023-10-04,358,231,-89,1.5497835497835497,0.716
2023-10-05,148,256,96,0.578125,0.296
2023-10-06,174,117,209,1.4871794871794872,0.348
2023-10-09,326,201,-27,1.6218905472636815,0.652
2023-10-10,330,160,10,2.0625,0.66
2023-10-11,165,274,61,0.6021897810218978,0.33
2023-10-12,201,148,151,1.3581081081081081,0.402
2023-10-13,301,189,10,1.5925925925925926,0.602
2023-10-16,100,131,269,0.7633587786259542,0.2
2023-10-17,223,265,12,0.8415094339622642,0.446
2023-10-18,253,361,-114,0.7008310249307479,0.506
2023-10-19,273,371,-144,0.7358490566037735,0.546
2023-10-20,231,139,130,1.6618705035971224,0.462
2023-10-23,305,195,0,1.564102564102564,0.61
2023-10-24,280,129,91,2.1705426356589146,0.56
2023-10-25,311,215,-26,1.4465116279069767,0.622
2023-10-26,335,100,65,3.35,0.67
2023-10-27,120,253,127,0.4743083003952569,0.24
2023-10-30,234,243,23,0.9629629629629629,0.468
2023-10-31,231,225,44,1.0266666666666666,0.462
2023-11-01,322,144,34,2.236111111111111,0.644
2023-11-02,253,328,-81,0.7713414634146342,0.506
2023-11-03,226,112,162,2.017857142857143,0.452
2023-11-06,235,357,-92,0.6582633053221288,0.47
2023-11-07,153,145,202,1.0551724137931036,0.306
2023-11-08,289,358,-147,0.8072625698324022,0.578
2023-11-09,246,214,40,1.1495327102803738,0.492
2023-11-10,255,291,-46,0.8762886597938144,0.51
2023-11-13,120,209,171,0.5741626794258373,0.24
2023-11-14,133,322,45,0.41304347826086957,0.266
2023-11-15,158,319,23,0.4952978056426332,0.316
2023-11-16,201,253,46,0.7944664031620553,0.402
2023-11-17,200,340,-40,0.5882352941176471,0.4
2023-11-20,136,374,-10,0.36363636363636365,0.272
2023-11-21,136,231,133,0.5887445887445888,0.272
2023-11-22,327,213,-40,1.5352112676056338,0.654
2023-11-23,254,326,-80,0.7791411042944786,0.508
2023-11-24,252,247,1,1.0202429149797572,0.504
2023-11-27,348,248,-96,1.403225806451613,0.696
2023-11-28,395,243,-138,1.625514403292181,0.79
2023-11-29,376,139,-15,2.7050359712230216,0.752
2023-11-30,179,280,41,0.6392857142857142,0.358
2023-12-01,334,267,-101,1.250936329588015,0.668
2023-12-04,376,251,-127,1.49800796812749,0.752
2023-12-05,254,205,41,1.2390243902439024,0.508
2023-12-06,372,388,-260,0.9587628865979382,0.744
2023-12-07,164,248,88,0.6612903225806451,0.328
2023-12-08,371,399,-270,0.9298245614035088,0.742
2023-12-11,278,232,-10,1.1982758620689655,0.556
2023-12-12,118,286,96,0.4125874125874126,0.236
2023-12-13,341,237,-78,1.4388185654008439,0.682
2023-12-14,170,265,65,0.6415094339622641,0.34
2023-12-15,233,131,136,1.7786259541984732,0.466
2023-12-18,276,172,52,1.6046511627906976,0.552
2023-12-19,102,216,182,0.4722222222222222,0.204
2023-12-20,140,242,118,0.5785123966942148,0.28
2023-12-21,351,270,-121,1.3,0.702
2023-12-22,224,182,94,1.2307692307692308,0.448
2023-12-25,124,126,250,0.9841269841269841,0.248
2023-12-26,102,144,254,0.7083333333333334,0.204
2023-12-27,347,356,-203,0.9747191011235955,0.694
2023-12-28,372,108,20,3.4444444444444446,0.744
2023-12-29,393,173,-66,2.2716763005780347,0.786
2024-01-01,235,392,-127,0.5994897959183674,0.47
2024-01-02,157,304,39,0.5164473684210527,0.314
2024-01-03,278,329,-107,0.8449848024316109,0.556
2024-01-04,273,196,31,1.3928571428571428,0.546
2024-01-05,287,225,-12,1.2755555555555556,0.574
2024-01-08,359,142,-1,2.528169014084507,0.718
2024-01-09,232,156,112,1.4871794871794872,0.464
2024-01-10,145,249,106,0.5823293172690763,0.29
2024-01-11,214,330,-44,0.6484848484848484,0.428
2024-01-12,394,353,-247,1.1161473087818696,0.788
2024-01-15,103,232,165,0.44396551724137934,0.206
2024-01-16,305,327,-132,0.9327217125382263,0.61
2024-01-17,377,154,-31,2.448051948051948,0.754
2024-01-18,324,225,-49,1.44,0.648
2024-01-19,124,176,200,0.7045454545454546,0.248
2024-01-22,310,374,-184,0.8288770053475936,0.62
2024-01-23,161,246,93,0.6544715447154471,0.322
2024-01-24,371,386,-257,0.961139896373057,0.742
2024-01-25,112,143,245,0.7832167832167832,0.224
2024-01-26,269,118,113,2.2796610169491527,0.538
2024-01-29,297,220,-17,1.35,0.594
2024-01-30,151,173,176,0.8728323699421965,0.302
2024-01-31,122,129,249,0.9457364341085271,0.244
2024-02-01,309,162,29,1.9074074074074074,0.618
2024-02-02,102,390,8,0.26153846153846155,0.204
2024-02-05,101,362,37,0.27900552486187846,0.202
2024-02-06,151,242,107,0.6239669421487604,0.302
2024-02-07,310,338,-148,0.9171597633136095,0.62
2024-02-08,217,284,-1,0.7640845070422535,0.434
2024-02-09,172,257,71,0.669260700389105,0.344
2024-02-12,242,212,46,1.1415094339622642,0.484
2024-02-13,286,190,24,1.5052631578947369,0.572
2024-02-14,386,307,-193,1.257328990228013,0.772
2024-02-15,246,371,-117,0.6630727762803235,0.492
2024-02-16,313,157,30,1.9936305732484076,0.626
2024-02-19,145,267,88,0.5430711610486891,0.29
2024-02-20,103,144,253,0.7152777777777778,0.206
2024-02-21,351,271,-122,1.2952029520295203,0.702
2024-02-22,220,396,-116,0.5555555555555556,0.44
2024-02-23,105,367,28,0.28610354223433243,0.21
2024-02-26,364,194,-58,1.8762886597938144,0.728
2024-02-27,332,370,-202,0.8972972972972973,0.664
2024-02-28,308,218,-26,1.4128440366972477,0.616
2024-02-29,199,181,120,1.0994475138121547,0.398
2024-03-01,152,213,135,0.7136150234741784,0.304
2024-03-04,365,226,-91,1.6150442477876106,0.73
2024-03-05,366,356,-222,1.0280898876404494,0.732
2024-03-06,364,366,-230,0.994535519125683,0.728
2024-03-07,271,122,107,2.221311475409836,0.542
2024-03-08,211,350,-61,0.6028571428571429,0.422
2024-03-11,163,113,224,1.4424778761061947,0.326
2024-03-12,364,330,-194,1.103030303030303,0.728
2024-03-13,377,223,-100,1.6905829596412556,0.754
2024-03-14,341,136,23,2.5073529411764706,0.682
2024-03-15,183,113,204,1.6194690265486726,0.366
2024-03-18,118,262,120,0.45038167938931295,0.236
2024-03-19,351,174,-25,2.0172413793103448,0.702
2024-03-20,149,172,179,0.8662790697674418,0.298
2024-03-21,176,290,34,0.6068965517241379,0.352
2024-03-22,375,132,-7,2.840909090909091,0.75
2024-03-25,318,260,-78,1.2230769230769232,0.636
2024-03-26,348,122,30,2.8524590163934427,0.696
2024-03-27,287,224,-11,1.28125,0.574
2024-03-28,307,139,54,2.20863309352518,0.614
2024-03-29,374,243,-117,1.5390946502057614,0.748
2024-04-01,366,356,-222,1.0280898876404494,0.732
2024-04-02,238,320,-58,0.74375,0.476
2024-04-03,338,347,-185,0.9740634005763689,0.676
2024-04-04,335,141,24,2.375886524822695,0.67
2024-04-05,342,301,-143,1.1362126245847175,0.684
2024-04-08,351,232,-83,1.5129310344827587,0.702
2024-04-09,316,234,-50,1.3504273504273505,0.632
2024-04-10,320,361,-181,0.8864265927977839,0.64
2024-04-11,268,166,66,1.6144578313253013,0.536
2024-04-12,224,165,111,1.3575757575757577,0.448
2024-04-15,325,363,-188,0.8953168044077136,0.65
2024-04-16,106,198,196,0.5353535353535354,0.212
2024-04-17,390,318,-208,1.2264150943396226,0.78
2024-04-18,333,240,-73,1.3875,0.666
2024-04-19,187,204,109,0.9166666666666666,0.374
2024-04-22,170,362,-32,0.4696132596685083,0.34
2024-04-23,290,392,-182,0.7397959183673469,0.58
2024-04-24,397,249,-146,1.5943775100401607,0.794
2024-04-25,220,243,37,0.9053497942386831,0.44
2024-04-26,319,118,63,2.7033898305084745,0.638
2024-04-29,375,182,-57,2.0604395604395602,0.75
2024-04-30,286,301,-87,0.9501661129568106,0.572
2024-05-01,180,216,104,0.8333333333333334,0.36
2024-05-02,288,297,-85,0.9696969696969697,0.576
2024-05-03,399,362,-261,1.1022099447513811,0.798
2024-05-06,266,315,-81,0.8444444444444444,0.532
2024-05-07,147,254,99,0.5787401574803149,0.294
2024-05-08,164,212,124,0.7735849056603774,0.328
2024-05-09,203,134,163,1.5149253731343284,0.406
2024-05-10,253,379,-132,0.6675461741424802,0.506
2024-05-13,142,152,206,0.9342105263157895,0.284
2024-05-14,286,326,-112,0.8773006134969326,0.572
2024-05-15,170,325,5,0.5230769230769231,0.34
2024-05-16,115,214,171,0.5373831775700935,0.23
2024-05-17,333,240,-73,1.3875,0.666
2024-05-20,108,368,24,0.29347826086956524,0.216
2024-05-21,284,168,48,1.6904761904761905,0.568
2024-05-22,336,386,-222,0.8704663212435233,0.672
2024-05-23,174,240,86,0.725,0.348
2024-05-24,278,195,27,1.4256410256410257,0.556
2024-05-27,265,386,-151,0.6865284974093264,0.53
2024-05-28,236,154,110,1.5324675324675325,0.472
2024-05-29,266,113,121,2.353982300884956,0.532
2024-05-30,341,316,-157,1.0791139240506329,0.682
2024-05-31,235,299,-34,0.7859531772575251,0.47
2024-06-03,365,322,-187,1.1335403726708075,0.73
2024-06-04,165,370,-35,0.44594594594594594,0.33
2024-06-05,186,138,176,1.3478260869565217,0.372
2024-06-06,188,385,-73,0.4883116883116883,0.376
2024-06-07,228,301,-29,0.7574750830564784,0.456
2024-06-10,147,164,189,0.8963414634146342,0.294
2024-06-11,258,233,9,1.1072961373390557,0.516
2024-06-12,127,250,123,0.508,0.254
2024-06-13,277,350,-127,0.7914285714285715,0.554
2024-06-14,376,106,18,3.547169811320755,0.752
2024-06-17,329,315,-144,1.0444444444444445,0.658
2024-06-18,247,260,-7,0.95,0.494
2024-06-19,267,202,31,1.3217821782178218,0.534
2024-06-20,343,220,-63,1.559090909090909,0.686
2024-06-21,218,336,-54,0.6488095238095238,0.436
2024-06-24,161,196,143,0.8214285714285714,0.322
2024-06-25,268,365,-133,0.7342465753424657,0.536
2024-06-26,397,222,-119,1.7882882882882882,0.794
2024-06-27,321,385,-206,0.8337662337662337,0.642
2024-06-28,220,298,-18,0.738255033557047,0.44
2024-07-01,294,213,-7,1.380281690140845,0.588
2024-07-02,228,169,103,1.349112426035503,0.456
2024-07-03,291,170,39,1.7117647058823529,0.582
2024-07-04,160,392,-52,0.40816326530612246,0.32
2024-07-05,142,158,200,0.8987341772151899,0.284
2024-07-08,323,374,-197,0.8636363636363636,0.646
2024-07-09,167,188,145,0.8882978723404256,0.334
2024-07-10,324,187,-11,1.732620320855615,0.648
2024-07-11,189,159,152,1.1886792452830188,0.378
2024-07-12,155,164,181,0.9451219512195121,0.31
2024-07-15,287,134,79,2.1417910447761193,0.574
2024-07-16,104,351,45,0.2962962962962963,0.208
2024-07-17,243,320,-63,0.759375,0.486
2024-07-18,378,147,-25,2.5714285714285716,0.756
2024-07-19,385,158,-43,2.4367088607594938,0.77
2024-07-22,329,300,-129,1.0966666666666667,0.658
2024-07-23,373,391,-264,0.9539641943734015,0.746
2024-07-24,184,259,57,0.7104247104247104,0.368
2024-07-25,342,156,2,2.1923076923076925,0.684
2024-07-26,347,314,-161,1.105095541401274,0.694
2024-07-29,157,278,65,0.564748201438849,0.314
2024-07-30,267,296,-63,0.902027027027027,0.534
2024-07-31,232,387,-119,0.599483204134367,0.464
2024-08-01,392,252,-144,1.5555555555555556,0.784
2024-08-02,219,312,-31,0.7019230769230769,0.438
2024-08-05,376,213,-89,1.7652582159624413,0.752
2024-08-06,340,176,-16,1.9318181818181819,0.68
2024-08-07,270,189,41,1.4285714285714286,0.54
2024-08-08,261,261,-22,1.0,0.522
2024-08-09,395,279,-174,1.4157706093189963,0.79
2024-08-12,116,177,207,0.655367231638418,0.232
2024-08-13,151,155,194,0.9741935483870968,0.302
2024-08-14,121,198,181,0.6111111111111112,0.242
2024-08-15,165,165,170,1.0,0.33
2024-08-16,369,159,-28,2.3207547169811322,0.738
2024-08-19,269,225,6,1.1955555555555555,0.538
2024-08-20,337,346,-183,0.9739884393063584,0.674
2024-08-21,136,315,49,0.43174603174603177,0.272
2024-08-22,326,154,20,2.116883116883117,0.652
2024-08-23,338,348,-186,0.9712643678160919,0.676
2024-08-26,153,303,44,0.504950495049505,0.306
2024-08-27,367,280,-147,1.3107142857142857,0.734
2024-08-28,116,285,99,0.4070175438596491,0.232
2024-08-29,155,193,152,0.8031088082901554,0.31
2024-08-30,201,291,8,0.6907216494845361,0.402
2024-09-02,318,325,-143,0.9784615384615385,0.636
2024-09-03,322,101,77,3.1881188118811883,0.644
2024-09-04,339,192,-31,1.765625,0.678
2024-09-05,191,242,67,0.7892561983471075,0.382
2024-09-06,210,339,-49,0.6194690265486725,0.42
2024-09-09,116,277,107,0.4187725631768953,0.232
2024-09-10,163,347,-10,0.4697406340057637,0.326
2024-09-11,142,312,46,0.4551282051282051,0.284
2024-09-12,167,315,18,0.5301587301587302,0.334
2024-09-13,128,374,-2,0.3422459893048128,0.256
2024-09-16,181,174,145,1.0402298850574712,0.362
2024-09-17,368,133,-1,2.7669172932330826,0.736
2024-09-18,312,384,-196,0.8125,0.624
2024-09-19,133,193,174,0.689119170984456,0.266
2024-09-20,311,335,-146,0.9283582089552239,0.622
2024-09-23,349,151,0,2.3112582781456954,0.698
2024-09-24,326,173,1,1.884393063583815,0.652
2024-09-25,134,363,3,0.3691460055096419,0.268
2024-09-26,237,115,148,2.0608695652173914,0.474
2024-09-27,202,202,96,1.0,0.404
2024-09-30,253,365,-118,0.6931506849315069,0.506
2024-10-01,200,160,140,1.25,0.4
2024-10-02,161,196,143,0.8214285714285714,0.322
2024-10-03,239,310,-49,0.7709677419354839,0.478
2024-10-04,324,395,-219,0.8202531645569621,0.648
2024-10-07,355,110,35,3.227272727272727,0.71
2024-10-08,337,338,-175,0.9970414201183432,0.674
2024-10-09,104,339,57,0.30678466076696165,0.208
2024-10-10,317,277,-94,1.144404332129964,0.634
2024-10-11,304,276,-80,1.1014492753623188,0.608
2024-10-14,235,117,148,2.0085470085470085,0.47
2024-10-15,339,136,25,2.4926470588235294,0.678
2024-10-16,368,173,-41,2.1271676300578033,0.736
2024-10-17,117,219,164,0.5342465753424658,0.234
2024-10-18,218,251,31,0.8685258964143426,0.436
2024-10-21,202,208,90,0.9711538461538461,0.404
2024-10-22,167,235,98,0.7106382978723405,0.334
2024-10-23,211,260,29,0.8115384615384615,0.422
2024-10-24,358,114,28,3.1403508771929824,0.716
2024-10-25,195,292,13,0.6678082191780822,0.39
2024-10-28,361,106,33,3.4056603773584904,0.722
2024-10-29,371,273,-144,1.358974358974359,0.742
2024-10-30,220,242,38,0.9090909090909091,0.44
2024-10-31,294,101,105,2.910891089108911,0.588
2024-11-01,184,348,-32,0.5287356321839081,0.368
2024-11-04,313,379,-192,0.8258575197889182,0.626
2024-11-05,158,237,105,0.6666666666666666,0.316
2024-11-06,367,388,-255,0.9458762886597938,0.734
2024-11-07,292,200,8,1.46,0.584
2024-11-08,364,175,-39,2.08,0.728
2024-11-11,339,371,-210,0.9137466307277629,0.678
2024-11-12,286,120,94,2.3833333333333333,0.572
2024-11-13,324,125,51,2.592,0.648
2024-11-14,302,367,-169,0.8228882833787466,0.604
2024-11-15,370,187,-57,1.9786096256684491,0.74
2024-11-18,259,153,88,1.6928104575163399,0.518
2024-11-19,162,333,5,0.4864864864864865,0.324
2024-11-20,191,111,198,1.7207207207207207,0.382
2024-11-21,309,177,14,1.7457627118644068,0.618
2024-11-22,289,113,98,2.5575221238938055,0.578
2024-11-25,112,209,179,0.5358851674641149,0.224
2024-11-26,314,140,46,2.242857142857143,0.628
2024-11-27,121,207,172,0.5845410628019324,0.242
2024-11-28,322,234,-56,1.376068376068376,0.644
2024-11-29,266,189,45,1.4074074074074074,0.532
2024-12-02,156,175,169,0.8914285714285715,0.312
2024-12-03,167,286,47,0.583916083916084,0.334
2024-12-04,145,154,201,0.9415584415584416,0.29
2024-12-05,370,276,-146,1.3405797101449275,0.74
2024-12-06,379,234,-113,1.6196581196581197,0.758
2024-12-09,162,108,230,1.5,0.324
2024-12-10,177,116,207,1.5258620689655173,0.354
2024-12-11,202,119,179,1.6974789915966386,0.404
2024-12-12,201,178,121,1.1292134831460674,0.402
2024-12-13,326,374,-200,0.8716577540106952,0.652
2024-12-16,327,123,50,2.658536585365854,0.654
2024-12-17,331,307,-138,1.0781758957654723,0.662
2024-12-18,140,283,77,0.49469964664310956,0.28
2024-12-19,258,136,106,1.8970588235294117,0.516
2024-12-20,133,141,226,0.9432624113475178,0.266
2024-12-23,240,156,104,1.5384615384615385,0.48
2024-12-24,327,273,-100,1.1978021978021978,0.654
2024-12-25,166,282,52,0.5886524822695035,0.332
2024-12-26,187,315,-2,0.5936507936507937,0.374
2024-12-27,125,152,223,0.8223684210526315,0.25
2024-12-30,142,310,48,0.45806451612903226,0.284
2024-12-31,218,294,-12,0.7414965986394558,0.436
2025-01-01,163,382,-45,0.42670157068062825,0.326
2025-01-02,107,268,125,0.39925373134328357,0.214
2025-01-03,387,233,-120,1.6609442060085837,0.774
2025-01-06,114,178,208,0.6404494382022472,0.228
2025-01-07,276,351,-127,0.7863247863247863,0.552
2025-01-08,378,254,-132,1.4881889763779528,0.756
2025-01-09,322,121,57,2.6611570247933884,0.644
2025-01-10,396,388,-284,1.0206185567010309,0.792
2025-01-13,201,154,145,1.3051948051948052,0.402
2025-01-14,169,301,30,0.5614617940199336,0.338
2025-01-15,298,247,-45,1.2064777327935223,0.596
2025-01-16,149,311,40,0.4790996784565916,0.298
2025-01-17,217,397,-114,0.5465994962216625,0.434
2025-01-20,326,139,35,2.3453237410071943,0.652
2025-01-21,183,167,150,1.095808383233533,0.366
2025-01-22,168,368,-36,0.45652173913043476,0.336
2025-01-23,127,130,243,0.9769230769230769,0.254
2025-01-24,275,213,12,1.2910798122065728,0.55
2025-01-27,359,201,-60,1.7860696517412935,0.718
2025-01-28,102,175,223,0.5828571428571429,0.204
2025-01-29,184,398,-82,0.4623115577889447,0.368
2025-01-30,177,165,158,1.0727272727272728,0.354
2025-01-31,213,261,26,0.8160919540229885,0.426
2025-02-03,264,315,-79,0.8380952380952381,0.528
2025-02-04,177,359,-36,0.49303621169916434,0.354
2025-02-05,352,125,23,2.816,0.704
2025-02-06,387,197,-84,1.9644670050761421,0.774
2025-02-07,125,330,45,0.3787878787878788,0.25
2025-02-10,335,253,-88,1.3241106719367588,0.67
2025-02-11,195,284,21,0.6866197183098591,0.39
2025-02-12,159,387,-46,0.4108527131782946,0.318
2025-02-13,221,237,42,0.9324894514767933,0.442
2025-02-14,343,391,-234,0.8772378516624041,0.686
2025-02-17,101,223,176,0.452914798206278,0.202
2025-02-18,342,151,7,2.2649006622516556,0.684
2025-02-19,371,359,-230,1.033426183844011,0.742
2025-02-20,231,293,-24,0.78839590443686,0.462
2025-02-21,255,342,-97,0.7456140350877193,0.51
2025-02-24,383,364,-247,1.0521978021978022,0.766
2025-02-25,118,204,178,0.5784313725490197,0.236
2025-02-26,165,335,0,0.4925373134328358,0.33
2025-02-27,227,247,26,0.9190283400809717,0.454
2025-02-28,209,345,-54,0.6057971014492753,0.418
2025-03-03,309,110,81,2.809090909090909,0.618
2025-03-04,247,171,82,1.4444444444444444,0.494
2025-03-05,135,203,162,0.6650246305418719,0.27
2025-03-06,207,189,104,1.0952380952380953,0.414
2025-03-07,116,204,180,0.5686274509803921,0.232
2025-03-10,288,215,-3,1.3395348837209302,0.576
2025-03-11,180,250,70,0.72,0.36
2025-03-12,343,201,-44,1.7064676616915422,0.686
2025-03-13,230,340,-70,0.6764705882352942,0.46
2025-03-14,111,154,235,0.7207792207792207,0.222
2025-03-17,172,350,-22,0.49142857142857144,0.344
2025-03-18,117,276,107,0.42391304347826086,0.234
2025-03-19,366,187,-53,1.9572192513368984,0.732
2025-03-20,208,199,93,1.0452261306532664,0.416
2025-03-21,221,207,72,1.067632850241546,0.442
2025-03-24,141,345,14,0.40869565217391307,0.282
2025-03-25,351,114,35,3.0789473684210527,0.702
2025-03-26,251,121,128,2.074380165289256,0.502
2025-03-27,147,353,0,0.4164305949008499,0.294
2025-03-28,266,150,84,1.7733333333333334,0.532
2025-03-31,131,316,53,0.41455696202531644,0.262
2025-04-01,191,142,167,1.3450704225352113,0.382
2025-04-02,280,166,54,1.6867469879518073,0.56
2025-04-03,308,194,-2,1.5876288659793814,0.616
2025-04-04,314,345,-159,0.9101449275362319,0.628
2025-04-07,269,217,14,1.23963133640553,0.538
2025-04-08,335,351,-186,0.9544159544159544,0.67
2025-04-09,292,392,-184,0.7448979591836735,0.584
2025-04-10,343,147,10,2.3333333333333335,0.686
2025-04-11,157,110,233,1.4272727272727272,0.314
2025-04-14,259,305,-64,0.8491803278688524,0.518
2025-04-15,286,384,-170,0.7447916666666666,0.572
2025-04-16,153,182,165,0.8406593406593407,0.306
2025-04-17,232,276,-8,0.8405797101449275,0.464
2025-04-18,296,396,-192,0.7474747474747475,0.592
2025-04-21,257,337,-94,0.7626112759643917,0.514
2025-04-22,268,162,70,1.654320987654321,0.536
2025-04-23,265,112,123,2.3660714285714284,0.53
2025-04-24,196,154,150,1.2727272727272727,0.392
2025-04-25,285,122,93,2.3360655737704916,0.57
2025-04-28,254,188,58,1.351063829787234,0.508
2025-04-29,230,143,127,1.6083916083916083,0.46
2025-04-30,188,224,88,0.8392857142857143,0.376
2025-05-01,262,161,77,1.6273291925465838,0.524
2025-05-02,127,263,110,0.4828897338403042,0.254
2025-05-05,179,281,40,0.6370106761565836,0.358
2025-05-06,328,362,-190,0.9060773480662984,0.656
2025-05-07,204,218,78,0.9357798165137615,0.408
2025-05-08,178,107,215,1.6635514018691588,0.356
2025-05-09,132,201,167,0.6567164179104478,0.264
2025-05-12,227,233,40,0.9742489270386266,0.454
2025-05-13,344,170,-14,2.023529411764706,0.688
2025-05-14,181,174,145,1.0402298850574712,0.362
2025-05-15,169,210,121,0.8047619047619048,0.338
2025-05-16,237,186,77,1.2741935483870968,0.474
2025-05-19,266,365,-131,0.7287671232876712,0.532
2025-05-20,114,330,56,0.34545454545454546,0.228
2025-05-21,209,178,113,1.1741573033707866,0.418
2025-05-22,392,329,-221,1.1914893617021276,0.784
2025-05-23,211,273,16,0.7728937728937729,0.422
2025-05-26,121,185,194,0.654054054054054,0.242
2025-05-27,133,147,220,0.9047619047619048,0.266
2025-05-28,119,172,209,0.6918604651162791,0.238
2025-05-29,330,399,-229,0.8270676691729323,0.66
2025-05-30,397,188,-85,2.1117021276595747,0.794
2025-06-02,271,259,-30,1.0463320463320462,0.542
2025-06-03,397,152,-49,2.611842105263158,0.794
2025-06-04,195,227,78,0.8590308370044053,0.39
2025-06-05,393,116,-9,3.3879310344827585,0.786
2025-06-06,285,267,-52,1.0674157303370786,0.57
2025-06-09,238,176,86,1.3522727272727273,0.476
2025-06-10,313,288,-101,1.0868055555555556,0.626
2025-06-11,370,286,-156,1.2937062937062938,0.74
2025-06-12,336,225,-61,1.4933333333333334,0.672
2025-06-13,358,118,24,3.0338983050847457,0.716
2025-06-16,214,253,33,0.8458498023715415,0.428
2025-06-17,299,324,-123,0.9228395061728395,0.598
2025-06-18,279,146,75,1.9109589041095891,0.558
2025-06-19,383,350,-233,1.0942857142857143,0.766
2025-06-20,371,116,13,3.1982758620689653,0.742
2025-06-23,141,192,167,0.734375,0.282
2025-06-24,148,176,176,0.8409090909090909,0.296
2025-06-25,276,163,61,1.6932515337423313,0.552
2025-06-26,372,122,6,3.0491803278688523,0.744
2025-06-27,399,201,-100,1.9850746268656716,0.798
2025-06-30,386,320,-206,1.20625,0.772
2025-07-01,153,164,183,0.9329268292682927,0.306
2025-07-02,335,313,-148,1.0702875399361023,0.67
2025-07-03,378,123,-1,3.073170731707317,0.756
2025-07-04,199,121,180,1.6446280991735538,0.398
2025-07-07,354,393,-247,0.9007633587786259,0.708
2025-07-08,338,231,-69,1.4632034632034632,0.676
2025-07-09,121,297,82,0.4074074074074074,0.242
2025-07-10,167,104,229,1.6057692307692308,0.334
2025-07-11,384,147,-31,2.6122448979591835,0.768
2025-07-14,140,130,230,1.0769230769230769,0.28
2025-07-15,228,173,99,1.3179190751445087,0.456
2025-07-16,222,175,103,1.2685714285714285,0.444
2025-07-17,106,336,58,0.31547619047619047,0.212
2025-07-18,172,264,64,0.6515151515151515,0.344
2025-07-21,230,358,-88,0.6424581005586593,0.46
2025-07-22,157,199,144,0.7889447236180904,0.314
2025-07-23,213,239,48,0.891213389121339,0.426
2025-07-24,362,206,-68,1.7572815533980584,0.724
2025-07-25,126,169,205,0.7455621301775148,0.252
2025-07-28,164,131,205,1.251908396946565,0.328
2025-07-29,179,149,172,1.2013422818791946,0.358
2025-07-30,115,300,85,0.38333333333333336,0.23
2025-07-31,199,211,90,0.943127962085308,0.398
2025-08-01,138,295,67,0.46779661016949153,0.276
2025-08-04,290,169,41,1.7159763313609468,0.58
2025-08-05,395,147,-42,2.687074829931973,0.79
2025-08-06,289,359,-148,0.8050139275766016,0.578
2025-08-07,279,299,-78,0.9331103678929766,0.558
2025-08-08,389,248,-137,1.5685483870967742,0.778
2025-08-11,284,209,7,1.3588516746411483,0.568
2025-08-12,271,350,-121,0.7742857142857142,0.542
2025-08-13,336,195,-31,1.7230769230769232,0.672
2025-08-14,217,354,-71,0.6129943502824858,0.434
2025-08-15,146,177,177,0.8248587570621468,0.292
2025-08-18,324,153,23,2.1176470588235294,0.648
2025-08-19,310,142,48,2.183098591549296,0.62
2025-08-20,351,151,-2,2.3245033112582782,0.702
2025-08-21,307,288,-95,1.0659722222222223,0.614
2025-08-22,295,229,-24,1.2882096069868996,0.59
2025-08-25,159,343,-2,0.46355685131195334,0.318
2025-08-26,253,199,48,1.271356783919598,0.506
2025-08-27,190,387,-77,0.4909560723514212,0.38
2025-08-28,265,221,14,1.1990950226244343,0.53
2025-08-29,109,186,205,0.5860215053763441,0.218
2025-09-01,320,127,53,2.5196850393700787,0.64
2025-09-02,395,201,-96,1.9651741293532339,0.79
2025-09-03,293,234,-27,1.2521367521367521,0.586
2025-09-04,307,296,-103,1.037162162162162,0.614
2025-09-05,361,181,-42,1.9944751381215469,0.722
2025-09-08,185,134,181,1.3805970149253732,0.37
2025-09-09,141,292,67,0.4828767123287671,0.282
2025-09-10,319,160,21,1.99375,0.638
2025-09-11,320,348,-168,0.9195402298850575,0.64
2025-09-12,362,222,-84,1.6306306306306306,0.724
2025-09-15,289,118,93,2.4491525423728815,0.578
2025-09-16,155,173,172,0.8959537572254336,0.31
2025-09-17,383,296,-179,1.2939189189189189,0.766
2025-09-18,352,287,-139,1.2264808362369337,0.704
2025-09-19,170,179,151,0.9497206703910615,0.34
2025-09-22,200,105,195,1.9047619047619047,0.4
2025-09-23,273,164,63,1.6646341463414633,0.546
2025-09-24,383,201,-84,1.9054726368159205,0.766
2025-09-25,369,211,-80,1.7488151658767772,0.738
2025-09-26,356,122,22,2.918032786885246,0.712
2025-09-29,241,186,73,1.2956989247311828,0.482
2025-09-30,350,288,-138,1.2152777777777777,0.7
2025-10-01,218,170,112,1.2823529411764707,0.436
2025-10-02,329,395,-224,0.8329113924050633,0.658
2025-10-03,265,163,72,1.6257668711656441,0.53
2025-10-06,142,209,149,0.6794258373205742,0.284
2025-10-07,289,309,-98,0.9352750809061489,0.578
2025-10-08,218,214,68,1.0186915887850467,0.436
2025-10-09,219,225,56,0.9733333333333334,0.438
2025-10-10,357,395,-252,0.9037974683544304,0.714
2025-10-13,116,216,168,0.5370370370370371,0.232
2025-10-14,161,239,100,0.6736401673640168,0.322
2025-10-15,126,183,191,0.6885245901639344,0.252
2025-10-16,358,214,-72,1.6728971962616823,0.716
2025-10-17,288,366,-154,0.7868852459016393,0.576
2025-10-20,380,218,-98,1.7431192660550459,0.76
2025-10-21,219,209,72,1.0478468899521531,0.438
2025-10-22,238,136,126,1.75,0.476
2025-10-23,176,217,107,0.8110599078341014,0.352
2025-10-24,390,158,-48,2.4683544303797467,0.78
2025-10-27,222,163,115,1.361963190184049,0.444
2025-10-28,374,292,-166,1.2808219178082192,0.748
2025-10-29,122,378,0,0.32275132275132273,0.244
2025-10-30,361,308,-169,1.172077922077922,0.722
2025-10-31,158,239,103,0.6610878661087866,0.316
2025-11-03,392,381,-273,1.0288713910761156,0.784
2025-11-04,265,196,39,1.3520408163265305,0.53
2025-11-05,248,253,-1,0.9802371541501976,0.496
2025-11-06,112,291,97,0.3848797250859107,0.224
2025-11-07,281,210,9,1.338095238095238,0.562
2025-11-10,190,212,98,0.8962264150943396,0.38
2025-11-11,106,256,138,0.4140625,0.212
2025-11-12,179,347,-26,0.515850144092219,0.358
2025-11-13,371,202,-73,1.8366336633663367,0.742
2025-11-14,383,214,-97,1.7897196261682242,0.766
2025-11-17,386,130,-16,2.9692307692307693,0.772
2025-11-18,371,258,-129,1.437984496124031,0.742
2025-11-19,244,396,-140,0.6161616161616161,0.488
2025-11-20,290,250,-40,1.16,0.58
2025-11-21,184,198,118,0.9292929292929293,0.368
2025-11-24,301,157,42,1.9171974522292994,0.602
2025-11-25,198,130,172,1.523076923076923,0.396
2025-11-26,273,192,35,1.421875,0.546
2025-11-27,327,204,-31,1.6029411764705883,0.654
2025-11-28,397,389,-286,1.0205655526992288,0.794
2025-12-01,261,393,-154,0.6641221374045801,0.522
2025-12-02,153,132,215,1.1590909090909092,0.306
2025-12-03,321,264,-85,1.2159090909090908,0.642
2025-12-04,263,377,-140,0.6976127320954907,0.526
2025-12-05,169,162,169,1.0432098765432098,0.338
2025-12-08,221,363,-84,0.6088154269972452,0.442
2025-12-09,188,282,30,0.6666666666666666,0.376
2025-12-10,103,151,246,0.6821192052980133,0.206
2025-12-11,380,330,-210,1.1515151515151516,0.76
2025-12-12,222,138,140,1.608695652173913,0.444
2025-12-15,305,199,-4,1.5326633165829147,0.61
2025-12-16,317,271,-88,1.169741697416974,0.634
2025-12-17,337,115,48,2.9304347826086956,0.674
2025-12-18,384,362,-246,1.0607734806629834,0.768
2025-12-19,328,161,11,2.0372670807453415,0.656
2025-12-22,113,396,-9,0.28535353535353536,0.226
2025-12-23,335,254,-89,1.3188976377952757,0.67
2025-12-24,381,337,-218,1.1305637982195846,0.762
2025-12-25,306,310,-116,0.9870967741935484,0.612
2025-12-26,261,276,-37,0.9456521739130435,0.522
2025-12-29,122,370,8,0.32972972972972975,0.244
2025-12-30,103,357,40,0.28851540616246496,0.206
2025-12-31,234,311,-45,0.752411575562701,0.468
2026-01-01,242,338,-80,0.7159763313609467,0.484
2026-01-02,265,157,78,1.6878980891719746,0.53
2026-01-05,296,381,-177,0.7769028871391076,0.592
2026-01-06,169,280,51,0.6035714285714285,0.338
2026-01-07,318,336,-154,0.9464285714285714,0.636
2026-01-08,371,371,-242,1.0,0.742
2026-01-09,373,399,-272,0.9348370927318296,0.746
2026-01-12,376,158,-34,2.3797468354430378,0.752
2026-01-13,393,247,-140,1.591093117408907,0.786
2026-01-14,384,271,-155,1.4169741697416973,0.768
2026-01-15,151,285,64,0.5298245614035088,0.302
2026-01-16,196,350,-46,0.56,0.392
2026-01-19,253,364,-117,0.695054945054945,0.506
2026-01-20,179,245,76,0.7306122448979592,0.358
2026-01-21,399,326,-225,1.2239263803680982,0.798
2026-01-22,270,276,-46,0.9782608695652174,0.54
2026-01-23,132,294,74,0.4489795918367347,0.264
2026-01-26,194,151,155,1.2847682119205297,0.388
2026-01-27,301,104,95,2.894230769230769,0.602
2026-01-28,392,212,-104,1.849056603773585,0.784
2026-01-29,270,208,22,1.2980769230769231,0.54
2026-01-30,359,177,-36,2.0282485875706215,0.718
2026-02-02,384,365,-249,1.0520547945205478,0.768
2026-02-03,207,376,-83,0.550531914893617,0.414
2026-02-04,333,174,-7,1.9137931034482758,0.666
2026-02-05,326,216,-42,1.5092592592592593,0.652
2026-02-06,157,311,32,0.5048231511254019,0.314
2026-02-09,121,144,235,0.8402777777777778,0.242
2026-02-10,353,364,-217,0.9697802197802198,0.706
2026-02-11,111,197,192,0.5634517766497462,0.222
2026-02-12,332,108,60,3.074074074074074,0.664
2026-02-13,247,119,134,2.0756302521008405,0.494
2026-02-16,255,347,-102,0.7348703170028819,0.51
2026-02-17,306,109,85,2.8073394495412844,0.612
2026-02-18,144,328,28,0.43902439024390244,0.288
2026-02-19,386,292,-178,1.321917808219178,0.772
2026-02-20,102,229,169,0.44541484716157204,0.204
2026-02-23,327,289,-116,1.1314878892733564,0.654
2026-02-24,317,349,-166,0.9083094555873925,0.634
2026-02-25,394,351,-245,1.1225071225071226,0.788
2026-02-26,341,155,4,2.2,0.682
2026-02-27,119,157,224,0.7579617834394905,0.238
2026-03-02,375,282,-157,1.3297872340425532,0.75
2026-03-03,343,183,-26,1.8743169398907105,0.686
2026-03-04,248,216,36,1.1481481481481481,0.496
2026-03-05,374,285,-159,1.312280701754386,0.748
2026-03-06,103,158,239,0.6518987341772152,0.206
2026-03-09,238,307,-45,0.7752442996742671,0.476
2026-03-10,152,289,59,0.5259515570934256,0.304
2026-03-11,243,233,24,1.0429184549356223,0.486
2026-03-12,170,117,213,1.452991452991453,0.34
2026-03-13,330,369,-199,0.8943089430894309,0.66
2026-03-16,272,172,56,1.5813953488372092,0.544
2026-03-17,117,229,154,0.5109170305676856,0.234
2026-03-18,330,215,-45,1.5348837209302326,0.66
2026-03-19,153,160,187,0.95625,0.306
2026-03-20,236,381,-117,0.6194225721784777,0.472
2026-03-23,396,134,-30,2.955223880597015,0.792
2026-03-24,355,143,2,2.4825174825174825,0.71
2026-03-25,219,297,-16,0.7373737373737373,0.438
2026-03-26,365,133,2,2.744360902255639,0.73
2026-03-27,289,106,105,2.7264150943396226,0.578
2026-03-30,156,128,216,1.21875,0.312
2026-03-31,205,233,62,0.8798283261802575,0.41
2026-04-01,119,321,60,0.3707165109034268,0.238
2026-04-02,155,105,240,1.4761904761904763,0.31
2026-04-03,247,230,23,1.0739130434782609,0.494
2026-04-06,194,245,61,0.7918367346938775,0.388
2026-04-07,297,358,-155,0.8296089385474861,0.594
2026-04-08,380,249,-129,1.5261044176706828,0.76
2026-04-09,267,222,11,1.2027027027027026,0.534
2026-04-10,250,304,-54,0.8223684210526315,0.5
2026-04-13,369,153,-22,2.411764705882353,0.738
2026-04-14,211,149,140,1.4161073825503356,0.422
2026-04-15,301,249,-50,1.2088353413654618,0.602
2026-04-16,122,262,116,0.46564885496183206,0.244
2026-04-17,124,352,24,0.3522727272727273,0.248
2026-04-20,217,260,23,0.8346153846153846,0.434
2026-04-21,113,375,12,0.30133333333333334,0.226
2026-04-22,332,353,-185,0.9405099150141643,0.664
2026-04-23,191,177,132,1.07909604519774,0.382
2026-04-24,126,326,48,0.38650306748466257,0.252
2026-04-27,136,194,170,0.7010309278350515,0.272
2026-04-28,269,272,-41,0.9889705882352942,0.538
2026-04-29,231,356,-87,0.648876404494382,0.462
2026-04-30,102,266,132,0.38345864661654133,0.204
2026-05-01,393,247,-140,1.591093117408907,0.786
2026-05-04,256,337,-93,0.7596439169139466,0.512
2026-05-05,207,386,-93,0.5362694300518135,0.414
2026-05-06,261,272,-33,0.9595588235294118,0.522
2026-05-07,182,375,-57,0.48533333333333334,0.364
2026-05-08,340,114,46,2.982456140350877,0.68
2026-05-11,307,394,-201,0.7791878172588832,0.614
2026-05-12,195,209,96,0.9330143540669856,0.39
2026-05-13,347,117,36,2.965811965811966,0.694
2026-05-14,267,132,101,2.022727272727273,0.534
2026-05-15,303,195,2,1.5538461538461539,0.606
2026-05-18,203,190,107,1.068421052631579,0.406
2026-05-19,204,204,92,1.0,0.408
2026-05-20,252,329,-81,0.7659574468085106,0.504
2026-05-21,171,316,13,0.5411392405063291,0.342
2026-05-22,257,252,-9,1.0198412698412698,0.514
2026-05-25,331,131,38,2.5267175572519083,0.662
2026-05-26,204,282,14,0.723404255319149,0.408
2026-05-27,176,262,62,0.6717557251908397,0.352
2026-05-28,348,283,-131,1.2296819787985867,0.696
2026-05-29,148,381,-29,0.3884514435695538,0.296
2026-06-01,320,305,-125,1.0491803278688525,0.64
2026-06-02,344,174,-18,1.9770114942528736,0.688
2026-06-03,240,253,7,0.9486166007905138,0.48
2026-06-04,134,369,-3,0.36314363143631434,0.268
2026-06-05,356,365,-221,0.9753424657534246,0.712
2026-06-08,271,185,44,1.4648648648648648,0.542
2026-06-09,266,346,-112,0.7687861271676301,0.532
2026-06-10,292,255,-47,1.1450980392156862,0.584
2026-06-11,171,359,-30,0.4763231197771588,0.342
2026-06-12,362,227,-89,1.5947136563876652,0.724
2026-06-15,376,199,-75,1.8894472361809045,0.752
2026-06-16,337,126,37,2.6746031746031744,0.674
2026-06-17,179,106,215,1.6886792452830188,0.358
2026-06-18,142,395,-37,0.3594936708860759,0.284
2026-06-19,145,187,168,0.7754010695187166,0.29
2026-06-22,319,296,-115,1.0777027027027026,0.638
2026-06-23,194,179,127,1.0837988826815643,0.388
2026-06-24,281,343,-124,0.8192419825072886,0.562
2026-06-25,251,177,72,1.4180790960451977,0.502
2026-06-26,325,127,48,2.559055118110236,0.65
2026-06-29,178,236,86,0.7542372881355932,0.356
2026-06-30,262,165,73,1.587878787878788,0.524
2026-07-01,351,326,-177,1.0766871165644172,0.702
2026-07-02,342,155,3,2.206451612903226,0.684
2026-07-03,310,125,65,2.48,0.62
2026-07-06,363,324,-187,1.1203703703703705,0.726
2026-07-07,140,267,93,0.5243445692883895,0.28
2026-07-08,186,251,63,0.7410358565737052,0.372
2026-07-09,187,304,9,0.6151315789473685,0.374
2026-07-10,329,251,-80,1.3107569721115537,0.658
2026-07-13,265,395,-160,0.6708860759493671,0.53
2026-07-14,238,291,-29,0.8178694158075601,0.476
2026-07-15,224,238,38,0.9411764705882353,0.448
2026-07-16,150,167,183,0.8982035928143712,0.3
2026-07-17,176,299,25,0.5886287625418061,0.352
2026-07-20,300,340,-140,0.8823529411764706,0.6
2026-07-21,315,227,-42,1.3876651982378854,0.63
2026-07-22,364,236,-100,1.5423728813559323,0.728
2026-07-23,248,217,35,1.1428571428571428,0.496
2026-07-24,264,107,129,2.467289719626168,0.528
2026-07-27,214,238,48,0.8991596638655462,0.428
2026-07-28,281,286,-67,0.9825174825174825,0.562
2026-07-29,395,141,-36,2.801418439716312,0.79
2026-07-30,114,136,250,0.8382352941176471,0.228
2026-07-31,255,318,-73,0.8018867924528302,0.51
2026-08-03,275,178,47,1.5449438202247192,0.55
2026-08-04,129,282,89,0.4574468085106383,0.258
2026-08-05,253,380,-133,0.6657894736842105,0.506
2026-08-06,251,104,145,2.4134615384615383,0.502
2026-08-07,161,212,127,0.7594339622641509,0.322
2026-08-10,395,364,-259,1.085164835164835,0.79
2026-08-11,245,333,-78,0.7357357357357357,0.49
2026-08-12,297,246,-43,1.2073170731707317,0.594
2026-08-13,329,285,-114,1.1543859649122807,0.658
2026-08-14,204,331,-35,0.6163141993957704,0.408
2026-08-17,126,150,224,0.84,0.252
2026-08-18,394,192,-86,2.0520833333333335,0.788
2026-08-19,343,265,-108,1.2943396226415094,0.686
2026-08-20,390,348,-238,1.1206896551724137,0.78
2026-08-21,179,335,-14,0.5343283582089552,0.358
2026-08-24,161,387,-48,0.4160206718346253,0.322
2026-08-25,121,346,33,0.34971098265895956,0.242
2026-08-26,317,109,74,2.908256880733945,0.634
2026-08-27,227,300,-27,0.7566666666666667,0.454
2026-08-28,184,289,27,0.6366782006920415,0.368
