date,close,high,low
2015-01-01,21.52007270435596,23.672079974791558,19.368065433920364
2015-01-02,18.884024705020778,20.772427175522857,16.995622234518702
2015-01-05,28.961454256927013,31.857599682619718,26.06530883123431
2015-01-06,16.463285268737806,18.109613795611587,14.816956741864026
2015-01-07,26.22586158880643,28.848447747687075,23.603275429925787
2015-01-08,23.459861432426106,25.805847575668718,21.113875289183497
2015-01-09,27.4485957012493,30.193455271374233,24.70373613112437
2015-01-12,29.618126754966973,32.579939430463675,26.656314079470278
2015-01-13,18.934354672153194,20.827790139368517,17.040919204937875
2015-01-14,29.52796282268815,32.48075910495697,26.575166540419335
2015-01-15,12.858605892946107,14.14446648224072,11.572745303651496
2015-01-16,15.291781816989952,16.82095999868895,13.762603635290956
2015-01-19,13.627855865305632,14.990641451836197,12.265070278775069
2015-01-20,21.17916023683359,23.29707626051695,19.061244213150232
2015-01-21,17.197895402386315,18.91768494262495,15.478105862147684
2015-01-22,26.932031886203692,29.625235074824065,24.238828697583322
2015-01-23,16.27018491629162,17.89720340792078,14.643166424662457
2015-01-26,26.477487188191283,29.125235907010413,23.829738469372156
2015-01-27,24.64683405178544,27.111517456963988,22.182150646606896
2015-01-28,12.901323498665,14.191455848531502,11.6111911487985
2015-01-29,25.40706063403018,27.947766697433202,22.866354570627163
2015-01-30,28.593432795140046,31.452776074654054,25.734089515626042
2015-02-02,19.14341803293326,21.057759836226587,17.229076229639933
2015-02-03,26.349234910673673,28.98415840174104,23.714311419606307
2015-02-04,26.69332916224124,29.362662078465366,24.023996246017116
2015-02-05,26.38187877409622,29.020066651505843,23.743690896686598
2015-02-06,19.23717999842058,21.160897998262637,17.31346199857852
2015-02-09,18.336799538343705,20.170479492178078,16.503119584509335
2015-02-10,23.41169545039591,25.752864995435505,21.07052590535632
2015-02-11,24.170044125501306,26.587048538051437,21.753039712951175
2015-02-12,17.735570084700335,19.50912709317037,15.962013076230301
2015-02-13,22.010338010366457,24.211371811403104,19.809304209329813
2015-02-16,18.974572398315708,20.87202963814728,17.077115158484137
2015-02-17,24.54904387256638,27.00394825982302,22.094139485309743
2015-02-18,27.914779815638514,30.70625779720237,25.123301834074663
2015-02-19,17.549894980167572,19.30488447818433,15.794905482150815
2015-02-20,11.68428449140576,12.852712940546338,10.515856042265185
2015-02-23,25.147561250793444,27.662317375872792,22.6328051257141
2015-02-24,16.20774387242044,17.828518259662488,14.586969485178397
2015-02-25,24.61514310060089,27.07665741066098,22.1536287905408
2015-02-26,24.025326759497595,26.427859435447356,21.622794083547838
2015-02-27,29.889088269842212,32.877997096826434,26.90017944285799
2015-03-02,28.0334993887607,30.83684932763677,25.230149449884628
2015-03-03,17.626024540025607,19.38862699402817,15.863422086023046
2015-03-04,18.48686400113137,20.335550401244507,16.63817760101823
2015-03-05,26.192058774295553,28.81126465172511,23.572852896866
2015-03-06,20.203284752868026,22.22361322815483,18.182956277581223
2015-03-09,15.97506256970602,17.572568826676623,14.377556312735418
2015-03-10,14.492321293919503,15.941553423311454,13.043089164527553
2015-03-11,25.967295975198667,28.564025572718535,23.370566377678802
2015-03-12,18.590350662593963,20.44938572885336,16.731315596334568
2015-03-13,12.9007971386258,14.190876852488381,11.61071742476322
2015-03-16,18.83279860097572,20.716078461073295,16.94951874087815
2015-03-17,11.825242714031106,13.007766985434218,10.642718442627995
2015-03-18,19.399298435871238,21.339228279458364,17.459368592284115
2015-03-19,15.74046364092662,17.314510005019283,14.16641727683396
2015-03-20,12.086422157765499,13.29506437354205,10.87777994198895
2015-03-23,16.397195439938358,18.036914983932196,14.757475895944522
2015-03-24,12.427155405181,13.669870945699103,11.1844398646629
2015-03-25,18.31691554670128,20.14860710137141,16.485223992031155
2015-03-26,25.307289489078663,27.83801843798653,22.7765605401708
2015-03-27,23.517033624144336,25.868736986558773,21.165330261729903
2015-03-30,19.30762217812037,21.238384395932407,17.376859960308334
2015-03-31,14.085054457000837,15.493559902700921,12.676549011300754
2015-04-01,18.796194496425123,20.67581394606764,16.91657504678261
2015-04-02,11.076146012131842,12.183760613345028,9.968531410918658
2015-04-03,26.7497060839357,29.42467669232927,24.07473547554213
2015-04-06,27.721765254613068,30.493941780074376,24.949588729151763
2015-04-07,14.659265103002175,16.125191613302395,13.193338592701958
2015-04-08,20.229047868356496,22.25195265519215,18.206143081520846
2015-04-09,23.76644695421225,26.143091649633476,21.389802258791025
2015-04-10,20.78587091552169,22.864458007073864,18.707283823969522
2015-04-13,10.864458351277904,11.950904186405696,9.778012516150113
2015-04-14,15.129363887759599,16.64230027653556,13.61642749898364
2015-04-15,19.07956195147786,20.987518146625646,17.171605756330074
2015-04-16,24.93537548135982,27.428913029495803,22.441837933223837
2015-04-17,15.153014307152041,16.668315737867246,13.637712876436838
2015-04-20,28.403165354288447,31.243481889717295,25.562848818859603
2015-04-21,24.13941398072016,26.55335537879218,21.725472582648145
2015-04-22,25.779938455680313,28.357932301248347,23.20194461011228
2015-04-23,13.784705963661409,15.163176560027551,12.406235367295269
2015-04-24,29.46392657379374,32.41031923117311,26.517533916414365
2015-04-27,23.015675483440127,25.31724303178414,20.714107935096116
2015-04-28,24.539327930110733,26.99326072312181,22.08539513709966
2015-04-29,18.788962107580538,20.66785831833859,16.910065896822484
2015-04-30,25.12982595123404,27.642808546357447,22.616843356110635
2015-05-01,19.9733246054446,21.970657065989062,17.97599214490014
2015-05-04,29.931846018178202,32.92503061999602,26.938661416360382
2015-05-05,11.034673776525866,12.138141154178452,9.931206398873279
2015-05-06,19.773117199125608,21.75042891903817,17.795805479213048
2015-05-07,21.14634790090939,23.260982691000333,19.03171311081845
2015-05-08,16.505471460565147,18.156018606621664,14.854924314508633
2015-05-11,26.807647537924588,29.488412291717047,24.12688278413213
2015-05-12,10.032731819915668,11.036005001907236,9.029458637924101
2015-05-13,13.584663662131437,14.943130028344582,12.226197295918293
2015-05-14,16.56543789899536,18.221981688894896,14.908894109095824
2015-05-15,11.254078070608296,12.379485877669126,10.128670263547466
2015-05-18,11.730452916176514,12.903498207794167,10.557407624558863
2015-05-19,29.121723390828254,32.03389572991108,26.20955105174543
2015-05-20,29.865269774793873,32.851796752273266,26.878742797314487
2015-05-21,27.89039218444415,30.679431402888568,25.101352965999734
2015-05-22,12.559959489927886,13.815955438920676,11.303963540935097
2015-05-25,24.33624274070853,26.769867014779386,21.90261846663768
2015-05-26,26.410365986888518,29.05140258557737,23.769329388199665
2015-05-27,15.381919709356126,16.92011168029174,13.843727738420514
2015-05-28,13.463531489001742,14.809884637901916,12.117178340101567
2015-05-29,19.69428599730512,21.663714597035632,17.724857397574606
2015-06-01,29.911387950574074,32.902526745631484,26.920249155516668
2015-06-02,19.021923353893726,20.9241156892831,17.119731018504353
2015-06-03,24.52767427251871,26.980441699770584,22.074906845266838
2015-06-04,22.025568027069987,24.228124829776988,19.82301122436299
2015-06-05,11.946873774969028,13.14156115246593,10.752186397472125
2015-06-08,14.988963070597464,16.487859377657212,13.490066763537717
2015-06-09,15.887883486052282,17.476671834657513,14.299095137447054
2015-06-10,17.183195178565484,18.901514696422034,15.464875660708936
2015-06-11,19.87027505691965,21.857302562611615,17.883247551227683
2015-06-12,17.37780084455131,19.11558092900644,15.64002076009618
2015-06-15,11.151142206822444,12.26625642750469,10.0360279861402
2015-06-16,24.90881851608757,27.39970036769633,22.417936664478816
2015-06-17,25.775663074101892,28.353229381512083,23.198096766691705
2015-06-18,18.75715428934594,20.632869718280535,16.881438860411347
2015-06-19,12.805004061338591,14.085504467472452,11.524503655204732
2015-06-22,19.00259180547342,20.902850986020763,17.102332624926078
2015-06-23,23.747325525378358,26.122058077916197,21.372592972840522
2015-06-24,13.80404581635981,15.184450397995793,12.42364123472383
2015-06-25,11.48635396041012,12.634989356451134,10.337718564369109
2015-06-26,26.753974823522682,29.429372305874953,24.078577341170416
2015-06-29,25.169836450328905,27.6868200953618,22.652852805296014
2015-06-30,22.401087340813714,24.64119607489509,20.160978606732343
2015-07-01,15.604814115095838,17.165295526605423,14.044332703586255
2015-07-02,28.760492442165017,31.63654168638152,25.884443197948517
2015-07-03,25.265332347192736,27.791865581912013,22.738799112473462
2015-07-06,16.362029870971543,17.9982328580687,14.72582688387439
2015-07-07,13.26349726018664,14.589846986205304,11.937147534167975
2015-07-08,14.774756049058803,16.252231653964685,13.297280444152923
2015-07-09,24.92136284832992,27.413499133162915,22.42922656349693
2015-07-10,22.802812518486007,25.08309377033461,20.522531266637408
2015-07-13,10.994908214793298,12.094399036272629,9.895417393313968
2015-07-14,16.759707298345752,18.43567802818033,15.083736568511178
2015-07-15,20.65533931367387,22.72087324504126,18.589805382306483
2015-07-16,15.47122082772951,17.01834291050246,13.92409874495656
2015-07-17,10.636592322633405,11.700251554896747,9.572933090370064
2015-07-20,11.847588594925725,13.032347454418298,10.662829735433153
2015-07-21,16.445400340870552,18.08994037495761,14.800860306783498
2015-07-22,11.892592168649433,13.081851385514376,10.703332951784489
2015-07-23,12.789948006596145,14.06894280725576,11.51095320593653
2015-07-24,24.29864789163819,26.728512680802012,21.86878310247437
2015-07-27,18.890877998345047,20.779965798179553,17.001790198510545
2015-07-28,21.91943598731649,24.11137958604814,19.727492388584842
2015-07-29,28.90010989408218,31.790120883490403,26.010098904673963
2015-07-30,19.921867898950204,21.914054688845226,17.929681109055185
2015-07-31,27.06417065914908,29.77058772506399,24.35775359323417
2015-08-03,18.649065467469732,20.51397201421671,16.78415892072276
2015-08-04,15.737582314820758,17.311340546302834,14.163824083338682
2015-08-05,24.971072840482602,27.468180124530864,22.473965556434344
2015-08-06,17.65514979107253,19.420664770179787,15.889634811965278
2015-08-07,29.446221399506236,32.39084353945686,26.50159925955561
2015-08-10,14.606933722930473,16.06762709522352,13.146240350637425
2015-08-11,16.486811204224107,18.13549232464652,14.838130083801698
2015-08-12,26.441027037867208,29.08512974165393,23.796924334080487
2015-08-13,28.537158385280552,31.39087422380861,25.6834425467525
2015-08-14,18.514288163140243,20.36571697945427,16.66285934682622
2015-08-17,11.050715369294771,12.155786906224249,9.945643832365294
2015-08-18,15.134570048662981,16.64802705352928,13.621113043796683
2015-08-19,17.234062271965655,18.95746849916222,15.51065604476909
2015-08-20,29.063376314478376,31.969713945926216,26.15703868303054
2015-08-21,19.379414301883337,21.317355732071672,17.441472871695005
2015-08-24,19.01191368206161,20.913105050267774,17.11072231385545
2015-08-25,12.620059193654114,13.882065113019527,11.358053274288704
2015-08-26,27.36865713495186,30.10552284844705,24.631791421456676
2015-08-27,28.37057801443547,31.20763581587902,25.533520212991924
2015-08-28,16.38883895707992,18.027722852787914,14.749955061371928
2015-08-31,22.833643690578345,25.11700805963618,20.55027932152051
2015-09-01,27.51757320023419,30.26933052025761,24.76581588021077
2015-09-02,12.800084544533545,14.0800929989869,11.520076090080192
2015-09-03,14.508256810493252,15.95908249154258,13.057431129443927
2015-09-04,17.923437679770554,19.715781447747613,16.1310939117935
2015-09-07,20.41747538040886,22.459222918449747,18.375727842367976
2015-09-08,13.168329740256075,14.485162714281683,11.851496766230468
2015-09-09,13.29051526471096,14.619566791182057,11.961463738239864
2015-09-10,14.39470623794451,15.834176861738962,12.955235614150059
2015-09-11,23.874131287286698,26.26154441601537,21.486718158558027
2015-09-14,21.717192447031884,23.888911691735075,19.545473202328697
2015-09-15,16.855146318753,18.5406609506283,15.1696316868777
2015-09-16,27.788623025813447,30.567485328394795,25.0097607232321
2015-09-17,22.662987812639777,24.929286593903758,20.3966890313758
2015-09-18,22.411672943035583,24.652840237339145,20.170505648732025
2015-09-21,15.967845513482402,17.564630064830645,14.371060962134163
2015-09-22,20.544092410463143,22.59850165150946,18.48968316941683
2015-09-23,22.272910306429328,24.500201337072262,20.045619275786397
2015-09-24,10.163056619253958,11.179362281179355,9.146750957328562
2015-09-25,29.494330673004598,32.44376374030506,26.54489760570414
2015-09-28,17.556522913581738,19.312175204939912,15.800870622223565
2015-09-29,14.562934111458972,16.019227522604872,13.106640700313076
2015-09-30,14.868495621963424,16.355345184159766,13.381646059767082
2015-10-01,24.46498046729701,26.911478514026715,22.01848242056731
2015-10-02,15.195038465208196,16.714542311729016,13.675534618687376
2015-10-05,11.966420603978051,13.163062664375857,10.769778543580246
2015-10-06,26.69540268291878,29.364942951210658,24.0258624146269
2015-10-07,27.58847346875329,30.34732081562862,24.82962612187796
2015-10-08,12.484337500724097,13.732771250796509,11.235903750651687
2015-10-09,11.185659535317427,12.304225488849172,10.067093581785684
2015-10-12,19.142015919586907,21.0562175115456,17.227814327628217
2015-10-13,27.891487654269174,30.680636419696093,25.102338888842258
2015-10-14,10.366823108653584,11.403505419518943,9.330140797788227
2015-10-15,17.176152711950312,18.893767983145345,15.458537440755281
2015-10-16,10.539123394148245,11.59303573356307,9.485211054733421
2015-10-19,22.991476002059287,25.290623602265217,20.69232840185336
2015-10-20,16.74722446292961,18.42194690922257,15.072502016636648
2015-10-21,10.80659069047465,11.887249759522115,9.725931621427184
2015-10-22,13.988307909853114,15.387138700838427,12.589477118867803
2015-10-23,22.110322225290727,24.3213544478198,19.899290002761653
2015-10-26,10.346945373526959,11.381639910879656,9.312250836174263
2015-10-27,22.871755047841006,25.158930552625108,20.584579543056908
2015-10-28,26.438281306674757,29.082109437342236,23.79445317600728
2015-10-29,29.584500601195543,32.5429506613151,26.62605054107599
2015-10-30,26.613483770724297,29.27483214779673,23.95213539365187
2015-11-02,16.63924797922683,18.303172777149516,14.975323181304148
2015-11-03,18.043163903308766,19.847480293639645,16.23884751297789
2015-11-04,13.959083381124831,15.354991719237315,12.563175043012349
2015-11-05,22.437303042522068,24.681033346774278,20.19357273826986
2015-11-06,11.867525198806767,13.054277718687445,10.680772678926092
2015-11-09,21.018334568349417,23.12016802518436,18.916501111514474
2015-11-10,18.744367219561322,20.618803941517456,16.86993049760519
2015-11-11,17.06306344363073,18.769369787993803,15.356757099267655
2015-11-12,24.350824974343023,26.78590747177733,21.915742476908722
2015-11-13,16.777637931607366,18.455401724768105,15.09987413844663
2015-11-16,15.87662201649374,17.464284218143117,14.288959814844366
2015-11-17,10.389666662939398,11.428633329233339,9.350699996645458
2015-11-18,17.742235867649192,19.516459454414115,15.968012280884274
2015-11-19,24.20694913540796,26.62764404894876,21.786254221867164
2015-11-20,20.855551049074275,22.941106153981703,18.769995944166848
2015-11-23,21.33359714242834,23.466956856671175,19.200237428185506
2015-11-24,26.41834137584078,29.06017551342486,23.776507238256702
2015-11-25,10.3606526942859,11.39671796371449,9.32458742485731
2015-11-26,12.321538357972617,13.55369219376988,11.089384522175356
2015-11-27,23.190129912025945,25.509142903228543,20.87111692082335
2015-11-30,13.242860319570351,14.567146351527388,11.918574287613316
2015-12-01,17.77470863945089,19.55217950339598,15.9972377755058
2015-12-02,29.442094602012055,32.38630406221326,26.49788514181085
2015-12-03,14.166331082981037,15.582964191279142,12.749697974682933
2015-12-04,19.929088013142376,21.921996814456616,17.93617921182814
2015-12-07,18.779784377018085,20.657762814719895,16.901805939316276
2015-12-08,16.35572318774173,17.991295506515904,14.720150868967558
2015-12-09,12.88387171472894,14.172258886201835,11.595484543256047
2015-12-10,10.745519161821562,11.82007107800372,9.670967245639407
2015-12-11,17.628969114336698,19.39186602577037,15.866072202903029
2015-12-14,14.018785130405247,15.420663643445772,12.616906617364723
2015-12-15,16.613516547568338,18.274868202325173,14.952164892811505
2015-12-16,16.882343340082038,18.57057767409024,15.194109006073834
2015-12-17,11.484196515543468,12.632616167097815,10.335776863989121
2015-12-18,11.600064595396958,12.760071054936654,10.440058135857262
2015-12-21,12.59401633657211,13.853417970229323,11.3346147029149
2015-12-22,10.758835969917754,11.83471956690953,9.68295237292598
2015-12-23,28.468152085480114,31.31496729402813,25.6213368769321
2015-12-24,12.875876850772656,14.163464535849922,11.588289165695391
2015-12-25,16.933421635288433,18.626763798817276,15.24007947175959
2015-12-28,16.602007504481346,18.262208254929483,14.941806754033212
2015-12-29,13.366565741680546,14.7032223158486,12.029909167512491
2015-12-30,15.267325380255812,16.794057918281396,13.740592842230232
2015-12-31,22.99152020957852,25.290672230536376,20.69236818862067
2016-01-01,16.270110895364354,17.897121984900792,14.64309980582792
2016-01-04,13.81095536172146,15.192050897893607,12.429859825549315
2016-01-05,22.67219092913483,24.939410022048314,20.404971836221346
2016-01-06,24.514365192279485,26.965801711507435,22.062928673051537
2016-01-07,11.305392820045148,12.435932102049664,10.174853538040633
2016-01-08,11.987509967092189,13.18626096380141,10.78875897038297
2016-01-11,25.83099814059736,28.414097954657098,23.247898326537623
2016-01-12,15.294443796954436,16.82388817664988,13.764999417258993
2016-01-13,14.092867041738849,15.502153745912736,12.683580337564964
2016-01-14,13.649278404324697,15.014206244757167,12.284350563892227
2016-01-15,15.716698536951437,17.288368390646582,14.145028683256294
2016-01-18,19.472624699722516,21.419887169694768,17.525362229750264
2016-01-19,21.133381310391293,23.246719441430425,19.020043179352164
2016-01-20,27.477229260628032,30.22495218669084,24.72950633456523
2016-01-21,24.371798384282386,26.808978222710625,21.934618545854146
2016-01-22,25.759235121451653,28.33515863359682,23.18331160930649
2016-01-25,23.443944959738424,25.78833945571227,21.099550463764583
2016-01-26,17.49127547233638,19.24040301957002,15.742147925102742
2016-01-27,17.29479658931161,19.02427624824277,15.56531693038045
2016-01-28,13.944263877958399,15.33869026575424,12.54983749016256
2016-01-29,21.51718501829501,23.668903520124513,19.36546651646551
2016-02-01,27.451794569873066,30.196974026860374,24.70661511288576
2016-02-02,23.67540026954447,26.042940296498916,21.30786024259002
2016-02-03,26.016345762795424,28.61798033907497,23.414711186515884
2016-02-04,15.695825422548689,17.265407964803558,14.12624288029382
2016-02-05,15.457180682474887,17.002898750722377,13.911462614227398
2016-02-08,23.414388324091227,25.755827156500352,21.072949491682106
2016-02-09,16.409040208407085,18.049944229247796,14.768136187566377
2016-02-10,14.11127796875392,15.522405765629312,12.700150171878528
2016-02-11,11.650222716899865,12.815244988589853,10.485200445209879
2016-02-12,15.909608617720309,17.50056947949234,14.318647755948279
2016-02-15,27.396816256615256,30.136497882276785,24.65713463095373
2016-02-16,12.188232308126407,13.40705553893905,10.969409077313767
2016-02-17,11.240853611020867,12.364938972122955,10.116768249918781
2016-02-18,16.912543453710605,18.603797799081665,15.221289108339544
2016-02-19,12.691703873676047,13.960874261043653,11.422533486308444
2016-02-22,14.905798701974138,16.396378572171553,13.415218831776725
2016-02-23,28.227249912958765,31.049974904254643,25.40452492166289
2016-02-24,20.62867033347296,22.69153736682026,18.565803300125665
2016-02-25,20.49298981364916,22.542288795014077,18.443690832284243
2016-02-26,16.71650516716923,18.388155683886154,15.044854650452308
2016-02-29,10.516196960662633,11.567816656728898,9.46457726459637
2016-03-01,26.699250067983233,29.36917507478156,24.02932506118491
2016-03-02,17.908508597974592,19.699359457772054,16.117657738177133
2016-03-03,27.33899415532459,30.07289357085705,24.60509473979213
2016-03-04,18.761069562856612,20.637176519142276,16.88496260657095
2016-03-07,10.045672899393384,11.050240189332724,9.041105609454046
2016-03-08,13.154383590032666,14.469821949035934,11.838945231029399
2016-03-09,11.064944268754322,12.171438695629755,9.95844984187889
2016-03-10,23.167532943808016,25.48428623818882,20.850779649427214
2016-03-11,14.846862429463725,16.331548672410097,13.362176186517353
2016-03-14,26.334950271537874,28.968445298691663,23.701455244384086
2016-03-15,25.332194536136118,27.865413989749733,22.798975082522507
2016-03-16,29.604796912038683,32.56527660324255,26.644317220834814
2016-03-17,20.814817715450012,22.896299486995016,18.73333594390501
2016-03-18,14.351147842671361,15.786262626938498,12.916033058404226
2016-03-21,17.409115012991194,19.150026514290314,15.668203511692075
2016-03-22,11.472601438286068,12.619861582114675,10.325341294457461
2016-03-23,19.87965710724638,21.86762281797102,17.891691396521743
2016-03-24,16.28060536925231,17.908665906177543,14.652544832327079
2016-03-25,10.51572113211847,11.567293245330317,9.464149018906623
2016-03-28,18.73161051450041,20.604771565950454,16.85844946305037
2016-03-29,27.98745217624785,30.786197393872637,25.188706958623065
2016-03-30,16.677254913247676,18.344980404572446,15.00952942192291
2016-03-31,22.652645300653603,24.917909830718965,20.387380770588244
2016-04-01,26.313792742898723,28.945172017188597,23.68241346860885
2016-04-04,10.938326763196189,12.032159439515809,9.844494086876571
2016-04-05,19.677895087465398,21.64568459621194,17.71010557871886
2016-04-06,12.765012099787949,14.041513309766746,11.488510889809154
2016-04-07,16.061334718550786,17.667468190405867,14.455201246695708
2016-04-08,19.125958024110677,21.038553826521746,17.213362221699608
2016-04-11,19.091970558250374,21.001167614075413,17.182773502425338
2016-04-12,16.75150068477623,18.426650753253853,15.076350616298607
2016-04-13,11.528884866307044,12.681773352937748,10.375996379676339
2016-04-14,24.298052211503396,26.72785743265374,21.868246990353057
2016-04-15,26.7147312629503,29.386204389245332,24.04325813665527
2016-04-18,15.893898428831346,17.483288271714482,14.304508585948211
2016-04-19,21.625769378217555,23.788346316039313,19.4631924403958
2016-04-20,20.135021392414316,22.14852353165575,18.121519253172885
2016-04-21,15.837813550863737,17.421594905950112,14.254032195777365
2016-04-22,26.17840582956913,28.796246412526045,23.560565246612217
2016-04-25,20.99025893137168,23.08928482450885,18.891233038234514
2016-04-26,12.938939883495753,14.23283387184533,11.645045895146177
2016-04-27,11.796043670318399,12.97564803735024,10.61643930328656
2016-04-28,15.83119712280671,17.414316835087384,14.24807741052604
2016-04-29,15.502067715585932,17.052274487144526,13.95186094402734
2016-05-02,23.321081009248832,25.653189110173717,20.988972908323948
2016-05-03,19.38686210573103,21.325548316304136,17.448175895157927
2016-05-04,10.625263485730581,11.68778983430364,9.562737137157523
2016-05-05,16.08080575805684,17.688886333862527,14.472725182251157
2016-05-06,28.920874225058846,31.812961647564734,26.02878680255296
2016-05-09,17.70468124029567,19.47514936432524,15.934213116266104
2016-05-10,25.75493230347281,28.330425533820094,23.17943907312553
2016-05-11,23.60321949758054,25.963541447338596,21.242897547822487
2016-05-12,19.544943313947698,21.499437645342468,17.590448982552928
2016-05-13,23.55983446601033,25.915817912611363,21.203851019409296
2016-05-16,16.560082389588548,18.216090628547406,14.904074150629693
2016-05-17,16.283487621568696,17.911836383725568,14.655138859411826
2016-05-18,21.2953119586054,23.42484315446594,19.16578076274486
2016-05-19,29.79578784728902,32.77536663201793,26.81620906256012
2016-05-20,19.015997308715452,20.917597039586997,17.114397577843906
2016-05-23,13.51475759119316,14.866233350312477,12.163281832073844
2016-05-24,10.536165556329602,11.589782111962563,9.482549000696642
2016-05-25,27.8154460678006,30.596990674580663,25.03390146102054
2016-05-26,11.573905338672162,12.731295872539379,10.416514804804946
2016-05-27,21.191827898417714,23.311010688259486,19.072645108575944
2016-05-30,26.735158804432217,29.40867468487544,24.061642923988995
2016-05-31,21.49155485862449,23.64071034448694,19.342399372762042
2016-06-01,20.179520838408113,22.197472922248927,18.161568754567302
2016-06-02,12.254845645488802,13.480330210037684,11.029361080939921
2016-06-03,23.97092365541652,26.368016020958173,21.573831289874867
2016-06-06,29.74701929513302,32.72172122464632,26.772317365619717
2016-06-07,23.782385546910124,26.160624101601137,21.40414699221911
2016-06-08,11.83599738407189,13.01959712247908,10.652397645664701
2016-06-09,15.071613747847604,16.578775122632365,13.564452373062844
2016-06-10,28.118867480924038,30.930754229016443,25.306980732831637
2016-06-13,13.347132003054629,14.681845203360092,12.012418802749167
2016-06-14,11.066420138249578,12.173062152074536,9.95977812442462
2016-06-15,13.315219713676537,14.646741685044192,11.983697742308884
2016-06-16,28.05132621192776,30.856458833120538,25.246193590734983
2016-06-17,19.16448412265992,21.080932534925914,17.24803571039393
2016-06-20,26.542533759645423,29.196787135609966,23.888280383680883
2016-06-21,23.886520150369087,26.275172165405998,21.49786813533218
2016-06-22,11.7293940168846,12.902333418573061,10.55645461519614
2016-06-23,18.218399034937296,20.040238938431028,16.396559131443567
2016-06-24,11.399560948172542,12.539517042989798,10.259604853355288
2016-06-27,22.040979444221627,24.245077388643793,19.836881499799464
2016-06-28,22.435695348856708,24.67926488374238,20.19212581397104
2016-06-29,24.413539816376797,26.85489379801448,21.97218583473912
2016-06-30,23.324781642408308,25.65725980664914,20.99230347816748
2016-07-01,19.566644274100046,21.523308701510054,17.60997984669004
2016-07-04,16.674096302188804,18.341505932407685,15.006686671969923
2016-07-05,21.79705056614538,23.97675562275992,19.617345509530843
2016-07-06,11.611046415683738,12.772151057252113,10.449941774115365
2016-07-07,29.052216556318278,31.95743821195011,26.14699490068645
2016-07-08,11.354360681128286,12.489796749241115,10.218924613015458
2016-07-11,18.917936781384093,20.809730459522502,17.026143103245683
2016-07-12,17.80296157636898,19.58325773400588,16.022665418732082
2016-07-13,29.86937211465847,32.85630932612432,26.882434903192625
2016-07-14,14.811288955385713,16.292417850924284,13.330160059847142
2016-07-15,26.61146665992728,29.272613325920013,23.950319993934553
2016-07-18,24.989634749896666,27.488598224886335,22.490671274907
2016-07-19,19.323953321449075,21.256348653593985,17.391557989304168
2016-07-20,18.35357462570459,20.18893208827505,16.518217163134132
2016-07-21,25.081169490663623,27.58928643972999,22.57305254159726
2016-07-22,20.050708902945725,22.0557797932403,18.045638012651153
2016-07-25,25.55370294303361,28.109073237336972,22.998332648730248
2016-07-26,28.952492164837224,31.84774138132095,26.0572429483535
2016-07-27,14.172160607191236,15.589376667910361,12.754944546472112
2016-07-28,23.359590012222483,25.695549013444733,21.023631011000237
2016-07-29,20.996187290750132,23.095806019825147,18.89656856167512
2016-08-01,26.67071988734643,29.337791876081074,24.00364789861179
2016-08-02,25.68916120810957,28.258077328920532,23.120245087298613
2016-08-03,29.604245882482697,32.56467047073097,26.643821294234428
2016-08-04,24.030280098351977,26.433308108187177,21.62725208851678
2016-08-05,23.450418786963333,25.795460665659668,21.105376908267
2016-08-08,19.21975342504786,21.141728767552646,17.297778082543072
2016-08-09,28.700894918133258,31.570984409946586,25.830805426319934
2016-08-10,21.51408590333781,23.665494493671595,19.36267731300403
2016-08-11,25.040805475231174,27.544886022754294,22.536724927708057
2016-08-12,15.458201453548849,17.004021598903734,13.912381308193964
2016-08-15,14.276301165458298,15.70393128200413,12.848671048912468
2016-08-16,10.016358384371863,11.01799422280905,9.014722545934676
2016-08-17,16.206114161899166,17.826725578089082,14.585502745709249
2016-08-18,24.65853386341545,27.124387249756996,22.192680477073907
2016-08-19,25.082175526510053,27.59039307916106,22.57395797385905
2016-08-22,29.170029543015744,32.087032497317324,26.25302658871417
2016-08-23,19.576067327349477,21.533674060084426,17.61846059461453
2016-08-24,18.75052334783571,20.62557568261928,16.875471013052138
2016-08-25,18.10094929684599,19.91104422653059,16.29085436716139
2016-08-26,28.461101182814605,31.307211301096068,25.614991064533147
2016-08-29,29.710988590985476,32.682087450084026,26.73988973188693
2016-08-30,16.493775108917628,18.143152619809392,14.844397598025866
2016-08-31,27.995218778292475,30.794740656121725,25.19569690046323
2016-09-01,28.69429794167893,31.563727735846825,25.824868147511037
2016-09-02,16.28989676485694,17.918886441342636,14.660907088371248
2016-09-05,29.907948470400164,32.898743317440186,26.91715362336015
2016-09-06,24.09684069142505,26.506524760567558,21.687156622282547
2016-09-07,17.40045651884973,19.140502170734703,15.660410866964757
2016-09-08,21.679747272262922,23.847721999489217,19.51177254503663
2016-09-09,17.776862137728173,19.55454835150099,15.999175923955356
2016-09-12,24.450161195766484,26.895177315343133,22.005145076189837
2016-09-13,10.566951695589053,11.62364686514796,9.510256526030147
2016-09-14,14.259932984394512,15.685926282833965,12.83393968595506
2016-09-15,11.712474478386643,12.883721926225308,10.54122703054798
2016-09-16,15.834032859085983,17.417436144994582,14.250629573177385
2016-09-19,10.74020253491713,11.814222788408843,9.666182281425417
2016-09-20,15.1098034758956,16.620783823485162,13.59882312830604
2016-09-21,19.912433338227103,21.903676672049816,17.921190004404394
2016-09-22,15.288665403123396,16.817531943435736,13.759798862811056
2016-09-23,19.90756453238901,21.89832098562791,17.91680807915011
2016-09-26,28.393314342707995,31.2326457769788,25.553982908437195
2016-09-27,26.33959654773319,28.97355620250651,23.705636892959873
2016-09-28,13.436629635594093,14.780292599153503,12.092966672034684
2016-09-29,18.393948800136403,20.233343680150046,16.554553920122764
2016-09-30,11.459089806249876,12.604998786874864,10.313180825624888
2016-10-03,20.35064843143026,22.385713274573288,18.315583588287232
2016-10-04,16.301514434415193,17.931665877856712,14.671362990973673
2016-10-05,29.681991515941508,32.65019066753566,26.71379236434736
2016-10-06,17.776727235329865,19.554399958862852,15.99905451179688
2016-10-07,21.351176314127816,23.4862939455406,19.216058682715033
2016-10-10,16.768889351527783,18.44577828668056,15.092000416375004
2016-10-11,18.222983274199088,20.045281601619,16.40068494677918
2016-10-12,24.21440628054725,26.63584690860198,21.792965652492526
2016-10-13,15.86609639108187,17.452706030190058,14.279486751973684
2016-10-14,20.908486789854337,22.99933546883977,18.817638110868902
2016-10-17,15.381307891717226,16.91943868088895,13.843177102545503
2016-10-18,21.463455724697766,23.609801297167547,19.31711015222799
2016-10-19,23.106953904335413,25.417649294768957,20.796258513901872
2016-10-20,22.08826395874775,24.297090354622526,19.879437562872976
2016-10-21,21.72157177824353,23.893728956067886,19.549414600419176
2016-10-24,10.454035331171855,11.499438864289042,9.408631798054671
2016-10-25,12.345363328819012,13.579899661700914,11.110826995937112
2016-10-26,14.05508638252366,15.460595020776028,12.649577744271294
2016-10-27,26.300326035453555,28.930358638998914,23.6702934319082
2016-10-28,27.168822379861265,29.885704617847395,24.451940141875138
2016-10-31,18.683480935225326,20.55182902874786,16.815132841702795
2016-11-01,21.260965645166777,23.387062209683457,19.134869080650102
2016-11-02,11.893769455753445,13.08314640132879,10.704392510178101
2016-11-03,28.664942736481326,31.531437010129462,25.798448462833193
2016-11-04,21.23817481275102,23.361992294026123,19.11435733147592
2016-11-07,29.77702833315153,32.754731166466684,26.799325499836378
2016-11-08,18.246241539960604,20.070865693956666,16.421617385964545
2016-11-09,16.482340603073347,18.13057466338068,14.834106542766012
2016-11-10,19.512524690260165,21.46377715928618,17.561272221234148
2016-11-11,21.817591810345196,23.999350991379718,19.635832629310677
2016-11-14,17.292434022731687,19.021677425004857,15.563190620458519
2016-11-15,21.746683030716273,23.921351333787904,19.572014727644646
2016-11-16,28.814054489763542,31.695459938739898,25.93264904078719
2016-11-17,13.291120239671576,14.620232263638735,11.962008215704419
2016-11-18,28.59161978165784,31.450781759823627,25.732457803492057
2016-11-21,12.847851886276661,14.132637074904329,11.563066697648996
2016-11-22,29.256947328874134,32.18264206176155,26.331252595986722
2016-11-23,27.837034829359947,30.620738312295945,25.053331346423953
2016-11-24,21.73703615350523,23.910739768855755,19.563332538154707
2016-11-25,17.134429994062554,18.847872993468812,15.4209869946563
2016-11-28,15.281754501325862,16.80992995145845,13.753579051193276
2016-11-29,27.178943130412716,29.89683744345399,24.461048817371445
2016-11-30,21.588619669172857,23.747481636090146,19.42975770225557
2016-12-01,11.826251330178136,13.008876463195952,10.643626197160323
2016-12-02,17.76550880161296,19.54205968177426,15.988957921451664
2016-12-05,23.37678495504314,25.714463450547456,21.039106459538825
2016-12-06,12.233927652223395,13.457320417445736,11.010534887001056
2016-12-07,25.79191954966297,28.37111150462927,23.212727594696673
2016-12-08,14.602955271346394,16.063250798481036,13.142659744211755
2016-12-09,19.9683073869767,21.965138125674372,17.97147664827903
2016-12-12,10.354809082515569,11.390289990767126,9.319328174264012
2016-12-13,21.472207592671925,23.61942835193912,19.324986833404733
2016-12-14,21.686435215455738,23.855078737001314,19.517791693910166
2016-12-15,17.703025902118327,19.47332849233016,15.932723311906495
2016-12-16,23.876050508271927,26.26365555909912,21.488445457444733
2016-12-19,25.637879092818018,28.20166700209982,23.07409118353622
2016-12-20,23.497671899868678,25.84743908985555,21.14790470988181
2016-12-21,25.986690464444266,28.585359510888694,23.38802141799984
2016-12-22,22.521740994356584,24.773915093792244,20.269566894920928
2016-12-23,20.030850447800383,22.033935492580422,18.027765403020346
2016-12-26,28.09828227085602,30.908110497941625,25.288454043770418
2016-12-27,12.122250069214768,13.334475076136247,10.910025062293291
2016-12-28,27.188627072158027,29.907489779373833,24.469764364942225
2016-12-29,25.60748218245295,28.16823040069825,23.046733964207657
2016-12-30,14.185813076398295,15.604394384038127,12.767231768758466
2017-01-02,11.275505687795434,12.403056256574978,10.14795511901589
2017-01-03,16.336356983896234,17.96999268228586,14.70272128550661
2017-01-04,12.826544378970109,14.10919881686712,11.543889941073099
2017-01-05,11.270274991366648,12.397302490503314,10.143247492229984
2017-01-06,27.902821707438473,30.693103878182324,25.112539536694626
2017-01-09,19.58420685681141,21.542627542492554,17.62578617113027
2017-01-10,23.90121488371861,26.291336372090473,21.511093395346748
2017-01-11,15.777665273297234,17.35543180062696,14.199898745967511
2017-01-12,11.777468660331039,12.955215526364144,10.599721794297935
2017-01-13,26.508093836285504,29.158903219914055,23.857284452656955
2017-01-16,14.048967880617976,15.453864668679776,12.644071092556178
2017-01-17,11.533264986420908,12.686591485063,10.379938487778817
2017-01-18,15.704477872107216,17.274925659317937,14.134030084896494
2017-01-19,21.49475325619547,23.644228581815018,19.34527793057592
2017-01-20,25.29946198125644,27.829408179382085,22.769515783130796
2017-01-23,23.00449084431183,25.304939928743018,20.70404175988065
2017-01-24,11.35321613784743,12.488537751632173,10.217894524062686
2017-01-25,15.410853534716136,16.95193888818775,13.869768181244522
2017-01-26,10.18512297926155,11.203635277187706,9.166610681335396
2017-01-27,20.840375249993254,22.924412774992582,18.75633772499393
2017-01-30,12.07378687048035,13.281165557528386,10.866408183432315
2017-01-31,19.924320687029564,21.91675275573252,17.931888618326607
2017-02-01,22.991443911972894,25.290588303170185,20.692299520775606
2017-02-02,12.739157512778847,14.013073264056734,11.465241761500963
2017-02-03,29.07985481879821,31.987840300678034,26.17186933691839
2017-02-06,22.123114737812152,24.33542621159337,19.91080326403094
2017-02-07,20.514252268959954,22.56567749585595,18.46282704206396
2017-02-08,21.272068541369734,23.39927539550671,19.144861687232762
2017-02-09,13.848220380935391,15.233042419028932,12.463398342841852
2017-02-10,18.456051705831108,20.30165687641422,16.610446535248
2017-02-13,27.160079923520858,29.876087915872947,24.44407193116877
2017-02-14,11.301948674176337,12.432143541593971,10.171753806758703
2017-02-15,20.86494853093354,22.951443384026895,18.778453677840186
2017-02-16,28.280519295082986,31.108571224591287,25.452467365574687
2017-02-17,28.202395471028936,31.022635018131833,25.382155923926042
2017-02-20,23.244972538209613,25.569469792030574,20.92047528438865
2017-02-21,21.67329814169625,23.840627955865877,19.505968327526627
2017-02-22,28.30015175670858,31.130166932379442,25.47013658103772
2017-02-23,22.636056485934333,24.89966213452777,20.3724508373409
2017-02-24,14.254504792578235,15.679955271836059,12.829054313320412
2017-02-27,11.999777304307035,13.19975503473774,10.799799573876331
2017-02-28,18.77815245742119,20.65596770316331,16.90033721167907
2017-03-01,24.545418282113868,26.999960110325258,22.09087645390248
2017-03-02,13.174123451706848,14.491535796877534,11.856711106536164
2017-03-03,26.614731805589468,29.276204986148418,23.95325862503052
2017-03-06,16.03922261582914,17.643144877412055,14.435300354246225
2017-03-07,23.51595456344092,25.867550019785014,21.16435910709683
2017-03-08,24.44604260540003,26.890646865940035,22.001438344860027
2017-03-09,24.43361146985565,26.876972616841215,21.990250322870086
2017-03-10,26.229700082543562,28.852670090797922,23.606730074289207
2017-03-13,29.659956411151388,32.62595205226653,26.69396077003625
2017-03-14,17.852475237051515,19.637722760756667,16.067227713346362
2017-03-15,14.816342568496166,16.297976825345785,13.33470831164655
2017-03-16,21.291366802807396,23.420503483088137,19.16223012252666
2017-03-17,16.320982762618343,17.95308103888018,14.688884486356509
2017-03-20,13.584792364636664,14.943271601100331,12.226313128172999
2017-03-21,29.569981028641795,32.526979131505975,26.612982925777615
2017-03-22,24.59852652726394,27.058379179990336,22.138673874537545
2017-03-23,15.422755607486536,16.965031168235193,13.880480046737883
2017-03-24,26.607042362893335,29.267746599182672,23.946338126604
2017-03-27,10.249670540557043,11.274637594612749,9.224703486501339
2017-03-28,17.663449865753115,19.429794852328428,15.897104879177805
2017-03-29,19.3274033956002,21.26014373516022,17.39466305604018
2017-03-30,29.71453194566759,32.68598514023435,26.743078751100832
2017-03-31,21.939393888158357,24.133333276974195,19.74545449934252
2017-04-03,17.926025230676117,19.718627753743732,16.133422707608506
2017-04-04,17.50318860310692,19.253507463417613,15.752869742796229
2017-04-05,28.02577427560509,30.828351703165602,25.223196848044584
2017-04-06,15.55195158526808,17.10714674379489,13.996756426741273
2017-04-07,29.544444683894117,32.49888915228353,26.590000215504705
2017-04-10,13.49164358533294,14.840807943866235,12.142479226799646
2017-04-11,14.217332553232643,15.639065808555909,12.795599297909378
2017-04-12,15.748785465880964,17.323664012469063,14.173906919292868
2017-04-13,17.943564728341116,19.73792120117523,16.149208255507006
2017-04-14,29.435897325466755,32.37948705801343,26.49230759292008
2017-04-17,24.053772478321264,26.45914972615339,21.64839523048914
2017-04-18,13.391087873812157,14.730196661193375,12.051979086430942
2017-04-19,29.638226175035022,32.602048792538525,26.67440355753152
2017-04-20,20.765068351070397,22.84157518617744,18.688561515963357
2017-04-21,28.495009211638298,31.34451013280213,25.645508290474467
2017-04-24,20.30887850784482,22.339766358629305,18.27799065706034
2017-04-25,21.109267581854105,23.22019434003952,18.998340823668695
2017-04-26,15.800023216669532,17.380025538336486,14.220020895002579
2017-04-27,29.207625261769724,32.1283877879467,26.286862735592752
2017-04-28,29.031543100853046,31.93469741093835,26.12838879076774
2017-05-01,15.281713776329177,16.809885153962096,13.75354239869626
2017-05-02,24.839051293929376,27.322956423322317,22.35514616453644
2017-05-03,15.279719358733928,16.807691294607324,13.751747422860536
2017-05-04,12.383211428674784,13.621532571542263,11.144890285807305
2017-05-05,17.39010325623126,19.129113581854387,15.651092930608135
2017-05-08,20.881757503071594,22.969933253378755,18.793581752764435
2017-05-09,14.613702656936645,16.075072922630312,13.15233239124298
2017-05-10,17.506980718623034,19.25767879048534,15.75628264676073
2017-05-11,12.439429903551325,13.683372893906459,11.195486913196193
2017-05-12,17.131430388321107,18.844573427153218,15.418287349488997
2017-05-15,27.200446669504007,29.92049133645441,24.480402002553607
2017-05-16,22.029388495915498,24.23232734550705,19.826449646323947
2017-05-17,17.07273427253369,18.78000769978706,15.365460845280321
2017-05-18,17.01642920433173,18.718072124764902,15.314786283898556
2017-05-19,12.511590346992234,13.762749381691458,11.260431312293012
2017-05-22,22.506370556956576,24.757007612652234,20.25573350126092
2017-05-23,23.275133625484578,25.602646988033037,20.94762026293612
2017-05-24,19.524009706042683,21.476410676646953,17.571608735438417
2017-05-25,11.905762640661068,13.096338904727176,10.715186376594962
2017-05-26,28.59300562489629,31.452306187385922,25.73370506240666
2017-05-29,25.060714657704786,27.566786123475268,22.554643191934307
2017-05-30,27.208370998162884,29.929208097979174,24.487533898346598
2017-05-31,12.804445569854334,14.084890126839769,11.5240010128689
2017-06-01,18.8300552477004,20.713060772470442,16.947049722930362
2017-06-02,24.007678777650955,26.408446655416054,21.60691089988586
2017-06-05,19.37411546024165,21.311527006265816,17.436703914217485
2017-06-06,21.33789057469241,23.471679632161653,19.20410151722317
2017-06-07,18.499810397522296,20.349791437274526,16.649829357770066
2017-06-08,29.83892430970023,32.822816740670255,26.855031878730205
2017-06-09,11.74993345885278,12.924926804738059,10.574940112967502
2017-06-12,28.58868506360995,31.44755356997095,25.729816557248956
2017-06-13,10.444567361153567,11.489024097268924,9.400110625038211
2017-06-14,21.059989490289663,23.16598843931863,18.953990541260698
2017-06-15,11.719678857720535,12.89164674349259,10.547710971948481
2017-06-16,28.72629524297914,31.598924767277058,25.853665718681228
2017-06-19,15.527982016433002,17.080780218076303,13.975183814789702
2017-06-20,18.837371668309466,20.721108835140413,16.95363450147852
2017-06-21,13.350350945456288,14.685386040001918,12.01531585091066
2017-06-22,13.743805550302637,15.118186105332903,12.369424995272373
2017-06-23,18.73745372277152,20.611199095048672,16.863708350494367
2017-06-26,16.246376091995547,17.871013701195103,14.621738482795992
2017-06-27,17.031304876091987,18.734435363701188,15.328174388482788
2017-06-28,24.14144033754952,26.555584371304473,21.727296303794567
2017-06-29,22.622059878888656,24.884265866777525,20.35985389099979
2017-06-30,29.6720486776317,32.63925354539487,26.70484380986853
2017-07-03,14.431813877586897,15.87499526534559,12.988632489828207
2017-07-04,24.02250355557502,26.424753911132527,21.62025320001752
2017-07-05,25.617768233656754,28.17954505702243,23.055991410291078
2017-07-06,25.6355489500661,28.19910384507271,23.071994055059488
2017-07-07,16.957061638049616,18.65276780185458,15.261355474244654
2017-07-10,13.81101527073132,15.192116797804452,12.429913743658188
2017-07-11,13.50471339769185,14.855184737461036,12.154242057922666
2017-07-12,22.692245535709556,24.961470089280514,20.423020982138603
2017-07-13,25.045102733306024,27.54961300663663,22.54059245997542
2017-07-14,27.38664803308898,30.12531283639788,24.647983229780085
2017-07-17,28.132282623498384,30.945510885848226,25.319054361148545
2017-07-18,28.12936190446837,30.942298094915213,25.316425714021534
2017-07-19,19.91372667068485,21.905099337753335,17.922354003616363
2017-07-20,15.778028184128273,17.355831002541102,14.200225365715445
2017-07-21,21.242992323995313,23.367291556394846,19.118693091595784
2017-07-24,12.228987830926608,13.45188661401927,11.006089047833948
2017-07-25,28.850510462421266,31.735561508663395,25.96545941617914
2017-07-26,27.467886440670057,30.214675084737063,24.72109779660305
2017-07-27,26.543245021175366,29.197569523292906,23.88892051905783
2017-07-28,11.499237233904829,12.649160957295313,10.349313510514346
2017-07-31,23.039292241266814,25.343221465393498,20.735363017140134
2017-08-01,15.847128968785052,17.431841865663557,14.262416071906546
2017-08-02,20.133458639050385,22.146804502955426,18.120112775145348
2017-08-03,26.317817626948553,28.94959938964341,23.6860358642537
2017-08-04,29.10860324133726,32.019463565470986,26.197742917203534
2017-08-07,21.21028914496469,23.33131805946116,19.089260230468224
2017-08-08,27.136148142336868,29.849762956570558,24.42253332810318
2017-08-09,24.681798975102065,27.149978872612273,22.213619077591858
2017-08-10,29.725217513581587,32.69773926493975,26.75269576222343
2017-08-11,21.1109256126922,23.22201817396142,18.99983305142298
2017-08-14,25.485100641678343,28.03361070584618,22.93659057751051
2017-08-15,28.171425454915973,30.98856800040757,25.354282909424377
2017-08-16,20.965615709702625,23.06217728067289,18.869054138732363
2017-08-17,12.516174466165484,13.767791912782034,11.264557019548937
2017-08-18,24.918092618870944,27.40990188075804,22.42628335698385
2017-08-21,25.03483418167486,27.538317599842348,22.531350763507376
2017-08-22,13.543898369875675,14.898288206863244,12.189508532888109
2017-08-23,26.12819744107852,28.741017185186372,23.515377696970667
2017-08-24,18.28030052409874,20.108330576508617,16.45227047168887
2017-08-25,26.122851516412084,28.735136668053293,23.510566364770877
2017-08-28,17.14590116909242,18.86049128600166,15.431311052183178
2017-08-29,14.478591068756492,15.926450175632143,13.030731961880843
2017-08-30,18.839868725246987,20.72385559777169,16.95588185272229
2017-08-31,16.106240933073003,17.716865026380304,14.495616839765704
2017-09-01,19.34747412562799,21.28222153819079,17.41272671306519
2017-09-04,14.361430780217896,15.797573858239687,12.925287702196107
2017-09-05,26.3722734547152,29.00950080018672,23.73504610924368
2017-09-06,14.02488859525034,15.427377454775376,12.622399735725306
2017-09-07,12.21354700286237,13.434901703148608,10.992192302576134
2017-09-08,29.16682131515248,32.08350344666773,26.25013918363723
2017-09-11,26.311274673287734,28.942402140616508,23.68014720595896
2017-09-12,17.75431884070635,19.52975072477699,15.978886956635716
2017-09-13,10.460293899042556,11.506323288946813,9.4142645091383
2017-09-14,22.103906454937952,24.314297100431748,19.893515809444157
2017-09-15,27.99526980646996,30.794796787116958,25.195742825822965
2017-09-18,18.327114173454106,20.159825590799517,16.494402756108695
2017-09-19,13.456394164615784,14.802033581077364,12.110754748154205
2017-09-20,21.32856814221914,23.461424956441057,19.195711327997227
2017-09-21,20.058778313724748,22.064656145097224,18.052900482352275
2017-09-22,21.541517991265568,23.695669790392127,19.387366192139012
2017-09-25,19.339691160339008,21.27366027637291,17.405722044305108
2017-09-26,25.570144255305653,28.12715868083622,23.01312982977509
2017-09-27,20.37116239568687,22.40827863525556,18.334046156118184
2017-09-28,15.743553914945904,17.317909306440495,14.169198523451314
2017-09-29,21.08633059280588,23.194963652086468,18.97769753352529
2017-10-02,16.149002053469058,17.763902258815964,14.534101848122152
2017-10-03,15.568481049479914,17.125329154427906,14.011632944531923
2017-10-04,25.664209540790317,28.230630494869352,23.097788586711285
2017-10-05,14.570872703382658,16.027959973720925,13.113785433044393
2017-10-06,29.200491232585936,32.12054035584453,26.280442109327343
2017-10-09,16.449320482863797,18.09425253115018,14.804388434577417
2017-10-10,27.358147846730287,30.09396263140332,24.62233306205726
2017-10-11,15.93407569580868,17.52748326538955,14.340668126227813
2017-10-12,12.479197099357044,13.72711680929275,11.23127738942134
2017-10-13,24.92202839731967,27.41423123705164,22.429825557587705
2017-10-16,25.08834297347895,27.597177270826847,22.579508676131056
2017-10-17,22.546512364008734,24.80116360040961,20.291861127607863
2017-10-18,21.123224270506345,23.23554669755698,19.01090184345571
2017-10-19,19.44629562446239,21.390925186908632,17.501666062016152
2017-10-20,16.828311867345782,18.51114305408036,15.145480680611204
2017-10-23,11.263476793224903,12.389824472547394,10.137129113902413
2017-10-24,14.716336152789552,16.18796976806851,13.244702537510596
2017-10-25,18.642226780650695,20.506449458715768,16.778004102585626
2017-10-26,14.271283722895928,15.698412095185523,12.844155350606336
2017-10-27,11.843011830963274,13.027313014059603,10.658710647866947
2017-10-30,27.39648473365468,30.13613320702015,24.656836260289214
2017-10-31,17.440979845322225,19.18507782985445,15.696881860790002
2017-11-01,25.59175625000927,28.150931875010198,23.032580625008343
2017-11-02,15.398737663180215,16.938611429498238,13.858863896862195
2017-11-03,20.857676418096784,22.943444059906465,18.771908776287106
2017-11-06,16.100615333317574,17.710676866649333,14.490553799985816
2017-11-07,10.929009522356418,12.021910474592062,9.836108570120777
2017-11-08,17.682811024448064,19.45109212689287,15.914529922003258
2017-11-09,20.699231487320453,22.7691546360525,18.62930833858841
2017-11-10,28.378882507091532,31.21677075780069,25.54099425638238
2017-11-13,11.714077823309728,12.885485605640701,10.542670040978756
2017-11-14,12.739369092954005,14.013306002249408,11.465432183658605
2017-11-15,27.09989131861334,29.80988045047468,24.389902186752007
2017-11-16,21.046183294263024,23.15080162368933,18.941564964836722
2017-11-17,16.909696851782176,18.600666536960397,15.218727166603959
2017-11-20,28.237750534952035,31.061525588447243,25.41397548145683
2017-11-21,12.654735781876859,13.920209360064545,11.389262203689173
2017-11-22,19.77618353754356,21.75380189129792,17.798565183789204
2017-11-23,19.830066775553227,21.81307345310855,17.847060097997904
2017-11-24,16.450255462736717,18.09528100901039,14.805229916463045
2017-11-27,26.963795994614685,29.660175594076154,24.267416395153216
2017-11-28,27.867326691269117,30.65405936039603,25.080594022142204
2017-11-29,16.791746202505564,18.47092082275612,15.112571582255008
2017-11-30,21.158012200829496,23.273813420912447,19.042210980746546
2017-12-01,10.439279231391493,11.483207154530644,9.395351308252344
2017-12-04,24.76150849789988,27.23765934768987,22.28535764810989
2017-12-05,20.544839822870635,22.599323805157702,18.49035584058357
2017-12-06,11.317766353568066,12.449542988924874,10.18598971821126
2017-12-07,14.914668177397662,16.40613499513743,13.423201359657895
2017-12-08,18.678665575893017,20.54653213348232,16.810799018303715
2017-12-11,25.545612978502312,28.100174276352547,22.99105168065208
2017-12-12,25.59859904435116,28.15845894878628,23.038739139916046
2017-12-13,26.2061874652657,28.82680621179227,23.58556871873913
2017-12-14,12.144305491184538,13.358736040302993,10.929874942066084
2017-12-15,25.40259955115723,27.942859506272956,22.862339596041508
2017-12-18,14.750087132049433,16.225095845254376,13.27507841884449
2017-12-19,25.226332093334037,27.748965302667443,22.703698884000634
2017-12-20,22.91981778583073,25.211799564413806,20.62783600724766
2017-12-21,11.111284931156504,12.222413424272156,10.000156438040854
2017-12-22,25.78732987903002,28.36606286693302,23.208596891127016
2017-12-25,11.54908678543901,12.703995463982913,10.39417810689511
2017-12-26,19.925625398385527,21.918187938224083,17.933062858546975
2017-12-27,28.847851334960033,31.73263646845604,25.96306620146403
2017-12-28,20.98694559364182,23.085640153006004,18.88825103427764
2017-12-29,17.449050571667712,19.193955628834484,15.704145514500942
2018-01-01,29.618365877489467,32.580202465238415,26.656529289740522
2018-01-02,22.672692058910577,24.93996126480164,20.40542285301952
2018-01-03,12.417975278119206,13.659772805931128,11.176177750307286
2018-01-04,27.468245046083055,30.215069550691364,24.72142054147475
2018-01-05,22.814136684331437,25.095550352764583,20.532723015898295
2018-01-08,19.129943996826785,21.042938396509467,17.216949597144108
2018-01-09,27.894106527572113,30.683517180329325,25.1046958748149
2018-01-10,28.42055376505823,31.262609141564056,25.578498388552408
2018-01-11,15.334842339454584,16.868326573400044,13.801358105509125
2018-01-12,16.350250831975508,17.98527591517306,14.715225748777957
2018-01-15,25.408248338870514,27.94907317275757,22.867423504983464
2018-01-16,13.305506041836527,14.63605664602018,11.974955437652874
2018-01-17,14.463643657091026,15.910008022800131,13.017279291381923
2018-01-18,29.06504907945495,31.971553987400448,26.158544171509458
2018-01-19,24.84175525204067,27.32593077724474,22.357579726836605
2018-01-22,16.475795569325655,18.12337512625822,14.82821601239309
2018-01-23,20.398577938997086,22.438435732896796,18.35872014509738
2018-01-24,12.628441882630755,13.891286070893832,11.365597694367679
2018-01-25,25.965327711051494,28.561860482156646,23.368794939946344
2018-01-26,11.170611012657476,12.287672113923225,10.053549911391729
2018-01-29,18.603567281851348,20.463924010036482,16.743210553666213
2018-01-30,21.223538435995394,23.345892279594935,19.101184592395857
2018-01-31,10.849024294497355,11.93392672394709,9.764121865047619
2018-02-01,13.405600658735645,14.746160724609211,12.065040592862081
2018-02-02,16.06336561856203,17.669702180418234,14.457029056705828
2018-02-05,20.319148883147605,22.351063771462368,18.287233994832846
2018-02-06,13.271050452295645,14.59815549752521,11.943945407066082
2018-02-07,26.656046509591388,29.32165116055053,23.99044185863225
2018-02-08,28.60427604966654,31.464703654633198,25.74384844469989
2018-02-09,19.391749137826242,21.330924051608868,17.45257422404362
2018-02-12,16.506591315979243,18.15725044757717,14.855932184381318
2018-02-13,28.336962938363122,31.170659232199437,25.50326664452681
2018-02-14,11.777475901236791,12.95522349136047,10.599728311113113
2018-02-15,27.73399475554811,30.507394231102925,24.9605952799933
2018-02-16,14.184527017364719,15.602979719101192,12.766074315628247
2018-02-19,12.351364497642933,13.586500947407227,11.116228047878641
2018-02-20,23.619003390651105,25.980903729716218,21.257103051585997
2018-02-21,15.333602571337083,16.866962828470793,13.800242314203375
2018-02-22,11.823939411135232,13.006333352248756,10.64154547002171
2018-02-23,13.270983298469687,14.598081628316658,11.943884968622719
2018-02-26,19.649389821670468,21.614328803837516,17.684450839503423
2018-02-27,15.135533712732396,16.649087084005636,13.621980341459157
2018-02-28,26.998965112101324,29.69886162331146,24.299068600891193
2018-03-01,17.418532141257465,19.160385355383212,15.67667892713172
2018-03-02,12.634287617911042,13.897716379702148,11.370858856119938
2018-03-05,14.226397273414051,15.649037000755458,12.803757546072646
2018-03-06,23.94564723294382,26.340211956238203,21.55108250964944
2018-03-07,10.484310075019714,11.532741082521687,9.435879067517742
2018-03-08,20.92203882570862,23.014242708279482,18.829834943137758
2018-03-09,14.357834142601861,15.79361755686205,12.922050728341675
2018-03-12,24.922122793188933,27.41433507250783,22.42991051387004
2018-03-13,21.45788167673438,23.603669844407822,19.312093509060944
2018-03-14,17.858737241993346,19.644610966192683,16.072863517794012
2018-03-15,27.941804162849508,30.73598457913446,25.14762374656456
2018-03-16,26.62312144527588,29.28543358980347,23.960809300748295
2018-03-19,28.05209572121439,30.85730529333583,25.24688614909295
2018-03-20,19.995028919933475,21.994531811926823,17.995526027940127
2018-03-21,20.076152318260355,22.083767550086392,18.068537086434322
2018-03-22,28.45184542949388,31.29702997244327,25.606660886544493
2018-03-23,27.33209480453121,30.065304284984332,24.59888532407809
2018-03-26,16.471046983455118,18.11815168180063,14.823942285109606
2018-03-27,18.798124130313766,20.677936543345144,16.91831171728239
2018-03-28,26.133735634043077,28.747109197447386,23.52036207063877
2018-03-29,29.00705226176543,31.907757487941975,26.10634703558889
2018-03-30,16.902104074866298,18.59231448235293,15.211893667379668
2018-04-02,27.89734792326596,30.68708271559256,25.107613130939367
2018-04-03,12.09399047978562,13.303389527764184,10.88459143180706
2018-04-04,21.540557861009383,23.694613647110323,19.386502074908446
2018-04-05,25.272682078933602,27.799950286826967,22.745413871040242
2018-04-06,27.025927776913118,29.728520554604433,24.323334999221807
2018-04-09,20.120557617976047,22.132613379773655,18.108501856178442
2018-04-10,20.57465611857411,22.632121730431525,18.5171905067167
2018-04-11,11.26252218916374,12.388774408080115,10.136269970247366
2018-04-12,11.326435915592983,12.459079507152282,10.193792324033685
2018-04-13,22.016613528861285,24.218274881747416,19.814952175975158
2018-04-16,24.299948934769777,26.729943828246757,21.8699540412928
2018-04-17,11.380909140378225,12.519000054416049,10.242818226340404
2018-04-18,21.311339797998244,23.44247377779807,19.18020581819842
2018-04-19,20.826240089416736,22.90886409835841,18.743616080475064
2018-04-20,21.4377722613377,23.58154948747147,19.29399503520393
2018-04-23,29.428267503410815,32.3710942537519,26.485440753069735
2018-04-24,17.711383519103407,19.48252187101375,15.940245167193067
2018-04-25,25.888383971541508,28.47722236869566,23.29954557438736
2018-04-26,21.859307136362514,24.045237849998767,19.673376422726264
2018-04-27,19.40122904124875,21.341351945373628,17.461106137123878
2018-04-30,18.885787116538985,20.774365828192884,16.997208404885086
2018-05-01,15.109360578375163,16.620296636212682,13.598424520537648
2018-05-02,16.10669764499515,17.717367409494667,14.496027880495637
2018-05-03,22.35855960347255,24.59441556381981,20.122703643125295
2018-05-04,20.18350762652635,22.201858389178987,18.165156863873715
2018-05-07,17.91944038741506,19.71138442615657,16.127496348673557
2018-05-08,20.256452079831334,22.28209728781447,18.230806871848202
2018-05-09,20.42024226655714,22.462266493212855,18.378218039901427
2018-05-10,21.93229776128182,24.125527537410004,19.73906798515364
2018-05-11,11.053161438405104,12.158477582245615,9.947845294564594
2018-05-14,19.155969056915943,21.07156596260754,17.24037215122435
2018-05-15,25.836404960448675,28.420045456493543,23.252764464403807
2018-05-16,24.94659690959089,27.441256600549984,22.4519372186318
2018-05-17,25.70403289909923,28.274436189009155,23.133629609189306
2018-05-18,20.629556901243,22.6925125913673,18.5666012111187
2018-05-21,12.859287506175585,14.145216256793145,11.573358755558028
2018-05-22,27.55993491243692,30.315928403680612,24.803941421193226
2018-05-23,13.019335456905543,14.321269002596098,11.717401911214989
2018-05-24,26.944942307563167,29.639436538319487,24.25044807680685
2018-05-25,29.958865811764863,32.95475239294135,26.962979230588378
2018-05-28,22.598920656823417,24.85881272250576,20.339028591141076
2018-05-29,13.391956229920396,14.731151852912436,12.052760606928357
2018-05-30,23.33737814784839,25.67111596263323,21.00364033306355
2018-05-31,15.408853603372739,16.949738963710015,13.867968243035465
2018-06-01,27.093443994480968,29.802788393929067,24.384099595032872
2018-06-04,26.193738757322453,28.8131126330547,23.57436488159021
2018-06-05,13.964872515000614,15.361359766500676,12.568385263500554
2018-06-06,10.932529783557012,12.025782761912714,9.839276805201312
2018-06-07,27.49218405024852,30.241402455273377,24.74296564522367
2018-06-08,24.14425162538715,26.558676787925865,21.729826462848436
2018-06-11,22.74648267495378,25.021130942449158,20.471834407458402
2018-06-12,18.55037431618768,20.405411747806447,16.69533688456891
2018-06-13,22.5414474777935,24.795592225572854,20.28730273001415
2018-06-14,23.23277294263721,25.556050236900933,20.90949564837349
2018-06-15,22.31845730517434,24.550303035691776,20.086611574656906
2018-06-18,12.504929093470047,13.755422002817053,11.254436184123042
2018-06-19,20.92679247879279,23.019471726672073,18.834113230913513
2018-06-20,18.416653682999048,20.258319051298955,16.574988314699144
2018-06-21,22.32144131769101,24.553585449460115,20.08929718592191
2018-06-22,29.365355638312657,32.30189120214393,26.428820074481393
2018-06-25,10.661314512230295,11.727445963453325,9.595183061007265
2018-06-26,28.58089168723424,31.438980855957666,25.722802518510814
2018-06-27,26.203999582738927,28.824399541012824,23.583599624465034
2018-06-28,18.666247194536318,20.53287191398995,16.799622475082685
2018-06-29,22.786999350601015,25.06569928566112,20.508299415540915
2018-07-02,17.30323435954375,19.033557795498126,15.572910923589376
2018-07-03,14.442793242970005,15.887072567267007,12.998513918673005
2018-07-04,23.815411176709187,26.196952294380107,21.43387005903827
2018-07-05,21.811032535160507,23.99213578867656,19.629929281644458
2018-07-06,25.53991846615997,28.09391031277597,22.985926619543974
2018-07-09,17.621297804649256,19.383427585114184,15.859168024184331
2018-07-10,18.784097320929614,20.662507053022576,16.905687588836653
2018-07-11,26.925157969420404,29.617673766362447,24.232642172478364
2018-07-12,11.744144177319205,12.918558595051126,10.569729759587284
2018-07-13,23.982550264399144,26.38080529083906,21.584295237959232
2018-07-16,10.067267779252909,11.073994557178201,9.060541001327618
2018-07-17,10.383470993564394,11.421818092920835,9.345123894207955
2018-07-18,16.123342219268803,17.735676441195686,14.511007997341924
2018-07-19,21.71781036208152,23.88959139828967,19.546029325873366
2018-07-20,29.093084316216565,32.00239274783822,26.18377588459491
2018-07-23,22.945741646117394,25.240315810729136,20.651167481505656
2018-07-24,10.115478704178011,11.127026574595813,9.103930833760211
2018-07-25,19.089259470685693,20.998185417754264,17.180333523617126
2018-07-26,16.293533264379967,17.922886590817964,14.66417993794197
2018-07-27,14.17656345885501,15.594219804740513,12.75890711296951
2018-07-30,26.522347534355088,29.1745822877906,23.87011278091958
2018-07-31,18.562396863542723,20.418636549897,16.70615717718845
2018-08-01,29.206764524480725,32.1274409769288,26.286088072032655
2018-08-02,16.10211778617039,17.712329564787428,14.49190600755335
2018-08-03,12.144900779722349,13.359390857694585,10.930410701750114
2018-08-06,25.36116922809422,27.897286150903643,22.8250523052848
2018-08-07,29.23519006229516,32.15870906852468,26.311671056065645
2018-08-08,15.854179435541212,17.439597379095336,14.26876149198709
2018-08-09,20.769638638285578,22.846602502114138,18.69267477445702
2018-08-10,28.396982802387992,31.236681082626795,25.557284522149192
2018-08-13,14.969106376145344,16.46601701375988,13.47219573853081
2018-08-14,21.726902522595985,23.899592774855584,19.554212270336386
2018-08-15,11.349756438871042,12.484732082758146,10.214780794983938
2018-08-16,28.83408937344968,31.71749831079465,25.95068043610471
2018-08-17,12.001578942975165,13.201736837272682,10.801421048677648
2018-08-20,12.889953902592552,14.178949292851808,11.600958512333298
2018-08-21,16.976712773635008,18.67438405099851,15.279041496271507
2018-08-22,26.52427988893505,29.17670787782856,23.87185190004155
2018-08-23,17.415837255374953,19.15742098091245,15.674253529837458
2018-08-24,25.592678953164594,28.151946848481057,23.033411057848134
2018-08-27,18.507697313060945,20.35846704436704,16.65692758175485
2018-08-28,20.083301406553108,22.091631547208422,18.074971265897798
2018-08-29,29.903672437594388,32.89403968135383,26.91330519383495
2018-08-30,21.553052833484404,23.708358116832848,19.397747550135964
2018-08-31,27.88881398069514,30.677695378764657,25.099932582625627
2018-09-03,16.355271696664502,17.990798866330955,14.719744526998053
2018-09-04,23.283768860873884,25.612145746961275,20.955391974786497
2018-09-05,20.78052817619839,22.858580993818233,18.702475358578553
2018-09-06,21.449841361826127,23.594825498008742,19.304857225643516
2018-09-07,12.263048184192742,13.489353002612019,11.036743365773468
2018-09-10,27.523580634850944,30.27593869833604,24.77122257136585
2018-09-11,11.843640623557182,13.0280046859129,10.659276561201464
2018-09-12,26.825489894944933,29.50803888443943,24.14294090545044
2018-09-13,11.931347795255363,13.1244825747809,10.738213015729826
2018-09-14,20.51181185257694,22.562993037834637,18.460630667319247
2018-09-17,15.782735995648114,17.361009595212927,14.204462396083303
2018-09-18,17.98322488595229,19.781547374547518,16.18490239735706
2018-09-19,20.519516075311703,22.571467682842876,18.467564467780534
2018-09-20,27.094999613856178,29.8044995752418,24.38549965247056
2018-09-21,19.88005113725645,21.868056250982097,17.892046023530806
2018-09-24,10.854553306015928,11.940008636617522,9.769097975414336
2018-09-25,27.389326168302187,30.12825878513241,24.650393551471968
2018-09-26,16.830141001082673,18.513155101190943,15.147126900974406
2018-09-27,25.373092010910426,27.91040121200147,22.835782809819385
2018-09-28,11.99238074058866,13.191618814647526,10.793142666529794
2018-10-01,22.059928907625533,24.26592179838809,19.85393601686298
2018-10-02,21.804553074978585,23.985008382476448,19.624097767480727
2018-10-03,19.306023560465523,21.236625916512075,17.37542120441897
2018-10-04,15.458409471985558,17.004250419184114,13.912568524787002
2018-10-05,20.419336848673368,22.461270533540706,18.377403163806033
2018-10-08,28.85095793343321,31.736053726776536,25.96586214008989
2018-10-09,25.03309194690073,27.536401141590805,22.529782752210657
2018-10-10,24.74459344224197,27.21905278646617,22.270134098017774
2018-10-11,25.449952307730328,27.994947538503364,22.904957076957295
2018-10-12,17.144123022899848,18.858535325189834,15.429710720609863
2018-10-15,28.062267141190382,30.868493855309424,25.256040427071344
2018-10-16,12.958349306017036,14.254184236618741,11.662514375415332
2018-10-17,23.229526609771316,25.55247927074845,20.906573948794186
2018-10-18,23.61714985781765,25.978864843599418,21.255434872035888
2018-10-19,22.791225759598134,25.07034833555795,20.51210318363832
2018-10-22,24.01337021429717,26.414707235726887,21.612033192867454
2018-10-23,13.828948462751322,15.211843309026456,12.44605361647619
2018-10-24,20.964248248533124,23.06067307338644,18.867823423679813
2018-10-25,13.61331894507725,14.974650839584976,12.251987050569525
2018-10-26,22.31487539309046,24.546362932399507,20.083387853781414
2018-10-29,11.088919631456536,12.19781159460219,9.980027668310882
2018-10-30,19.91064411196992,21.901708523166914,17.91957970077293
2018-10-31,16.456898966565166,18.102588863221683,14.81120906990865
2018-11-01,25.970861895687534,28.56794808525629,23.37377570611878
2018-11-02,22.295748452461567,24.525323297707725,20.06617360721541
2018-11-05,14.804748378159951,16.285223215975947,13.324273540343956
2018-11-06,17.29863920982679,19.02850313080947,15.56877528884411
2018-11-07,13.994154923417504,15.393570415759255,12.594739431075753
2018-11-08,13.685983748007652,15.05458212280842,12.317385373206887
2018-11-09,19.86542579025303,21.851968369278335,17.878883211227727
2018-11-12,16.41437215005571,18.055809365061283,14.772934935050138
2018-11-13,19.119431230691887,21.031374353761077,17.207488107622698
2018-11-14,18.828541315589465,20.711395447148412,16.94568718403052
2018-11-15,14.522898177182785,15.975187994901065,13.070608359464508
2018-11-16,26.596539546116382,29.256193500728024,23.936885591504744
2018-11-19,22.326267899541662,24.55889468949583,20.093641109587498
2018-11-20,18.295380835110194,20.124918918621216,16.465842751599176
2018-11-21,18.762808113630022,20.639088924993025,16.88652730226702
2018-11-22,24.851491250518755,27.33664037557063,22.36634212546688
2018-11-23,11.560575047168992,12.716632551885892,10.404517542452094
2018-11-26,25.43312864366598,27.976441508032583,22.889815779299383
2018-11-27,27.99444539305479,30.79388993236027,25.19500085374931
2018-11-28,20.39726824640948,22.436995071050433,18.357541421768534
2018-11-29,11.920833054198425,13.11291635961827,10.728749748778583
2018-11-30,18.939669555678357,20.833636511246194,17.045702600110523
2018-12-03,17.296986060556122,19.026684666611736,15.56728745450051
2018-12-04,20.300632770504468,22.330696047554916,18.270569493454023
2018-12-05,12.204274702265302,13.424702172491832,10.983847232038771
2018-12-06,29.859109841626925,32.84502082578962,26.87319885746423
2018-12-07,26.03527580218323,28.638803382401555,23.431748221964906
2018-12-10,15.68625702542262,17.254882727964883,14.117631322880358
2018-12-11,23.92673281786871,26.319406099655584,21.53405953608184
2018-12-12,25.556059730806716,28.11166570388739,23.000453757726046
2018-12-13,24.515388642210475,26.966927506431524,22.06384977798943
2018-12-14,21.21499722316954,23.336496945486495,19.093497500852585
2018-12-17,24.78600244407842,27.264602688486264,22.30740219967058
2018-12-18,25.009533444359512,27.510486788795465,22.508580099923563
2018-12-19,25.851854508217983,28.437039959039783,23.266669057396186
2018-12-20,22.127795008353303,24.340574509188635,19.915015507517975
2018-12-21,15.476448490168648,17.024093339185516,13.928803641151784
2018-12-24,13.306611175566935,14.63727229312363,11.975950058010243
2018-12-25,26.783296577728418,29.461626235501264,24.104966919955576
2018-12-26,19.82509070861022,21.807599779471243,17.8425816377492
2018-12-27,23.24382777121686,25.56821054833855,20.919444994095176
2018-12-28,28.027146802894205,30.829861483183628,25.224432122604785
2018-12-31,18.12849281914808,19.941342101062887,16.31564353723327
2019-01-01,29.618869768049006,32.58075674485391,26.656982791244104
2019-01-02,18.753115540160085,20.628427094176097,16.877803986144077
2019-01-03,28.16785370023529,30.984639070258822,25.351068330211763
2019-01-04,14.053380821976084,15.458718904173693,12.648042739778477
2019-01-07,16.316187716080456,17.947806487688503,14.684568944472412
2019-01-08,29.077668776169705,31.985435653786677,26.169901898552734
2019-01-09,19.25448671183468,21.17993538301815,17.329038040651213
2019-01-10,17.826487617260558,19.609136378986616,16.043838855534503
2019-01-11,10.280046340547697,11.308050974602468,9.252041706492928
2019-01-14,12.229762298039956,13.452738527843954,11.00678606823596
2019-01-15,27.637526631440505,30.40127929458456,24.873773968296454
2019-01-16,21.12287277096442,23.235160048060866,19.01058549386798
2019-01-17,14.765634732620537,16.24219820588259,13.289071259358483
2019-01-18,10.232551577938159,11.255806735731975,9.209296420144343
2019-01-21,24.223153157233654,26.64546847295702,21.80083784151029
2019-01-22,12.653834834171917,13.91921831758911,11.388451350754726
2019-01-23,21.772676249055543,23.9499438739611,19.59540862414999
2019-01-24,15.685451782161746,17.253996960377922,14.116906603945571
2019-01-25,21.446790191787297,23.59146921096603,19.30211117260857
2019-01-28,24.55673964513684,27.012413609650526,22.101065680623158
2019-01-29,15.868858784397768,17.455744662837546,14.281972905957991
2019-01-30,11.209852351964635,12.3308375871611,10.088867116768172
2019-01-31,15.749182718480505,17.324100990328557,14.174264446632455
2019-02-01,20.280512194895852,22.30856341438544,18.25246097540627
2019-02-04,16.110460723239925,17.72150679556392,14.499414650915933
2019-02-05,28.965010523713765,31.861511576085146,26.068509471342388
2019-02-06,25.212482070921432,27.733730278013578,22.69123386382929
2019-02-07,29.215332553711583,32.13686580908274,26.293799298340424
2019-02-08,14.84765535394224,16.332420889336465,13.362889818548016
2019-02-11,18.331414273089663,20.16455570039863,16.498272845780697
2019-02-12,14.508203257104835,15.95902358281532,13.057382931394352
2019-02-13,27.15595170771494,29.871546878486438,24.440356536943447
2019-02-14,24.86936705873745,27.356303764611198,22.382430352863704
2019-02-15,25.163192604281186,27.679511864709305,22.646873343853066
2019-02-18,12.21517205484303,13.436689260327334,10.993654849358728
2019-02-19,10.728816341787457,11.801697975966205,9.655934707608711
2019-02-20,20.976107404111488,23.07371814452264,18.87849666370034
2019-02-21,15.665258725375127,17.23178459791264,14.098732852837614
2019-02-22,21.228578728228584,23.351436601051443,19.105720855405725
2019-02-25,19.879310305842424,21.867241336426666,17.89137927525818
2019-02-26,16.324030674922263,17.95643374241449,14.691627607430037
2019-02-27,14.72222928183028,16.19445221001331,13.250006353647253
2019-02-28,15.905572059297139,17.496129265226855,14.315014853367426
2019-03-01,13.081764449148617,14.38994089406348,11.773588004233755
2019-03-04,22.760487504658943,25.03653625512484,20.48443875419305
2019-03-05,11.199858489159531,12.319844338075486,10.079872640243579
2019-03-06,15.918133191998937,17.50994651119883,14.326319872799044
2019-03-07,29.973618454226035,32.97098029964864,26.976256608803432
2019-03-08,13.453561515127737,14.798917666640511,12.108205363614964
2019-03-11,11.793307939774397,12.972638733751838,10.613977145796959
2019-03-12,18.05988199383023,19.865870193213254,16.253893794447208
2019-03-13,29.394863437134703,32.33434978084818,26.455377093421234
2019-03-14,15.209928047254728,16.7309208519802,13.688935242529256
2019-03-15,25.096137410121408,27.60575115113355,22.58652366910927
2019-03-18,27.761141315727404,30.537255447300147,24.985027184154664
2019-03-19,10.340512388577999,11.3745636274358,9.3064611497202
2019-03-20,19.344196280305653,21.27861590833622,17.409776652275088
2019-03-21,15.300968587813129,16.831065446594444,13.770871729031816
2019-03-22,15.570252726417817,17.1272779990596,14.013227453776036
2019-03-25,27.84405553175915,30.62846108493507,25.059649978583234
2019-03-26,12.475123753834836,13.722636129218321,11.227611378451353
2019-03-27,21.638868790015994,23.802755669017596,19.474981911014396
2019-03-28,23.115058982893178,25.426564881182497,20.80355308460386
2019-03-29,16.927935552293487,18.620729107522838,15.235141997064138
2019-04-01,22.925920138144065,25.218512151958475,20.63332812432966
2019-04-02,20.31663730549039,22.34830103603943,18.28497357494135
2019-04-03,21.805145043743856,23.985659548118242,19.62463053936947
2019-04-04,18.16283182482143,19.979115007303577,16.34654864233929
2019-04-05,14.441659580537745,15.885825538591522,12.99749362248397
2019-04-08,18.06859599945019,19.87545559939521,16.26173639950517
2019-04-09,25.087871264467147,27.596658390913863,22.579084138020434
2019-04-10,25.419292705958995,27.961221976554896,22.877363435363097
2019-04-11,22.313950229041286,24.545345251945417,20.082555206137158
2019-04-12,12.433499607699138,13.676849568469054,11.190149646929225
2019-04-15,21.86870093358002,24.055571026938022,19.681830840222016
2019-04-16,20.939390475116937,23.033329522628634,18.845451427605244
2019-04-17,17.335996097913235,19.06959570770456,15.602396488121911
2019-04-18,28.677650715542896,31.545415787097188,25.809885643988608
2019-04-19,14.925879404305896,16.418467344736488,13.433291463875307
2019-04-22,10.230613289007124,11.253674617907837,9.207551960106413
2019-04-23,11.50759313321002,12.658352446531024,10.356833819889019
2019-04-24,13.18459371889598,14.50305309078558,11.866134347006383
2019-04-25,29.658656672094896,32.62452233930439,26.692791004885407
2019-04-26,19.6758978972791,21.64348768700701,17.70830810755119
2019-04-29,14.77856541355141,16.256421954906553,13.30070887219627
2019-04-30,27.447719882418347,30.192491870660184,24.702947894176514
2019-05-01,28.289200630254683,31.118120693280154,25.460280567229216
2019-05-02,28.811133147675456,31.692246462443006,25.93001983290791
2019-05-03,26.799034012354706,29.47893741359018,24.119130611119235
2019-05-06,22.447493161647394,24.692242477812137,20.202743845482654
2019-05-07,26.204729659272274,28.825202625199505,23.584256693345047
2019-05-08,19.591812178582067,21.550993396440276,17.632630960723862
2019-05-09,19.433497179378197,21.376846897316018,17.490147461440376
2019-05-10,19.173632495302332,21.09099574483257,17.2562692457721
2019-05-13,14.886040254220719,16.37464427964279,13.397436228798647
2019-05-14,25.114278860674748,27.625706746742225,22.602850974607275
2019-05-15,27.82497010168125,30.607467111849378,25.042473091513124
2019-05-16,15.921678462897571,17.51384630918733,14.329510616607815
2019-05-17,22.633611690693023,24.89697285976233,20.37025052162372
2019-05-20,23.37540285539355,25.712943140932907,21.037862569854195
2019-05-21,11.683013888374848,12.851315277212334,10.514712499537364
2019-05-22,23.055041704820553,25.36054587530261,20.749537534338497
2019-05-23,15.722588339744302,17.294847173718733,14.150329505769871
2019-05-24,26.135832577695833,28.74941583546542,23.52224931992625
2019-05-27,12.87130226051036,14.158432486561397,11.584172034459325
2019-05-28,29.711562982888303,32.682719281177135,26.740406684599474
2019-05-29,28.456773555394236,31.30245091093366,25.611096199854813
2019-05-30,25.584263268700475,28.142689595570523,23.025836941830427
2019-05-31,24.20156077306482,26.621716850371303,21.78140469575834
2019-06-03,16.26856417495795,17.89542059245375,14.641707757462157
2019-06-04,29.43296136126435,32.37625749739079,26.489665225137916
2019-06-05,25.703777150656748,28.274154865722426,23.133399435591073
2019-06-06,26.270510441772032,28.897561485949236,23.643459397594828
2019-06-07,19.081032802707206,20.98913608297793,17.172929522436487
2019-06-10,16.170929902669478,17.78802289293643,14.55383691240253
2019-06-11,27.15252633392909,29.867778967322,24.43727370053618
2019-06-12,17.69357093869565,19.462928032565216,15.924213844826086
2019-06-13,21.577420310853213,23.735162341938537,19.419678279767894
2019-06-14,12.207567488261883,13.428324237088074,10.986810739435695
2019-06-17,14.180125422805869,15.598137965086456,12.762112880525283
2019-06-18,20.64985304892828,22.714838353821108,18.584867744035453
2019-06-19,27.536697452065688,30.29036719727226,24.78302770685912
2019-06-20,27.16965088477293,29.886615973250226,24.45268579629564
2019-06-21,13.87905269874814,15.266957968622956,12.491147428873326
2019-06-24,22.6325206337664,24.89577269714304,20.36926857038976
2019-06-25,12.20737476198903,13.428112238187934,10.986637285790128
2019-06-26,22.051956287598955,24.257151916358854,19.84676065883906
2019-06-27,20.425071724724575,22.467578897197033,18.382564552252116
2019-06-28,29.636706623347408,32.60037728568215,26.67303596101267
2019-07-01,24.445227107843934,26.889749818628328,22.00070439705954
2019-07-02,12.703452039703542,13.973797243673898,11.433106835733188
2019-07-03,19.74196025381352,21.716156279194873,17.767764228432167
2019-07-04,29.05051908256799,31.955570990824793,26.145467174311193
2019-07-05,15.078272987174287,16.586100285891717,13.570445688456859
2019-07-08,25.58252665171848,28.14077931689033,23.024273986546635
2019-07-09,15.296334649546306,16.825968114500938,13.766701184591676
2019-07-10,12.992155945228227,14.29137153975105,11.692940350705404
2019-07-11,14.595595700534309,16.05515527058774,13.136036130480878
2019-07-12,19.39800394471417,21.33780433918559,17.458203550242754
2019-07-15,16.640502108617383,18.30455231947912,14.976451897755645
2019-07-16,23.772342518969484,26.149576770866435,21.395108267072537
2019-07-17,20.090520623856904,22.099572686242595,18.081468561471215
2019-07-18,25.307750296314495,27.838525325945948,22.776975266683046
2019-07-19,18.11182149669159,19.92300364636075,16.300639347022432
2019-07-22,10.037578907058293,11.041336797764124,9.033821016352464
2019-07-23,25.90152635639938,28.49167899203932,23.31137372075944
2019-07-24,27.872927762290413,30.660220538519457,25.085634986061372
2019-07-25,23.24244694456544,25.566691639021986,20.918202250108898
2019-07-26,26.457292921606403,29.103022213767044,23.811563629445764
2019-07-29,25.64933259737462,28.214265857112085,23.08439933763716
2019-07-30,13.024271268950647,14.326698395845714,11.721844142055582
2019-07-31,24.493603726885908,26.9429640995745,22.044243354197317
2019-08-01,14.502825257614365,15.953107783375803,13.05254273185293
2019-08-02,15.98834711033457,17.587181821368027,14.389512399301113
2019-08-05,25.250663857976164,27.775730243773783,22.72559747217855
2019-08-06,16.449978673237162,18.09497654056088,14.804980805913447
2019-08-07,29.596915646613297,32.55660721127463,26.637224081951967
2019-08-08,15.880692529449881,17.46876178239487,14.292623276504893
2019-08-09,27.681000474673457,30.449100522140807,24.91290042720611
2019-08-12,25.075610617026403,27.583171678729045,22.568049555323764
2019-08-13,22.86654864916478,25.15320351408126,20.579893784248302
2019-08-14,13.416959016847755,14.758654918532532,12.075263115162981
2019-08-15,29.06797971357601,31.974777684933613,26.161181742218407
2019-08-16,18.572929948475966,20.430222943323564,16.71563695362837
2019-08-19,22.757939679223675,25.033733647146043,20.482145711301307
2019-08-20,18.34923816485592,20.18416198134151,16.514314348370327
2019-08-21,13.297339512379974,14.627073463617972,11.967605561141976
2019-08-22,25.84467835468398,28.429146190152377,23.26021051921558
2019-08-23,23.546076673336806,25.900684340670487,21.191469006003125
2019-08-26,16.47251471642481,18.119766188067295,14.825263244782331
2019-08-27,26.437033231423367,29.080736554565707,23.79332990828103
2019-08-28,25.492306107378866,28.041536718116756,22.94307549664098
2019-08-29,29.90937272189166,32.90030999408083,26.918435449702496
2019-08-30,14.776046177172821,16.253650794890106,13.29844155945554
2019-09-02,18.496680133458003,20.346348146803805,16.647012120112205
2019-09-03,21.29914446863512,23.429058915498633,19.169230021771607
2019-09-04,20.31452368890214,22.345976057792353,18.283071320011924
2019-09-05,22.492454639094582,24.741700103004042,20.243209175185125
2019-09-06,22.631915836914843,24.89510742060633,20.36872425322336
2019-09-09,29.421257133088254,32.36338284639708,26.479131419779428
2019-09-10,26.570749422395814,29.227824364635396,23.91367448015623
2019-09-11,13.703582785379158,15.073941063917076,12.333224506841242
2019-09-12,13.550611147715879,14.905672262487467,12.195550032944292
2019-09-13,18.60126161583698,20.46138777742068,16.741135454253282
2019-09-16,27.109802930692744,29.82078322376202,24.39882263762347
2019-09-17,17.669342793666925,19.43627707303362,15.902408514300232
2019-09-18,22.875345776724863,25.162880354397352,20.58781119905238
2019-09-19,12.031296352277295,13.234425987505025,10.828166717049566
2019-09-20,24.81783204948714,27.299615254435857,22.33604884453843
2019-09-23,23.125802333650398,25.43838256701544,20.81322210028536
2019-09-24,15.474572304331653,17.02202953476482,13.927115073898488
2019-09-25,10.262590657944326,11.28884972373876,9.236331592149893
2019-09-26,26.143569373343528,28.757926310677885,23.529212436009175
2019-09-27,23.139474362033745,25.453421798237123,20.82552692583037
2019-09-30,18.375277914666526,20.21280570613318,16.537750123199874
2019-10-01,15.578264829577737,17.136091312535513,14.020438346619963
2019-10-02,14.619383500280183,16.081321850308203,13.157445150252165
2019-10-03,11.036838192941582,12.140522012235742,9.933154373647424
2019-10-04,15.274289107886007,16.80171801867461,13.746860197097407
2019-10-07,15.20859819567043,16.729458015237473,13.687738376103386
2019-10-08,13.990004091856662,15.38900450104233,12.591003682670996
2019-10-09,18.883770927515513,20.772148020267068,16.995393834763963
2019-10-10,27.010371516463444,29.71140866810979,24.3093343648171
2019-10-11,19.054431568820725,20.9598747257028,17.148988411938653
2019-10-14,17.577500082711754,19.33525009098293,15.819750074440579
2019-10-15,16.62138961653142,18.283528578184566,14.959250654878279
2019-10-16,10.070944730854094,11.078039203939506,9.063850257768685
2019-10-17,26.20159872446602,28.821758596912623,23.581438852019417
2019-10-18,18.42419590558843,20.266615496147274,16.581776315029586
2019-10-21,15.171136754086028,16.688250429494634,13.654023078677426
2019-10-22,22.608238147736472,24.86906196251012,20.347414332962824
2019-10-23,20.77882368428153,22.856706052709686,18.700941315853377
2019-10-24,25.864129196469413,28.450542116116356,23.277716276822474
2019-10-25,29.020670426774757,31.922737469452237,26.11860338409728
2019-10-28,26.54511738067781,29.19962911874559,23.89060564261003
2019-10-29,11.990579683858602,13.189637652244464,10.791521715472742
2019-10-30,25.37050415344224,27.907554568786466,22.83345373809802
2019-10-31,24.462013409176492,26.908214750094142,22.015812068258843
2019-11-01,29.71707014194607,32.68877715614068,26.745363127751464
2019-11-04,24.80098152364289,27.28107967600718,22.3208833712786
2019-11-05,16.304523534451356,17.934975887896492,14.674071181006221
2019-11-06,21.185731946306916,23.30430514093761,19.067158751676224
2019-11-07,24.351302981124974,26.786433279237475,21.916172683012476
2019-11-08,28.36446264010011,31.200908904110126,25.5280163760901
2019-11-11,10.944709982480369,12.039180980728407,9.850238984232332
2019-11-12,22.0896870216856,24.29865572385416,19.88071831951704
2019-11-13,13.31810974383296,14.649920718216256,11.986298769449665
2019-11-14,11.653791947169,12.8191711418859,10.4884127524521
2019-11-15,28.407935312175827,31.248728843393412,25.567141780958245
2019-11-18,29.49906537782479,32.448971915607274,26.549158840042313
2019-11-19,13.627305150675236,14.990035665742761,12.264574635607712
2019-11-20,22.176603949972712,24.394264344969987,19.95894355497544
2019-11-21,22.407515656704398,24.64826722237484,20.166764091033958
2019-11-22,15.42202348881,16.964225837691,13.879821139929
2019-11-25,13.504899288917319,14.855389217809051,12.154409360025587
2019-11-26,23.85383044802004,26.239213492822046,21.468447403218036
2019-11-27,19.562379509324828,21.51861746025731,17.606141558392345
2019-11-28,21.629519241928065,23.792471166120873,19.466567317735258
2019-11-29,11.945738385639316,13.14031222420325,10.751164547075385
2019-12-02,14.310727966239153,15.74180076286307,12.879655169615237
2019-12-03,22.704807911926608,24.975288703119272,20.434327120733947
2019-12-04,13.278164710203171,14.60598118122349,11.950348239182855
2019-12-05,12.988549055170207,14.287403960687229,11.689694149653187
2019-12-06,10.529738152173312,11.582711967390644,9.47676433695598
2019-12-09,22.522497134691662,24.77474684816083,20.270247421222496
2019-12-10,20.82742774541665,22.910170519958317,18.744684970874985
2019-12-11,22.147760441494984,24.362536485644483,19.932984397345486
2019-12-12,28.670982038260554,31.53808024208661,25.8038838344345
2019-12-13,24.935948648933806,27.429543513827188,22.442353784040424
2019-12-16,26.27004530961211,28.897049840573324,23.6430407786509
2019-12-17,18.432074197423933,20.27528161716633,16.58886677768154
2019-12-18,29.909158137019748,32.900073950721726,26.918242323317774
2019-12-19,13.363721400209814,14.700093540230796,12.027349260188833
2019-12-20,17.78117527612506,19.55929280373757,16.003057748512557
2019-12-23,13.224090399258452,14.546499439184299,11.901681359332608
2019-12-24,16.055775448456927,17.66135299330262,14.450197903611235
2019-12-25,16.167123018602,17.7838353204622,14.5504107167418
2019-12-26,18.10877205046785,19.919649255514635,16.297894845421066
2019-12-27,23.93574254834617,26.329316803180788,21.542168293511555
2019-12-30,29.721144893879384,32.693259383267325,26.749030404491446
2019-12-31,18.37882959715611,20.216712556871723,16.5409466374405
2020-01-01,17.224730041325905,18.947203045458497,15.502257037193315
2020-01-02,28.900126922435458,31.790139614679006,26.010114230191913
2020-01-03,12.07426598749823,13.281692586248054,10.866839388748406
2020-01-06,22.133038611075996,24.346342472183597,19.9197347499684
2020-01-07,14.935355328184379,16.428890861002817,13.44181979536594
2020-01-08,16.423152834057788,18.065468117463567,14.78083755065201
2020-01-09,12.113954989023966,13.325350487926364,10.90255949012157
2020-01-10,29.35127405731904,32.28640146305094,26.416146651587134
2020-01-13,13.938534798839171,15.332388278723089,12.544681318955254
2020-01-14,28.71613486339158,31.58774834973074,25.844521377052423
2020-01-15,12.258731713894257,13.484604885283684,11.032858542504831
2020-01-16,19.16428796681123,21.080716763492354,17.24785917013011
2020-01-17,23.772247460890696,26.14947220697977,21.395022714801627
2020-01-20,18.51447952144255,20.365927473586805,16.663031569298294
2020-01-21,11.01435860287234,12.115794463159576,9.912922742585106
2020-01-22,28.638419450732382,31.502261395805622,25.774577505659146
2020-01-23,20.71755251065264,22.789307761717907,18.64579725958738
2020-01-24,24.218584544523985,26.640442998976386,21.796726090071587
2020-01-27,29.29473294972024,32.22420624469226,26.365259654748215
2020-01-28,15.409975890620162,16.95097347968218,13.868978301558146
2020-01-29,20.40331387452013,22.443645261972144,18.362982487068116
2020-01-30,14.091378009448475,15.500515810393324,12.682240208503627
2020-01-31,24.103509244566045,26.513860169022653,21.69315832010944
2020-02-03,19.796492035895028,21.77614123948453,17.816842832305525
2020-02-04,12.202839701746832,13.423123671921516,10.98255573157215
2020-02-05,12.53629554690999,13.789925101600991,11.282665992218991
2020-02-06,15.50284970308153,17.053134673389685,13.952564732773377
2020-02-07,17.16658605516711,18.883244660683822,15.449927449650398
2020-02-10,12.364678860875136,13.601146746962652,11.128210974787622
2020-02-11,25.562041315036197,28.11824544653982,23.005837183532577
2020-02-12,23.625327793980436,25.98786057337848,21.26279501458239
2020-02-13,24.77632079484065,27.253952874324717,22.298688715356587
2020-02-14,29.185586028928434,32.10414463182128,26.26702742603559
2020-02-17,23.078708523250185,25.386579375575206,20.770837670925168
2020-02-18,22.86148952944598,25.14763848239058,20.575340576501382
2020-02-19,18.00896275907653,19.809859034984186,16.208066483168878
2020-02-20,28.3328896992947,31.166178669224173,25.49960072936523
2020-02-21,16.648857258936033,18.313742984829638,14.98397153304243
2020-02-24,26.332566989616172,28.965823688577792,23.699310290654555
2020-02-25,10.414092562679516,11.455501818947468,9.372683306411565
2020-02-26,29.013600904415824,31.91496099485741,26.112240813974243
2020-02-27,17.493676208700073,19.24304382957008,15.744308587830066
2020-02-28,23.794554725042104,26.174010197546316,21.415099252537896
2020-03-02,11.102947162874408,12.21324187916185,9.992652446586968
2020-03-03,10.696387091730646,11.766025800903712,9.626748382557581
2020-03-04,21.081892680230148,23.190081948253166,18.973703412207133
2020-03-05,13.173484344730596,14.490832779203657,11.856135910257537
2020-03-06,24.51954428300231,26.971498711302544,22.06758985470208
2020-03-09,11.30567979440663,12.436247773847295,10.175111814965968
2020-03-10,17.256947584615947,18.982642343077544,15.531252826154352
2020-03-11,11.067416064780556,12.174157671258612,9.9606744583025
2020-03-12,13.60171873200213,14.961890605202344,12.241546858801918
2020-03-13,12.239574063008401,13.463531469309242,11.01561665670756
2020-03-16,27.606581572000938,30.367239729201035,24.845923414800843
2020-03-17,28.23618947979153,31.059808427770687,25.412570531812378
2020-03-18,14.064572915253544,15.4710302067789,12.65811562372819
2020-03-19,13.81650116494887,15.198151281443758,12.434851048453982
2020-03-20,24.466234392512106,26.91285783176332,22.019610953260898
2020-03-23,13.153454377197935,14.46879981491773,11.838108939478142
2020-03-24,23.90751078733267,26.29826186606594,21.516759708599402
2020-03-25,12.46179059931265,13.707969659243917,11.215611539381385
2020-03-26,29.825582275103674,32.808140502614044,26.843024047593307
2020-03-27,28.31591366740455,31.14750503414501,25.484322300664097
2020-03-30,27.479336374936278,30.22727001242991,24.73140273744265
2020-03-31,17.464749249692076,19.211224174661286,15.718274324722868
2020-04-01,21.28431436039819,23.412745796438013,19.155882924358373
2020-04-02,27.678823400312726,30.446705740344,24.910941060281456
2020-04-03,26.18891794434485,28.807809738779337,23.570026149910365
2020-04-06,16.46864589787543,18.115510487662974,14.821781308087887
2020-04-07,11.607752161483486,12.768527377631836,10.446976945335138
2020-04-08,28.848783233363452,31.7336615566998,25.963904910027107
2020-04-09,10.751015951120435,11.82611754623248,9.675914356008391
2020-04-10,12.012574129687653,13.21383154265642,10.811316716718888
2020-04-13,23.938802553443775,26.332682808788153,21.544922298099397
2020-04-14,26.917107435635874,29.608818179199464,24.225396692072287
2020-04-15,14.882973303351077,16.371270633686187,13.39467597301597
2020-04-16,28.377690170665332,31.215459187731867,25.5399211535988
2020-04-17,19.656499750498853,21.622149725548738,17.690849775448967
2020-04-20,11.922240716766936,13.11446478844363,10.730016645090243
2020-04-21,21.136549346251652,23.25020428087682,19.02289441162649
2020-04-22,26.859301071362996,29.545231178499296,24.173370964226695
2020-04-23,28.109364088178385,30.920300496996227,25.298427679360547
2020-04-24,28.1286525499783,30.94151780497613,25.31578729498047
2020-04-27,14.785416784370081,16.26395846280709,13.306875105933074
2020-04-28,18.27889735845099,20.10678709429609,16.451007622605893
2020-04-29,13.744707627201285,15.119178389921414,12.370236864481157
2020-04-30,12.541646184599468,13.795810803059416,11.287481566139522
2020-05-01,14.274273831805642,15.701701214986208,12.846846448625078
2020-05-04,26.232702801404393,28.855973081544835,23.609432521263955
2020-05-05,14.262060084519643,15.688266092971608,12.83585407606768
2020-05-06,26.03744133647567,28.64118547012324,23.433697202828103
2020-05-07,29.432469668358205,32.37571663519403,26.489222701522387
2020-05-08,12.093130588629414,13.302443647492357,10.883817529766473
2020-05-11,16.378214444405558,18.016035888846115,14.740392999965001
2020-05-12,21.719991479042584,23.891990626946843,19.547992331138325
2020-05-13,28.703597807876623,31.57395758866429,25.83323802708896
2020-05-14,11.640516997757926,12.80456869753372,10.476465297982134
2020-05-15,17.346700980803277,19.081371078883606,15.61203088272295
2020-05-18,13.288181789008444,14.61699996790929,11.9593636101076
2020-05-19,27.823038862015878,30.605342748217467,25.040734975814292
2020-05-20,11.608712067065131,12.769583273771644,10.447840860358617
2020-05-21,15.658341738048486,17.224175911853337,14.092507564243638
2020-05-22,23.04632668056196,25.350959348618158,20.741694012505764
2020-05-25,26.45826319327982,29.104089512607803,23.81243687395184
2020-05-26,28.42230937569798,31.264540313267783,25.580078438128183
2020-05-27,27.352191911514037,30.087411102665442,24.616972720362632
2020-05-28,10.201043385480128,11.221147724028143,9.180939046932115
2020-05-29,17.507376528358947,19.25811418119484,15.756638875523052
2020-06-01,11.023574758852776,12.125932234738055,9.921217282967499
2020-06-02,29.077664106446218,31.98543051709084,26.169897695801595
2020-06-03,13.194825002472077,14.514307502719287,11.87534250222487
2020-06-04,24.913317804154183,27.404649584569604,22.421986023738764
2020-06-05,20.416813059913256,22.458494365904585,18.37513175392193
2020-06-08,20.13885529484262,22.152740824326884,18.124969765358358
2020-06-09,19.86661924897863,21.853281173876493,17.879957324080767
2020-06-10,29.902104161222464,32.89231457734471,26.91189374510022
2020-06-11,22.79859688726711,25.078456575993822,20.5187371985404
2020-06-12,17.092770854241053,18.802047939665158,15.383493768816948
2020-06-15,29.4018016373245,32.34198180105695,26.46162147359205
2020-06-16,10.161855606385942,11.178041167024537,9.145670045747348
2020-06-17,16.630323484987166,18.293355833485883,14.96729113648845
2020-06-18,17.829303998693018,19.61223439856232,16.046373598823717
2020-06-19,18.35732157288175,20.19305373016993,16.521589415593578
2020-06-22,18.777167800359212,20.654884580395134,16.89945102032329
2020-06-23,12.38033463053808,13.618368093591888,11.142301167484272
2020-06-24,19.23782202001314,21.161604222014457,17.31403981801183
2020-06-25,24.334408448961586,26.767849293857747,21.90096760406543
2020-06-26,21.474193551056757,23.621612906162436,19.32677419595108
2020-06-29,20.51730831501591,22.569039146517504,18.46557748351432
2020-06-30,13.214435807079832,14.535879387787817,11.892992226371849
2020-07-01,18.69552054605863,20.565072600664497,16.82596849145277
2020-07-02,11.699512077271716,12.86946328499889,10.529560869544545
2020-07-03,21.646257453296798,23.81088319862648,19.481631707967118
2020-07-06,20.165516698355287,22.182068368190816,18.148965028519758
2020-07-07,21.938843803808233,24.13272818418906,19.74495942342741
2020-07-08,20.632847103251173,22.696131813576294,18.569562392926056
2020-07-09,12.00152960040832,13.201682560449154,10.801376640367488
2020-07-10,18.34304149148999,20.177345640638993,16.508737342340993
2020-07-13,13.171432597209057,14.488575856929964,11.85428933748815
2020-07-14,18.644289492833558,20.508718442116916,16.779860543550203
2020-07-15,24.664313513651273,27.130744865016403,22.197882162286145
2020-07-16,22.413954528642023,24.655349981506227,20.172559075777823
2020-07-17,22.450759696010792,24.695835665611874,20.205683726409713
2020-07-20,28.380054637473478,31.21806010122083,25.54204917372613
2020-07-21,28.125094977777582,30.937604475555343,25.312585479999825
2020-07-22,21.718557230747813,23.890412953822597,19.54670150767303
2020-07-23,16.299942065314852,17.929936271846337,14.669947858783367
2020-07-24,11.449355854610541,12.594291440071597,10.304420269149487
2020-07-27,26.159633422279633,28.775596764507597,23.54367008005167
2020-07-28,13.07007438833082,14.377081827163902,11.763066949497738
2020-07-29,12.19548331452681,13.415031645979491,10.97593498307413
2020-07-30,29.51618212691922,32.467800339611145,26.564563914227296
2020-07-31,14.967504086922638,16.464254495614902,13.470753678230375
2020-08-03,17.75698157175837,19.53267972893421,15.981283414582533
2020-08-04,18.39555041229807,20.23510545352788,16.555995371068263
2020-08-05,28.574243927497115,31.43166832024683,25.716819534747405
2020-08-06,29.075607159026493,31.983167874929144,26.168046443123846
2020-08-07,13.829670027124244,15.212637029836669,12.44670302441182
2020-08-10,25.793409797561853,28.372750777318043,23.214068817805668
2020-08-11,14.685858965436548,16.154444861980203,13.217273068892894
2020-08-12,25.894491395797907,28.483940535377698,23.305042256218115
2020-08-13,18.048342186353146,19.853176404988464,16.243507967717832
2020-08-14,15.819991857764597,17.40199104354106,14.237992671988138
2020-08-17,26.833718023168927,29.517089825485822,24.150346220852036
2020-08-18,13.759314986631285,15.135246485294415,12.383383487968157
2020-08-19,10.167513228943136,11.184264551837451,9.150761906048823
2020-08-20,27.902474312889662,30.69272174417863,25.112226881600698
2020-08-21,20.12405817587328,22.13646399346061,18.11165235828595
2020-08-24,22.1548688211643,24.370355703280733,19.93938193904787
2020-08-25,20.79836360371079,22.878199964081873,18.71852724333971
2020-08-26,28.73509112690798,31.608600239598783,25.861582014217184
2020-08-27,13.80895859429501,15.189854453724513,12.42806273486551
2020-08-28,19.291586952878056,21.220745648165863,17.362428257590253
2020-08-31,15.803230329010606,17.38355336191167,14.222907296109547
2020-09-01,12.504170770606883,13.754587847667572,11.253753693546196
2020-09-02,22.596354060105284,24.855989466115815,20.336718654094756
2020-09-03,17.30884369006817,19.03972805907499,15.577959321061353
2020-09-04,14.868863253715203,16.355749579086723,13.381976928343683
2020-09-07,22.40698415611888,24.647682571730773,20.166285740506993
2020-09-08,21.166267473748228,23.28289422112305,19.049640726373404
2020-09-09,25.354646069244936,27.89011067616943,22.819181462320444
2020-09-10,10.564281345273743,11.620709479801118,9.507853210746369
2020-09-11,17.222003053324144,18.94420335865656,15.49980274799173
2020-09-14,20.748208495968978,22.823029345565878,18.67338764637208
2020-09-15,26.10780068165439,28.71858074981983,23.49702061348895
2020-09-16,11.337675149666087,12.471442664632697,10.203907634699478
2020-09-17,26.567352340943412,29.224087575037757,23.91061710684907
2020-09-18,16.522614503733095,18.174875954106405,14.870353053359786
2020-09-21,28.274100138218078,31.10151015203989,25.44669012439627
2020-09-22,13.238522829523012,14.562375112475314,11.914670546570711
2020-09-23,27.823575508511937,30.60593305936313,25.041217957660745
2020-09-24,13.08151492396191,14.389666416358102,11.77336343156572
2020-09-25,13.966164515682692,15.362780967250963,12.569548064114423
2020-09-28,12.477869467691303,13.725656414460435,11.230082520922172
2020-09-29,17.666051882645274,19.4326570709098,15.899446694380746
2020-09-30,26.487707421618886,29.136478163780776,23.838936679457
2020-10-01,11.960056685009805,13.156062353510787,10.764051016508825
2020-10-02,28.986420611266325,31.885062672392962,26.087778550139692
2020-10-05,24.700697555023634,27.170767310526,22.230627799521272
2020-10-06,27.865742317601377,30.65231654936152,25.07916808584124
2020-10-07,28.92810712049281,31.820917832542094,26.035296408443532
2020-10-08,27.6295259827586,30.392478581034464,24.86657338448274
2020-10-09,26.272183694820235,28.89940206430226,23.644965325338212
2020-10-12,27.143991593051954,29.858390752357153,24.42959243374676
2020-10-13,13.703874176935386,15.074261594628926,12.333486759241849
2020-10-14,24.679574744462798,27.14753221890908,22.211617270016518
2020-10-15,23.647924196117728,26.012716615729502,21.283131776505957
2020-10-16,10.291676283633864,11.320843911997251,9.262508655270478
2020-10-19,19.935919854737225,21.92951184021095,17.942327869263504
2020-10-20,12.949260752821715,14.244186828103887,11.654334677539543
2020-10-21,23.533788578122035,25.88716743593424,21.180409720309832
2020-10-22,28.8387136599002,31.722585025890222,25.954842293910183
2020-10-23,25.565875726843103,28.122463299527414,23.009288154158792
2020-10-26,17.447619590995874,19.19238155009546,15.702857631896286
2020-10-27,14.159222431429967,15.575144674572964,12.743300188286971
2020-10-28,19.486216666234025,21.434838332857428,17.537594999610622
2020-10-29,29.35943558411023,32.295379142521256,26.423492025699208
2020-10-30,21.04535622103493,23.149891843138423,18.940820598931438
2020-11-02,13.306506273463942,14.637156900810337,11.975855646117548
2020-11-03,22.874894104832734,25.16238351531601,20.587404694349463
2020-11-04,20.612578457721,22.6738363034931,18.5513206119489
2020-11-05,18.326664940261423,20.159331434287566,16.49399844623528
2020-11-06,26.469612916363438,29.116574207999783,23.822651624727094
2020-11-09,14.640874053587059,16.104961458945766,13.176786648228353
2020-11-10,12.270949095857254,13.498044005442981,11.04385418627153
2020-11-11,14.696686764277711,16.166355440705484,13.22701808784994
2020-11-12,27.10882169253027,29.8197038617833,24.397939523277245
2020-11-13,10.405522876433116,11.446075164076428,9.364970588789804
2020-11-16,26.072437928606323,28.67968172146696,23.46519413574569
2020-11-17,22.836147545712716,25.11976230028399,20.552532791141445
2020-11-18,18.061106599983844,19.86721725998223,16.25499593998546
2020-11-19,19.780036909491056,21.758040600440165,17.80203321854195
2020-11-20,24.231968940981968,26.65516583508017,21.80877204688377
2020-11-23,22.504094160318502,24.754503576350356,20.25368474428665
2020-11-24,23.843783527808142,26.22816188058896,21.459405175027328
2020-11-25,17.25197658678033,18.977174245458365,15.526778928102297
2020-11-26,20.38812720826094,22.426939929087037,18.349314487434846
2020-11-27,21.171467056981314,23.288613762679446,19.054320351283184
2020-11-30,16.66421752131617,18.33063927344779,14.997795769184554
2020-12-01,15.209366086360067,16.730302694996073,13.68842947772406
2020-12-02,17.742897753473127,19.51718752882044,15.968607978125814
2020-12-03,28.958555355544753,31.85441089109923,26.06269981999028
2020-12-04,29.55718346573706,32.51290181231077,26.601465119163358
2020-12-07,29.464937251980828,32.41143097717892,26.518443526782747
2020-12-08,19.22797127772307,21.15076840549538,17.305174149950766
2020-12-09,13.325220677111563,14.65774274482272,11.992698609400406
2020-12-10,15.934864601575303,17.528351061732835,14.341378141417772
2020-12-11,19.8014542506378,21.78159967570158,17.82130882557402
2020-12-14,13.551366392693529,14.906503031962883,12.196229753424177
2020-12-15,22.6403273557397,24.904360091313674,20.37629462016573
2020-12-16,13.39831459663489,14.73814605629838,12.058483136971402
2020-12-17,23.929900033138754,26.32289003645263,21.536910029824877
2020-12-18,25.777668541243372,28.35543539536771,23.199901687119034
2020-12-21,21.908323241656376,24.099155565822016,19.71749091749074
2020-12-22,27.79527084539838,30.57479792993822,25.015743760858545
2020-12-23,28.292221596207796,31.12144375582858,25.462999436587015
2020-12-24,17.769630027034456,19.546593029737902,15.992667024331011
2020-12-25,21.251169210649316,23.37628613171425,19.126052289584386
2020-12-28,20.744540841583508,22.818994925741862,18.670086757425157
2020-12-29,25.386102417263388,27.92471265898973,22.84749217553705
2020-12-30,25.280780113777517,27.808858125155272,22.752702102399766
2020-12-31,19.797825709715084,21.777608280686593,17.818043138743576
2021-01-01,24.86053506713024,27.346588573843267,22.374481560417216
2021-01-04,26.09421706018451,28.70363876620296,23.484795354166057
2021-01-05,21.112739385294276,23.224013323823705,19.00146544676485
2021-01-06,26.378859398263632,29.016745338089997,23.74097345843727
2021-01-07,14.463452922976057,15.909798215273664,13.017107630678451
2021-01-08,17.345952581622008,19.08054783978421,15.611357323459808
2021-01-11,16.21353111115611,17.834884222271725,14.592178000040501
2021-01-12,13.548817831744858,14.903699614919345,12.193936048570372
2021-01-13,27.8430404704774,30.627344517525145,25.05873642342966
2021-01-14,27.99280757134982,30.792088328484805,25.19352681421484
2021-01-15,12.852684024598396,14.137952427058236,11.567415622138556
2021-01-18,17.573426311785088,19.330768942963598,15.81608368060658
2021-01-19,20.168600073888058,22.185460081276865,18.151740066499254
2021-01-20,16.20939156573867,17.83033072231254,14.588452409164804
2021-01-21,21.793625886961962,23.97298847565816,19.614263298265765
2021-01-22,15.548291988972991,17.103121187870293,13.993462790075693
2021-01-25,24.5080851324128,26.95889364565408,22.057276619171517
2021-01-26,24.604076084613634,27.064483693075,22.14366847615227
2021-01-27,22.97828802267938,25.27611682494732,20.680459220411443
2021-01-28,21.226599654422515,23.349259619864768,19.103939688980265
2021-01-29,24.794449568428682,27.27389452527155,22.315004611585813
2021-02-01,12.161826300273686,13.378008930301057,10.945643670246318
2021-02-02,20.39034107039266,22.42937517743193,18.351306963353395
2021-02-03,13.1712822468264,14.488410471509042,11.854154022143762
2021-02-04,23.6301720327817,25.993189236059873,21.267154829503532
2021-02-05,20.3466762365989,22.38134386025879,18.31200861293901
2021-02-08,16.727388553452176,18.400127408797395,15.054649698106958
2021-02-09,21.14783302524005,23.262616327764057,19.033049722716047
2021-02-10,19.97287048114074,21.970157529254813,17.975583433026664
2021-02-11,10.105726725688202,11.116299398257024,9.095154053119382
2021-02-12,13.184899347831054,14.503389282614162,11.866409413047949
2021-02-15,27.097825095014997,29.807607604516498,24.3880425855135
2021-02-16,27.73495584513427,30.5084514296477,24.961460260620843
2021-02-17,21.15013029159284,23.265143320752127,19.03511726243356
2021-02-18,18.013828183901197,19.815211002291317,16.212445365511076
2021-02-19,11.968162700702385,13.164978970772625,10.771346430632146
2021-02-22,17.08323486210577,18.791558348316347,15.374911375895193
2021-02-23,12.121445134981174,13.333589648479293,10.909300621483057
2021-02-24,24.812237130307405,27.29346084333815,22.331013417276665
2021-02-25,20.042742209021103,22.047016429923215,18.03846798811899
2021-02-26,10.395909909916302,11.435500900907932,9.356318918924671
2021-03-01,28.168565261289505,30.985421787418456,25.351708735160553
2021-03-02,18.159693595927596,19.975662955520356,16.343724236334836
2021-03-03,11.593014944988147,12.752316439486963,10.433713450489332
2021-03-04,13.335967839723912,14.669564623696305,12.00237105575152
2021-03-05,26.706377260017458,29.377014986019205,24.03573953401571
2021-03-08,25.16600889006811,27.682609779074923,22.6494080010613
2021-03-09,21.557027585641947,23.712730344206143,19.401324827077755
2021-03-10,20.631552690738086,22.694707959811897,18.56839742166428
2021-03-11,11.62035015980894,12.782385175789834,10.458315143828045
2021-03-12,24.605522843257972,27.066075127583773,22.144970558932176
2021-03-15,14.281394403701206,15.709533844071329,12.853254963331086
2021-03-16,16.341528989161468,17.975681888077617,14.70737609024532
2021-03-17,25.96885997987585,28.56574597786344,23.371973981888267
2021-03-18,22.321433663499914,24.553577029849908,20.089290297149923
2021-03-19,12.233536467618348,13.456890114380185,11.010182820856514
2021-03-22,20.926630797824,23.0192938776064,18.8339677180416
2021-03-23,20.717230301821736,22.788953332003913,18.645507271639563
2021-03-24,13.38478423488008,14.723262658368089,12.046305811392072
2021-03-25,14.247352860853459,15.672088146938806,12.822617574768113
2021-03-26,17.382817841260007,19.12109962538601,15.644536057134006
2021-03-29,25.65096331747339,28.216059649220732,23.085866985726053
2021-03-30,19.51688589429228,21.468574483721508,17.56519730486305
2021-03-31,16.46061090278791,18.1066719930667,14.814549812509119
2021-04-01,12.86234785871454,14.148582644585995,11.576113072843086
2021-04-02,26.320550633721965,28.952605697094164,23.68849557034977
2021-04-05,24.957040349258715,27.45274438418459,22.461336314332844
2021-04-06,25.235529228935473,27.759082151829023,22.711976306041926
2021-04-07,11.611604475387313,12.772764922926045,10.450444027848583
2021-04-08,29.768786346780047,32.745664981458056,26.79190771210204
2021-04-09,23.281609812783252,25.60977079406158,20.95344883150493
2021-04-12,21.119086153401888,23.23099476874208,19.0071775380617
2021-04-13,24.340380463778935,26.77441851015683,21.906342417401042
2021-04-14,12.167554471185639,13.384309918304204,10.950799024067075
2021-04-15,15.942079128768736,17.53628704164561,14.347871215891862
2021-04-16,14.152456885938296,15.567702574532127,12.737211197344466
2021-04-19,14.168461287432324,15.585307416175558,12.751615158689091
2021-04-20,14.285395030474625,15.713934533522089,12.856855527427163
2021-04-21,24.040601265108638,26.444661391619505,21.636541138597774
2021-04-22,15.282706024810299,16.81097662729133,13.75443542232927
2021-04-23,23.11824866823745,25.430073535061197,20.806423801413704
2021-04-26,20.370265743655583,22.407292318021142,18.333239169290025
2021-04-27,28.241716792588726,31.0658884718476,25.417545113329854
2021-04-28,25.972171409521557,28.569388550473715,23.374954268569404
2021-04-29,13.056624619296251,14.362287081225878,11.750962157366626
2021-04-30,25.19931297949819,27.71924427744801,22.67938168154837
2021-05-03,17.731018297099098,19.50412012680901,15.957916467389188
2021-05-04,21.406224356359573,23.54684679199553,19.265601920723615
2021-05-05,20.163004634085496,22.179305097494048,18.146704170676948
2021-05-06,24.92446680187251,27.416913482059762,22.43202012168526
2021-05-07,15.852479742594966,17.437727716854464,14.267231768335469
2021-05-10,15.016861042910207,16.51854714720123,13.515174938619188
2021-05-11,14.716953833593934,16.18864921695333,13.245258450234541
2021-05-12,15.878955578944943,17.466851136839438,14.291060021050448
2021-05-13,19.60733343924575,21.568066783170327,17.646600095321176
2021-05-14,29.12885736950607,32.04174310645668,26.215971632555462
2021-05-17,17.97783263492663,19.775615898419296,16.18004937143397
2021-05-18,10.982744050754915,12.081018455830408,9.884469645679424
2021-05-19,29.422989930530974,32.365288923584075,26.480690937477878
2021-05-20,17.34546454173651,19.080010995910165,15.61091808756286
2021-05-21,18.70454868973033,20.575003558703365,16.8340938207573
2021-05-24,29.815044154471487,32.796548569918635,26.83353973902434
2021-05-25,22.591207105107145,24.850327815617863,20.33208639459643
2021-05-26,24.206351482576643,26.62698663083431,21.78571633431898
2021-05-27,28.81683545868131,31.698519004549446,25.93515191281318
2021-05-28,14.922723782245026,16.414996160469528,13.430451404020523
2021-05-31,23.640223376404194,26.004245714044615,21.276201038763777
2021-06-01,10.467268115486512,11.513994927035164,9.420541303937862
2021-06-02,17.226749333543395,18.949424266897736,15.504074400189056
2021-06-03,28.742914665713766,31.617206132285144,25.86862319914239
2021-06-04,25.567437682566272,28.124181450822903,23.010693914309645
2021-06-07,23.019493782663893,25.321443160930286,20.717544404397504
2021-06-08,23.125241292507827,25.437765421758613,20.812717163257044
2021-06-09,14.40975081640792,15.850725898048713,12.968775734767128
2021-06-10,18.66245115135939,20.52869626649533,16.796206036223452
2021-06-11,29.14828619741296,32.06311481715426,26.233457577671665
2021-06-14,28.41098089098202,31.252078980080224,25.569882801883818
2021-06-15,17.99121579092684,19.790337370019525,16.192094211834156
2021-06-16,20.757169997991088,22.832886997790197,18.68145299819198
2021-06-17,21.834344751144044,24.01777922625845,19.65091027602964
2021-06-18,21.499490029034778,23.649439031938257,19.349541026131302
2021-06-21,25.47995145351888,28.02794659887077,22.931956308166992
2021-06-22,19.890273641885933,21.879301006074527,17.90124627769734
2021-06-23,27.26929287218724,29.996222159405967,24.542363584968516
2021-06-24,15.411143141683363,16.9522574558517,13.870028827515027
2021-06-25,18.64733619859162,20.512069818450783,16.782602578732458
2021-06-28,22.52295651590372,24.77525216749409,20.270660864313346
2021-06-29,10.523780060222522,11.576158066244776,9.47140205420027
2021-06-30,18.7206871224749,20.59275583472239,16.84861841022741
2021-07-01,12.349710511613878,13.584681562775268,11.11473946045249
2021-07-02,28.509600638481317,31.36056070232945,25.658640574633186
2021-07-05,16.051886716220665,17.65707538784273,14.446698044598598
2021-07-06,11.90408197339972,13.094490170739693,10.713673776059748
2021-07-07,15.689886854777928,17.258875540255723,14.120898169300135
2021-07-08,26.72041623011372,29.392457853125094,24.04837460710235
2021-07-09,16.753773368833905,18.429150705717298,15.078396031950515
2021-07-12,21.89077779382596,24.079855573208558,19.701700014443364
2021-07-13,16.179365366252846,17.797301902878132,14.56142882962756
2021-07-14,22.074912739917494,24.282404013909247,19.867421465925744
2021-07-15,24.776814733199274,27.254496206519203,22.299133259879348
2021-07-16,29.167942115830733,32.08473632741381,26.25114790424766
2021-07-19,29.03726938677432,31.940996325451753,26.13354244809689
2021-07-20,27.057168607304234,29.76288546803466,24.35145174657381
2021-07-21,16.342249056696033,17.976473962365638,14.70802415102643
2021-07-22,22.99127631426294,25.290403945689235,20.692148682836645
2021-07-23,20.120819249006807,22.13290117390749,18.108737324106126
2021-07-26,21.794010889938395,23.973411978932237,19.614609800944557
2021-07-27,19.525526618620457,21.478079280482504,17.57297395675841
2021-07-28,19.138630578769472,21.05249363664642,17.224767520892527
2021-07-29,16.2649981346658,17.89149794813238,14.638498321199219
2021-07-30,16.169415509690694,17.786357060659764,14.552473958721626
2021-08-02,23.40085181671193,25.740936998383127,21.06076663504074
2021-08-03,21.40337518347353,23.543712701820883,19.263037665126177
2021-08-04,25.273233226327783,27.800556548960564,22.745909903695004
2021-08-05,13.962357529228484,15.358593282151334,12.566121776305636
2021-08-06,26.388695239543953,29.02756476349835,23.74982571558956
2021-08-09,11.748923795258776,12.923816174784655,10.574031415732899
2021-08-10,12.272351283918766,13.499586412310643,11.04511615552689
2021-08-11,27.72781236293254,30.500593599225795,24.955031126639287
2021-08-12,28.874475735797322,31.761923309377057,25.98702816221759
2021-08-13,19.823691776341494,21.806060953975646,17.841322598707347
2021-08-16,24.900132852417016,27.39014613765872,22.410119567175315
2021-08-17,25.8537205594097,28.439092615350674,23.268348503468733
2021-08-18,16.876463186796613,18.564109505476274,15.188816868116952
2021-08-19,22.38518940235032,24.623708342585356,20.14667046211529
2021-08-20,10.315436384111493,11.346980022522644,9.283892745700344
2021-08-23,21.58619921004538,23.74481913104992,19.427579289040843
2021-08-24,16.451034130900748,18.096137543990825,14.805930717810673
2021-08-25,26.656332860436798,29.32196614648048,23.99069957439312
2021-08-26,28.396651359489443,31.23631649543839,25.5569862235405
2021-08-27,27.141567899625997,29.855724689588598,24.4274111096634
2021-08-30,26.69072413459251,29.359796548051765,24.02165172113326
2021-08-31,12.309518628157441,13.540470490973187,11.078566765341698
2021-09-01,16.222948767533126,17.84524364428644,14.600653890779814
2021-09-02,15.287146122917129,16.815860735208844,13.758431510625416
2021-09-03,19.722481041777638,21.694729145955403,17.750232937599876
2021-09-06,10.560135877604154,11.61614946536457,9.504122289843739
2021-09-07,17.301491116795614,19.031640228475176,15.571342005116053
2021-09-08,22.308792278585013,24.539671506443515,20.07791305072651
2021-09-09,26.737938387644824,29.41173222640931,24.064144548880343
2021-09-10,21.630797209384667,23.793876930323137,19.4677174884462
2021-09-13,14.051830548758907,15.457013603634799,12.646647493883018
2021-09-14,11.328992009179714,12.461891210097686,10.196092808261744
2021-09-15,19.699549481287114,21.669504429415827,17.729594533158405
2021-09-16,28.702587947099993,31.572846741809993,25.832329152389995
2021-09-17,16.548311881269505,18.203143069396457,14.893480693142555
2021-09-20,11.154590691718605,12.270049760890466,10.039131622546744
2021-09-21,28.943464848600968,31.83781133346107,26.04911836374087
2021-09-22,23.00773773579991,25.308511509379905,20.70696396221992
2021-09-23,22.205505182550073,24.426055700805083,19.984954664295067
2021-09-24,18.717546884830966,20.589301573314064,16.84579219634787
2021-09-27,29.974187042254957,32.971605746480456,26.976768338029462
2021-09-28,14.114668772922837,15.526135650215123,12.703201895630553
2021-09-29,22.817683373203383,25.099451710523724,20.535915035883047
2021-09-30,18.8825166048483,20.77076826533313,16.99426494436347
2021-10-01,25.244385078991947,27.768823586891145,22.719946571092752
2021-10-04,14.055898093446725,15.461487902791399,12.650308284102053
2021-10-05,21.81129782137749,23.992427603515242,19.63016803923974
2021-10-06,16.51350392059599,18.164854312655592,14.862153528536393
2021-10-07,20.916566270349122,23.008222897384037,18.82490964331421
2021-10-08,11.535606971998906,12.689167669198797,10.382046274799016
2021-10-11,18.680058319742464,20.548064151716712,16.81205248776822
2021-10-12,19.66724846478,21.633973311258,17.700523618302
2021-10-13,26.37972578990449,29.01769836889494,23.74175321091404
2021-10-14,20.454130972709073,22.499544069979983,18.408717875438168
2021-10-15,17.842498769514048,19.626748646465455,16.058248892562645
2021-10-18,24.728896715147005,27.20178638666171,22.256007043632305
2021-10-19,13.799666558432524,15.179633214275777,12.419699902589272
2021-10-20,17.165206106846234,18.88172671753086,15.44868549616161
2021-10-21,20.602023233077446,22.66222555638519,18.5418209097697
2021-10-22,13.429531822858966,14.772485005144864,12.08657864057307
2021-10-25,11.797746919286405,12.977521611215046,10.617972227357765
2021-10-26,21.120554115881294,23.232609527469425,19.008498704293164
2021-10-27,13.128169558308594,14.440986514139455,11.815352602477734
2021-10-28,26.112329401356543,28.7235623414922,23.50109646122089
2021-10-29,29.764444958819656,32.74088945470162,26.788000462937692
2021-11-01,15.503696949200501,17.054066644120553,13.95332725428045
2021-11-02,26.254693054269044,28.88016235969595,23.62922374884214
2021-11-03,28.82586075214998,31.70844682736498,25.94327467693498
2021-11-04,20.436206313884078,22.47982694527249,18.39258568249567
2021-11-05,28.075301986893123,30.882832185582437,25.267771788203813
2021-11-08,13.38746025513607,14.726206280649677,12.048714229622464
2021-11-09,26.819442140369787,29.50138635440677,24.13749792633281
2021-11-10,24.1799953868086,26.597994925489463,21.76199584812774
2021-11-11,22.88192535819721,25.170117894016933,20.59373282237749
2021-11-12,23.026297404557454,25.3289271450132,20.723667664101708
2021-11-15,18.50591425016662,20.356505675183282,16.65532282514996
2021-11-16,16.349806687419438,17.984787356161384,14.714826018677494
2021-11-17,18.592315735410804,20.451547308951884,16.733084161869723
2021-11-18,13.606511137107926,14.96716225081872,12.245860023397134
2021-11-19,13.766167039016747,15.142783742918422,12.389550335115072
2021-11-22,16.031744922956015,17.63491941525162,14.428570430660415
2021-11-23,14.381350725258885,15.819485797784775,12.943215652732997
2021-11-24,14.873087570708464,16.360396327779313,13.385778813637618
2021-11-25,11.450714124469972,12.59578553691697,10.305642712022975
2021-11-26,15.304623420895094,16.835085762984605,13.774161078805585
2021-11-29,13.29385059034898,14.62323564938388,11.964465531314081
2021-11-30,20.281495725691258,22.309645298260385,18.253346153122134
2021-12-01,15.511882233893665,17.063070457283033,13.9606940105043
2021-12-02,10.032024301700355,11.035226731870392,9.02882187153032
2021-12-03,21.7077759637683,23.878553560145132,19.53699836739147
2021-12-06,22.75184115650859,25.027025272159452,20.47665704085773
2021-12-07,29.755210280589004,32.730731308647904,26.779689252530105
2021-12-08,27.71108150138087,30.48218965151896,24.939973351242784
2021-12-09,29.896525479094223,32.886178027003645,26.9068729311848
2021-12-10,20.230883208320805,22.25397152915289,18.207794887488724
2021-12-13,12.406579379970884,13.647237317967974,11.165921441973795
2021-12-14,13.614170282800409,14.975587311080451,12.252753254520368
2021-12-15,29.116658410058072,32.02832425106388,26.204992569052266
2021-12-16,28.942317063517585,31.836548769869346,26.048085357165828
2021-12-17,10.766550738818525,11.84320581270038,9.689895664936673
2021-12-20,10.468306060988954,11.515136667087852,9.421475454890059
2021-12-21,21.0460237997403,23.150626179714333,18.94142141976627
2021-12-22,13.206838627389539,14.527522490128494,11.886154764650586
2021-12-23,13.790133792538503,15.169147171792355,12.411120413284653
2021-12-24,11.43182409734582,12.575006507080403,10.288641687611237
2021-12-27,11.043153612008405,12.147468973209246,9.938838250807565
2021-12-28,23.886647436600317,26.27531218026035,21.497982692940287
2021-12-29,12.054007275524237,13.259408003076661,10.848606547971814
2021-12-30,24.203280480287084,26.623608528315795,21.782952432258377
2021-12-31,25.882547306995505,28.47080203769506,23.294292576295955
2022-01-03,10.828355787366018,11.91119136610262,9.745520208629417
2022-01-04,28.333445935530857,31.166790529083947,25.50010134197777
2022-01-05,17.853229796701438,19.638552776371583,16.067906817031293
2022-01-06,24.4917191928666,26.940891112153263,22.04254727357994
2022-01-07,25.704285300720976,28.274713830793075,23.13385677064888
2022-01-10,27.219215205763113,29.941136726339426,24.497293685186804
2022-01-11,11.257901079517595,12.383691187469354,10.132110971565835
2022-01-12,22.018568344552158,24.220425179007375,19.816711510096944
2022-01-13,11.971027457459115,13.168130203205028,10.773924711713205
2022-01-14,27.23485556007424,29.958341116081666,24.511370004066816
2022-01-17,28.690259107239527,31.559285017963482,25.821233196515575
2022-01-18,11.83937918834588,13.02331710718047,10.655441269511293
2022-01-19,12.089090646122125,13.29799971073434,10.880181581509913
2022-01-20,13.91572195277207,15.307294148049278,12.524149757494865
2022-01-21,11.485169998240735,12.63368699806481,10.336652998416662
2022-01-24,18.96247856487559,20.858726421363148,17.06623070838803
2022-01-25,12.011424217513362,13.212566639264699,10.810281795762027
2022-01-26,12.211862378786192,13.433048616664813,10.990676140907572
2022-01-27,15.497385172965004,17.047123690261504,13.947646655668503
2022-01-28,16.1150247996168,17.726527279578484,14.503522319655122
2022-01-31,13.222739996932571,14.54501399662583,11.900465997239314
2022-02-01,19.08712508589288,20.99583759448217,17.178412577303593
2022-02-02,26.70830145369454,29.379131599063996,24.037471308325085
2022-02-03,10.415528048253895,11.457080853079285,9.373975243428506
2022-02-04,27.052340079947633,29.757574087942398,24.347106071952872
2022-02-07,23.749293472190413,26.124222819409457,21.374364124971372
2022-02-08,26.97538317948799,29.672921497436793,24.277844861539194
2022-02-09,15.165526431001517,16.68207907410167,13.648973787901365
2022-02-10,21.422793400679577,23.565072740747535,19.28051406061162
2022-02-11,27.20965399984197,29.930619399826167,24.488688599857774
2022-02-14,21.030940919768128,23.134035011744942,18.927846827791317
2022-02-15,16.768741089018455,18.4456151979203,15.09186698011661
2022-02-16,14.322744156895528,15.755018572585081,12.890469741205976
2022-02-17,29.225244469936722,32.147768916930396,26.30272002294305
2022-02-18,17.805516535470467,19.586068189017514,16.02496488192342
2022-02-21,23.142519798083857,25.456771777892243,20.82826781827547
2022-02-22,18.92401240490596,20.816413645396555,17.031611164415363
2022-02-23,15.757089350823,17.3327982859053,14.1813804157407
2022-02-24,22.23402575328855,24.457428328617407,20.010623177959694
2022-02-25,19.834179115534404,21.817597027087846,17.850761203980966
2022-02-28,26.02146822486397,28.62361504735037,23.419321402377573
2022-03-01,16.899629542446675,18.589592496691346,15.209666588202008
2022-03-02,19.193117657798652,21.11242942357852,17.27380589201879
2022-03-03,19.469465912914465,21.416412504205912,17.52251932162302
2022-03-04,24.61375918986299,27.07513510884929,22.15238327087669
2022-03-07,18.943651257002124,20.83801638270234,17.049286131301912
2022-03-08,15.38278121929378,16.92105934122316,13.844503097364402
2022-03-09,15.835095580757962,17.418605138833758,14.251586022682165
2022-03-10,27.10459688132682,29.815056569459504,24.39413719319414
2022-03-11,11.19247676241532,12.311724438656853,10.073229086173788
2022-03-14,28.46812911316102,31.314942024477123,25.62131620184492
2022-03-15,26.409983536196748,29.050981889816423,23.768985182577072
2022-03-16,27.570749602336825,30.32782456257051,24.813674642103145
2022-03-17,19.19452420221813,21.113976622439946,17.275071781996317
2022-03-18,20.892731166463264,22.982004283109593,18.80345804981694
2022-03-21,27.810733719603792,30.591807091564174,25.029660347643414
2022-03-22,20.540102303119088,22.594112533430998,18.48609207280718
2022-03-23,15.295313202030849,16.824844522233935,13.765781881827765
2022-03-24,28.997193413200314,31.896912754520347,26.097474071880285
2022-03-25,12.406773847295952,13.647451232025547,11.166096462566356
2022-03-28,15.384694374077712,16.923163811485484,13.846224936669941
2022-03-29,27.980092961922814,30.778102258115098,25.182083665730534
2022-03-30,24.968656217205215,27.46552183892574,22.471790595484695
2022-03-31,23.513672818173085,25.865040099990395,21.162305536355777
2022-04-01,11.01156673762948,12.112723411392428,9.910410063866532
2022-04-04,22.213987284731935,24.435386013205132,19.99258855625874
2022-04-05,18.720782236697644,20.59286046036741,16.84870401302788
2022-04-06,18.938077609303306,20.83188537023364,17.044269848372977
2022-04-07,27.62526890195447,30.38779579214992,24.862742011759025
2022-04-08,22.529879065489993,24.782866972038995,20.276891158940995
2022-04-11,22.18902804082822,24.407930844911043,19.9701252367454
2022-04-12,27.79908211279016,30.578990324069178,25.019173901511145
2022-04-13,12.067368612523591,13.27410547377595,10.860631751271232
2022-04-14,19.706363566189804,21.676999922808786,17.735727209570825
2022-04-15,13.7382869236639,15.112115616030291,12.36445823129751
2022-04-18,25.01976764994162,27.521744414935785,22.51779088494746
2022-04-19,12.649972143922096,13.914969358314305,11.384974929529886
2022-04-20,13.79220991283912,15.171430904123033,12.412988921555208
2022-04-21,24.11317453781545,26.524491991596996,21.701857084033904
2022-04-22,17.393286389513083,19.132615028464393,15.653957750561775
2022-04-25,16.867048087158512,18.553752895874364,15.180343278442662
2022-04-26,16.594173514455026,18.25359086590053,14.934756163009524
2022-04-27,19.28246763796244,21.210714401758686,17.3542208741662
2022-04-28,28.616514668234824,31.47816613505831,25.754863201411343
2022-04-29,29.46228183807248,32.408510021879735,26.516053654265235
2022-05-02,27.78225101285105,30.560476114136154,25.004025911565943
2022-05-03,29.46106061450633,32.407166675956965,26.5149545530557
2022-05-04,13.94296963417556,15.337266597593118,12.548672670758004
2022-05-05,12.018236594746599,13.22006025422126,10.81641293527194
2022-05-06,29.643560522892106,32.60791657518132,26.679204470602894
2022-05-09,10.270001935045883,11.297002128550472,9.243001741541296
2022-05-10,18.2793719768364,20.107309174520044,16.451434779152763
2022-05-11,14.206880197072206,15.627568216779428,12.786192177364985
2022-05-12,10.43357610708891,11.476933717797802,9.39021849638002
2022-05-13,15.335312484161225,16.86884373257735,13.801781235745104
2022-05-16,29.230936203958542,32.154029824354396,26.30784258356269
2022-05-17,23.799511369822994,26.179462506805297,21.419560232840695
2022-05-18,23.884601273130276,26.273061400443304,21.496141145817248
2022-05-19,11.667743387032681,12.83451772573595,10.500969048329413
2022-05-20,21.678193737444197,23.84601311118862,19.51037436369978
2022-05-23,27.281647499255353,30.00981224918089,24.553482749329817
2022-05-24,24.9386105479886,27.432471602787462,22.44474949318974
2022-05-25,19.261155620015355,21.187271182016893,17.33504005801382
2022-05-26,15.498415552752666,17.048257108027933,13.9485739974774
2022-05-27,21.469067002898925,23.615973703188818,19.32216030260903
2022-05-30,26.540504495721823,29.19455494529401,23.88645404614964
2022-05-31,24.396293850475825,26.83592323552341,21.956664465428243
2022-06-01,20.863652664611738,22.950017931072914,18.777287398150566
2022-06-02,25.279009475276226,27.80691042280385,22.751108527748602
2022-06-03,29.760489910771046,32.73653890184816,26.784440919693942
2022-06-06,19.452407963362464,21.39764875969871,17.507167167026218
2022-06-07,26.443865375079607,29.08825191258757,23.799478837571648
2022-06-08,10.845204836177128,11.929725319794843,9.760684352559416
2022-06-09,11.942195311080505,13.136414842188557,10.747975779972455
2022-06-10,19.097599109649416,21.00735902061436,17.187839198684475
2022-06-13,23.880956039351744,26.26905164328692,21.49286043541657
2022-06-14,12.065945146517373,13.272539661169112,10.859350631865636
2022-06-15,11.880515468101478,13.068567014911627,10.692463921291331
2022-06-16,16.360581504926554,17.996639655419212,14.724523354433899
2022-06-17,11.499529607633846,12.649482568397232,10.349576646870462
2022-06-20,23.912980389210897,26.30427842813199,21.521682350289808
2022-06-21,27.464765306244406,30.211241836868847,24.718288775619964
2022-06-22,13.340912488110138,14.675003736921154,12.006821239299125
2022-06-23,28.81765734006757,31.69942307407433,25.935891606060814
2022-06-24,13.647726589993274,15.012499248992603,12.282953930993948
2022-06-27,25.85519486312686,28.44071434943955,23.269675376814178
2022-06-28,17.578184939118575,19.336003433030434,15.820366445206718
2022-06-29,28.929996632622178,31.822996295884398,26.03699696935996
2022-06-30,25.96012108524264,28.556133193766907,23.364108976718377
2022-07-01,14.41494674702729,15.85644142173002,12.973452072324562
2022-07-04,24.192379174511327,26.61161709196246,21.773141257060196
2022-07-05,12.879648928093141,14.167613820902456,11.591684035283828
2022-07-06,28.360276470727975,31.196304117800775,25.524248823655178
2022-07-07,26.819695682263948,29.501665250490344,24.137726114037555
2022-07-08,24.44329426940641,26.887623696347056,21.99896484246577
2022-07-11,15.271723394126152,16.798895733538767,13.744551054713536
2022-07-12,24.13517900309615,26.54869690340577,21.721661102786538
2022-07-13,17.48631508267362,19.234946590940982,15.737683574406258
2022-07-14,20.493178030662044,22.54249583372825,18.44386022759584
2022-07-15,20.290082644045295,22.319090908449827,18.261074379640768
2022-07-18,15.94857879181193,17.543436670993124,14.353720912630736
2022-07-19,29.666316455096826,32.63294810060651,26.699684809587144
2022-07-20,29.399334227601045,32.33926765036115,26.459400804840943
2022-07-21,11.15916225665081,12.275078482315891,10.04324603098573
2022-07-22,15.890500185167047,17.479550203683754,14.301450166650342
2022-07-25,16.58883910393805,18.247723014331857,14.929955193544245
2022-07-26,17.52121292175746,19.273334213933207,15.769091629581714
2022-07-27,10.14966287140141,11.164629158541553,9.13469658426127
2022-07-28,20.078500310087527,22.08635034109628,18.070650279078777
2022-07-29,29.65216969933289,32.61738666926618,26.686952729399604
2022-08-01,18.537050705076446,20.390755775584093,16.683345634568802
2022-08-02,23.870527725713508,26.25758049828486,21.483474953142156
2022-08-03,10.824321284922064,11.906753413414272,9.741889156429858
2022-08-04,13.813280553553405,15.194608608908746,12.431952498198065
2022-08-05,18.60977140246698,20.47074854271368,16.748794262220283
2022-08-08,28.016366843637176,30.818003528000897,25.214730159273458
2022-08-09,28.104600285373223,30.915060313910548,25.294140256835902
2022-08-10,29.00751535784039,31.908266893624432,26.10676382205635
2022-08-11,14.944672336356055,16.43913956999166,13.45020510272045
2022-08-12,28.086662548359065,30.895328803194975,25.27799629352316
2022-08-15,24.31210006804772,26.743310074852495,21.880890061242948
2022-08-16,29.37358457138807,32.31094302852688,26.436226114249262
2022-08-17,29.40477673734671,32.345254411081385,26.464299063612042
2022-08-18,15.847534451147617,17.43228789626238,14.262781006032855
2022-08-19,13.905624253462062,15.296186678808269,12.515061828115856
2022-08-22,29.368126343056364,32.304938977362006,26.43131370875073
2022-08-23,23.035092601646443,25.33860186181109,20.731583341481798
2022-08-24,19.55617676386661,21.511794440253272,17.60055908747995
2022-08-25,21.388489773066073,23.52733875037268,19.249640795759465
2022-08-26,28.443762549281143,31.28813880420926,25.599386294353028
2022-08-29,24.095665521956185,26.505232074151806,21.686098969760568
2022-08-30,24.47772464568793,26.925497110256725,22.029952181119135
2022-08-31,10.851097838046881,11.93620762185157,9.765988054242193
2022-09-01,10.524634929343428,11.577098422277771,9.472171436409086
2022-09-02,23.98444059402319,26.382884653425513,21.58599653462087
2022-09-05,22.698385743175074,24.968224317492584,20.428547168857566
2022-09-06,12.76472840632861,14.041201246961473,11.488255565695749
2022-09-07,22.703372613873412,24.973709875260756,20.433035352486073
2022-09-08,25.905587581620548,28.496146339782605,23.315028823458494
2022-09-09,13.663635016964884,15.029998518661374,12.297271515268395
2022-09-12,19.82915660224277,21.812072262467048,17.846240942018493
2022-09-13,24.314808812001903,26.746289693202097,21.883327930801713
2022-09-14,28.659694662928445,31.52566412922129,25.793725196635602
2022-09-15,17.071206313560754,18.77832694491683,15.36408568220468
2022-09-16,23.88742802679493,26.276170829474424,21.498685224115437
2022-09-19,25.45279003194544,27.998069035139988,22.907511028750896
2022-09-20,20.838003210229424,22.92180353125237,18.754202889206482
2022-09-21,11.13471513399176,12.248186647390936,10.021243620592584
2022-09-22,17.420917631974408,19.16300939517185,15.678825868776968
2022-09-23,28.410533402908452,31.2515867431993,25.569480062617608
2022-09-26,12.689456168474676,13.958401785322145,11.420510551627208
2022-09-27,27.048902039441984,29.753792243386183,24.344011835497785
2022-09-28,14.572624769560178,16.029887246516196,13.11536229260416
2022-09-29,28.365751971716605,31.202327168888267,25.529176774544947
2022-09-30,22.476627943587406,24.72429073794615,20.228965149228667
2022-10-03,20.090429520080658,22.099472472088724,18.081386568072592
2022-10-04,29.553671534631654,32.50903868809482,26.59830438116849
2022-10-05,25.267338983732444,27.79407288210569,22.7406050853592
2022-10-06,22.828330686211373,25.111163754832514,20.545497617590236
2022-10-07,11.69404043877604,12.863444482653646,10.524636394898437
2022-10-10,25.02635799880409,27.528993798684503,22.523722198923682
2022-10-11,26.061894957408455,28.6680844531493,23.45570546166761
2022-10-12,17.598428116294766,19.358270927924245,15.83858530466529
2022-10-13,11.03023467949936,12.133258147449297,9.927211211549425
2022-10-14,19.464341696125334,21.410775865737868,17.5179075265128
2022-10-17,22.07938282387043,24.287321106257473,19.871444541483385
2022-10-18,26.57848887685519,29.23633776454071,23.920639989169672
2022-10-19,29.91887873917137,32.910766613088505,26.926990865254233
2022-10-20,22.37848702312524,24.616335725437764,20.140638320812716
2022-10-21,11.703620674910159,12.873982742401175,10.533258607419143
2022-10-24,19.044783679876446,20.949262047864092,17.140305311888802
2022-10-25,17.942505597774527,19.73675615755198,16.148255037997075
2022-10-26,23.83719392809391,26.220913320903303,21.45347453528452
2022-10-27,29.059539243943323,31.96549316833766,26.15358531954899
2022-10-28,23.70689833760952,26.077588171370472,21.336208503848567
2022-10-31,28.95658399195812,31.852242391153933,26.06092559276231
2022-11-01,14.4193555335677,15.86129108692447,12.97741998021093
2022-11-02,20.485325855397853,22.533858440937642,18.436793269858068
2022-11-03,12.833727659480951,14.117100425429047,11.550354893532857
2022-11-04,10.581874654289077,11.640062119717985,9.523687188860169
2022-11-07,18.317265633245245,20.148992196569772,16.485539069920723
2022-11-08,27.301527820725866,30.031680602798456,24.57137503865328
2022-11-09,18.636307772954467,20.499938550249915,16.772676995659022
2022-11-10,25.285196234865666,27.813715858352236,22.7566766113791
2022-11-11,20.850770059645363,22.935847065609902,18.765693053680828
2022-11-14,22.967382340011,25.2641205740121,20.6706441060099
2022-11-15,10.914046536610943,12.005451190272039,9.82264188294985
2022-11-16,14.774004415565516,16.25140485712207,13.296603974008965
2022-11-17,24.463828588450895,26.910211447295985,22.017445729605807
2022-11-18,16.66532872664061,18.331861599304673,14.99879585397655
2022-11-21,27.662421168606627,30.42866328546729,24.896179051745964
2022-11-22,21.163383571887614,23.279721929076377,19.047045214698855
2022-11-23,10.23134900722823,11.254483907951053,9.208214106505407
2022-11-24,19.126558481653987,21.039214329819387,17.21390263348859
2022-11-25,12.912401292317027,14.203641421548731,11.621161163085324
2022-11-28,15.431473934564433,16.974621328020877,13.88832654110799
2022-11-29,26.190826505732204,28.809909156305427,23.571743855158985
2022-11-30,27.109906520558958,29.820897172614856,24.398915868503064
2022-12-01,23.411983467441274,25.753181814185403,21.07078512069715
2022-12-02,29.64256817260695,32.60682498986765,26.678311355346256
2022-12-05,27.46036864514145,30.206405509655596,24.714331780627305
2022-12-06,16.504382462614803,18.154820708876287,14.853944216353323
2022-12-07,11.518895823651263,12.67078540601639,10.367006241286138
2022-12-08,10.614445083846029,11.675889592230632,9.553000575461427
2022-12-09,22.09798883698599,24.30778772068459,19.88818995328739
2022-12-12,26.81563640920316,29.49720005012348,24.134072768282845
2022-12-13,20.107192457768736,22.117911703545612,18.096473211991864
2022-12-14,16.07850108461232,17.686351193073552,14.470650976151088
2022-12-15,12.576842029644205,13.834526232608626,11.319157826679785
2022-12-16,28.09761292323199,30.90737421555519,25.28785163090879
2022-12-19,12.005412446373631,13.205953691010995,10.804871201736269
2022-12-20,10.972225227438212,12.069447750182034,9.875002704694392
2022-12-21,15.369334193133362,16.9062676124467,13.832400773820027
2022-12-22,12.241780929804163,13.465959022784581,11.017602836823746
2022-12-23,13.296665308278175,14.626331839105994,11.966998777450359
2022-12-26,18.649921053056588,20.514913158362248,16.78492894775093
2022-12-27,18.717215166625053,20.58893668328756,16.84549364996255
2022-12-28,27.37455785921864,30.112013645140507,24.637102073296777
2022-12-29,10.481925695057477,11.530118264563226,9.43373312555173
2022-12-30,23.299519370618633,25.629471307680497,20.96956743355677
2023-01-02,17.53498799891485,19.288486798806336,15.781489199023365
2023-01-03,24.932867283663576,27.426154012029937,22.43958055529722
2023-01-04,13.061444220805745,14.367588642886322,11.75529979872517
2023-01-05,10.116600913261681,11.12826100458785,9.104940821935514
2023-01-06,16.354872623152552,17.990359885467807,14.719385360837297
2023-01-09,20.050374716201212,22.055412187821336,18.04533724458109
2023-01-10,26.922275314023295,29.614502845425626,24.230047782620968
2023-01-11,25.942415512547985,28.536657063802785,23.34817396129319
2023-01-12,13.573531443649383,14.930884588014322,12.216178299284445
2023-01-13,19.58969487208844,21.548664359297288,17.630725384879597
2023-01-16,22.636695078577212,24.900364586434936,20.37302557071949
2023-01-17,28.771770881242286,31.648947969366517,25.89459379311806
2023-01-18,22.951462772489002,25.246609049737906,20.6563164952401
2023-01-19,14.057416732480355,15.463158405728393,12.65167505923232
2023-01-20,10.427252201198783,11.469977421318662,9.384526981078904
2023-01-23,16.9184235673454,18.61026592407994,15.22658121061086
2023-01-24,13.49866900371734,14.848535904089076,12.148802103345608
2023-01-25,10.606348851131003,11.666983736244104,9.545713966017903
2023-01-26,14.724893094676798,16.197382404144477,13.252403785209118
2023-01-27,19.25936155700348,21.18529771270383,17.33342540130313
2023-01-30,25.625878200589145,28.18846602064806,23.06329038053023
2023-01-31,29.050912227503368,31.956003450253707,26.14582100475303
2023-02-01,22.092721528400464,24.30199368124051,19.883449375560417
2023-02-02,24.102298689361326,26.51252855829746,21.692068820425195
2023-02-03,12.609246328708984,13.870170961579884,11.348321695838086
2023-02-06,17.509982469809486,19.260980716790435,15.758984222828538
2023-02-07,26.628747186520364,29.291621905172402,23.96587246786833
2023-02-08,23.601269903364404,25.961396893700847,21.241142913027964
2023-02-09,11.385390777912699,12.523929855703969,10.246851700121429
2023-02-10,26.825614150035715,29.508175565039288,24.143052735032143
2023-02-13,10.98027792844543,12.078305721289974,9.882250135600888
2023-02-14,12.80955758442429,14.09051334286672,11.52860182598186
2023-02-15,19.719844130766255,21.69182854384288,17.74785971768963
2023-02-16,17.84867739371681,19.633545133088493,16.06380965434513
2023-02-17,19.39865757157477,21.338523328732247,17.458791814417292
2023-02-20,22.801152206965334,25.08126742766187,20.5210369862688
2023-02-21,27.017518087750375,29.719269896525415,24.31576627897534
2023-02-22,12.903079338164137,14.193387271980551,11.612771404347724
2023-02-23,18.288950005853266,20.117845006438593,16.46005500526794
2023-02-24,23.774696127921874,26.152165740714064,21.397226515129688
2023-02-27,12.44321985798823,13.687541843787056,11.198897872189407
2023-02-28,20.601770704846906,22.661947775331598,18.541593634362215
2023-03-01,27.784414951138185,30.562856446252006,25.005973456024368
2023-03-02,10.225064283976577,11.247570712374236,9.20255785557892
2023-03-03,11.05503988680129,12.16054387548142,9.94953589812116
2023-03-06,21.835418121475175,24.018959933622696,19.65187630932766
2023-03-07,23.01944375739533,25.321388133134864,20.7174993816558
2023-03-08,12.369849207788628,13.606834128567492,11.132864287009765
2023-03-09,23.635151902053607,25.99866709225897,21.27163671184825
2023-03-10,19.712157940175388,21.683373734192926,17.74094214615785
2023-03-13,11.284031337326635,12.4124344710593,10.155628203593972
2023-03-14,26.63649003492172,29.300139038413896,23.97284103142955
2023-03-15,20.144271567757766,22.158698724533544,18.12984441098199
2023-03-16,12.01727131350622,13.218998444856842,10.815544182155598
2023-03-17,24.09449532568921,26.503944858258134,21.68504579312029
2023-03-20,10.429484322324063,11.47243275455647,9.386535890091658
2023-03-21,11.667586016418248,12.834344618060074,10.500827414776424
2023-03-22,27.19897509741135,29.918872607152487,24.479077587670215
2023-03-23,13.80783052845155,15.188613581296707,12.427047475606395
2023-03-24,24.327616181521265,26.760377799673392,21.89485456336914
2023-03-27,10.2197221895149,11.241694408466392,9.197749970563411
2023-03-28,21.973837969496675,24.171221766446344,19.77645417254701
2023-03-29,21.56291923339551,23.719211156735064,19.40662731005596
2023-03-30,18.33428012107993,20.167708133187926,16.500852108971937
2023-03-31,17.635389505971848,19.398928456569035,15.871850555374664
2023-04-03,11.466089074608508,12.61269798206936,10.319480167147658
2023-04-04,14.01335923679439,15.41469516047383,12.612023313114952
2023-04-05,28.80360915521002,31.683970070731025,25.923248239689016
2023-04-06,19.06431191209426,20.97074310330369,17.157880720884837
2023-04-07,28.895135665586487,31.78464923214514,26.00562209902784
2023-04-10,14.273486453534485,15.700835098887934,12.846137808181037
2023-04-11,25.39911512953104,27.939026642484148,22.859203616577936
2023-04-12,21.387841314112602,23.526625445523866,19.249057182701343
2023-04-13,18.30046508431028,20.130511592741307,16.47041857587925
2023-04-14,11.387781143098062,12.526559257407868,10.249003028788255
2023-04-17,26.851293335442538,29.536422668986795,24.166164001898284
2023-04-18,18.8961495719824,20.78576452918064,17.006534614784158
2023-04-19,11.585575547983906,12.744133102782298,10.427017993185515
2023-04-20,26.816203075966417,29.497823383563063,24.134582768369775
2023-04-21,18.475726193940503,20.323298813334553,16.628153574546452
2023-04-24,16.636139590039733,18.299753549043707,14.97252563103576
2023-04-25,23.001085209717015,25.30119373068872,20.700976688745314
2023-04-26,26.241195288250644,28.86531481707571,23.617075759425582
2023-04-27,19.4930468756111,21.44235156317221,17.54374218804999
2023-04-28,18.85592354614736,20.741515900762096,16.970331191532622
2023-05-01,16.685644872395645,18.354209359635213,15.017080385156081
2023-05-02,14.808927344546802,16.289820079001483,13.328034610092123
2023-05-03,23.357952758175358,25.693748033992897,21.022157482357823
2023-05-04,29.094326396885464,32.00375903657401,26.184893757196917
2023-05-05,15.345440746488222,16.879984821137047,13.8108966718394
2023-05-08,24.64807875387072,27.112886629257794,22.18327087848365
2023-05-09,29.011047506533323,31.91215225718666,26.10994275587999
2023-05-10,29.684943268843206,32.65343759572753,26.716448941958888
2023-05-11,23.143780784579903,25.458158863037895,20.829402706121915
2023-05-12,17.129226234012478,18.842148857413726,15.41630361061123
2023-05-15,28.552450354140394,31.407695389554437,25.697205318726354
2023-05-16,24.30889573745812,26.739785311203935,21.878006163712307
2023-05-17,14.347238039302113,15.781961843232326,12.912514235371901
2023-05-18,27.21813102832027,29.9399441311523,24.496317925488242
2023-05-19,23.311757961004663,25.64293375710513,20.980582164904195
2023-05-22,20.779732370995774,22.857705608095355,18.701759133896196
2023-05-23,14.30353791142085,15.733891702562937,12.873184120278765
2023-05-24,26.51399484238731,29.165394326626043,23.862595358148578
2023-05-25,21.033336487098186,23.136670135808007,18.93000283838837
2023-05-26,23.1542293203089,25.46965225233979,20.838806388278012
2023-05-29,28.441399978455895,31.285539976301486,25.597259980610307
2023-05-30,25.060338388505336,27.56637222735587,22.554304549654802
2023-05-31,29.672747141291374,32.640021855420514,26.70547242716224
2023-06-01,26.960225568465933,29.65624812531253,24.26420301161934
2023-06-02,19.92070725120955,21.912777976330506,17.928636526088596
2023-06-05,17.374062231737902,19.111468454911694,15.636656008564112
2023-06-06,14.966842935037706,16.463527228541476,13.470158641533935
2023-06-07,27.943586031050522,30.737944634155575,25.14922742794547
2023-06-08,23.242376895455624,25.56661458500119,20.918139205910062
2023-06-09,13.358683383372348,14.694551721709583,12.022815045035113
2023-06-12,27.63683317916494,30.400516497081437,24.873149861248447
2023-06-13,27.26072053971779,29.98679259368957,24.53464848574601
2023-06-14,20.563647333870087,22.620012067257097,18.50728260048308
2023-06-15,16.193568079806653,17.812924887787318,14.574211271825988
2023-06-16,26.09030132329219,28.69933145562141,23.48127119096297
2023-06-19,14.039459688524296,15.443405657376728,12.635513719671867
2023-06-20,13.077747108687232,14.385521819555956,11.76997239781851
2023-06-21,23.878794573046086,26.266674030350696,21.49091511574148
2023-06-22,17.693710280709347,19.463081308780282,15.924339252638413
2023-06-23,25.371650796888744,27.90881587657762,22.834485717199872
2023-06-26,15.965902592561052,17.562492851817158,14.369312333304947
2023-06-27,23.891725008945727,26.2808975098403,21.502552508051156
2023-06-28,26.337007754568344,28.97070853002518,23.70330697911151
2023-06-29,28.39096422003093,31.230060642034026,25.55186779802784
2023-06-30,23.408447612714316,25.74929237398575,21.067602851442885
2023-07-03,21.95751082640459,24.15326190904505,19.76175974376413
2023-07-04,12.47372165993589,13.721093825929481,11.226349493942301
2023-07-05,23.391924830434775,25.731117313478254,21.0527323473913
2023-07-06,16.46256152608608,18.10881767869469,14.816305373477473
2023-07-07,13.82775163256369,15.21052679582006,12.44497646930732
2023-07-10,15.50233264270248,17.05256590697273,13.952099378432234
2023-07-11,29.20582460213317,32.12640706234649,26.285242141919852
2023-07-12,17.234428446891307,18.95787129158044,15.510985602202178
2023-07-13,10.96318699871825,12.059505698590076,9.866868298846425
2023-07-14,12.603782727826749,13.864161000609425,11.343404455044075
2023-07-17,18.801623763939467,20.681786140333415,16.92146138754552
2023-07-18,25.82861901394588,28.41148091534047,23.245757112551292
2023-07-19,22.571492938238823,24.828642232062705,20.31434364441494
2023-07-20,28.527750046255345,31.380525050880884,25.67497504162981
2023-07-21,19.0265493802454,20.92920431826994,17.12389444222086
2023-07-24,12.138668344948842,13.352535179443727,10.924801510453959
2023-07-25,18.936988572440463,20.83068742968451,17.043289715196416
2023-07-26,20.895615702091078,22.985177272300188,18.80605413188197
2023-07-27,23.10248482327954,25.412733305607496,20.792236340951586
2023-07-28,16.577139099197016,18.23485300911672,14.919425189277314
2023-07-31,13.556033599430053,14.91163695937306,12.200430239487048
2023-08-01,23.119259173706972,25.431185091077673,20.807333256336275
2023-08-02,23.32456209720924,25.657018306930166,20.992105887488314
2023-08-03,17.0317911029517,18.73497021324687,15.328611992656532
2023-08-04,25.801520067735883,28.381672074509474,23.221368060962295
2023-08-07,26.517962685832295,29.169758954415528,23.866166417249065
2023-08-08,13.032817428212905,14.336099171034196,11.729535685391614
2023-08-09,16.465452691611407,18.11199796077255,14.818907422450266
2023-08-10,25.81836163508046,28.400197798588508,23.236525471572413
2023-08-11,25.249297545422436,27.774227299964682,22.724367790880194
2023-08-14,23.73344370672912,26.106788077402033,21.36009933605621
2023-08-15,23.43934515313651,25.783279668450163,21.09541063782286
2023-08-16,12.144146645299392,13.358561309829332,10.929731980769454
2023-08-17,29.99493991016788,32.99443390118467,26.99544591915109
2023-08-18,24.921921496984197,27.41411364668262,22.42972934728578
2023-08-21,22.829064932380103,25.111971425618115,20.546158439142093
2023-08-22,21.7369581030726,23.91065391337986,19.56326229276534
2023-08-23,23.14453389147321,25.458987280620534,20.830080502325888
2023-08-24,18.10333182894795,19.91366501184275,16.292998646053157
2023-08-25,20.97175725210184,23.068932977312024,18.874581526891657
2023-08-28,27.635123741225218,30.398636115347742,24.871611367102698
2023-08-29,23.69963458954057,26.069598048494626,21.32967113058651
2023-08-30,20.007858024399198,22.00864382683912,18.00707222195928
2023-08-31,28.00336822841014,30.803705051251157,25.203031405569124
2023-09-01,12.162599069126045,13.378858976038652,10.946339162213441
2023-09-04,26.780444644049123,29.45848910845404,24.10240017964421
2023-09-05,10.273959938570608,11.301355932427668,9.246563944713547
2023-09-06,23.695817573421362,26.0653993307635,21.326235816079226
2023-09-07,10.107071296947668,11.117778426642435,9.0963641672529
2023-09-08,19.47862633771564,21.426488971487203,17.530763703944075
2023-09-11,27.476672313290965,30.224339544620065,24.72900508196187
2023-09-12,21.190506310964437,23.309556942060883,19.071455679867995
2023-09-13,18.052206149466443,19.857426764413088,16.246985534519798
2023-09-14,19.083869839060213,20.992256822966237,17.175482855154193
2023-09-15,12.221956282855293,13.444151911140825,10.999760654569764
2023-09-18,14.78217513506024,16.260392648566267,13.303957621554217
2023-09-19,11.091329471337048,12.200462418470753,9.982196524203344
2023-09-20,15.001546373446967,16.501701010791663,13.50139173610227
2023-09-21,23.18830673683273,25.507137410516005,20.869476063149456
2023-09-22,14.98100946421069,16.47911041063176,13.482908517789621
2023-09-25,28.552642815282063,31.407907096810273,25.697378533753856
2023-09-26,17.25286417218904,18.978150589407946,15.527577754970135
2023-09-27,19.532218237498604,21.485440061248465,17.578996413748744
2023-09-28,29.69453709355776,32.66399080291354,26.725083384201984
2023-09-29,24.428705883347508,26.87157647168226,21.98583529501276
2023-10-02,17.142100712016134,18.85631078321775,15.427890640814521
2023-10-03,11.790886121344414,12.969974733478857,10.611797509209973
2023-10-04,20.285232958112875,22.313756253924165,18.25670966230159
2023-10-05,21.406263165976597,23.546889482574258,19.26563684937894
2023-10-06,18.96171904139775,20.857890945537527,17.065547137257976
2023-10-09,18.87982966942794,20.76781263637074,16.991846702485148
2023-10-10,27.046697298811736,29.75136702869291,24.342027568930565
2023-10-11,22.275659925892093,24.503225918481306,20.048093933302884
2023-10-12,14.79868311154969,16.278551422704663,13.318814800394723
2023-10-13,17.33953171982818,19.073484891811,15.605578547845363
2023-10-16,17.221683772655613,18.943852149921177,15.499515395390052
2023-10-17,20.333203017466253,22.36652331921288,18.29988271571963
2023-10-18,10.526324435854075,11.578956879439485,9.473691992268668
2023-10-19,10.065029903575658,11.071532893933224,9.058526913218092
2023-10-20,18.36421857842933,20.200640436272266,16.527796720586398
2023-10-23,21.48151853136717,23.629670384503886,19.33336667823045
2023-10-24,21.696652639851223,23.866317903836347,19.526987375866103
2023-10-25,10.300094119658779,11.330103531624657,9.2700847076929
2023-10-26,10.633172021494271,11.696489223643699,9.569854819344844
2023-10-27,29.046668713878706,31.95133558526658,26.142001842490835
2023-10-30,19.85317776730134,21.838495544031474,17.867859990571205
2023-10-31,26.697184065014206,29.36690247151563,24.027465658512785
2023-11-01,19.549109754300897,21.50402072973099,17.59419877887081
2023-11-02,23.40147448613879,25.741621934752672,21.06132703752491
2023-11-03,25.31630620709354,27.847936827802897,22.784675586384186
2023-11-06,11.810232579121108,12.991255837033219,10.629209321208997
2023-11-07,26.710972837209017,29.38207012092992,24.039875553488116
2023-11-08,29.53744861852992,32.49119348038291,26.583703756676925
2023-11-09,18.280837061140943,20.10892076725504,16.45275335502685
2023-11-10,25.23695875168663,27.760654626855295,22.713262876517966
2023-11-13,28.198548737475917,31.018403611223512,25.378693863728326
2023-11-14,15.400659648709269,16.940725613580195,13.860593683838342
2023-11-15,13.947766214543762,15.34254283599814,12.552989593089386
2023-11-16,29.09546376976345,32.0050101467398,26.185917392787108
2023-11-17,19.57655385888318,21.5342092447715,17.618898472994864
2023-11-20,10.994399962299685,12.093839958529655,9.894959966069717
2023-11-21,12.69083763951291,13.959921403464202,11.42175387556162
2023-11-22,26.529924950889352,29.18291744597829,23.876932455800418
2023-11-23,26.546962649702245,29.20165891467247,23.89226638473202
2023-11-24,24.74404912458767,27.21845403704644,22.269644212128902
2023-11-27,15.049292414459728,16.554221655905703,13.544363173013755
2023-11-28,25.81616029452177,28.397776323973947,23.23454426506959
2023-11-29,28.88247832602454,31.770726158626996,25.994230493422087
2023-11-30,25.907109225455045,28.497820148000553,23.31639830290954
2023-12-01,16.740823942003175,18.414906336203494,15.066741547802858
2023-12-04,15.043293074233954,16.54762238165735,13.538963766810559
2023-12-05,26.99199300498004,29.691192305478044,24.292793704482037
2023-12-06,17.60764952999942,19.368414482999363,15.846884576999479
2023-12-07,29.38233292020366,32.32056621222403,26.444099628183295
2023-12-08,23.089977918090945,25.398975709900043,20.78098012628185
2023-12-11,19.056344138131216,20.961978551944338,17.150709724318094
2023-12-12,24.97406914938009,27.4714760643181,22.47666223444208
2023-12-13,25.39804506194899,27.937849568143893,22.858240555754094
2023-12-14,18.304065004879284,20.134471505367213,16.473658504391356
2023-12-15,16.17790712937748,17.79569784231523,14.560116416439733
2023-12-18,15.87045394196135,17.457499336157486,14.283408547765214
2023-12-19,27.999732427421698,30.79970567016387,25.19975918467953
2023-12-20,23.17921271744504,25.497133989189546,20.861291445700537
2023-12-21,14.841091586793302,16.325200745472635,13.356982428113973
2023-12-22,25.03290607094646,27.536196678041108,22.529615463851815
2023-12-25,21.333173863569336,23.46649124992627,19.199856477212403
2023-12-26,23.79013335686625,26.169146692552875,21.411120021179624
2023-12-27,12.682992277287347,13.951291505016084,11.414693049558613
2023-12-28,19.560999038791255,21.517098942670383,17.60489913491213
2023-12-29,26.747898525482935,29.422688378031232,24.07310867293464
2024-01-01,12.398921666263734,13.638813832890108,11.159029499637361
2024-01-02,17.561942040202126,19.31813624422234,15.805747836181913
2024-01-03,20.595947972350086,22.655542769585097,18.536353175115078
2024-01-04,10.249743008069059,11.274717308875966,9.224768707262154
2024-01-05,26.66310955244421,29.329420507688635,23.996798597199792
2024-01-08,25.256778713693212,27.782456585062537,22.73110084232389
2024-01-09,25.99620618234407,28.595826800578482,23.396585564109664
2024-01-10,15.813831943426361,17.395215137769,14.232448749083726
2024-01-11,29.077848473924778,31.98563332131726,26.1700636265323
2024-01-12,24.637615473497643,27.10137702084741,22.173853926147878
2024-01-15,13.483961513321548,14.832357664653705,12.135565361989393
2024-01-16,25.660423301100188,28.22646563121021,23.09438097099017
2024-01-17,24.09990940109134,26.509900341200478,21.68991846098221
2024-01-18,15.67885302918879,17.24673833210767,14.110967726269912
2024-01-19,27.55960969631818,30.315570665950002,24.80364872668636
2024-01-22,23.576881393497448,25.934569532847195,21.219193254147704
2024-01-23,19.471409216416227,21.41855013805785,17.524268294774604
2024-01-24,12.56397661890534,13.820374280795875,11.307578957014806
2024-01-25,18.921682770565535,20.81385104762209,17.029514493508984
2024-01-26,21.617897984888437,23.779687783377284,19.456108186399593
2024-01-29,18.62819898867251,20.49101888753976,16.765379089805258
2024-01-30,28.840636030499674,31.724699633549644,25.956572427449707
2024-01-31,12.67331094294561,13.940642037240172,11.40597984865105
2024-02-01,15.739168809855853,17.31308569084144,14.165251928870267
2024-02-02,27.23096843522264,29.954065278744906,24.507871591700376
2024-02-05,20.244468349551482,22.268915184506632,18.220021514596336
2024-02-06,28.333242808855722,31.166567089741296,25.499918527970152
2024-02-07,21.349867655597627,23.484854421157394,19.214880890037865
2024-02-08,28.95234545792467,31.84758000371714,26.057110912132206
2024-02-09,14.904441013461494,16.394885114807643,13.413996912115344
2024-02-12,18.729385369749814,20.602323906724795,16.856446832774832
2024-02-13,23.11483001072848,25.42631301180133,20.80334700965563
2024-02-14,20.990229464350904,23.089252410785996,18.891206517915816
2024-02-15,11.070214827722832,12.177236310495116,9.96319334495055
2024-02-16,28.50900694758279,31.35990764234107,25.658106252824513
2024-02-19,29.844860955802453,32.8293470513827,26.86037486022221
2024-02-20,26.535517581206026,29.189069339326633,23.881965823085423
2024-02-21,26.192130213724276,28.811343235096707,23.57291719235185
2024-02-22,12.368898381299246,13.605788219429172,11.132008543169322
2024-02-23,20.3339208512846,22.36731293641306,18.30052876615614
2024-02-26,14.28198528619178,15.710183814810959,12.853786757572603
2024-02-27,25.92409182743416,28.516501010177578,23.331682644690744
2024-02-28,22.10097341544067,24.31107075698474,19.890876073896603
2024-02-29,28.222029153470302,31.044232068817337,25.39982623812327
2024-03-01,19.428073709090345,21.370881079999382,17.48526633818131
2024-03-04,21.402131217628465,23.542344339391313,19.26191809586562
2024-03-05,10.808351519246512,11.889186671171165,9.727516367321861
2024-03-06,10.519794457759977,11.571773903535975,9.46781501198398
2024-03-07,10.477266914530489,11.52499360598354,9.42954022307744
2024-03-08,20.7707487030158,22.847823573317385,18.69367383271422
2024-03-11,24.030408742362788,26.43344961659907,21.62736786812651
2024-03-12,14.02095977194785,15.423055749142636,12.618863794753064
2024-03-13,15.48072081361531,17.028792894976842,13.93264873225378
2024-03-14,24.56130908763339,27.01743999639673,22.10517817887005
2024-03-15,14.423600543779875,15.865960598157864,12.981240489401888
2024-03-18,18.154869777410347,19.970356755151382,16.339382799669313
2024-03-19,14.683932720773686,16.152325992851058,13.215539448696319
2024-03-20,28.81448055724597,31.695928612970572,25.933032501521375
2024-03-21,20.162443179531444,22.17868749748459,18.1461988615783
2024-03-22,22.283286435701694,24.511615079271866,20.054957792131525
2024-03-25,28.516968977765167,31.368665875541687,25.66527207998865
2024-03-26,25.259774395663158,27.785751835229476,22.733796956096842
2024-03-27,25.229615426277398,27.75257696890514,22.706653883649658
2024-03-28,17.27846973711745,19.006316710829196,15.550622763405705
2024-03-29,21.57441471768314,23.731856189451456,19.41697324591483
2024-04-01,11.161641087793495,12.277805196572846,10.045476979014145
2024-04-02,21.110592823454677,23.221652105800146,18.99953354110921
2024-04-03,20.044602002882463,22.049062203170713,18.040141802594217
2024-04-04,22.38151546769319,24.61966701446251,20.14336392092387
2024-04-05,28.188487595912495,31.007336355503746,25.369638836321247
2024-04-08,13.807958608244789,15.188754469069268,12.42716274742031
2024-04-09,12.22741462777236,13.450156090549598,11.004673164995124
2024-04-10,10.878831172469594,11.966714289716554,9.790948055222636
2024-04-11,15.87629369908996,17.463923068998955,14.288664329180964
2024-04-12,21.801485821400234,23.98163440354026,19.62133723926021
2024-04-15,25.612434580567914,28.173678038624708,23.051191122511124
2024-04-16,20.03003095640328,22.03303405204361,18.027027860762953
2024-04-17,18.538513284134773,20.392364612548253,16.684661955721296
2024-04-18,19.79975864868283,21.779734513551112,17.819782783814546
2024-04-19,15.156604170545148,16.672264587599663,13.640943753490633
2024-04-22,11.049038239583055,12.153942063541361,9.94413441562475
2024-04-23,26.575836195178397,29.233419814696237,23.918252575660556
2024-04-24,29.122930915716985,32.03522400728868,26.210637824145287
2024-04-25,25.218646917567654,27.74051160932442,22.69678222581089
2024-04-26,22.070096491438093,24.277106140581903,19.863086842294283
2024-04-29,27.08778684118661,29.796565525305272,24.37900815706795
2024-04-30,10.340997196685173,11.37509691635369,9.306897477016657
2024-05-01,20.310530045328246,22.34158304986107,18.27947704079542
2024-05-02,19.969569964764737,21.96652696124121,17.972612968288264
2024-05-03,24.444931778472103,26.889424956319317,22.000438600624893
2024-05-06,16.040648628619003,17.644713491480903,14.436583765757103
2024-05-07,26.21194800768858,28.833142808457442,23.59075320691972
2024-05-08,24.034834802381916,26.43831828262011,21.631351322143725
2024-05-09,13.547808478408847,14.902589326249732,12.193027630567963
2024-05-10,27.452446155874238,30.197690771461666,24.707201540286814
2024-05-13,25.924558484548623,28.517014333003488,23.33210263609376
2024-05-14,19.17436164749569,21.09179781224526,17.256925482746123
2024-05-15,29.649493593444504,32.614442952788956,26.684544234100056
2024-05-16,16.70873286710078,18.37960615381086,15.037859580390704
2024-05-17,27.90420698519316,30.69462768371248,25.113786286673843
2024-05-20,22.363469629043685,24.599816591948056,20.127122666139318
2024-05-21,22.16526143030837,24.38178757333921,19.948735287277533
2024-05-22,19.677473330481824,21.645220663530008,17.709725997433644
2024-05-23,25.249847424889747,27.774832167378726,22.724862682400772
2024-05-24,16.635930466256728,18.299523512882402,14.972337419631055
2024-05-27,10.562179896294097,11.618397885923509,9.505961906664687
2024-05-28,26.379232689318712,29.017155958250587,23.74130942038684
2024-05-29,15.168337146163825,16.685170860780207,13.651503431547443
2024-05-30,15.473244986187748,17.020569484806522,13.925920487568973
2024-05-31,25.91572477548545,28.507297253033997,23.324152297936905
2024-06-03,11.822545321961119,13.004799854157232,10.640290789765007
2024-06-04,10.042508589175217,11.04675944809274,9.038257730257696
2024-06-05,23.080013849410022,25.388015234351027,20.77201246446902
2024-06-06,10.853010245981316,11.93831127057945,9.767709221383186
2024-06-07,16.855540914671508,18.54109500613866,15.169986823204358
2024-06-10,28.713171009535074,31.584488110488586,25.841853908581566
2024-06-11,13.315172136654649,14.646689350320115,11.983654922989185
2024-06-12,27.70276309137542,30.473039400512963,24.932486782237877
2024-06-13,29.737755309685536,32.71153084065409,26.763979778716983
2024-06-14,29.3412711761599,32.27539829377589,26.40714405854391
2024-06-17,24.378828450314803,26.816711295346284,21.94094560528332
2024-06-18,13.363103423367932,14.699413765704726,12.026793081031139
2024-06-19,26.536694143976035,29.19036355837364,23.883024729578434
2024-06-20,17.497765316344864,19.247541847979353,15.747988784710378
2024-06-21,21.294602591961734,23.42406285115791,19.165142332765562
2024-06-24,10.885270853483838,11.973797938832224,9.796743768135455
2024-06-25,15.725014743710572,17.29751621808163,14.152513269339515
2024-06-26,22.929591760252066,25.222550936277276,20.63663258422686
2024-06-27,12.126478845753876,13.339126730329266,10.913830961178489
2024-06-28,26.01178396911623,28.612962366027855,23.41060557220461
2024-07-01,27.691878005101145,30.461065805611263,24.92269020459103
2024-07-02,26.065521141345375,28.672073255479916,23.458969027210838
2024-07-03,29.613413423644705,32.57475476600918,26.652072081280235
2024-07-04,19.893512821547866,21.882864103702655,17.90416153939308
2024-07-05,27.693148261838616,30.462463088022478,24.923833435654753
2024-07-08,10.343184567946293,11.377503024740923,9.308866111151664
2024-07-09,25.979110948292487,28.577022043121737,23.38119985346324
2024-07-10,21.20729597476342,23.328025572239763,19.086566377287078
2024-07-11,28.38338641915772,31.221725061073496,25.545047777241948
2024-07-12,25.779008868235884,28.356909755059476,23.201107981412296
2024-07-15,29.679112290592734,32.64702351965201,26.711201061533462
2024-07-16,23.555471061547344,25.911018167702082,21.19992395539261
2024-07-17,24.541867157509625,26.99605387326059,22.087680441758664
2024-07-18,17.372050772585666,19.109255849844235,15.6348456953271
2024-07-19,20.781506962742498,22.85965765901675,18.703356266468248
2024-07-22,10.22699641422693,11.249696055649624,9.204296772804238
2024-07-23,19.021828557418658,20.924011413160525,17.11964570167679
2024-07-24,17.494887200573714,19.244375920631086,15.745398480516343
2024-07-25,12.624316055767222,13.886747661343946,11.3618844501905
2024-07-26,14.916574924294244,16.40823241672367,13.42491743186482
2024-07-29,11.699253796718542,12.869179176390398,10.529328417046688
2024-07-30,12.447355067913312,13.692090574704645,11.202619561121981
2024-07-31,10.079148654651862,11.087063520117049,9.071233789186676
2024-08-01,13.48856478869353,14.837421267562885,12.139708309824178
2024-08-02,15.111867931620576,16.623054724782634,13.60068113845852
2024-08-05,23.512358379653158,25.863594217618477,21.161122541687842
2024-08-06,11.0516859727467,12.156854570021371,9.94651737547203
2024-08-07,22.352925611099323,24.588218172209256,20.11763304998939
2024-08-08,26.843363020604002,29.527699322664404,24.159026718543604
2024-08-09,10.202124265504777,11.222336692055256,9.1819118389543
2024-08-12,19.636409565809803,21.600050522390784,17.67276860922882
2024-08-13,15.384381959243685,16.922820155168054,13.845943763319317
2024-08-14,13.528979088171438,14.881876996988582,12.176081179354295
2024-08-15,16.683126095921548,18.351438705513704,15.014813486329393
2024-08-16,23.21385271831486,25.53523799014635,20.892467446483376
2024-08-19,20.076447293773715,22.084092023151086,18.068802564396343
2024-08-20,27.242749528033706,29.96702448083708,24.518474575230336
2024-08-21,16.312190807478473,17.94340988822632,14.680971726730625
2024-08-22,23.08887784124049,25.39776562536454,20.77999005711644
2024-08-23,29.064523301867826,31.97097563205461,26.158070971681045
2024-08-26,18.54348461250043,20.397833073750473,16.689136151250388
2024-08-27,12.298346577945829,13.528181235740412,11.068511920151247
2024-08-28,20.940713098645162,23.03478440850968,18.846641788780648
2024-08-29,19.193714095279994,21.113085504807994,17.274342685751996
2024-08-30,11.47527378160494,12.622801159765435,10.327746403444447
2024-09-02,22.84100675793139,25.12510743372453,20.55690608213825
2024-09-03,21.206760475890086,23.327436523479097,19.086084428301078
2024-09-04,19.103136579333988,21.01345023726739,17.19282292140059
2024-09-05,24.71022903426336,27.181251937689698,22.239206130837026
2024-09-06,19.20937726296625,21.130314989262875,17.288439536669625
2024-09-09,28.401535145299174,31.241688659829094,25.561381630769258
2024-09-10,15.94915976891297,17.544075745804268,14.354243792021673
2024-09-11,14.636747617245678,16.100422378970247,13.173072855521111
2024-09-12,29.87760857285693,32.86536943014262,26.889847715571236
2024-09-13,22.41853860655958,24.66039246721554,20.17668474590362
2024-09-16,27.836710815681098,30.62038189724921,25.05303973411299
2024-09-17,12.384716743068594,13.623188417375454,11.146245068761734
2024-09-18,29.551376772876456,32.506514450164104,26.59623909558881
2024-09-19,16.842587281372673,18.526846009509942,15.158328553235405
2024-09-20,21.384911684973606,23.52340285347097,19.246420516476245
2024-09-23,21.172278456448204,23.289506302093027,19.055050610803384
2024-09-24,28.108351055393225,30.91918616093255,25.297515949853903
2024-09-25,17.702600537292277,19.472860591021504,15.932340483563049
2024-09-26,14.366019516250025,15.80262146787503,12.929417564625023
2024-09-27,26.1947710707986,28.81424817787846,23.57529396371874
2024-09-30,24.972319405766974,27.469551346343675,22.475087465190278
2024-10-01,28.799573595295403,31.679530954824944,25.91961623576586
2024-10-02,18.800739683126118,20.68081365143873,16.920665714813506
2024-10-03,10.082214763053532,11.090436239358887,9.073993286748179
2024-10-04,27.3621749453082,30.098392439839024,24.62595745077738
2024-10-07,16.708878105419032,18.379765915960938,15.03799029487713
2024-10-08,12.863792328888174,14.150171561776991,11.577413095999356
2024-10-09,13.592536111232313,14.951789722355546,12.233282500109082
2024-10-10,10.986003726086127,12.08460409869474,9.887403353477515
2024-10-11,24.423131924092974,26.865445116502276,21.980818731683677
2024-10-14,11.314758953144967,12.446234848459465,10.18328305783047
2024-10-15,17.1940062807359,18.91340690880949,15.474605652662309
2024-10-16,11.061992831480882,12.168192114628972,9.955793548332794
2024-10-17,24.173704032305935,26.59107443553653,21.756333629075343
2024-10-18,22.110665333811976,24.321731867193176,19.89959880043078
2024-10-21,16.829986362067157,18.512984998273875,15.146987725860441
2024-10-22,18.95630332030396,20.851933652334356,17.060672988273563
2024-10-23,10.396516642530763,11.43616830678384,9.356864978277686
2024-10-24,16.968542720906775,18.665396992997454,15.271688448816098
2024-10-25,13.470803318448956,14.817883650293853,12.123722986604061
2024-10-28,27.860880231846764,30.646968255031442,25.07479220866209
2024-10-29,21.208314320566334,23.32914575262297,19.0874828885097
2024-10-30,29.734543400379764,32.707997740417746,26.76108906034179
2024-10-31,14.795132870694827,16.274646157764312,13.315619583625345
2024-11-01,28.050933952559237,30.856027347815164,25.245840557303314
2024-11-04,28.376517398620035,31.214169138482042,25.53886565875803
2024-11-05,17.311322298614765,19.042454528476245,15.58019006875329
2024-11-06,24.739376690150472,27.213314359165523,22.265439021135425
2024-11-07,15.880259508586427,17.46828545944507,14.292233557727785
2024-11-08,12.888512613974683,14.177363875372153,11.599661352577215
2024-11-11,13.067474419019094,14.374221860921004,11.760726977117185
2024-11-12,11.330883895370832,12.463972284907916,10.19779550583375
2024-11-13,20.5654459510921,22.621990546201314,18.508901355982893
2024-11-14,28.70889081989334,31.579779901882677,25.83800173790401
2024-11-15,22.386200819639313,24.624820901603247,20.147580737675383
2024-11-18,11.301474529949187,12.431621982944106,10.171327076954269
2024-11-19,12.989762619769039,14.288738881745944,11.690786357792135
2024-11-20,25.91965211190458,28.511617323095038,23.32768690071412
2024-11-21,20.61568045479264,22.677248500271904,18.554112409313376
2024-11-22,17.52367326418541,19.27604059060395,15.771305937766869
2024-11-25,26.498625680479456,29.148488248527403,23.848763112431513
2024-11-26,17.428454688584935,19.17130015744343,15.685609219726443
2024-11-27,20.475122243282993,22.522634467611294,18.427610018954695
2024-11-28,22.420914351716675,24.663005786888345,20.17882291654501
2024-11-29,14.260139714211626,15.686153685632789,12.834125742790464
2024-12-02,15.587823844060845,17.14660622846693,14.02904145965476
2024-12-03,11.31041274678369,12.44145402146206,10.179371472105322
2024-12-04,23.666783464633916,26.03346181109731,21.300105118170524
2024-12-05,14.519311075771217,15.97124218334834,13.067379968194096
2024-12-06,23.90761546958641,26.298377016545054,21.51685392262777
2024-12-09,24.575900649800484,27.033490714780534,22.118310584820435
2024-12-10,20.7349546404944,22.808450104543844,18.66145917644496
2024-12-11,11.149928966134121,12.264921862747535,10.03493606952071
2024-12-12,19.231741234873486,21.154915358360835,17.308567111386136
2024-12-13,28.393984846881864,31.233383331570053,25.554586362193678
2024-12-16,11.251551483751749,12.376706632126925,10.126396335376574
2024-12-17,21.285547516457832,23.41410226810362,19.15699276481205
2024-12-18,26.73745170511227,29.4111968756235,24.063706534601046
2024-12-19,18.116038022637596,19.927641824901357,16.30443422037384
2024-12-20,27.83831496017321,30.622146456190535,25.05448346415589
2024-12-23,12.50929719991082,13.760226919901903,11.25836747991974
2024-12-24,15.68222454427433,17.250446998701765,14.114002089846897
2024-12-25,13.18610131663559,14.50471144829915,11.867491184972032
2024-12-26,19.36859154957604,21.305450704533644,17.431732394618436
2024-12-27,13.669400919331164,15.03634101126428,12.302460827398047
2024-12-30,20.240464991946688,22.26451149114136,18.21641849275202
2024-12-31,27.478698069825384,30.226567876807923,24.730828262842845
2025-01-01,26.167796138216744,28.78457575203842,23.55101652439507
2025-01-02,18.174152646156767,19.991567910772446,16.35673738154109
2025-01-03,16.901238239019204,18.591362062921124,15.211114415117283
2025-01-06,23.873517289291126,26.26086901822024,21.486165560362014
2025-01-07,14.104247752726145,15.514672527998762,12.69382297745353
2025-01-08,19.916701394936258,21.908371534429886,17.925031255442633
2025-01-09,28.77696503411636,31.654661537527996,25.899268530704724
2025-01-10,16.23681475994852,17.860496235943373,14.613133283953667
2025-01-13,20.105675259803068,22.116242785783378,18.09510773382276
2025-01-14,28.48669049554169,31.335359545095862,25.638021445987523
2025-01-15,22.329320402098602,24.562252442308466,20.096388361888742
2025-01-16,24.612734424333176,27.074007866766497,22.15146098189986
2025-01-17,29.159579510932737,32.07553746202601,26.243621559839465
2025-01-20,21.424370308735156,23.566807339608673,19.28193327786164
2025-01-21,14.56654110558858,16.02319521614744,13.109886995029722
2025-01-22,12.990703255453244,14.28977358099857,11.69163292990792
2025-01-23,20.60570013061474,22.666270143676215,18.545130117553267
2025-01-24,23.333974685393663,25.66737215393303,21.000577216854296
2025-01-27,25.538602224441103,28.092462446885214,22.98474200199699
2025-01-28,23.571453947401118,25.928599342141233,21.214308552661006
2025-01-29,15.836885914649992,17.420574506114992,14.253197323184994
2025-01-30,18.418212122740073,20.260033335014082,16.576390910466067
2025-01-31,28.867688814339974,31.754457695773976,25.980919932905977
2025-02-03,25.461764405152543,28.0079408456678,22.91558796463729
2025-02-04,24.890960085957946,27.380056094553744,22.401864077362152
2025-02-05,14.143017717771896,15.557319489549087,12.728715945994706
2025-02-06,15.62795248254682,17.190747730801505,14.065157234292139
2025-02-07,16.096166582188808,17.70578324040769,14.486549923969926
2025-02-10,10.694608846175974,11.764069730793572,9.625147961558378
2025-02-11,22.22251069923852,24.444761769162373,20.00025962931467
2025-02-12,11.395747403535001,12.535322143888502,10.256172663181502
2025-02-13,17.66158479071376,19.42774326978514,15.895426311642385
2025-02-14,13.626166161672446,14.988782777839692,12.263549545505201
2025-02-17,17.110822906229423,18.821905196852367,15.39974061560648
2025-02-18,22.023813708692582,24.226195079561844,19.821432337823325
2025-02-19,13.006117827156737,14.306729609872413,11.705506044441064
2025-02-20,17.954276837456163,19.74970452120178,16.15884915371055
2025-02-21,25.21283787711262,27.734121664823885,22.691554089401357
2025-02-24,24.86191163775714,27.348102801532853,22.375720473981424
2025-02-25,12.851422461425182,14.136564707567702,11.566280215282664
2025-02-26,20.591006246623216,22.65010687128554,18.531905621960895
2025-02-27,13.58210760972154,14.940318370693694,12.223896848749385
2025-02-28,26.047288637703847,28.652017501474234,23.442559773933464
2025-03-03,26.06440018957223,28.670840208529455,23.457960170615006
2025-03-04,26.642954622558587,29.30725008481445,23.97865916030273
2025-03-05,13.260058510172279,14.586064361189507,11.934052659155052
2025-03-06,28.710495308789245,31.581544839668172,25.83944577791032
2025-03-07,10.976247936484256,12.073872730132683,9.878623142835831
2025-03-10,18.963171098422762,20.85948820826504,17.066853988580487
2025-03-11,19.71339374409345,21.6847331185028,17.74205436968411
2025-03-12,12.914633446234841,14.206096790858327,11.623170101611358
2025-03-13,12.205815854842426,13.426397440326669,10.985234269358184
2025-03-14,26.762239358644656,29.438463294509123,24.086015422780193
2025-03-17,22.005862940684146,24.20644923475256,19.80527664661573
2025-03-18,29.259464364686206,32.18541080115483,26.333517928217585
2025-03-19,19.757710654318647,21.733481719750515,17.781939588886782
2025-03-20,28.829003023577467,31.711903325935218,25.94610272121972
2025-03-21,16.11416932447285,17.72558625692014,14.502752392025567
2025-03-24,20.44625823707777,22.49088406078555,18.401632413369995
2025-03-25,23.318264241097538,25.650090665207294,20.986437816987785
2025-03-26,24.133676736320627,26.547044409952694,21.720309062688564
2025-03-27,23.942085855356268,26.336294440891898,21.547877269820642
2025-03-28,16.423256644575908,18.0655823090335,14.780930980118317
2025-03-31,10.605841465105518,11.666425611616072,9.545257318594967
2025-04-01,14.95737012071286,16.453107132784147,13.461633108641573
2025-04-02,17.517122366658633,19.268834603324496,15.76541012999277
2025-04-03,22.958381404078104,25.254219544485917,20.662543263670294
2025-04-04,17.86399407171597,19.65039347888757,16.077594664544375
2025-04-07,15.85589315502352,17.441482470525873,14.270303839521167
2025-04-08,21.780817885989983,23.958899674588984,19.602736097390984
2025-04-09,28.896296004176094,31.785925604593707,26.006666403758484
2025-04-10,26.245039282529007,28.86954321078191,23.620535354276107
2025-04-11,19.31964093034554,21.251605023380094,17.387676837310984
2025-04-14,21.455468479987474,23.60101532798622,19.309921631988725
2025-04-15,16.746190528269764,18.42080958109674,15.071571475442788
2025-04-16,11.556562551385877,12.712218806524465,10.400906296247289
2025-04-17,16.7409934004095,18.41509274045045,15.06689406036855
2025-04-18,14.252158404878696,15.677374245366567,12.826942564390826
2025-04-21,20.59194077028847,22.65113484731732,18.532746693259625
2025-04-22,18.305120224543785,20.135632246998163,16.474608202089406
2025-04-23,22.81738270050507,25.099120970555582,20.535644430454564
2025-04-24,13.092768191530695,14.402045010683766,11.783491372377625
2025-04-25,15.668472052135197,17.235319257348717,14.101624846921677
2025-04-28,19.68103485394788,21.64913833934267,17.712931368553093
2025-04-29,18.22418873000119,20.046607603001313,16.401769857001074
2025-04-30,24.15944871650431,26.575393588154746,21.74350384485388
2025-05-01,12.49287477372873,13.742162251101604,11.243587296355857
2025-05-02,29.94023544173079,32.93425898590387,26.94621189755771
2025-05-05,24.995887256170278,27.49547598178731,22.49629853055325
2025-05-06,11.207794303974193,12.328573734371613,10.087014873576774
2025-05-07,27.031842080538034,29.73502628859184,24.328657872484232
2025-05-08,15.192010901241755,16.711211991365932,13.67280981111758
2025-05-09,16.606865341928597,18.26755187612146,14.946178807735738
2025-05-12,15.797606542212005,17.377367196433205,14.217845887990805
2025-05-13,22.00097415535673,24.201071570892406,19.800876739821057
2025-05-14,12.738704469950289,14.012574916945319,11.46483402295526
2025-05-15,20.385418463681802,22.423960310049985,18.346876617313622
2025-05-16,27.903538786221727,30.6938926648439,25.113184907599553
2025-05-19,26.296787779167587,28.92646655708435,23.66710900125083
2025-05-20,16.424575957238396,18.067033552962236,14.782118361514557
2025-05-21,22.473985428218935,24.72138397104083,20.22658688539704
2025-05-22,28.831384675173325,31.71452314269066,25.948246207655995
2025-05-23,14.187153659531443,15.605869025484589,12.7684382935783
2025-05-26,25.985421311337767,28.583963442471546,23.38687918020399
2025-05-27,19.53750982374812,21.491260806122934,17.58375884137331
2025-05-28,11.018918650740714,12.120810515814787,9.917026785666643
2025-05-29,26.01642361694995,28.618065978644946,23.414781255254955
2025-05-30,12.86021066443267,14.146231730875938,11.574189597989403
2025-06-02,23.867369850904147,26.254106835994563,21.48063286581373
2025-06-03,15.59938573359261,17.159324306951873,14.03944716023335
2025-06-04,14.709223444700356,16.180145789170393,13.238301100230322
2025-06-05,12.678776443236499,13.94665408756015,11.41089879891285
2025-06-06,17.252715826487705,18.977987409136478,15.527444243838936
2025-06-09,12.371678770772846,13.60884664785013,11.13451089369556
2025-06-10,12.126051827012702,13.338657009713973,10.913446644311433
2025-06-11,17.49773625984025,19.247509885824275,15.747962633856224
2025-06-12,24.813415286181453,27.2947568147996,22.332073757563307
2025-06-13,13.063457218293104,14.369802940122415,11.757111496463795
2025-06-16,25.62088407393142,28.182972481324565,23.05879566653828
2025-06-17,10.565781990264998,11.622360189291499,9.509203791238498
2025-06-18,25.626156976125355,28.188772673737894,23.06354127851282
2025-06-19,14.72618666628267,16.19880533291094,13.253567999654404
2025-06-20,22.890406441592262,25.17944708575149,20.601365797433036
2025-06-23,10.154013238209787,11.169414562030767,9.13861191438881
2025-06-24,13.969293535568433,15.366222889125277,12.57236418201159
2025-06-25,13.805064117710668,15.185570529481735,12.424557705939602
2025-06-26,19.081179441486135,20.98929738563475,17.17306149733752
2025-06-27,16.500184611725825,18.15020307289841,14.850166150553243
2025-06-30,18.90195541127421,20.79215095240163,17.01175987014679
2025-07-01,11.2215128539072,12.343664139297921,10.09936156851648
2025-07-02,11.89848728278501,13.088336011063513,10.70863855450651
2025-07-03,24.005969070456523,26.406565977502176,21.60537216341087
2025-07-04,16.825597818062512,18.508157599868763,15.14303803625626
2025-07-07,10.929564204470378,12.022520624917416,9.83660778402334
2025-07-08,27.867449946073354,30.654194940680693,25.080704951466018
2025-07-09,25.437722128513364,27.9814943413647,22.893949915662027
2025-07-10,19.86054039113617,21.846594430249787,17.874486352022554
2025-07-11,16.05750277212444,17.663253049336888,14.451752494911997
2025-07-14,23.55687381422982,25.912561195652806,21.20118643280684
2025-07-15,14.321355393518063,15.753490932869871,12.889219854166257
2025-07-16,12.176043946702395,13.393648341372636,10.958439552032155
2025-07-17,28.002390184493088,30.8026292029424,25.20215116604378
2025-07-18,18.133250514256904,19.946575565682597,16.319925462831215
2025-07-21,27.502856783907987,30.253142462298786,24.752571105517188
2025-07-22,27.030454952628247,29.733500447891075,24.327409457365423
2025-07-23,16.11437233143741,17.72580956458115,14.502935098293667
2025-07-24,17.508987177735982,19.25988589550958,15.758088459962384
2025-07-25,23.83348567063365,26.216834237697018,21.450137103570285
2025-07-28,24.49274981211415,26.942024793325565,22.043474830902735
2025-07-29,11.874885186110728,13.062373704721802,10.687396667499655
2025-07-30,18.093963979581364,19.903360377539503,16.28456758162323
2025-07-31,20.349796654601832,22.384776320062016,18.31481698914165
2025-08-01,18.803715114273515,20.684086625700868,16.923343602846163
2025-08-04,29.905493198985415,32.89604251888396,26.914943879086874
2025-08-05,13.606912240214902,14.967603464236394,12.246221016193411
2025-08-06,20.69190058478721,22.76109064326593,18.622710526308488
2025-08-07,17.90261193038662,19.692873123425283,16.11235073734796
2025-08-08,19.177229538600816,21.094952492460898,17.259506584740734
2025-08-11,10.385424063743763,11.42396647011814,9.346881657369387
2025-08-12,10.693189359345254,11.762508295279781,9.623870423410729
2025-08-13,13.67815210954099,15.045967320495091,12.310336898586892
2025-08-14,21.252460128692576,23.377706141561834,19.127214115823318
2025-08-15,22.543645324903217,24.79800985739354,20.289280792412896
2025-08-18,11.868108364958783,13.054919201454663,10.681297528462904
2025-08-19,27.358318714806703,30.094150586287377,24.622486843326033
2025-08-20,28.000869571662236,30.80095652882846,25.200782614496013
2025-08-21,20.275547083339866,22.303101791673853,18.24799237500588
2025-08-22,23.903831644260592,26.294214808686654,21.513448479834533
2025-08-25,22.995211769811647,25.294732946792813,20.695690592830484
2025-08-26,29.73834087272929,32.71217496000222,26.764506785456362
2025-08-27,16.613623130873037,18.274985443960343,14.952260817785733
2025-08-28,22.94912295932535,25.244035255257888,20.654210663392817
2025-08-29,14.685018926861744,16.15352081954792,13.21651703417557
2025-09-01,27.352765189679076,30.088041708646987,24.617488670711168
2025-09-02,10.943512623501872,12.03786388585206,9.849161361151685
2025-09-03,12.08508695313492,13.293595648448415,10.876578257821429
2025-09-04,11.933549102478004,13.126904012725806,10.740194192230204
2025-09-05,22.302812472594184,24.533093719853603,20.072531225334767
2025-09-08,20.120418572884446,22.132460430172895,18.108376715596002
2025-09-09,29.902589873714877,32.89284886108637,26.91233088634339
2025-09-10,10.042387317711896,11.046626049483086,9.038148585940707
2025-09-11,20.150510353263535,22.16556138858989,18.135459317937183
2025-09-12,29.398063063503162,32.33786936985348,26.458256757152846
2025-09-15,23.816684109219743,26.198352520141718,21.435015698297768
2025-09-16,11.636734898617542,12.800408388479298,10.473061408755788
2025-09-17,20.988984378304245,23.087882816134673,18.89008594047382
2025-09-18,18.35687363572226,20.192560999294486,16.521186272150032
2025-09-19,26.102323544704348,28.712555899174784,23.492091190233914
2025-09-22,17.42162537934998,19.163787917284978,15.679462841414981
2025-09-23,23.00262306922602,25.302885376148623,20.702360762303417
2025-09-24,14.33730994458049,15.77104093903854,12.90357895012244
2025-09-25,22.231385318191318,24.454523850010453,20.008246786372187
2025-09-26,21.391154883565918,23.530270371922512,19.252039395209326
2025-09-29,27.02274723324338,29.72502195656772,24.320472509919043
2025-09-30,15.22537861465782,16.747916476123603,13.702840753192039
2025-10-01,17.756256497600845,19.531882147360932,15.98063084784076
2025-10-02,10.231758888090564,11.25493477689962,9.208582999281507
2025-10-03,28.01102181808329,30.81212399989162,25.20991963627496
2025-10-06,22.968267614712694,25.265094376183967,20.671440853241425
2025-10-07,20.42151961900057,22.46367158090063,18.379367657100513
2025-10-08,10.813794170917477,11.895173588009225,9.73241475382573
2025-10-09,11.157399631095256,12.273139594204782,10.04165966798573
2025-10-10,24.143985872316065,26.558384459547675,21.72958728508446
2025-10-13,24.705602574619892,27.176162832081882,22.2350423171579
2025-10-14,15.975106508794195,17.572617159673616,14.377595857914775
2025-10-15,27.74944881073695,30.524393691810648,24.974503929663257
2025-10-16,14.360889288706627,15.79697821757729,12.924800359835965
2025-10-17,16.56840677461163,18.225247452072797,14.911566097150468
2025-10-20,10.52576104338228,11.578337147720509,9.473184939044053
2025-10-21,12.280607810848071,13.50866859193288,11.052547029763264
2025-10-22,12.712554398808425,13.983809838689268,11.441298958927582
2025-10-23,18.52034073013747,20.372374803151217,16.668306657123722
2025-10-24,29.254913228944563,32.180404551839025,26.329421906050108
2025-10-27,29.276132567122563,32.20374582383482,26.348519310410307
2025-10-28,18.14869768491001,19.963567453401016,16.33382791641901
2025-10-29,20.103082192792318,22.113390412071553,18.092773973513086
2025-10-30,15.671783006131143,17.238961306744258,14.10460470551803
2025-10-31,27.151090316861122,29.866199348547237,24.43598128517501
2025-11-03,23.328982519561592,25.661880771517755,20.996084267605433
2025-11-04,20.704423547098393,22.774865901808234,18.633981192388553
2025-11-05,17.326679858409708,19.05934784425068,15.594011872568737
2025-11-06,21.27479813304698,23.402277946351678,19.147318319742283
2025-11-07,24.635341427545608,27.098875570300173,22.171807284791047
2025-11-10,12.99365795180739,14.29302374698813,11.69429215662665
2025-11-11,29.82573836294798,32.80831219924278,26.843164526653183
2025-11-12,12.94690509633718,14.241595605970899,11.652214586703462
2025-11-13,28.67988254573809,31.5478708003119,25.81189429116428
2025-11-14,12.574781412468212,13.832259553715035,11.317303271221391
2025-11-17,23.65644876200335,26.02209363820369,21.290803885803015
2025-11-18,27.65561593617955,30.421177529797507,24.890054342561598
2025-11-19,23.110275982796434,25.421303581076078,20.79924838451679
2025-11-20,25.52137194226831,28.073509136495144,22.96923474804148
2025-11-21,14.867308976229165,16.35403987385208,13.380578078606248
2025-11-24,14.530647652462909,15.983712417709201,13.077582887216618
2025-11-25,16.544567842464463,18.199024626710912,14.890111058218018
2025-11-26,18.780095877322587,20.65810546505485,16.90208628959033
2025-11-27,19.404848012307376,21.345332813538114,17.464363211076638
2025-11-28,18.89495464988172,20.78445011486989,17.005459184893546
2025-12-01,10.317940747419039,11.349734822160944,9.286146672677136
2025-12-02,18.400801472327647,20.24088161956041,16.56072132509488
2025-12-03,12.931757363866488,14.224933100253137,11.638581627479839
2025-12-04,22.02218938828662,24.224408327115285,19.81997044945796
2025-12-05,26.644142318687777,29.308556550556556,23.979728086819
2025-12-08,12.054105592824387,13.259516152106826,10.848695033541949
2025-12-09,19.90937226236045,21.900309488596495,17.918435036124404
2025-12-10,12.753159130378819,14.028475043416702,11.477843217340938
2025-12-11,10.63239668516114,11.695636353677255,9.569157016645027
2025-12-12,20.77273605027893,22.850009655306824,18.69546244525104
2025-12-15,28.196595686026125,31.01625525462874,25.37693611742351
2025-12-16,12.918095183420723,14.209904701762797,11.626285665078651
2025-12-17,18.841182384796497,20.725300623276148,16.95706414631685
2025-12-18,22.8665718356892,25.153229019258124,20.57991465212028
2025-12-19,22.66509071756338,24.93159978931972,20.39858164580704
2025-12-22,20.305848196733457,22.336433016406804,18.275263377060114
2025-12-23,21.895193418439824,24.084712760283807,19.70567407659584
2025-12-24,22.267910546162597,24.494701600778857,20.041119491546336
2025-12-25,19.459092068989012,21.405001275887916,17.51318286209011
2025-12-26,10.760770965543987,11.836848062098387,9.684693868989589
2025-12-29,27.876115230006974,30.663726753007673,25.08850370700628
2025-12-30,17.07270391735955,18.779974309095508,15.365433525623596
2025-12-31,11.864649558324752,13.051114514157227,10.678184602492276
2026-01-01,24.53783738836537,26.99162112720191,22.084053649528833
2026-01-02,24.90174653315403,27.391921186469435,22.411571879838625
2026-01-05,22.675257946976746,24.942783741674422,20.40773215227907
2026-01-06,26.001321275591653,28.60145340315082,23.40118914803249
2026-01-07,19.50513936378819,21.455653300167008,17.55462542740937
2026-01-08,20.178188535492005,22.196007389041206,18.160369681942804
2026-01-09,11.86486633865287,13.051352972518158,10.678379704787584
2026-01-12,16.265719313527832,17.892291244880617,14.639147382175048
2026-01-13,20.13724997136831,22.150974968505142,18.12352497423148
2026-01-14,12.107529001743476,13.318281901917825,10.89677610156913
2026-01-15,13.371698929706625,14.708868822677289,12.034529036735963
2026-01-16,27.887138820089607,30.67585270209857,25.098424938080647
2026-01-19,10.058836780882672,11.06472045897094,9.052953102794405
2026-01-20,20.429462667176928,22.472408933894624,18.386516400459236
2026-01-21,18.901633495755746,20.791796845331323,17.011470146180173
2026-01-22,29.745936431396835,32.72053007453652,26.77134278825715
2026-01-23,14.358089941362826,15.79389893549911,12.922280947226543
2026-01-26,24.834201689134186,27.31762185804761,22.350781520220767
2026-01-27,16.251619677516235,17.87678164526786,14.626457709764612
2026-01-28,28.01940445132952,30.821344896462477,25.21746400619657
2026-01-29,19.083463473588345,20.991809820947182,17.175117126229512
2026-01-30,18.331775965333403,20.164953561866746,16.498598368800064
2026-02-02,26.42430400419857,29.06673440461843,23.781873603778713
2026-02-03,11.371981292408922,12.509179421649815,10.23478316316803
2026-02-04,21.51310641298734,23.664417054286076,19.36179577168861
2026-02-05,22.00618444870102,24.206802893571126,19.80556600383092
2026-02-06,29.921611438443097,32.91377258228741,26.929450294598787
2026-02-09,26.037212911565256,28.640934202721784,23.43349162040873
2026-02-10,11.899793630739994,13.089772993813995,10.709814267665996
2026-02-11,12.59409947312111,13.853509420433223,11.334689525808999
2026-02-12,18.983613221729676,20.881974543902647,17.08525189955671
2026-02-13,13.276328962216652,14.60396185843832,11.948696065994987
2026-02-16,13.502166837832494,14.852383521615744,12.151950154049246
2026-02-17,24.464378227251945,26.910816049977143,22.01794040452675
2026-02-18,15.542350922791254,17.09658601507038,13.988115830512129
2026-02-19,14.566068281798987,16.022675109978888,13.109461453619089
2026-02-20,21.718515511814,23.890367062995402,19.5466639606326
2026-02-23,13.62433977692442,14.986773754616864,12.261905799231979
2026-02-24,26.200757408487664,28.820833149336433,23.5806816676389
2026-02-25,14.303539034998604,15.733892938498466,12.873185131498744
2026-02-26,23.61910028806995,25.981010316876947,21.257190259262956
2026-02-27,17.873060955375756,19.660367050913333,16.085754859838183
2026-03-02,20.985611884397613,23.084173072837377,18.887050695957853
2026-03-03,11.29401855681955,12.423420412501505,10.164616701137595
2026-03-04,29.108567408970426,32.01942414986747,26.197710668073384
2026-03-05,26.41383998170918,29.0552239798801,23.772455983538265
2026-03-06,22.410464276589472,24.651510704248423,20.169417848930525
2026-03-09,10.831237263342135,11.91436098967635,9.748113537007923
2026-03-10,25.282306581515215,27.81053723966674,22.754075923363693
2026-03-11,18.133467233626025,19.946813956988628,16.320120510263422
2026-03-12,26.04538197227001,28.649920169497015,23.44084377504301
2026-03-13,15.734305075110377,17.307735582621415,14.16087456759934
2026-03-16,16.965018350861982,18.66152018594818,15.268516515775785
2026-03-17,20.092404505182014,22.101644955700216,18.08316405466381
2026-03-18,13.77552200653115,15.153074207184266,12.397969805878034
2026-03-19,11.531763693750626,12.68494006312569,10.378587324375564
2026-03-20,21.88755504435119,24.07631054878631,19.69879953991607
2026-03-23,20.11160715079086,22.12276786586995,18.100446435711774
2026-03-24,18.78946737521386,20.66841411273525,16.910520637692475
2026-03-25,15.2459159136494,16.77050750501434,13.72132432228446
2026-03-26,25.440424456492767,27.984466902142046,22.896382010843492
2026-03-27,26.371584376057505,29.008742813663257,23.734425938451757
2026-03-30,16.550310443355727,18.2053414876913,14.895279399020154
2026-03-31,24.254376303945605,26.679813934340167,21.828938673551047
2026-04-01,22.20864696996096,24.42951166695706,19.987782272964864
2026-04-02,13.106952038060474,14.417647241866522,11.796256834254427
2026-04-03,19.37279393759271,21.310073331351983,17.435514543833442
2026-04-06,22.160683875046555,24.37675226255121,19.9446154875419
2026-04-07,18.670191490777363,20.5372106398551,16.80317234169963
2026-04-08,23.401130080497527,25.741243088547282,21.061017072447775
2026-04-09,20.87551510865466,22.963066619520127,18.787963597789194
2026-04-10,29.79390853572776,32.77329938930054,26.814517682154985
2026-04-13,20.194332001892242,22.21376520208147,18.17489880170302
2026-04-14,15.447650815428027,16.99241589697083,13.902885733885224
2026-04-15,18.350413630191746,20.18545499321092,16.515372267172573
2026-04-16,17.28454383015489,19.012998213170384,15.556089447139403
2026-04-17,19.682508971088794,21.650759868197675,17.714258073979916
2026-04-20,17.103522414105317,18.81387465551585,15.393170172694786
2026-04-21,26.151224333102952,28.76634676641325,23.53610189979266
2026-04-22,28.24764765750465,31.07241242325512,25.422882891754185
2026-04-23,24.723788756366847,27.196167632003533,22.25140988073016
2026-04-24,19.104637016289438,21.015100717918383,17.194173314660496
2026-04-27,13.902142150846547,15.292356365931203,12.511927935761893
2026-04-28,14.153386752643847,15.568725427908234,12.738048077379462
2026-04-29,18.938344952265982,20.83217944749258,17.044510457039383
2026-04-30,27.037176807488287,29.740894488237117,24.33345912673946
2026-05-01,19.017856900480815,20.9196425905289,17.116071210432736
2026-05-04,17.108573352653302,18.819430687918633,15.397716017387973
2026-05-05,17.793376146951488,19.57271376164664,16.01403853225634
2026-05-06,15.56582633272853,17.122408966001384,14.009243699455677
2026-05-07,23.752053151357018,26.127258466492723,21.376847836221316
2026-05-08,26.301082314413826,28.93119054585521,23.670974082972442
2026-05-11,16.641317970422712,18.305449767464985,14.97718617338044
2026-05-12,21.391336362702024,23.53046999897223,19.252202726431822
2026-05-13,25.123024294837542,27.6353267243213,22.61072186535379
2026-05-14,20.957316394624826,23.05304803408731,18.861584755162344
2026-05-15,11.313054704484655,12.444360174933122,10.18174923403619
2026-05-18,24.377796583413797,26.815576241755178,21.940016925072417
2026-05-19,17.251062391875358,18.976168631062894,15.525956152687822
2026-05-20,17.83951844316868,19.62347028748555,16.05556659885181
2026-05-21,10.735738577257566,11.809312434983323,9.662164719531809
2026-05-22,19.51050382241507,21.46155420465658,17.559453440173563
2026-05-25,16.02452086940155,17.626972956341707,14.422068782461395
2026-05-26,15.046199113358176,16.550819024693993,13.541579202022358
2026-05-27,19.874169445687535,21.86158639025629,17.88675250111878
2026-05-28,14.680780222548327,16.14885824480316,13.212702200293494
2026-05-29,12.539558958982226,13.793514854880451,11.285603063084004
2026-06-01,17.000316254760786,18.700347880236865,15.300284629284707
2026-06-02,18.961268642533287,20.857395506786617,17.06514177827996
2026-06-03,12.91545640548986,14.207002046038847,11.623910764940874
2026-06-04,15.544314143455498,17.09874555780105,13.989882729109949
2026-06-05,17.684566862781406,19.453023549059548,15.916110176503265
2026-06-08,26.40692041928585,29.047612461214438,23.766228377357265
2026-06-09,25.007200010863063,27.50792001194937,22.506480009776755
2026-06-10,14.404048665689526,15.84445353225848,12.963643799120574
2026-06-11,15.538219024988669,17.09204092748754,13.984397122489803
2026-06-12,24.269599029920816,26.6965589329129,21.842639126928734
2026-06-15,26.816724229471124,29.49839665241824,24.13505180652401
2026-06-16,16.60178740009756,18.26196614010732,14.941608660087805
2026-06-17,15.57388575885419,17.13127433473961,14.016497182968772
2026-06-18,29.11338715343323,32.02472586877656,26.202048438089907
2026-06-19,11.13644195406146,12.250086149467608,10.022797758655315
2026-06-22,26.630667766152264,29.293734542767492,23.96760098953704
2026-06-23,21.70663044092533,23.877293485017866,19.5359673968328
2026-06-24,11.320239986600464,12.452263985260512,10.188215987940419
2026-06-25,24.05342629788914,26.458768927678054,21.648083668100227
2026-06-26,12.033475941036173,13.236823535139791,10.830128346932556
2026-06-29,14.036616170445871,15.44027778749046,12.632954553401284
2026-06-30,14.584176542137675,16.042594196351445,13.125758887923908
2026-07-01,22.799649915930438,25.079614907523485,20.519684924337394
2026-07-02,17.56267403949218,19.3189414434414,15.806406635542961
2026-07-03,18.786535544530874,20.665189098983962,16.907881990077787
2026-07-06,25.568110013685974,28.124921015054575,23.011299012317377
2026-07-07,14.15689494697274,15.572584441670015,12.741205452275466
2026-07-08,11.230098747995289,12.353108622794819,10.10708887319576
2026-07-09,16.83076428747113,18.513840716218244,15.147687858724018
2026-07-10,23.820129312519562,26.20214224377152,21.438116381267605
2026-07-13,11.028681833268347,12.131550016595183,9.925813649941514
2026-07-14,23.202656600620998,25.5229222606831,20.8823909405589
2026-07-15,11.486507662846378,12.635158429131017,10.33785689656174
2026-07-16,16.95698927184435,18.652688199028788,15.261290344659916
2026-07-17,25.3257312269292,27.858304349622124,22.79315810423628
2026-07-20,26.28979954426933,28.918779498696264,23.660819589842397
2026-07-21,16.83465862578784,18.518124488366624,15.151192763209055
2026-07-22,26.288653076723143,28.91751838439546,23.65978776905083
2026-07-23,19.484641189084456,21.433105307992903,17.536177070176013
2026-07-24,26.68967434611387,29.358641780725257,24.020706911502483
2026-07-27,25.23689096592416,27.760580062516578,22.713201869331744
2026-07-28,17.50903315488661,19.259936470375273,15.758129839397949
2026-07-29,10.813767542851998,11.895144297137199,9.732390788566798
2026-07-30,13.387425530321435,14.72616808335358,12.048682977289292
2026-07-31,18.678641647684017,20.54650581245242,16.810777482915615
2026-08-03,22.478754666851458,24.726630133536606,20.230879200166314
2026-08-04,26.628669506966908,29.2915364576636,23.96580255627022
2026-08-05,23.57897757485147,25.93687533233662,21.221079817366324
2026-08-06,13.528892126556746,14.881781339212422,12.176002913901073
2026-08-07,13.933539813325577,15.326893794658137,12.54018583199302
2026-08-10,27.920151836725516,30.71216702039807,25.128136653052966
2026-08-11,13.66078225246728,15.02686047771401,12.294704027220552
2026-08-12,18.45907340200373,20.304980742204105,16.61316606180336
2026-08-13,19.502750268272706,21.453025295099977,17.552475241445435
2026-08-14,29.391427981644853,32.33057077980934,26.452285183480367
2026-08-17,18.875349289904552,20.76288421889501,16.987814360914097
2026-08-18,19.347215171349145,21.281936688484063,17.41249365421423
2026-08-19,17.267308587106243,18.994039445816867,15.540577728395618
2026-08-20,13.780847672495863,15.15893243974545,12.402762905246277
2026-08-21,14.924456318266227,16.41690195009285,13.432010686439604
2026-08-24,16.282813689859264,17.91109505884519,14.654532320873338
2026-08-25,21.093417931965433,23.20275972516198,18.98407613876889
2026-08-26,14.038975008667542,15.442872509534297,12.635077507800789
2026-08-27,24.352921644266175,26.788213808692795,21.917629479839558
2026-08-28,10.615043734366612,11.676548107803274,9.553539360929951
