date,dd
2010-01-04,0.0
2010-01-05,0.0
2010-01-06,0.0
2010-01-07,0.0
2010-01-08,0.0
2010-01-11,0.0
2010-01-12,0.0
2010-01-13,0.0
2010-01-14,0.0
2010-01-15,0.0
2010-01-18,0.0
2010-01-19,0.0
2010-01-20,0.0
2010-01-21,0.0
2010-01-22,0.0
2010-01-25,0.0
2010-01-27,0.0
2010-01-28,0.0
2010-01-29,0.0
2010-02-01,0.0
2010-02-02,-0.0014999999999999458
2010-02-03,0.0
2010-02-04,-0.01360709897120338
2010-02-05,-0.052319910056309205
2010-02-06,-0.031651744548439
2010-02-08,-0.03296383316427298
2010-02-09,-0.01244328195835731
2010-02-10,-0.012086371853010536
2010-02-11,-0.010029366230997927
2010-02-15,-0.014653527399955402
2010-02-16,-0.0036587504599625564
2010-02-17,0.0
2010-02-18,-0.0038863803839523925
2010-02-19,-0.019372446497346374
2010-02-22,-0.03473009364762358
2010-02-23,-0.04731742813195439
2010-02-24,-0.05750844187992965
2010-02-25,-0.07480914360611035
2010-02-26,-0.04937341885149493
2010-03-02,-0.038532590131119204
2010-03-03,-0.028428297545090686
2010-03-04,-0.01636146325246468
2010-03-05,-0.014770696739011768
2010-03-08,-0.002961589980125745
2010-03-09,-0.0023134018877768447
2010-03-10,-0.005232184389260097
2010-03-11,-0.010818048215281095
2010-03-12,-0.010411316165118478
2010-03-15,-0.019681783998891866
2010-03-16,-0.001262795823168461
2010-03-17,0.0
2010-03-18,-0.007199349254297327
2010-03-19,-0.0009204893962733163
2010-03-22,-0.01019966820697693
2010-03-23,-0.008728539261598778
2010-03-25,-0.009787660710148804
2010-03-26,-0.010098095561401843
2010-03-29,-0.025651476751276436
2010-03-30,-0.021414677848524466
2010-03-31,-0.019959529482906913
2010-04-01,-0.0034435101534415757
2010-04-05,0.0
2010-04-06,-0.002904275356180208
2010-04-07,0.0
2010-04-08,0.0
2010-04-09,0.0
2010-04-12,0.0
2010-04-13,0.0
2010-04-15,-0.00388984800197123
2010-04-16,-0.004767720455533753
2010-04-19,-0.016016787209059302
2010-04-20,-0.0026594172150248285
2010-04-21,0.0
2010-04-22,-0.004741503942059522
2010-04-23,-0.002789382213265079
2010-04-26,0.0
2010-04-27,0.0
2010-04-28,-0.017667359589128462
2010-04-29,-0.008900718967043697
2010-04-30,-0.005751502395579644
2010-05-03,-0.011073421143076745
2010-05-04,-0.02626642375753674
2010-05-05,-0.0273298050250792
2010-05-06,-0.023797012018998642
2010-05-07,-0.051514332171113786
2010-05-10,-0.02714084226496638
2010-05-11,-0.03690173617948689
2010-05-12,-0.03952475194024052
2010-05-13,-0.028418218297163955
2010-05-14,-0.03757959044142212
2010-05-16,-0.03757959044142212
2010-05-17,-0.03757959044142212
2010-05-18,-0.030389755538365315
2010-05-19,-0.05313148732076367
2010-05-20,-0.05743494373195712
2010-05-21,-0.06985748187786933
2010-05-24,-0.0665215585481137
2010-05-25,-0.09781302269754766
2010-05-26,-0.07838348875821566
2010-05-27,-0.07166186422380483
2010-05-28,-0.07166186422380483
2010-05-31,-0.07166186422380483
2010-06-01,-0.07305437142746918
2010-06-02,-0.06397517334415193
2010-06-03,-0.06537921058413576
2010-06-04,-0.06487134741903866
2010-06-07,-0.0751387846773236
2010-06-08,-0.08090059969114005
2010-06-09,-0.08090059969114005
2010-06-10,-0.08090059969114005
2010-06-11,-0.08227924879160342
2010-06-14,-0.06765725676174694
2010-06-15,-0.06009121379248783
2010-06-16,-0.058751356218133544
2010-06-17,-0.0525572614195714
2010-06-18,-0.053015777368658035
2010-06-21,-0.0437908163539773
2010-06-22,-0.04019739383026133
2010-06-23,-0.03132339451003363
2010-06-24,-0.028056420201664434
2010-06-25,-0.03321972276910812
2010-06-28,-0.028262086043429946
2010-06-29,-0.034435444474946064
2010-06-30,-0.03150267930547779
2010-07-01,-0.03186474230835468
2010-07-02,-0.026873926734424125
2010-07-05,-0.022217491480077012
2010-07-06,-0.013804213761666295
2010-07-07,-0.014050946633581196
2010-07-08,-0.007886813270059578
2010-07-09,-0.006968826173529674
2010-07-12,-0.0028976329445786764
2010-07-13,0.0
2010-07-14,-0.0013124610627579525
2010-07-15,-0.001268640749810035
2010-07-16,0.0
2010-07-19,0.0
2010-07-20,-0.001736990701517005
2010-07-21,-0.00043968375212954935
2010-07-22,0.0
2010-07-23,-0.0043565887760455
2010-07-26,-0.013880722382264121
2010-07-27,-0.013586495334154791
2010-07-28,-0.014505577726822705
2010-07-29,-0.011160746558009582
2010-07-30,-0.013684442032349198
2010-08-02,-0.0022540455611426147
2010-08-03,-0.0013487290162831345
2010-08-04,0.0
2010-08-05,0.0
2010-08-06,0.0
2010-08-09,0.0
2010-08-10,-0.0025587129605014747
2010-08-11,-0.003932232985568884
2010-08-12,-0.004123521162541999
2010-08-13,0.0
2010-08-16,-0.0027926552590796794
2010-08-17,0.0
2010-08-18,0.0
2010-08-19,0.0
2010-08-20,-0.00035989839395189627
2010-08-23,0.0
2010-08-24,-0.0058814113153877745
2010-08-25,-0.0220194109695262
2010-08-26,-0.020342201490445744
2010-08-27,-0.030179715330401646
2010-08-30,-0.03357482519988986
2010-08-31,-0.04277328370649469
2010-09-01,-0.021274306663147335
2010-09-02,-0.012379546448072043
2010-09-03,-0.0012352324373314794
2010-09-06,0.0
2010-09-07,0.0
2010-09-08,0.0
2010-09-09,0.0
2010-09-13,0.0
2010-09-14,-0.006402952751104363
2010-09-15,-0.007914481335121293
2010-09-16,-0.014266442180190908
2010-09-17,-0.0015405142485250822
2010-09-20,0.0
2010-09-21,-0.012969341742004592
2010-09-22,-0.016683302668232036
2010-09-23,-0.015755215422258217
2010-09-24,-0.0020445542567548713
2010-09-27,-0.0010330045892773532
2010-09-28,-0.002191581180634561
2010-09-29,-0.006958012349118969
2010-09-30,-0.004630642821887299
2010-10-01,0.0
2010-10-04,0.0
2010-10-05,0.0
2010-10-06,0.0
2010-10-07,-0.006663576597300214
2010-10-08,-0.010217431551096001
2010-10-11,0.0
2010-10-12,-0.00029072981045485946
2010-10-13,0.0
2010-10-14,-0.00271817687277931
2010-10-15,-0.011664150241286864
2010-10-18,-0.015137111144002846
2010-10-19,-0.011006869444858736
2010-10-20,-0.01606757022442451
2010-10-21,-0.005184724993237633
2010-10-22,0.0
2010-10-25,0.0
2010-10-26,-0.0017443440663348353
2010-10-27,-0.004853025840173775
2010-10-28,-0.01026453913920311
2010-10-29,-0.021513304226536967
2010-11-01,-0.012170735112454145
2010-11-02,-0.0071386595570807065
2010-11-03,-0.0014503887560948225
2010-11-04,0.0
2010-11-05,0.0
2010-11-08,0.0
2010-11-09,0.0
2010-11-10,0.0
2010-11-11,-0.008394242432443355
2010-11-12,-0.03271979617201015
2010-11-15,-0.034285790753859624
2010-11-16,-0.05964600134588405
2010-11-18,-0.06720578735033256
2010-11-19,-0.08446958236413771
2010-11-22,-0.07154244398347775
2010-11-23,-0.084322849053176
2010-11-24,-0.0913661778521967
2010-11-25,-0.1089577107868065
2010-11-26,-0.143890927835862
2010-11-29,-0.143890927835862
2010-11-30,-0.143890927835862
2010-12-01,-0.143890927835862
2010-12-02,-0.143890927835862
2010-12-03,-0.14517509144410812
2010-12-06,-0.15065183840796703
2010-12-07,-0.15065183840796703
2010-12-08,-0.15065183840796703
2010-12-09,-0.15065183840796703
2010-12-10,-0.15065183840796703
2010-12-13,-0.15065183840796703
2010-12-14,-0.15065183840796703
2010-12-15,-0.15065183840796703
2010-12-16,-0.15065183840796703
2010-12-20,-0.15065183840796703
2010-12-21,-0.15065183840796703
2010-12-22,-0.15065183840796703
2010-12-23,-0.15065183840796703
2010-12-24,-0.15065183840796703
2010-12-27,-0.15065183840796703
2010-12-28,-0.15065183840796703
2010-12-29,-0.15065183840796703
2010-12-30,-0.15065183840796703
2010-12-31,-0.15065183840796703
2011-01-03,-0.15065183840796703
2011-01-04,-0.15065183840796703
2011-01-05,-0.15065183840796703
2011-01-06,-0.15065183840796703
2011-01-07,-0.15065183840796703
2011-01-10,-0.15065183840796703
2011-01-11,-0.15065183840796703
2011-01-12,-0.15065183840796703
2011-01-13,-0.15065183840796703
2011-01-14,-0.15065183840796703
2011-01-17,-0.15065183840796703
2011-01-18,-0.15065183840796703
2011-01-19,-0.15065183840796703
2011-01-20,-0.15065183840796703
2011-01-21,-0.15065183840796703
2011-01-24,-0.15065183840796703
2011-01-25,-0.15065183840796703
2011-01-27,-0.15065183840796703
2011-01-28,-0.15065183840796703
2011-01-31,-0.15065183840796703
2011-02-01,-0.15065183840796703
2011-02-02,-0.15065183840796703
2011-02-03,-0.15065183840796703
2011-02-04,-0.15065183840796703
2011-02-07,-0.15065183840796703
2011-02-08,-0.15065183840796703
2011-02-09,-0.15065183840796703
2011-02-10,-0.15065183840796703
2011-02-11,-0.15065183840796703
2011-02-14,-0.15065183840796703
2011-02-15,-0.15065183840796703
2011-02-16,-0.15065183840796703
2011-02-17,-0.15065183840796703
2011-02-18,-0.15065183840796703
2011-02-21,-0.15065183840796703
2011-02-22,-0.15065183840796703
2011-02-23,-0.15065183840796703
2011-02-24,-0.15065183840796703
2011-02-25,-0.15065183840796703
2011-02-28,-0.15065183840796703
2011-03-01,-0.15065183840796703
2011-03-03,-0.15065183840796703
2011-03-04,-0.15065183840796703
2011-03-07,-0.15065183840796703
2011-03-08,-0.15065183840796703
2011-03-09,-0.15065183840796703
2011-03-10,-0.15065183840796703
2011-03-11,-0.15065183840796703
2011-03-14,-0.15065183840796703
2011-03-15,-0.15065183840796703
2011-03-16,-0.15065183840796703
2011-03-17,-0.15065183840796703
2011-03-18,-0.15065183840796703
2011-03-21,-0.15065183840796703
2011-03-22,-0.15065183840796703
2011-03-23,-0.15065183840796703
2011-03-24,-0.15065183840796703
2011-03-25,-0.15065183840796703
2011-03-28,-0.15065183840796703
2011-03-29,-0.15065183840796703
2011-03-30,-0.15065183840796703
2011-03-31,-0.15065183840796703
2011-04-01,-0.15065183840796703
2011-04-04,-0.15065183840796703
2011-04-05,-0.15065183840796703
2011-04-06,-0.15192586065035507
2011-04-07,-0.14407760177913376
2011-04-08,-0.1520852765743168
2011-04-11,-0.15603963793988174
2011-04-13,-0.14435913669945932
2011-04-15,-0.14355662687506854
2011-04-18,-0.1538246721666967
2011-04-19,-0.15168814230627325
2011-04-20,-0.14063023211295933
2011-04-21,-0.13955538545658108
2011-04-25,-0.13638538408070655
2011-04-26,-0.13551995947502438
2011-04-27,-0.13436146244978986
2011-04-28,-0.13956319936807637
2011-04-29,-0.15114616194466735
2011-05-02,-0.15901182844170503
2011-05-03,-0.1738694316949394
2011-05-04,-0.17843057075740587
2011-05-05,-0.17843057075740587
2011-05-06,-0.17843057075740587
2011-05-09,-0.17843057075740587
2011-05-10,-0.17843057075740587
2011-05-11,-0.17843057075740587
2011-05-12,-0.17843057075740587
2011-05-13,-0.17843057075740587
2011-05-16,-0.17843057075740587
2011-05-17,-0.17843057075740587
2011-05-18,-0.17843057075740587
2011-05-19,-0.17843057075740587
2011-05-20,-0.17843057075740587
2011-05-23,-0.17843057075740587
2011-05-24,-0.17843057075740587
2011-05-25,-0.17843057075740587
2011-05-26,-0.17843057075740587
2011-05-27,-0.17843057075740587
2011-05-30,-0.17843057075740587
2011-05-31,-0.17843057075740587
2011-06-01,-0.17966292490126967
2011-06-02,-0.1860877729743592
2011-06-03,-0.1866117984452349
2011-06-06,-0.18819740000409702
2011-06-07,-0.18408419769248396
2011-06-08,-0.18323642873424595
2011-06-09,-0.18136778381549257
2011-06-10,-0.1829042473472855
2011-06-13,-0.1801262949929865
2011-06-14,-0.17663589611410047
2011-06-15,-0.18094886964662116
2011-06-16,-0.18574901644728803
2011-06-17,-0.19218594145299206
2011-06-20,-0.21796049075214396
2011-06-21,-0.21967935773568303
2011-06-22,-0.21967935773568303
2011-06-23,-0.21967935773568303
2011-06-24,-0.21967935773568303
2011-06-27,-0.21967935773568303
2011-06-28,-0.21967935773568303
2011-06-29,-0.21967935773568303
2011-06-30,-0.22084983869907948
2011-07-01,-0.21494742863987792
2011-07-04,-0.2069958908735131
2011-07-05,-0.20567109907592784
2011-07-06,-0.2017891110330159
2011-07-07,-0.19356954700011575
2011-07-08,-0.20123218740140858
2011-07-11,-0.20223838843930542
2011-07-12,-0.2116035673323189
2011-07-13,-0.19968702773743952
2011-07-14,-0.19686112930988742
2011-07-15,-0.19713062805152226
2011-07-18,-0.19427760258414384
2011-07-19,-0.18853991830362749
2011-07-20,-0.1937076588444424
2011-07-21,-0.19663324706670082
2011-07-22,-0.18623081835683153
2011-07-25,-0.1798194381778676
2011-07-26,-0.18832915597233768
2011-07-27,-0.18934257564354406
2011-07-28,-0.19521457678089627
2011-07-29,-0.20138017080714254
2011-08-01,-0.20445793397387169
2011-08-02,-0.21539944709953318
2011-08-03,-0.2192005508062299
2011-08-04,-0.2253035554595293
2011-08-05,-0.24736663640346035
2011-08-08,-0.24736663640346035
2011-08-09,-0.24736663640346035
2011-08-10,-0.24736663640346035
2011-08-11,-0.24736663640346035
2011-08-12,-0.24736663640346035
2011-08-16,-0.24736663640346035
2011-08-17,-0.24736663640346035
2011-08-18,-0.24736663640346035
2011-08-19,-0.24736663640346035
2011-08-22,-0.24736663640346035
2011-08-23,-0.24736663640346035
2011-08-24,-0.24736663640346035
2011-08-25,-0.24736663640346035
2011-08-26,-0.24736663640346035
2011-08-29,-0.24736663640346035
2011-08-30,-0.24736663640346035
2011-09-02,-0.24736663640346035
2011-09-05,-0.24736663640346035
2011-09-06,-0.24736663640346035
2011-09-07,-0.24736663640346035
2011-09-08,-0.24736663640346035
2011-09-09,-0.24736663640346035
2011-09-12,-0.24736663640346035
2011-09-13,-0.24736663640346035
2011-09-14,-0.24736663640346035
2011-09-15,-0.24736663640346035
2011-09-16,-0.24736663640346035
2011-09-19,-0.24736663640346035
2011-09-20,-0.24736663640346035
2011-09-21,-0.24736663640346035
2011-09-22,-0.24736663640346035
2011-09-23,-0.24736663640346035
2011-09-26,-0.24736663640346035
2011-09-27,-0.24736663640346035
2011-09-28,-0.24736663640346035
2011-09-29,-0.24736663640346035
2011-09-30,-0.24736663640346035
2011-10-03,-0.24736663640346035
2011-10-04,-0.24736663640346035
2011-10-05,-0.24736663640346035
2011-10-07,-0.24736663640346035
2011-10-10,-0.24736663640346035
2011-10-11,-0.24736663640346035
2011-10-12,-0.24736663640346035
2011-10-13,-0.24736663640346035
2011-10-14,-0.24736663640346035
2011-10-17,-0.24736663640346035
2011-10-18,-0.24736663640346035
2011-10-19,-0.24736663640346035
2011-10-20,-0.24736663640346035
2011-10-21,-0.24736663640346035
2011-10-24,-0.24736663640346035
2011-10-25,-0.24736663640346035
2011-10-26,-0.24736663640346035
2011-10-28,-0.24736663640346035
2011-10-31,-0.24736663640346035
2011-11-01,-0.24736663640346035
2011-11-02,-0.24736663640346035
2011-11-03,-0.24736663640346035
2011-11-04,-0.24736663640346035
2011-11-08,-0.24736663640346035
2011-11-09,-0.24736663640346035
2011-11-11,-0.24736663640346035
2011-11-14,-0.24736663640346035
2011-11-15,-0.24736663640346035
2011-11-16,-0.24736663640346035
2011-11-17,-0.24736663640346035
2011-11-18,-0.24736663640346035
2011-11-21,-0.24736663640346035
2011-11-22,-0.24736663640346035
2011-11-23,-0.24736663640346035
2011-11-24,-0.24736663640346035
2011-11-25,-0.24736663640346035
2011-11-28,-0.24736663640346035
2011-11-29,-0.24736663640346035
2011-11-30,-0.24736663640346035
2011-12-01,-0.24736663640346035
2011-12-02,-0.24736663640346035
2011-12-05,-0.24736663640346035
2011-12-07,-0.24736663640346035
2011-12-08,-0.24736663640346035
2011-12-09,-0.24736663640346035
2011-12-12,-0.24736663640346035
2011-12-13,-0.24736663640346035
2011-12-14,-0.24736663640346035
2011-12-15,-0.24736663640346035
2011-12-16,-0.24736663640346035
2011-12-19,-0.24736663640346035
2011-12-20,-0.24736663640346035
2011-12-21,-0.24736663640346035
2011-12-22,-0.24736663640346035
2011-12-23,-0.24736663640346035
2011-12-26,-0.24736663640346035
2011-12-27,-0.24736663640346035
2011-12-28,-0.24736663640346035
2011-12-29,-0.24736663640346035
2011-12-30,-0.24736663640346035
2012-01-02,-0.24736663640346035
2012-01-03,-0.24736663640346035
2012-01-04,-0.24736663640346035
2012-01-05,-0.24736663640346035
2012-01-06,-0.24736663640346035
2012-01-07,-0.24736663640346035
2012-01-09,-0.24736663640346035
2012-01-10,-0.24736663640346035
2012-01-11,-0.24736663640346035
2012-01-12,-0.24736663640346035
2012-01-13,-0.24736663640346035
2012-01-16,-0.24736663640346035
2012-01-17,-0.24736663640346035
2012-01-18,-0.24736663640346035
2012-01-19,-0.24736663640346035
2012-01-20,-0.24736663640346035
2012-01-23,-0.24736663640346035
2012-01-24,-0.24849558644885517
2012-01-25,-0.23838126228757728
2012-01-27,-0.23092534719728253
2012-01-30,-0.24260788809255363
2012-01-31,-0.23046718237679498
2012-02-01,-0.21898709379704795
2012-02-02,-0.21315507092106178
2012-02-03,-0.2056170310378681
2012-02-06,-0.19719405774116272
2012-02-07,-0.20036170951146148
2012-02-08,-0.19021320784227147
2012-02-09,-0.1795676496641162
2012-02-10,-0.17910910971820226
2012-02-13,-0.177030283971355
2012-02-14,-0.1681056383933549
2012-02-15,-0.15344612381833544
2012-02-16,-0.1466244951079877
2012-02-17,-0.14843964756122696
2012-02-21,-0.14108029014327628
2012-02-22,-0.16848937749642057
2012-02-23,-0.17565859380793736
2012-02-24,-0.18032137138635818
2012-02-27,-0.20558544278639557
2012-02-28,-0.18072948171174863
2012-02-29,-0.17283724316425586
2012-03-01,-0.17492550318373967
2012-03-02,-0.17505216981753524
2012-03-03,-0.17307736549063513
2012-03-05,-0.18151988325623947
2012-03-06,-0.19104131390855372
2012-03-07,-0.19386029318736286
2012-03-09,-0.18021869854634243
2012-03-12,-0.17271785812411222
2012-03-13,-0.16322657137102037
2012-03-14,-0.16307247348700027
2012-03-15,-0.17133198661315574
2012-03-16,-0.1799901943361235
2012-03-19,-0.18713129617186408
2012-03-20,-0.18582583788332063
2012-03-21,-0.1731620009050977
2012-03-22,-0.18944055729037002
2012-03-23,-0.18493113992067922
2012-03-26,-0.19820696601922605
2012-03-27,-0.19883907431275338
2012-03-28,-0.208288839176743
2012-03-29,-0.20717044857111067
2012-03-30,-0.18924885320134066
2012-04-02,-0.1765571101782658
2012-04-03,-0.16744679723460942
2012-04-04,-0.16615242406410102
2012-04-09,-0.17549789187078768
2012-04-10,-0.17556932640319045
2012-04-11,-0.17947225186842986
2012-04-12,-0.17062713540299446
2012-04-13,-0.17662488441153712
2012-04-16,-0.17116739173473106
2012-04-17,-0.16402160610713534
2012-04-18,-0.16034767176663645
2012-04-19,-0.15745681274853696
2012-04-20,-0.16228533511569676
2012-04-23,-0.17678076872467352
2012-04-24,-0.17762120708835438
2012-04-25,-0.18245779456417632
2012-04-26,-0.18523744848200507
2012-04-27,-0.18682495850051384
2012-04-28,-0.1819177447560283
2012-04-30,-0.17685954462312647
2012-05-02,-0.17701159324914717
2012-05-03,-0.18483285715262954
2012-05-04,-0.2013202947354672
2012-05-07,-0.1966951204006976
2012-05-08,-0.20612264885697218
2012-05-09,-0.21525254510524705
2012-05-10,-0.2156190030280769
2012-05-11,-0.22394771709011196
2012-05-14,-0.22394771709011196
2012-05-15,-0.22394771709011196
2012-05-16,-0.22394771709011196
2012-05-17,-0.22394771709011196
2012-05-18,-0.22394771709011196
2012-05-21,-0.22394771709011196
2012-05-22,-0.22394771709011196
2012-05-23,-0.22394771709011196
2012-05-24,-0.22394771709011196
2012-05-25,-0.22394771709011196
2012-05-28,-0.22394771709011196
2012-05-29,-0.22394771709011196
2012-05-30,-0.22394771709011196
2012-05-31,-0.22394771709011196
2012-06-01,-0.22394771709011196
2012-06-04,-0.22394771709011196
2012-06-05,-0.22394771709011196
2012-06-06,-0.22394771709011196
2012-06-07,-0.22394771709011196
2012-06-08,-0.22394771709011196
2012-06-11,-0.22394771709011196
2012-06-12,-0.22394771709011196
2012-06-13,-0.22394771709011196
2012-06-14,-0.22394771709011196
2012-06-15,-0.22394771709011196
2012-06-18,-0.22394771709011196
2012-06-19,-0.22394771709011196
2012-06-20,-0.22394771709011196
2012-06-21,-0.22394771709011196
2012-06-22,-0.22394771709011196
2012-06-25,-0.22394771709011196
2012-06-26,-0.22394771709011196
2012-06-27,-0.22394771709011196
2012-06-28,-0.22394771709011196
2012-06-29,-0.22394771709011196
2012-07-02,-0.2251117955144768
2012-07-03,-0.2182148178738461
2012-07-04,-0.2092963222667762
2012-07-05,-0.19648364553093756
2012-07-06,-0.1979490482712225
2012-07-09,-0.20683079237473045
2012-07-10,-0.19926860204174957
2012-07-11,-0.20111424571637193
2012-07-12,-0.20637229725276907
2012-07-13,-0.20639314987552937
2012-07-16,-0.2113968167075706
2012-07-17,-0.21694477526291212
2012-07-18,-0.21423910686724978
2012-07-19,-0.2122749886128117
2012-07-20,-0.21461287137337026
2012-07-23,-0.22552733389622825
2012-07-24,-0.22324784421649735
2012-07-25,-0.22803951095199926
2012-07-26,-0.24026009080090838
2012-07-27,-0.24833821663752165
2012-07-30,-0.24833821663752165
2012-07-31,-0.24833821663752165
2012-08-01,-0.2494657093125653
2012-08-02,-0.24743854504123064
2012-08-03,-0.2473239533833208
2012-08-06,-0.24065976009680923
2012-08-07,-0.2367626507510766
2012-08-08,-0.23826499728489903
2012-08-09,-0.24084934242602163
2012-08-10,-0.24204018021606677
2012-08-13,-0.237151506440194
2012-08-14,-0.2338211823846169
2012-08-16,-0.2319686820636524
2012-08-17,-0.23207358509701548
2012-08-21,-0.22575544108924306
2012-08-22,-0.22572918750451876
2012-08-23,-0.22478595661193046
2012-08-24,-0.2294813732493144
2012-08-27,-0.237565427007993
2012-08-28,-0.24831545390424103
2012-08-29,-0.2533868671861862
2012-08-30,-0.24997935148694672
2012-08-31,-0.2504901921444178
2012-09-03,-0.24733902827563525
2012-09-04,-0.24270598167314794
2012-09-05,-0.24378865913430103
2012-09-06,-0.2415052743056647
2012-09-07,-0.23341886197940098
2012-09-08,-0.22800847748434772
2012-09-10,-0.22317726966930596
2012-09-11,-0.2188843263118635
2012-09-12,-0.2148948591337625
2012-09-13,-0.21641763151257187
2012-09-14,-0.21315127585468907
2012-09-17,-0.2052181470158453
2012-09-18,-0.1971239329969876
2012-09-20,-0.20203206615085778
2012-09-21,-0.18930483686511002
2012-09-24,-0.18287382783953587
2012-09-25,-0.17884418659464185
2012-09-26,-0.17536268839666136
2012-09-27,-0.17323935439657834
2012-09-28,-0.16618741679702564
2012-10-01,-0.15586427337205777
2012-10-03,-0.14751106096851707
2012-10-04,-0.1434687099127786
2012-10-05,-0.1514743599703935
2012-10-08,-0.1524227938042656
2012-10-09,-0.14834375907183173
2012-10-10,-0.16032307557957304
2012-10-11,-0.1507561761916879
2012-10-12,-0.14965535837050137
2012-10-15,-0.14611600468697516
2012-10-16,-0.15187856667646882
2012-10-17,-0.15052254549642885
2012-10-18,-0.14038482328846935
2012-10-19,-0.14502749503605472
2012-10-22,-0.14314193129535502
2012-10-23,-0.14410194933486997
2012-10-25,-0.14510076886531542
2012-10-26,-0.1547167244544353
2012-10-29,-0.15871235106445025
2012-10-30,-0.1681107620702713
2012-10-31,-0.16222431268664939
2012-11-01,-0.15442617005751447
2012-11-02,-0.15173802063069697
2012-11-05,-0.15417504304763086
2012-11-06,-0.15032636104975527
2012-11-07,-0.14448298123120717
2012-11-08,-0.14518131578366833
2012-11-09,-0.15218803234750067
2012-11-11,-0.1521406398312879
2012-11-12,-0.15216640947361015
2012-11-13,-0.14394649096554113
2012-11-15,-0.1461449792726437
2012-11-16,-0.15333813107649552
2012-11-19,-0.16005249340274252
2012-11-20,-0.16713054252967174
2012-11-21,-0.16430588820212544
2012-11-22,-0.16123307274058662
2012-11-23,-0.161350350808803
2012-11-26,-0.15266935188751374
2012-11-27,-0.14469294968613478
2012-11-29,-0.13648495549398942
2012-11-30,-0.12849094319714793
2012-12-03,-0.12003637903066955
2012-12-04,-0.11575569849653888
2012-12-05,-0.11150855381427505
2012-12-06,-0.10595193758239696
2012-12-07,-0.10642476300288184
2012-12-10,-0.10415260012273686
2012-12-11,-0.11172204005324948
2012-12-12,-0.1118377620113783
2012-12-13,-0.1218171641040996
2012-12-14,-0.12075370721837686
2012-12-17,-0.11726310995308631
2012-12-18,-0.11198019108591761
2012-12-19,-0.1081804289005307
2012-12-20,-0.11092411019302506
2012-12-21,-0.12422490577342282
2012-12-24,-0.12144981185391357
2012-12-26,-0.1179009528249716
2012-12-27,-0.1220791916177606
2012-12-28,-0.11838948166356944
2012-12-31,-0.11424174092915396
2013-01-01,-0.10436623090907693
2013-01-02,-0.09639967507172387
2013-01-03,-0.09088565471451215
2013-01-04,-0.0882600426537119
2013-01-07,-0.08518966360369584
2013-01-08,-0.08621426234864793
2013-01-09,-0.08846417665347484
2013-01-10,-0.09344559544666997
2013-01-11,-0.1054636718031573
2013-01-14,-0.09727516476318265
2013-01-15,-0.09556012366688282
2013-01-16,-0.10814415115722598
2013-01-17,-0.10749917495466599
2013-01-18,-0.11129715617509406
2013-01-21,-0.11130228350306737
2013-01-22,-0.11821830890346641
2013-01-23,-0.12480202865499812
2013-01-24,-0.1466364433303181
2013-01-25,-0.13640221315819612
2013-01-28,-0.1346410533566439
2013-01-29,-0.14020824884684513
2013-01-30,-0.14218495764958516
2013-01-31,-0.13985561997112028
2013-02-01,-0.14187207000178492
2013-02-04,-0.14964897121797172
2013-02-05,-0.14964897121797172
2013-02-06,-0.14964897121797172
2013-02-07,-0.14964897121797172
2013-02-08,-0.14964897121797172
2013-02-11,-0.14964897121797172
2013-02-12,-0.14964897121797172
2013-02-13,-0.14964897121797172
2013-02-14,-0.14964897121797172
2013-02-15,-0.14964897121797172
2013-02-18,-0.14964897121797172
2013-02-19,-0.14964897121797172
2013-02-20,-0.14964897121797172
2013-02-21,-0.14964897121797172
2013-02-22,-0.14964897121797172
2013-02-25,-0.14964897121797172
2013-02-26,-0.14964897121797172
2013-02-27,-0.14964897121797172
2013-02-28,-0.14964897121797172
2013-03-01,-0.14964897121797172
2013-03-04,-0.14964897121797172
2013-03-05,-0.14964897121797172
2013-03-06,-0.14964897121797172
2013-03-07,-0.14964897121797172
2013-03-08,-0.14964897121797172
2013-03-11,-0.14964897121797172
2013-03-12,-0.14964897121797172
2013-03-13,-0.14964897121797172
2013-03-14,-0.14964897121797172
2013-03-15,-0.14964897121797172
2013-03-18,-0.14964897121797172
2013-03-19,-0.14964897121797172
2013-03-20,-0.14964897121797172
2013-03-21,-0.14964897121797172
2013-03-22,-0.14964897121797172
2013-03-25,-0.14964897121797172
2013-03-26,-0.14964897121797172
2013-03-28,-0.14964897121797172
2013-04-01,-0.14964897121797172
2013-04-02,-0.14964897121797172
2013-04-03,-0.14964897121797172
2013-04-04,-0.14964897121797172
2013-04-05,-0.14964897121797172
2013-04-08,-0.14964897121797172
2013-04-09,-0.14964897121797172
2013-04-10,-0.14964897121797172
2013-04-11,-0.14964897121797172
2013-04-12,-0.14964897121797172
2013-04-15,-0.14964897121797172
2013-04-16,-0.14964897121797172
2013-04-17,-0.14964897121797172
2013-04-18,-0.14964897121797172
2013-04-22,-0.14964897121797172
2013-04-23,-0.14964897121797172
2013-04-25,-0.14964897121797172
2013-04-26,-0.14964897121797172
2013-04-29,-0.14964897121797172
2013-04-30,-0.14964897121797172
2013-05-02,-0.14964897121797172
2013-05-03,-0.14964897121797172
2013-05-06,-0.14964897121797172
2013-05-07,-0.14964897121797172
2013-05-08,-0.14964897121797172
2013-05-09,-0.14964897121797172
2013-05-10,-0.14964897121797172
2013-05-11,-0.14964897121797172
2013-05-13,-0.14964897121797172
2013-05-14,-0.14964897121797172
2013-05-15,-0.14964897121797172
2013-05-16,-0.14964897121797172
2013-05-17,-0.14964897121797172
2013-05-20,-0.14964897121797172
2013-05-21,-0.14964897121797172
2013-05-22,-0.14964897121797172
2013-05-23,-0.14964897121797172
2013-05-24,-0.14964897121797172
2013-05-27,-0.14964897121797172
2013-05-28,-0.14964897121797172
2013-05-29,-0.14964897121797172
2013-05-30,-0.14964897121797172
2013-05-31,-0.14964897121797172
2013-06-03,-0.14964897121797172
2013-06-04,-0.14964897121797172
2013-06-05,-0.14964897121797172
2013-06-06,-0.14964897121797172
2013-06-07,-0.14964897121797172
2013-06-10,-0.14964897121797172
2013-06-11,-0.14964897121797172
2013-06-12,-0.14964897121797172
2013-06-13,-0.14964897121797172
2013-06-14,-0.14964897121797172
2013-06-17,-0.14964897121797172
2013-06-18,-0.14964897121797172
2013-06-19,-0.14964897121797172
2013-06-20,-0.14964897121797172
2013-06-21,-0.14964897121797172
2013-06-24,-0.14964897121797172
2013-06-25,-0.14964897121797172
2013-06-26,-0.14964897121797172
2013-06-27,-0.14964897121797172
2013-06-28,-0.14964897121797172
2013-07-01,-0.14964897121797172
2013-07-02,-0.14964897121797172
2013-07-03,-0.14964897121797172
2013-07-04,-0.14964897121797172
2013-07-05,-0.14964897121797172
2013-07-08,-0.14964897121797172
2013-07-09,-0.14964897121797172
2013-07-10,-0.14964897121797172
2013-07-11,-0.14964897121797172
2013-07-12,-0.14964897121797172
2013-07-15,-0.14964897121797172
2013-07-16,-0.14964897121797172
2013-07-17,-0.14964897121797172
2013-07-18,-0.14964897121797172
2013-07-19,-0.14964897121797172
2013-07-22,-0.14964897121797172
2013-07-23,-0.14964897121797172
2013-07-24,-0.14964897121797172
2013-07-25,-0.14964897121797172
2013-07-26,-0.14964897121797172
2013-07-29,-0.14964897121797172
2013-07-30,-0.14964897121797172
2013-07-31,-0.14964897121797172
2013-08-01,-0.14964897121797172
2013-08-02,-0.14964897121797172
2013-08-05,-0.14964897121797172
2013-08-06,-0.14964897121797172
2013-08-07,-0.14964897121797172
2013-08-08,-0.14964897121797172
2013-08-12,-0.14964897121797172
2013-08-13,-0.14964897121797172
2013-08-14,-0.14964897121797172
2013-08-16,-0.14964897121797172
2013-08-19,-0.14964897121797172
2013-08-20,-0.14964897121797172
2013-08-21,-0.14964897121797172
2013-08-22,-0.14964897121797172
2013-08-23,-0.14964897121797172
2013-08-26,-0.14964897121797172
2013-08-27,-0.14964897121797172
2013-08-28,-0.14964897121797172
2013-08-29,-0.14964897121797172
2013-08-30,-0.14964897121797172
2013-09-02,-0.14964897121797172
2013-09-03,-0.14964897121797172
2013-09-04,-0.14964897121797172
2013-09-05,-0.14964897121797172
2013-09-06,-0.14964897121797172
2013-09-10,-0.14964897121797172
2013-09-11,-0.14964897121797172
2013-09-12,-0.14964897121797172
2013-09-13,-0.14964897121797172
2013-09-16,-0.14964897121797172
2013-09-17,-0.14964897121797172
2013-09-18,-0.14964897121797172
2013-09-19,-0.14964897121797172
2013-09-20,-0.14964897121797172
2013-09-23,-0.14964897121797172
2013-09-24,-0.14964897121797172
2013-09-25,-0.14964897121797172
2013-09-26,-0.14964897121797172
2013-09-27,-0.14964897121797172
2013-09-30,-0.14964897121797172
2013-10-01,-0.14964897121797172
2013-10-03,-0.14964897121797172
2013-10-04,-0.14964897121797172
2013-10-07,-0.1509244977611447
2013-10-08,-0.1469437190894901
2013-10-09,-0.137358287163183
2013-10-10,-0.1297929374489727
2013-10-11,-0.12586939933325647
2013-10-14,-0.12027631756143797
2013-10-15,-0.13038571786388364
2013-10-17,-0.12952874955973825
2013-10-18,-0.12054885216299893
2013-10-21,-0.10989612156863093
2013-10-22,-0.09825009538620111
2013-10-23,-0.0963960444530062
2013-10-24,-0.09702350172836072
2013-10-25,-0.10243327124839086
2013-10-28,-0.10846463773264625
2013-10-29,-0.09915009656561069
2013-10-30,-0.09391872509424026
2013-10-31,-0.08680093674290223
2013-11-01,-0.07430452590506231
2013-11-03,-0.060378488592403357
2013-11-05,-0.05338124660146615
2013-11-06,-0.04872641240431563
2013-11-07,-0.05849673953237233
2013-11-08,-0.05901649213902682
2013-11-11,-0.06641787111866915
2013-11-12,-0.07478322932204151
2013-11-13,-0.08082464107939047
2013-11-14,-0.06845313189610702
2013-11-18,-0.05726021710123019
2013-11-19,-0.050998528172881974
2013-11-20,-0.04771505028991574
2013-11-21,-0.05858528517814343
2013-11-22,-0.057675484882974026
2013-11-25,-0.04604658192332867
2013-11-26,-0.052852976895070514
2013-11-27,-0.052818385463090034
2013-11-28,-0.042742510989286386
2013-11-29,-0.03141161485704724
2013-12-02,-0.019988264613080675
2013-12-03,-0.01625831768530661
2013-12-04,-0.01716597351127047
2013-12-05,-0.017348158368033273
2013-12-06,-0.01255277664772958
2013-12-09,-0.009610623174716504
2013-12-10,-0.015305980090594917
2013-12-11,-0.017193449374013126
2013-12-12,-0.02069462056334226
2013-12-13,-0.033188461793965285
2013-12-16,-0.03020378126952228
2013-12-17,-0.029518548822493162
2013-12-18,-0.016693471340548993
2013-12-19,-0.015892189831225867
2013-12-20,0.0
2013-12-23,0.0
2013-12-24,0.0
2013-12-26,0.0
2013-12-27,0.0
2013-12-30,0.0
2013-12-31,0.0
2014-01-01,0.0
2014-01-02,-0.021512391773281903
2014-01-03,-0.013315329446408564
2014-01-06,-0.00391450206333166
2014-01-07,-0.003153858065380599
2014-01-08,0.0
2014-01-09,-0.00985725268584603
2014-01-10,-0.01802948339478927
2014-01-13,-0.015185651967931424
2014-01-14,-0.015542856425765805
2014-01-15,-0.012762988342103765
2014-01-16,-0.016033913230519503
2014-01-17,-0.03249391419418568
2014-01-20,-0.024813205784516734
2014-01-21,-0.020391989617557615
2014-01-22,-0.015219126476764933
2014-01-23,-0.01813718841623546
2014-01-24,-0.03545911550212333
2014-01-27,-0.06433644910013259
2014-01-28,-0.061290309204131144
2014-01-29,-0.06149500010277209
2014-01-30,-0.07648050151899577
2014-01-31,-0.06272485202978517
2014-02-03,-0.06944077686535655
2014-02-04,-0.06564720618702047
2014-02-05,-0.05755557113845711
2014-02-06,-0.057012741994466265
2014-02-07,-0.0510037566254643
2014-02-10,-0.0508655169656661
2014-02-11,-0.05126588526445808
2014-02-12,-0.05211811463518212
2014-02-13,-0.06463101417780626
2014-02-14,-0.06448135843196023
2014-02-17,-0.06516988401580148
2014-02-18,-0.056787716072616234
2014-02-19,-0.05007157219531888
2014-02-20,-0.05160682541516515
2014-02-21,-0.04341897461220945
2014-02-24,-0.04061932057767004
2014-02-25,-0.03881027858942698
2014-02-26,-0.036300100182865
2014-02-28,-0.031159653166173307
2014-03-03,-0.03386984410389793
2014-03-04,-0.019839391000935125
2014-03-05,-0.012377200410933265
2014-03-06,0.0
2014-03-07,0.0
2014-03-10,0.0
2014-03-11,-0.0002704835928163396
2014-03-12,0.0
2014-03-13,-0.0032834836206118156
2014-03-14,-0.006847878267188023
2014-03-18,0.0
2014-03-19,0.0
2014-03-20,-0.002140779747687116
2014-03-21,0.0
2014-03-22,0.0
2014-03-24,0.0
2014-03-25,0.0
2014-03-26,0.0
2014-03-27,0.0
2014-03-28,0.0
2014-03-31,0.0
2014-04-01,0.0
2014-04-02,0.0
2014-04-03,-0.005534739934257016
2014-04-04,0.0
2014-04-07,0.0
2014-04-09,0.0
2014-04-10,0.0
2014-04-11,0.0
2014-04-15,-0.006368514579381368
2014-04-16,-0.020857484166922458
2014-04-17,-0.0036142545869072285
2014-04-21,0.0
2014-04-22,0.0
2014-04-23,0.0
2014-04-25,-0.0046382221136225255
2014-04-28,-0.0009775981306190396
2014-04-29,-0.0013607905691457312
2014-04-30,-0.018385639545221988
2014-05-02,-0.014063222753557092
2014-05-05,-0.01704687743097999
2014-05-06,-0.012933057579368357
2014-05-07,-0.016191506033777614
2014-05-08,-0.015814792765288854
2014-05-09,-0.0034406368868034054
2014-05-12,0.0
2014-05-13,0.0
2014-05-14,0.0
2014-05-15,-0.01118666600167173
2014-05-16,0.0
2014-05-19,0.0
2014-05-20,0.0
2014-05-21,0.0
2014-05-22,0.0
2014-05-23,0.0
2014-05-26,-0.028513283914322174
2014-05-27,-0.034027308617472496
2014-05-28,-0.022336481068327085
2014-05-29,-0.028448827459459314
2014-05-30,-0.020888169411201973
2014-06-02,0.0
2014-06-03,0.0
2014-06-04,0.0
2014-06-05,0.0
2014-06-06,0.0
2014-06-09,0.0
2014-06-10,0.0
2014-06-11,-0.00971155077276209
2014-06-12,-0.006473218592763175
2014-06-13,-0.035604264930141016
2014-06-16,-0.03001757719871756
2014-06-17,-0.010434992132890897
2014-06-18,-0.014374414855514273
2014-06-19,-0.016687646304209713
2014-06-20,-0.021108986615310354
2014-06-23,-0.014934823919822038
2014-06-24,0.0
2014-06-25,0.0
2014-06-26,-0.0029110046671784184
2014-06-27,0.0
2014-06-30,0.0
2014-07-01,0.0
2014-07-02,0.0
2014-07-03,-0.0010801176171887361
2014-07-04,0.0
2014-07-07,0.0
2014-07-08,-0.04369770525660421
2014-07-09,-0.059113457335504216
2014-07-10,-0.05204211270259995
2014-07-11,-0.08097875274744426
2014-07-14,-0.08236255916928936
2014-07-15,-0.06207695537652458
2014-07-16,-0.04550581569430334
2014-07-17,-0.0329772447265122
2014-07-18,-0.034904812470025304
2014-07-21,-0.02550831598548242
2014-07-22,-0.02155170142827645
2014-07-23,-0.024623260893061993
2014-07-24,-0.022495769128977328
2014-07-25,-0.0399070674712656
2014-07-28,-0.044789118171666864
2014-07-30,-0.040973924143362206
2014-07-31,-0.04000928183924235
2014-08-01,-0.04879828975090583
2014-08-04,-0.03731960085040875
2014-08-05,-0.026949711868450188
2014-08-06,-0.0286025396952978
2014-08-07,-0.0341768497941044
2014-08-08,-0.056852681671720084
2014-08-11,-0.049603549462465035
2014-08-12,-0.042972360151365074
2014-08-13,-0.06341286540056734
2014-08-14,-0.05052486455791794
2014-08-18,-0.028404716483638626
2014-08-19,-0.016718495554787216
2014-08-20,-0.008214064027055157
2014-08-21,-0.005418403411975858
2014-08-22,-0.005329448106432655
2014-08-25,-0.011414712242786562
2014-08-26,-0.017750257259653734
2014-08-27,-0.008525117058532428
2014-08-28,-0.009605352997223093
2014-09-01,0.0
2014-09-02,0.0
2014-09-03,0.0
2014-09-04,-0.0027782451861223523
2014-09-05,0.0
2014-09-08,0.0
2014-09-09,0.0
2014-09-10,0.0
2014-09-11,0.0
2014-09-12,0.0
2014-09-15,0.0
2014-09-16,-0.041654647737727535
2014-09-17,-0.03752997258193558
2014-09-18,-0.013582781180472514
2014-09-19,-0.011617551120412073
2014-09-22,-0.0065690623331728926
2014-09-23,-0.031022474487800822
2014-09-24,-0.04731949777487088
2014-09-25,-0.07702536915827807
2014-09-26,-0.06952680086403151
2014-09-29,-0.05427862214561119
2014-09-30,-0.053448628351151606
2014-10-01,-0.05728940683931372
2014-10-07,-0.06726673702740038
2014-10-08,-0.06823045510591252
2014-10-09,-0.05053288683714208
2014-10-10,-0.06505085871954186
2014-10-13,-0.05983063375509623
2014-10-14,-0.0627361271849699
2014-10-16,-0.08914604976914386
2014-10-17,-0.08787317787270899
2014-10-20,-0.07940811091870481
2014-10-21,-0.07271908000619998
2014-10-22,-0.06004237788651612
2014-10-23,-0.04979536807879792
2014-10-27,-0.05265650341565786
2014-10-28,-0.04732736244335234
2014-10-29,-0.040332705213452225
2014-10-30,-0.03471960243798389
2014-10-31,-0.022164115962752806
2014-11-03,-0.007626736617424856
2014-11-05,-0.003394202683656311
2014-11-07,-0.003699643340451919
2014-11-10,-0.0018310773897627364
2014-11-11,0.0
2014-11-12,0.0
2014-11-13,-0.0030039741059363356
2014-11-14,0.0
2014-11-17,0.0
2014-11-18,0.0
2014-11-19,-0.010118639895946524
2014-11-20,-0.013666045744724853
2014-11-21,-0.014238634784800253
2014-11-24,-0.014223660697651686
2014-11-25,-0.03520482737657127
2014-11-26,-0.025103949808642834
2014-11-27,-0.020115580094906438
2014-11-28,-0.016056584364801396
2014-12-01,-0.022712161303236278
2014-12-02,-0.01503467031323269
2014-12-03,0.0
2014-12-04,0.0
2014-12-05,-0.000686047729732242
2014-12-08,-0.012075842831678951
2014-12-09,-0.030027430152221313
2014-12-10,-0.01997928735168386
2014-12-11,-0.026615102162578896
2014-12-12,-0.04212126565723506
2014-12-15,-0.04691348893990932
2014-12-16,-0.08152082322292253
2014-12-17,-0.0912318715203373
2014-12-18,-0.060750389642004965
2014-12-19,-0.06215926405754191
2014-12-22,-0.05456662096367004
2014-12-23,-0.059360268617333456
2014-12-24,-0.05735280968159018
2014-12-26,-0.05407601846810861
2014-12-29,-0.0452550356769299
2014-12-30,-0.03994232720503377
2014-12-31,-0.029705757558998624
2015-01-01,-0.0171696975858181
2015-01-02,-0.006873337792117629
2015-01-05,-0.004332310551400154
2015-01-06,-0.03532537811019687
2015-01-07,-0.03514255658748633
2015-01-08,-0.01644473011914993
2015-01-09,-0.016000027631429714
2015-01-12,-0.0073689574622184395
2015-01-13,-0.008380027127075418
2015-01-14,-0.012752091852751835
2015-01-15,-0.0009602136369813996
2015-01-16,0.0
2015-01-19,0.0
2015-01-20,0.0
2015-01-21,-0.0019124255589823003
2015-01-22,0.0
2015-01-23,-0.0046706724953546885
2015-01-27,0.0
2015-01-28,-0.0023300483963817342
2015-01-29,0.0
2015-01-30,-0.0020645020007539205
2015-02-02,0.0
2015-02-03,-0.0014250026044904107
2015-02-04,-0.0022222548534839293
2015-02-05,-0.01601278718928223
2015-02-06,-0.031856298531222405
2015-02-09,-0.04717247755564047
2015-02-10,-0.04607933196881986
2015-02-11,-0.03071464640123822
2015-02-12,-0.01690607356644691
2015-02-13,-0.011502362201830207
2015-02-16,-0.012025231287903115
2015-02-18,0.0
2015-02-19,0.0
2015-02-20,0.0
2015-02-23,-0.0071591568391869975
2015-02-24,-0.012791467420473546
2015-02-25,-0.016344699518220485
2015-02-26,-0.024538320035759842
2015-02-27,-0.007065931678671644
2015-02-28,-0.010994823874718618
2015-03-02,0.0
2015-03-03,0.0
2015-03-04,-0.012588651405897378
2015-03-05,-0.004452394582114327
2015-03-09,-0.015234932761237996
2015-03-10,-0.016289278492655712
2015-03-11,-0.020544323080830207
2015-03-12,-0.008064440628050562
2015-03-13,-0.0240401127219666
2015-03-16,-0.031795591147511404
2015-03-17,-0.027163192413509285
2015-03-18,-0.02447796859221274
2015-03-19,-0.03145919869555669
2015-03-20,-0.05239087884508642
2015-03-23,-0.06378801577790871
2015-03-24,-0.06961481289511451
2015-03-25,-0.06961481289511451
2015-03-26,-0.06961481289511451
2015-03-27,-0.06961481289511451
2015-03-30,-0.06961481289511451
2015-03-31,-0.07101039067577175
2015-04-01,-0.04853091692896949
2015-04-06,-0.033007101857546295
2015-04-07,-0.021618162412953446
2015-04-08,-0.00885351112994126
2015-04-09,-0.003283645579308714
2015-04-10,0.0
2015-04-13,0.0
2015-04-15,-0.0037966124894152076
2015-04-16,-0.014484664104589151
2015-04-17,-0.025294029083666736
2015-04-20,-0.048450979075512435
2015-04-21,-0.05048780891730098
2015-04-22,-0.04919075085626712
2015-04-23,-0.04976391051742013
2015-04-24,-0.07732007276400699
2015-04-27,-0.10715055607461899
2015-04-28,-0.10715055607461899
2015-04-29,-0.10715055607461899
2015-04-30,-0.10715055607461899
2015-05-04,-0.10715055607461899
2015-05-05,-0.10848983024050707
2015-05-06,-0.1383803448445564
2015-05-07,-0.1572734080065089
2015-05-08,-0.1572734080065089
2015-05-11,-0.1572734080065089
2015-05-12,-0.1572734080065089
2015-05-13,-0.1572734080065089
2015-05-14,-0.1572734080065089
2015-05-15,-0.1572734080065089
2015-05-18,-0.1572734080065089
2015-05-19,-0.1585374978944991
2015-05-20,-0.15757905273612038
2015-05-21,-0.15800701227700853
2015-05-22,-0.15795309250608314
2015-05-25,-0.16141493385301786
2015-05-26,-0.16378789798936166
2015-05-27,-0.16468319137751108
2015-05-28,-0.1648291939169374
2015-05-29,-0.15774237005158132
2015-06-01,-0.15900575649650395
2015-06-02,-0.17583975721177791
2015-06-03,-0.20211871799733072
2015-06-04,-0.20211871799733072
2015-06-05,-0.20211871799733072
2015-06-08,-0.20211871799733072
2015-06-09,-0.20211871799733072
2015-06-10,-0.20211871799733072
2015-06-11,-0.20211871799733072
2015-06-12,-0.20211871799733072
2015-06-15,-0.20211871799733072
2015-06-16,-0.20211871799733072
2015-06-17,-0.20211871799733072
2015-06-18,-0.20211871799733072
2015-06-19,-0.20211871799733072
2015-06-22,-0.20211871799733072
2015-06-23,-0.20211871799733072
2015-06-24,-0.2033155399203347
2015-06-25,-0.20204447132302894
2015-06-26,-0.20324140461604434
2015-06-29,-0.21706022349500664
2015-06-30,-0.20607337469721942
2015-07-01,-0.20607337469721942
2015-07-02,-0.20726426463517356
2015-07-03,-0.20697768666660976
2015-07-06,-0.19374526497353695
2015-07-07,-0.18670590202649973
2015-07-08,-0.19629382457245803
2015-07-09,-0.194921417263889
2015-07-10,-0.1917932740966921
2015-07-13,-0.18045749131668898
2015-07-14,-0.17362235927388725
2015-07-15,-0.16749300234876274
2015-07-16,-0.16080147114050936
2015-07-17,-0.15721135708776623
2015-07-20,-0.15187368064575824
2015-07-21,-0.16906734845393245
2015-07-22,-0.15821241777786688
2015-07-23,-0.1547186243379297
2015-07-24,-0.15975651011451353
2015-07-27,-0.17016247551132835
2015-07-28,-0.1709946630238297
2015-07-29,-0.1631513081082584
2015-07-30,-0.15291865636172441
2015-07-31,-0.14460559084424884
2015-08-03,-0.1347630826069569
2015-08-04,-0.12674705976072154
2015-08-05,-0.1151432625112857
2015-08-06,-0.11588912293212139
2015-08-07,-0.11670876354032
2015-08-10,-0.11884207533431612
2015-08-11,-0.1301027077643785
2015-08-12,-0.15511284741852582
2015-08-13,-0.16766981350294785
2015-08-14,-0.1498243681122876
2015-08-17,-0.14558186283573837
2015-08-18,-0.13652902366582964
2015-08-19,-0.1309467094771104
2015-08-20,-0.15152403455485364
2015-08-21,-0.15905549865596336
2015-08-24,-0.24255358333145527
2015-08-25,-0.23602535805684888
2015-08-26,-0.23602535805684888
2015-08-27,-0.23602535805684888
2015-08-28,-0.23602535805684888
2015-08-31,-0.23602535805684888
2015-09-01,-0.23602535805684888
2015-09-02,-0.23602535805684888
2015-09-03,-0.23602535805684888
2015-09-04,-0.23602535805684888
2015-09-07,-0.23602535805684888
2015-09-08,-0.23602535805684888
2015-09-09,-0.23602535805684888
2015-09-10,-0.23602535805684888
2015-09-11,-0.23602535805684888
2015-09-14,-0.23602535805684888
2015-09-15,-0.23602535805684888
2015-09-16,-0.23602535805684888
2015-09-18,-0.23602535805684888
2015-09-21,-0.23602535805684888
2015-09-22,-0.2371713200197635
2015-09-23,-0.2330157503455842
2015-09-24,-0.2330157503455842
2015-09-28,-0.2341662267200657
2015-09-29,-0.2358990888440794
2015-09-30,-0.2358990888440794
2015-10-01,-0.2370452402108132
2015-10-05,-0.2216899356780211
2015-10-06,-0.21291487651616536
2015-10-07,-0.20597506184987624
2015-10-08,-0.20678436333035488
2015-10-09,-0.20396434695364707
2015-10-12,-0.2017913445188111
2015-10-13,-0.19569606466711298
2015-10-14,-0.1930684326736688
2015-10-15,-0.18826519228353256
2015-10-16,-0.18627736859017685
2015-10-19,-0.1787225573090302
2015-10-20,-0.1745926857983362
2015-10-21,-0.17458040188382895
2015-10-23,-0.1771466382049478
2015-10-26,-0.1847391773736431
2015-10-27,-0.18300115213532986
2015-10-28,-0.18287267001653962
2015-10-29,-0.18637958383428954
2015-10-30,-0.1937259216500804
2015-11-02,-0.19691095186726226
2015-11-03,-0.19273767609512493
2015-11-04,-0.19400902456967073
2015-11-05,-0.20746829323798555
2015-11-06,-0.2138168593737957
2015-11-09,-0.2063356732967484
2015-11-10,-0.2148568207899938
2015-11-11,-0.20193314894318604
2015-11-13,-0.20719748204220678
2015-11-16,-0.20039992447296173
2015-11-17,-0.19606241546846892
2015-11-18,-0.2019263045078611
2015-11-19,-0.19272754833298322
2015-11-20,-0.1859141853736067
2015-11-23,-0.18221638762886383
2015-11-24,-0.17458814101338183
2015-11-26,-0.1683818426913859
2015-11-27,-0.16653184334444449
2015-11-30,-0.16085458931037577
2015-12-01,-0.15493933861552833
2015-12-02,-0.15357985659118467
2015-12-03,-0.15711126605283854
2015-12-04,-0.16362461502994552
2015-12-07,-0.16171693584063018
2015-12-08,-0.17784454260758764
2015-12-09,-0.20024786491993285
2015-12-10,-0.18816585519853668
2015-12-11,-0.1955668847307327
2015-12-14,-0.19068094065520214
2015-12-15,-0.18338548736326266
2015-12-16,-0.1810793154589111
2015-12-17,-0.16663268287838373
2015-12-18,-0.16823024664424913
2015-12-21,-0.15920223141513734
2015-12-22,-0.15811350828916237
2015-12-23,-0.15496244075932308
2015-12-24,-0.149659893701933
2015-12-28,-0.14550196398204707
2015-12-29,-0.14707641338313704
2015-12-30,-0.14607607331137085
2015-12-31,-0.142061507289451
2016-01-01,-0.13237923822828312
2016-01-04,-0.14171159600870997
2016-01-05,-0.13263272677661508
2016-01-06,-0.13553784154674586
2016-01-07,-0.16539711065405227
2016-01-08,-0.15141935585177446
2016-01-11,-0.15483238299218682
2016-01-12,-0.1636685997061602
2016-01-13,-0.18265380011980292
2016-01-14,-0.19524966958340928
2016-01-15,-0.22535954887204035
2016-01-18,-0.26174836604359264
2016-01-19,-0.26174836604359264
2016-01-20,-0.26174836604359264
2016-01-21,-0.26174836604359264
2016-01-22,-0.26174836604359264
2016-01-25,-0.26174836604359264
2016-01-27,-0.26174836604359264
2016-01-28,-0.26174836604359264
2016-01-29,-0.26174836604359264
2016-02-01,-0.26174836604359264
2016-02-02,-0.26174836604359264
2016-02-03,-0.26174836604359264
2016-02-04,-0.26174836604359264
2016-02-05,-0.26174836604359264
2016-02-08,-0.26174836604359264
2016-02-09,-0.26174836604359264
2016-02-10,-0.26174836604359264
2016-02-11,-0.26174836604359264
2016-02-12,-0.26174836604359264
2016-02-15,-0.26174836604359264
2016-02-16,-0.26174836604359264
2016-02-17,-0.26174836604359264
2016-02-18,-0.26174836604359264
2016-02-19,-0.26174836604359264
2016-02-22,-0.26174836604359264
2016-02-23,-0.26174836604359264
2016-02-24,-0.26174836604359264
2016-02-25,-0.26174836604359264
2016-02-26,-0.26174836604359264
2016-02-29,-0.26174836604359264
2016-03-01,-0.26174836604359264
2016-03-02,-0.26174836604359264
2016-03-03,-0.26174836604359264
2016-03-04,-0.26174836604359264
2016-03-08,-0.26174836604359264
2016-03-09,-0.26174836604359264
2016-03-10,-0.26174836604359264
2016-03-11,-0.26174836604359264
2016-03-14,-0.26174836604359264
2016-03-15,-0.26174836604359264
2016-03-16,-0.26174836604359264
2016-03-17,-0.26174836604359264
2016-03-18,-0.26174836604359264
2016-03-21,-0.26174836604359264
2016-03-22,-0.26174836604359264
2016-03-23,-0.26174836604359264
2016-03-28,-0.26174836604359264
2016-03-29,-0.26174836604359264
2016-03-30,-0.26174836604359264
2016-03-31,-0.26174836604359264
2016-04-01,-0.26174836604359264
2016-04-04,-0.26174836604359264
2016-04-05,-0.2628557434945272
2016-04-06,-0.25407565536244536
2016-04-07,-0.2551945418794017
2016-04-08,-0.2497630855989177
2016-04-11,-0.24286202942713087
2016-04-12,-0.23565328197039737
2016-04-13,-0.22824050671515772
2016-04-18,-0.21954166651552676
2016-04-20,-0.21423187900019425
2016-04-21,-0.21892074144518014
2016-04-22,-0.21802277846949691
2016-04-25,-0.2201903051525217
2016-04-26,-0.21487999891089105
2016-04-27,-0.21274001888420568
2016-04-28,-0.221613516705088
2016-04-29,-0.2217829185287108
2016-05-02,-0.21730764834957805
2016-05-03,-0.21915731175192577
2016-05-04,-0.22978345019170499
2016-05-05,-0.22891570846756393
2016-05-06,-0.22961056639646182
2016-05-09,-0.22024670149531966
2016-05-10,-0.21880135250380428
2016-05-11,-0.21958577965762827
2016-05-12,-0.2126475880649069
2016-05-13,-0.21617897885900372
2016-05-16,-0.21517830315717246
2016-05-17,-0.21284045693750397
2016-05-18,-0.2104148906266461
2016-05-19,-0.22066796940085687
2016-05-20,-0.22769176677084635
2016-05-23,-0.23130063994689354
2016-05-24,-0.238610893740558
2016-05-25,-0.23063175762619492
2016-05-26,-0.2250796125704042
2016-05-27,-0.21949592561455633
2016-05-30,-0.21755595881642253
2016-05-31,-0.21905922368599773
2016-06-01,-0.21506195791464566
2016-06-02,-0.21270589102546267
2016-06-03,-0.21507284626102352
2016-06-06,-0.21351951413830395
2016-06-07,-0.2063979407242672
2016-06-08,-0.1961705040880135
2016-06-09,-0.1950159969593287
2016-06-10,-0.19478453769942683
2016-06-13,-0.19597847655548584
2016-06-14,-0.18907176926266034
2016-06-15,-0.18221785492167863
2016-06-16,-0.18813014188929922
2016-06-17,-0.1841694833502856
2016-06-20,-0.1795210761965017
2016-06-21,-0.17830180812724572
2016-06-22,-0.18306540613606015
2016-06-23,-0.18428584461063602
2016-06-24,-0.19922628826119737
2016-06-27,-0.18278693523879297
2016-06-28,-0.17438984954736314
2016-06-29,-0.16220655483965496
2016-06-30,-0.1543934476042822
2016-07-01,-0.150013968666028
2016-07-04,-0.1412341395400778
2016-07-05,-0.13887699127064934
2016-07-07,-0.13611210422952347
2016-07-08,-0.1383552663421458
2016-07-11,-0.12986634148420773
2016-07-12,-0.12821052028619717
2016-07-13,-0.1347421920247871
2016-07-14,-0.1285289145736488
2016-07-15,-0.13644186345270082
2016-07-18,-0.14176954154443666
2016-07-19,-0.14199104314017852
2016-07-20,-0.13085276673216517
2016-07-21,-0.1335364832204744
2016-07-22,-0.12674807896253137
2016-07-25,-0.11573478101240742
2016-07-26,-0.12263887461895462
2016-07-27,-0.11754204421233272
2016-07-28,-0.11258397334122972
2016-07-29,-0.11215905536204762
2016-08-01,-0.11364472071170406
2016-08-02,-0.1208514446398542
2016-08-03,-0.1309180544490458
2016-08-04,-0.1265066807786167
2016-08-05,-0.11292317649560601
2016-08-08,-0.11037949368494815
2016-08-09,-0.11405070677038165
2016-08-10,-0.12621958524210874
2016-08-11,-0.12846408809038534
2016-08-12,-0.1283310114186017
2016-08-16,-0.13064515182984626
2016-08-17,-0.1222080362742669
2016-08-18,-0.11258652472936659
2016-08-19,-0.10620711970940866
2016-08-22,-0.10550389663544157
2016-08-23,-0.10507320864495251
2016-08-24,-0.09940336942220862
2016-08-25,-0.10137154669009074
2016-08-26,-0.10528211633151341
2016-08-29,-0.1045505956036602
2016-08-30,-0.09786212402855587
2016-08-31,-0.09646838745536312
2016-09-01,-0.1016380176221433
2016-09-02,-0.09684195746677104
2016-09-06,-0.08639344624769818
2016-09-07,-0.08303762544154825
2016-09-08,-0.07275950342780368
2016-09-09,-0.07584886177618266
2016-09-12,-0.09929344450314481
2016-09-14,-0.08642729263144766
2016-09-15,-0.08437867303843549
2016-09-16,-0.08378273931044888
2016-09-19,-0.07712121782844839
2016-09-20,-0.07768303673636012
2016-09-21,-0.07701086087098385
2016-09-22,-0.0683230969045584
2016-09-23,-0.069322923842006
2016-09-26,-0.07433700070650895
2016-09-27,-0.0731326923287875
2016-09-28,-0.0637693502269856
2016-09-29,-0.10775717154230002
2016-09-30,-0.08799445349445789
2016-10-03,-0.06115893990464427
2016-10-04,-0.055208443770020765
2016-10-05,-0.04606575469578411
2016-10-06,-0.05028264180873343
2016-10-07,-0.04840645250575415
2016-10-10,-0.04457918253807658
2016-10-13,-0.05967581514857678
2016-10-14,-0.05112734532240493
2016-10-17,-0.05555119839085754
2016-10-18,-0.042737868475905993
2016-10-19,-0.03599554149767248
2016-10-20,-0.031330505812687814
2016-10-21,-0.028361956853776626
2016-10-24,-0.023282420496673062
2016-10-25,-0.024144994502157235
2016-10-26,-0.030753938473125797
2016-10-27,-0.03882279574141423
2016-10-28,-0.029189080242694065
2016-10-30,-0.020289073502032462
2016-11-01,-0.020755818516029034
2016-11-02,-0.0391535396527678
2016-11-03,-0.050386593175108296
2016-11-04,-0.0735413526701092
2016-11-07,-0.061638932613969355
2016-11-08,-0.06077623629990192
2016-11-09,-0.08727812950652691
2016-11-10,-0.06802897495354732
2016-11-11,-0.10102723651133672
2016-11-15,-0.1447558649041486
2016-11-16,-0.1475846136480904
2016-11-17,-0.1475846136480904
2016-11-18,-0.1475846136480904
2016-11-21,-0.1475846136480904
2016-11-22,-0.1475846136480904
2016-11-23,-0.1475846136480904
2016-11-24,-0.1475846136480904
2016-11-25,-0.1475846136480904
2016-11-28,-0.1475846136480904
2016-11-29,-0.1475846136480904
2016-11-30,-0.1475846136480904
2016-12-01,-0.1475846136480904
2016-12-02,-0.1475846136480904
2016-12-05,-0.1475846136480904
2016-12-06,-0.1475846136480904
2016-12-07,-0.1475846136480904
2016-12-08,-0.1475846136480904
2016-12-09,-0.1475846136480904
2016-12-12,-0.14886323672761836
2016-12-13,-0.1494308625376497
2016-12-14,-0.1494308625376497
2016-12-15,-0.1494308625376497
2016-12-16,-0.1494308625376497
2016-12-19,-0.1494308625376497
2016-12-20,-0.1494308625376497
2016-12-21,-0.1494308625376497
2016-12-22,-0.1494308625376497
2016-12-23,-0.1494308625376497
2016-12-26,-0.1494308625376497
2016-12-27,-0.1494308625376497
2016-12-28,-0.1494308625376497
2016-12-29,-0.1494308625376497
2016-12-30,-0.1494308625376497
2017-01-02,-0.1494308625376497
2017-01-03,-0.1494308625376497
2017-01-04,-0.15070671624384313
2017-01-05,-0.14102860690322538
2017-01-06,-0.1444075588196907
2017-01-09,-0.1391828942750537
2017-01-10,-0.13184750585164784
2017-01-11,-0.12384210199991386
2017-01-12,-0.12645002468762379
2017-01-13,-0.12671920559294492
2017-01-16,-0.12129254436963355
2017-01-17,-0.11861650502370324
2017-01-18,-0.11439644207893707
2017-01-19,-0.1120889091352063
2017-01-20,-0.1249025794122437
2017-01-23,-0.1189558122642641
2017-01-24,-0.11233840905886794
2017-01-25,-0.1061770020010645
2017-01-27,-0.10212918306625907
2017-01-30,-0.10354128544936636
2017-01-31,-0.11417713965022747
2017-02-01,-0.09998357378397416
2017-02-02,-0.09310944175708324
2017-02-03,-0.08296590325028808
2017-02-06,-0.07259732492490889
2017-02-07,-0.0738131846380119
2017-02-08,-0.06878893300349675
2017-02-09,-0.06565308363768962
2017-02-10,-0.0675361801477844
2017-02-13,-0.0738013042377983
2017-02-14,-0.07891624492606975
2017-02-15,-0.09716149048646927
2017-02-16,-0.08511786715049763
2017-02-17,-0.08065572869065762
2017-02-20,-0.0711621309689826
2017-02-21,-0.06599249516969918
2017-02-22,-0.07048547550111384
2017-02-23,-0.06946409123531316
2017-02-27,-0.06821845483028022
2017-02-28,-0.06185747542597808
2017-03-01,-0.05392102833146806
2017-03-02,-0.06683817092267741
2017-03-03,-0.06362676847297288
2017-03-06,-0.05882145228569491
2017-03-07,-0.05935273073922409
2017-03-08,-0.06385996399636373
2017-03-09,-0.06584267423202594
2017-03-10,-0.06751437551436434
2017-03-14,-0.055543665645956586
2017-03-15,-0.047801062179312126
2017-03-16,-0.0353525092752115
2017-03-17,-0.035113736366205406
2017-03-20,-0.03236935104555172
2017-03-21,-0.034684705875347
2017-03-22,-0.04167286040825502
2017-03-23,-0.03276091145012772
2017-03-24,-0.029597757191202723
2017-03-27,-0.03174023012821792
2017-03-28,-0.025125430540162252
2017-03-29,-0.023683980431113416
2017-03-30,-0.01589967055849073
2017-03-31,-0.008466357207609465
2017-04-03,0.0
2017-04-05,0.0
2017-04-06,-0.0001953139552073324
2017-04-07,-0.007350703592783003
2017-04-10,-0.0007572330841476571
2017-04-11,0.0
2017-04-12,-0.005767408850386846
2017-04-13,-0.004290557812254625
2017-04-17,0.0
2017-04-18,-0.009627639372613461
2017-04-19,-0.002027105030859344
2017-04-20,0.0
2017-04-21,0.0
2017-04-24,0.0
2017-04-25,0.0
2017-04-26,-0.009282542126947457
2017-04-27,-0.008728146848036578
2017-04-28,-0.003334456324620594
2017-05-02,-0.0016278603394876967
2017-05-03,-0.0007777035971388013
2017-05-04,0.0
2017-05-05,-0.013944542661594506
2017-05-08,-0.005712101752009424
2017-05-09,0.0
2017-05-10,0.0
2017-05-11,-0.0012084590663261618
2017-05-12,-0.009271417826329786
2017-05-15,-0.0014535371260679941
2017-05-16,0.0
2017-05-17,0.0
2017-05-18,-0.020628191281459318
2017-05-19,-0.027631890277618698
2017-05-22,-0.038882370472911654
2017-05-23,-0.06117980915307264
2017-05-24,-0.07828828835874335
2017-05-25,-0.06122477142907301
2017-05-26,-0.0445190236650701
2017-05-29,-0.06015936920415399
2017-05-30,-0.0577609255823931
2017-05-31,-0.04851173401511444
2017-06-01,-0.039942730990538244
2017-06-02,-0.034193360605855094
2017-06-05,-0.029332744268404598
2017-06-06,-0.036741174445125035
2017-06-07,-0.030210804799215007
2017-06-08,-0.026143761786233677
2017-06-09,-0.02282327171161369
2017-06-12,-0.026882038919816553
2017-06-13,-0.02439905574455359
2017-06-14,-0.022099783718897648
2017-06-15,-0.01823123140509708
2017-06-16,-0.013823811311962864
2017-06-19,-0.014163536027949508
2017-06-20,-0.012011118177013391
2017-06-21,-0.009418025700420607
2017-06-22,-0.01535107257923951
2017-06-23,-0.029729277949155142
2017-06-27,-0.04305693269526856
2017-06-28,-0.03926037955282713
2017-06-29,-0.03139331319405769
2017-06-30,-0.026478716993703078
2017-07-03,-0.015036726715901172
2017-07-04,-0.01250528182364663
2017-07-05,-0.0004462965746439007
2017-07-06,0.0
2017-07-07,0.0
2017-07-10,0.0
2017-07-11,-0.005840414661616888
2017-07-12,0.0
2017-07-13,0.0
2017-07-14,-0.004749555478662515
2017-07-17,-0.003928525052848908
2017-07-18,-0.009576697870622874
2017-07-19,0.0
2017-07-20,0.0
2017-07-21,0.0
2017-07-24,0.0
2017-07-25,0.0
2017-07-26,0.0
2017-07-27,-0.008651275431384664
2017-07-28,-0.005702040776090711
2017-07-31,-0.0046987059244611995
2017-08-01,-0.006418292096757594
2017-08-02,-0.007357648639814474
2017-08-03,-0.01816891096182016
2017-08-04,-0.016196604377767376
2017-08-07,-0.007195389102906291
2017-08-08,-0.022834807720271244
2017-08-09,-0.04034730751652493
2017-08-10,-0.07720584356255844
2017-08-11,-0.08142642024492697
2017-08-14,-0.08142642024492697
2017-08-16,-0.08280428061455947
2017-08-17,-0.07647964520379424
2017-08-18,-0.08147851086032265
2017-08-21,-0.09085395931009843
2017-08-22,-0.09625392531944488
2017-08-23,-0.08468733285906649
2017-08-24,-0.07765754701612959
2017-08-28,-0.06756477219450374
2017-08-29,-0.07716426936361676
2017-08-30,-0.06337942771182392
2017-08-31,-0.055127377412061085
2017-09-01,-0.04457664520492233
2017-09-04,-0.051048363904888205
2017-09-05,-0.039993989151650755
2017-09-06,-0.03507185114181288
2017-09-07,-0.027516602257416034
2017-09-08,-0.029353354313619295
2017-09-11,-0.02329335773125396
2017-09-12,-0.01383914186982027
2017-09-13,-0.020127809075322523
2017-09-14,-0.014940610172129554
2017-09-15,-0.014125563185967471
2017-09-18,-0.0036064506064229507
2017-09-19,0.0
2017-09-20,0.0
2017-09-21,-0.003360817663591531
2017-09-22,-0.03297497987663034
2017-09-25,-0.052344679467506317
2017-09-26,-0.04314568934409879
2017-09-27,-0.06362419731639724
2017-09-28,-0.05592885421860272
2017-09-29,-0.046157597674412965
2017-10-03,-0.041523464327357096
2017-10-04,-0.031839158869045314
2017-10-05,-0.021881222686280566
2017-10-06,-0.009014317291564544
2017-10-09,-0.0031932412581630043
2017-10-10,0.0
2017-10-11,-0.01030891880252538
2017-10-12,0.0
2017-10-13,0.0
2017-10-16,0.0
2017-10-17,0.0
2017-10-18,0.0
2017-10-19,0.0
2017-10-23,0.0
2017-10-24,0.0
2017-10-25,0.0
2017-10-26,0.0
2017-10-27,0.0
2017-10-30,0.0
2017-10-31,0.0
2017-11-01,0.0
2017-11-02,0.0
2017-11-03,0.0
2017-11-06,0.0
2017-11-07,-0.014896191839606665
2017-11-08,-0.024680625611460782
2017-11-09,-0.016001582859439756
2017-11-10,-0.01819613579243029
2017-11-13,-0.02360832321102535
2017-11-14,-0.022999405778869053
2017-11-15,-0.039746092672409694
2017-11-16,-0.026946526653418346
2017-11-17,-0.017260201274848286
2017-11-20,-0.006502674493458316
2017-11-21,-0.0025806963432501995
2017-11-22,-0.00047184585612591867
2017-11-23,0.0
2017-11-24,0.0
2017-11-27,0.0
2017-11-28,0.0
2017-11-29,-0.0006233800118156108
2017-11-30,-0.0021566955194951554
2017-12-01,-0.0116700155851579
2017-12-04,-0.016724353341917686
2017-12-05,-0.017693089089926284
2017-12-06,-0.024616855430411033
2017-12-07,-0.011340005880162707
2017-12-08,-0.0016687126830934318
2017-12-11,0.0
2017-12-12,-0.007517511071798877
2017-12-13,-0.0162578841176253
2017-12-14,-0.019208170437110428
2017-12-15,-0.007308858137219931
2017-12-18,-0.003842782541793044
2017-12-19,0.0
2017-12-20,0.0
2017-12-21,0.0
2017-12-22,0.0
2017-12-26,0.0
2017-12-27,-0.0039091212328801195
2017-12-28,0.0
2017-12-29,0.0
2018-01-01,0.0
2018-01-02,-0.004756719097559148
2018-01-03,0.0
2018-01-04,0.0
2018-01-05,0.0
2018-01-08,0.0
2018-01-09,-0.0004974371163611879
2018-01-10,-0.0010733633117980812
2018-01-11,0.0
2018-01-12,-0.00046378403656932576
2018-01-15,0.0
2018-01-16,-0.023032036408798473
2018-01-17,-0.0197741660137567
2018-01-18,-0.04244428419864199
2018-01-19,-0.03666080785362058
2018-01-22,-0.028836150235922786
2018-01-23,-0.026960805520795494
2018-01-24,-0.033933918820067244
2018-01-25,-0.04034715724350457
2018-01-29,-0.051080060845306696
2018-01-30,-0.06327045680413934
2018-01-31,-0.06893727482608747
2018-02-01,-0.07068283238555562
2018-02-02,-0.11475745302708695
2018-02-05,-0.1159733668157934
2018-02-06,-0.1366595704217778
2018-02-07,-0.12028088194534603
2018-02-08,-0.12160046062242802
2018-02-09,-0.11922314484105312
2018-02-12,-0.1024957186213824
2018-02-14,-0.10121396544587169
2018-02-15,-0.11261407688135072
2018-02-16,-0.12450548950543061
2018-02-19,-0.13444834051119103
2018-02-20,-0.1369533698885137
2018-02-21,-0.1369533698885137
2018-02-22,-0.1369533698885137
2018-02-23,-0.1369533698885137
2018-02-26,-0.1382479398336809
2018-02-27,-0.14241715878444627
2018-02-28,-0.1429711145688708
2018-03-01,-0.14579649207823286
2018-03-05,-0.15830691153971566
2018-03-06,-0.15830691153971566
2018-03-07,-0.15830691153971566
2018-03-08,-0.15830691153971566
2018-03-09,-0.15830691153971566
2018-03-12,-0.15830691153971566
2018-03-13,-0.15830691153971566
2018-03-14,-0.15830691153971566
2018-03-15,-0.15830691153971566
2018-03-16,-0.15830691153971566
2018-03-19,-0.15830691153971566
2018-03-20,-0.15830691153971566
2018-03-21,-0.15830691153971566
2018-03-22,-0.15830691153971566
2018-03-23,-0.15830691153971566
2018-03-26,-0.15830691153971566
2018-03-27,-0.15830691153971566
2018-03-28,-0.15830691153971566
2018-04-02,-0.15830691153971566
2018-04-03,-0.15830691153971566
2018-04-04,-0.15830691153971566
2018-04-05,-0.15830691153971566
2018-04-06,-0.15830691153971566
2018-04-09,-0.15830691153971566
2018-04-10,-0.15830691153971566
2018-04-11,-0.15830691153971566
2018-04-12,-0.15830691153971566
2018-04-13,-0.15830691153971566
2018-04-16,-0.15830691153971566
2018-04-17,-0.15830691153971566
2018-04-18,-0.15830691153971566
2018-04-19,-0.15830691153971566
2018-04-20,-0.15830691153971566
2018-04-23,-0.15830691153971566
2018-04-24,-0.15830691153971566
2018-04-25,-0.15830691153971566
2018-04-26,-0.15830691153971566
2018-04-27,-0.15830691153971566
2018-04-30,-0.15830691153971566
2018-05-02,-0.15830691153971566
2018-05-03,-0.15830691153971566
2018-05-04,-0.15830691153971566
2018-05-07,-0.15830691153971566
2018-05-08,-0.15830691153971566
2018-05-09,-0.15830691153971566
2018-05-10,-0.15830691153971566
2018-05-11,-0.15830691153971566
2018-05-14,-0.15830691153971566
2018-05-15,-0.15830691153971566
2018-05-16,-0.15830691153971566
2018-05-17,-0.15830691153971566
2018-05-18,-0.15830691153971566
2018-05-21,-0.15830691153971566
2018-05-22,-0.15830691153971566
2018-05-23,-0.15830691153971566
2018-05-24,-0.15830691153971566
2018-05-25,-0.15830691153971566
2018-05-28,-0.15830691153971566
2018-05-29,-0.15830691153971566
2018-05-30,-0.15830691153971566
2018-05-31,-0.15830691153971566
2018-06-01,-0.15830691153971566
2018-06-04,-0.15830691153971566
2018-06-05,-0.15830691153971566
2018-06-06,-0.15830691153971566
2018-06-07,-0.15830691153971566
2018-06-08,-0.15830691153971566
2018-06-11,-0.15830691153971566
2018-06-12,-0.15830691153971566
2018-06-13,-0.15830691153971566
2018-06-14,-0.15830691153971566
2018-06-15,-0.15830691153971566
2018-06-18,-0.15830691153971566
2018-06-19,-0.15830691153971566
2018-06-20,-0.15830691153971566
2018-06-21,-0.15830691153971566
2018-06-22,-0.15830691153971566
2018-06-25,-0.15830691153971566
2018-06-26,-0.15830691153971566
2018-06-27,-0.15830691153971566
2018-06-28,-0.15830691153971566
2018-06-29,-0.15830691153971566
2018-07-02,-0.15830691153971566
2018-07-03,-0.15830691153971566
2018-07-04,-0.15830691153971566
2018-07-05,-0.15830691153971566
2018-07-06,-0.15830691153971566
2018-07-09,-0.15830691153971566
2018-07-10,-0.15830691153971566
2018-07-11,-0.15830691153971566
2018-07-12,-0.15830691153971566
2018-07-13,-0.15830691153971566
2018-07-16,-0.15830691153971566
2018-07-17,-0.15830691153971566
2018-07-18,-0.15830691153971566
2018-07-19,-0.15830691153971566
2018-07-20,-0.15830691153971566
2018-07-23,-0.15830691153971566
2018-07-24,-0.15830691153971566
2018-07-25,-0.15830691153971566
2018-07-26,-0.15830691153971566
2018-07-27,-0.15830691153971566
2018-07-30,-0.15830691153971566
2018-07-31,-0.15830691153971566
2018-08-01,-0.15830691153971566
2018-08-02,-0.15830691153971566
2018-08-03,-0.15830691153971566
2018-08-06,-0.15830691153971566
2018-08-07,-0.15830691153971566
2018-08-08,-0.15830691153971566
2018-08-09,-0.15830691153971566
2018-08-10,-0.15830691153971566
2018-08-13,-0.15830691153971566
2018-08-14,-0.15830691153971566
2018-08-16,-0.15830691153971566
2018-08-17,-0.15830691153971566
2018-08-20,-0.15830691153971566
2018-08-21,-0.15830691153971566
2018-08-23,-0.15830691153971566
2018-08-24,-0.15830691153971566
2018-08-27,-0.15830691153971566
2018-08-28,-0.15956945117240595
2018-08-29,-0.15687982336328432
2018-08-30,-0.1515113733902318
2018-08-31,-0.1465759522135126
2018-09-03,-0.14769727691730716
2018-09-04,-0.16571298409054425
2018-09-05,-0.1710565990240468
2018-09-06,-0.1710565990240468
2018-09-07,-0.17230001412551066
2018-09-10,-0.17959499165247617
2018-09-11,-0.19214623609004033
2018-09-12,-0.19516229429398813
2018-09-14,-0.19516229429398813
2018-09-17,-0.19636955085254704
2018-09-18,-0.20980321690694648
2018-09-19,-0.2172214395389861
2018-09-21,-0.2172214395389861
2018-09-24,-0.2172214395389861
2018-09-25,-0.2172214395389861
2018-09-26,-0.2172214395389861
2018-09-27,-0.2172214395389861
2018-09-28,-0.2172214395389861
2018-10-01,-0.2172214395389861
2018-10-03,-0.2172214395389861
2018-10-04,-0.2172214395389861
2018-10-05,-0.2172214395389861
2018-10-08,-0.2172214395389861
2018-10-09,-0.2172214395389861
2018-10-10,-0.2172214395389861
2018-10-11,-0.2172214395389861
2018-10-12,-0.2172214395389861
2018-10-15,-0.2172214395389861
2018-10-16,-0.2172214395389861
2018-10-17,-0.2172214395389861
2018-10-19,-0.2172214395389861
2018-10-22,-0.2172214395389861
2018-10-23,-0.2172214395389861
2018-10-24,-0.2172214395389861
2018-10-25,-0.2172214395389861
2018-10-26,-0.2172214395389861
2018-10-29,-0.2172214395389861
2018-10-30,-0.2172214395389861
2018-10-31,-0.2172214395389861
2018-11-01,-0.2172214395389861
2018-11-02,-0.2172214395389861
2018-11-05,-0.2172214395389861
2018-11-06,-0.2172214395389861
2018-11-07,-0.2172214395389861
2018-11-09,-0.2172214395389861
2018-11-12,-0.2172214395389861
2018-11-13,-0.2172214395389861
2018-11-14,-0.2172214395389861
2018-11-15,-0.2172214395389861
2018-11-16,-0.2172214395389861
2018-11-19,-0.2172214395389861
2018-11-20,-0.2172214395389861
2018-11-21,-0.2172214395389861
2018-11-22,-0.2172214395389861
2018-11-26,-0.2172214395389861
2018-11-27,-0.2172214395389861
2018-11-28,-0.2172214395389861
2018-11-29,-0.2172214395389861
2018-11-30,-0.2172214395389861
2018-12-03,-0.2172214395389861
2018-12-04,-0.2172214395389861
2018-12-05,-0.2172214395389861
2018-12-06,-0.2172214395389861
2018-12-07,-0.2172214395389861
2018-12-10,-0.2172214395389861
2018-12-11,-0.2172214395389861
2018-12-12,-0.2172214395389861
2018-12-13,-0.2172214395389861
2018-12-14,-0.2172214395389861
2018-12-17,-0.2172214395389861
2018-12-18,-0.2172214395389861
2018-12-19,-0.2172214395389861
2018-12-20,-0.2172214395389861
2018-12-21,-0.2172214395389861
2018-12-24,-0.2172214395389861
2018-12-26,-0.2172214395389861
2018-12-27,-0.2172214395389861
2018-12-28,-0.2172214395389861
2018-12-31,-0.2172214395389861
2019-01-01,-0.2172214395389861
2019-01-02,-0.2172214395389861
2019-01-03,-0.2172214395389861
2019-01-04,-0.2172214395389861
2019-01-07,-0.2172214395389861
2019-01-08,-0.2172214395389861
2019-01-09,-0.2172214395389861
2019-01-10,-0.2172214395389861
2019-01-11,-0.2172214395389861
2019-01-14,-0.2172214395389861
2019-01-15,-0.2172214395389861
2019-01-16,-0.2172214395389861
2019-01-17,-0.2172214395389861
2019-01-18,-0.2172214395389861
2019-01-21,-0.2172214395389861
2019-01-22,-0.2172214395389861
2019-01-23,-0.2172214395389861
2019-01-24,-0.2172214395389861
2019-01-25,-0.2172214395389861
2019-01-28,-0.2172214395389861
2019-01-29,-0.2172214395389861
2019-01-30,-0.2172214395389861
2019-01-31,-0.2172214395389861
2019-02-01,-0.2172214395389861
2019-02-04,-0.2172214395389861
2019-02-05,-0.2172214395389861
2019-02-06,-0.2172214395389861
2019-02-07,-0.2172214395389861
2019-02-08,-0.2172214395389861
2019-02-11,-0.2172214395389861
2019-02-12,-0.2172214395389861
2019-02-13,-0.2172214395389861
2019-02-14,-0.2172214395389861
2019-02-15,-0.2172214395389861
2019-02-18,-0.2172214395389861
2019-02-19,-0.2172214395389861
2019-02-20,-0.2172214395389861
2019-02-21,-0.2172214395389861
2019-02-22,-0.2172214395389861
2019-02-25,-0.2172214395389861
2019-02-26,-0.2172214395389861
2019-02-27,-0.2172214395389861
2019-02-28,-0.2172214395389861
2019-03-01,-0.2172214395389861
2019-03-05,-0.2172214395389861
2019-03-06,-0.21839560737967756
2019-03-07,-0.21890304757933343
2019-03-08,-0.22024433960381762
2019-03-11,-0.20661580487724474
2019-03-12,-0.19793646458667125
2019-03-13,-0.20285894992947295
2019-03-14,-0.20339985691729756
2019-03-15,-0.20700513904389828
2019-03-18,-0.2087583006500976
2019-03-19,-0.2044046115374596
2019-03-20,-0.20693033833362284
2019-03-22,-0.21235567024260726
2019-03-25,-0.22405582841971372
2019-03-26,-0.21776249241590784
2019-03-27,-0.21336315425352748
2019-03-28,-0.20641193187473028
2019-03-29,-0.20062464529676505
2019-04-01,-0.19164384162799386
2019-04-02,-0.19215429086523073
2019-04-03,-0.1999410081114077
2019-04-04,-0.2023391328398726
2019-04-05,-0.19531461260511795
2019-04-08,-0.19843976839817146
2019-04-09,-0.19987058052205653
2019-04-10,-0.20089790838473898
2019-04-11,-0.2016595955418904
2019-04-12,-0.1974214969129433
2019-04-15,-0.19194234206333216
2019-04-16,-0.18994616008519183
2019-04-18,-0.19956505291277038
2019-04-22,-0.21146668860858964
2019-04-23,-0.21384109339905244
2019-04-24,-0.2100806217825345
2019-04-25,-0.21196503200377392
2019-04-26,-0.21364226049848933
2019-04-30,-0.22671885031350314
2019-05-02,-0.22970656102063958
2019-05-03,-0.23170808181636005
2019-05-06,-0.2371770222867845
2019-05-07,-0.24563069334765653
2019-05-08,-0.24563069334765653
2019-05-09,-0.24563069334765653
2019-05-10,-0.24563069334765653
2019-05-13,-0.24563069334765653
2019-05-14,-0.24563069334765653
2019-05-15,-0.24563069334765653
2019-05-16,-0.24563069334765653
2019-05-17,-0.24563069334765653
2019-05-20,-0.24563069334765653
2019-05-21,-0.24563069334765653
2019-05-22,-0.24563069334765653
2019-05-23,-0.24563069334765653
2019-05-24,-0.24563069334765653
2019-05-27,-0.24676224730763507
2019-05-28,-0.2432400198971013
2019-05-29,-0.24887388268861377
2019-05-30,-0.248080697890526
2019-05-31,-0.2540009447473994
2019-06-03,-0.2529903987860529
2019-06-04,-0.25394349207633016
2019-06-06,-0.2665970821202671
2019-06-07,-0.2700636746899645
2019-06-10,-0.27592429973076504
2019-06-11,-0.2748654293291428
2019-06-12,-0.2790314466343501
2019-06-13,-0.2839160550951815
2019-06-14,-0.2914865299952951
2019-06-17,-0.2914865299952951
2019-06-18,-0.2914865299952951
2019-06-19,-0.2914865299952951
2019-06-20,-0.2914865299952951
2019-06-21,-0.2914865299952951
2019-06-24,-0.2914865299952951
2019-06-25,-0.2914865299952951
2019-06-26,-0.2914865299952951
2019-06-27,-0.2914865299952951
2019-06-28,-0.2914865299952951
2019-07-01,-0.2914865299952951
2019-07-02,-0.2914865299952951
2019-07-03,-0.2914865299952951
2019-07-04,-0.2914865299952951
2019-07-05,-0.2914865299952951
2019-07-08,-0.2914865299952951
2019-07-09,-0.2914865299952951
2019-07-10,-0.2914865299952951
2019-07-11,-0.2914865299952951
2019-07-12,-0.2914865299952951
2019-07-15,-0.2914865299952951
2019-07-16,-0.2914865299952951
2019-07-17,-0.2914865299952951
2019-07-18,-0.2914865299952951
2019-07-19,-0.2914865299952951
2019-07-22,-0.2914865299952951
2019-07-23,-0.2914865299952951
2019-07-24,-0.2914865299952951
2019-07-25,-0.2914865299952951
2019-07-26,-0.2914865299952951
2019-07-29,-0.2914865299952951
2019-07-30,-0.2914865299952951
2019-07-31,-0.2914865299952951
2019-08-01,-0.2914865299952951
2019-08-02,-0.2914865299952951
2019-08-05,-0.2914865299952951
2019-08-06,-0.2914865299952951
2019-08-07,-0.2914865299952951
2019-08-08,-0.2914865299952951
2019-08-09,-0.2914865299952951
2019-08-13,-0.2914865299952951
2019-08-14,-0.2914865299952951
2019-08-16,-0.2914865299952951
2019-08-19,-0.2914865299952951
2019-08-20,-0.2914865299952951
2019-08-21,-0.2914865299952951
2019-08-22,-0.2914865299952951
2019-08-23,-0.2914865299952951
2019-08-26,-0.2914865299952951
2019-08-27,-0.2914865299952951
2019-08-28,-0.2914865299952951
2019-08-29,-0.2914865299952951
2019-08-30,-0.2914865299952951
2019-09-03,-0.2914865299952951
2019-09-04,-0.2914865299952951
2019-09-05,-0.2914865299952951
2019-09-06,-0.2914865299952951
2019-09-09,-0.2914865299952951
2019-09-11,-0.2914865299952951
2019-09-12,-0.2914865299952951
2019-09-13,-0.2914865299952951
2019-09-16,-0.2914865299952951
2019-09-17,-0.2914865299952951
2019-09-18,-0.2914865299952951
2019-09-19,-0.2914865299952951
2019-09-20,-0.2914865299952951
2019-09-23,-0.2914865299952951
2019-09-24,-0.2914865299952951
2019-09-25,-0.2914865299952951
2019-09-26,-0.2914865299952951
2019-09-27,-0.2914865299952951
2019-09-30,-0.2914865299952951
2019-10-01,-0.2914865299952951
2019-10-03,-0.2914865299952951
2019-10-04,-0.2914865299952951
2019-10-07,-0.2914865299952951
2019-10-09,-0.2914865299952951
2019-10-10,-0.2914865299952951
2019-10-11,-0.2914865299952951
2019-10-14,-0.2914865299952951
2019-10-15,-0.2914865299952951
2019-10-16,-0.2914865299952951
2019-10-17,-0.2914865299952951
2019-10-18,-0.2914865299952951
2019-10-22,-0.2914865299952951
2019-10-23,-0.2914865299952951
2019-10-24,-0.2914865299952951
2019-10-25,-0.2914865299952951
2019-10-29,-0.2914865299952951
2019-10-30,-0.2914865299952951
2019-10-31,-0.29254930020030223
2019-11-01,-0.28775241811272234
2019-11-04,-0.2834009603214559
2019-11-05,-0.2903223869652958
2019-11-06,-0.2906095703097128
2019-11-07,-0.2865100609505763
2019-11-08,-0.2907054209530874
2019-11-11,-0.2879931454481811
2019-11-13,-0.29631599497912564
2019-11-14,-0.2998103767027943
2019-11-15,-0.29973391581969133
2019-11-18,-0.29749274238002843
2019-11-19,-0.29493433521591994
2019-11-20,-0.293544027304355
2019-11-21,-0.29459264688049247
2019-11-22,-0.29338410774051293
2019-11-25,-0.28720635569244934
2019-11-26,-0.2904473819980007
2019-11-27,-0.28904863385136115
2019-11-28,-0.28519996978489537
2019-11-29,-0.28351016094066495
2019-12-02,-0.28763342929507985
2019-12-03,-0.2947055660368938
2019-12-04,-0.2923009820498692
2019-12-05,-0.2924717788516684
2019-12-06,-0.3002484644986496
2019-12-09,-0.3026621543019242
2019-12-10,-0.3115213671980447
2019-12-11,-0.3143058613598121
2019-12-12,-0.3082249248580945
2019-12-13,-0.3002502998648052
2019-12-16,-0.3011851099571293
2019-12-17,-0.29557726208165447
2019-12-18,-0.2959062245428008
2019-12-19,-0.2972389614892569
2019-12-20,-0.29736925717131957
2019-12-23,-0.2982728889689825
2019-12-24,-0.2978998534684577
2019-12-26,-0.2945384112201397
2019-12-27,-0.2893227379336206
2019-12-30,-0.2833142436614533
2019-12-31,-0.2809140369486185
2020-01-01,-0.2751307953894335
2020-01-02,-0.260069889905014
2020-01-03,-0.25839690131287607
2020-01-06,-0.2763884891155163
2020-01-07,-0.267327590966033
2020-01-08,-0.26883974768235097
2020-01-09,-0.25539949307148013
2020-01-10,-0.25208195985013315
2020-01-13,-0.2436360394323679
2020-01-14,-0.2395351424827693
2020-01-15,-0.23140732975749567
2020-01-16,-0.22297707442192916
2020-01-17,-0.22105405705146164
2020-01-20,-0.2276113205819632
2020-01-21,-0.22747224350598083
2020-01-22,-0.22896716786560345
2020-01-23,-0.2230765859000643
2020-01-24,-0.2197210230756046
2020-01-27,-0.22216555395476134
2020-01-28,-0.22758212437926195
2020-01-29,-0.22428348224574912
2020-01-30,-0.234642204189619
2020-01-31,-0.23953007652707492
2020-02-03,-0.26384924941871946
2020-02-04,-0.25159948972487567
2020-02-05,-0.24514914195973136
2020-02-06,-0.23699837389697997
2020-02-07,-0.23317944566421844
2020-02-10,-0.23786746137176995
2020-02-11,-0.23870493081668498
2020-02-12,-0.24201137809510076
2020-02-13,-0.24150624951359878
2020-02-14,-0.24664275014287462
2020-02-17,-0.25509855750471777
2020-02-18,-0.26194106421190433
2020-02-19,-0.25114971597357816
2020-02-20,-0.24709785211781898
2020-02-24,-0.2605009416565487
2020-02-25,-0.26413809181392867
2020-02-26,-0.27202296203068044
2020-02-27,-0.27965086502433756
2020-02-28,-0.31085940259418865
2020-03-02,-0.31972743814591764
2020-03-03,-0.31972743814591764
2020-03-04,-0.31972743814591764
2020-03-05,-0.31972743814591764
2020-03-06,-0.31972743814591764
2020-03-09,-0.31972743814591764
2020-03-11,-0.31972743814591764
2020-03-12,-0.31972743814591764
2020-03-13,-0.31972743814591764
2020-03-16,-0.31972743814591764
2020-03-17,-0.31972743814591764
2020-03-18,-0.31972743814591764
2020-03-19,-0.31972743814591764
2020-03-20,-0.31972743814591764
2020-03-23,-0.31972743814591764
2020-03-24,-0.31972743814591764
2020-03-25,-0.31972743814591764
2020-03-26,-0.31972743814591764
2020-03-27,-0.31972743814591764
2020-03-30,-0.31972743814591764
2020-03-31,-0.31972743814591764
2020-04-01,-0.31972743814591764
2020-04-03,-0.31972743814591764
2020-04-07,-0.31972743814591764
2020-04-08,-0.31972743814591764
2020-04-09,-0.31972743814591764
2020-04-13,-0.31972743814591764
2020-04-15,-0.31972743814591764
2020-04-16,-0.31972743814591764
2020-04-17,-0.31972743814591764
2020-04-20,-0.31972743814591764
2020-04-21,-0.31972743814591764
2020-04-22,-0.31972743814591764
2020-04-23,-0.31972743814591764
2020-04-24,-0.31972743814591764
2020-04-27,-0.31972743814591764
2020-04-28,-0.31972743814591764
2020-04-29,-0.31972743814591764
2020-04-30,-0.31972743814591764
2020-05-04,-0.31972743814591764
2020-05-05,-0.31972743814591764
2020-05-06,-0.31972743814591764
2020-05-07,-0.31972743814591764
2020-05-08,-0.31972743814591764
2020-05-11,-0.31972743814591764
2020-05-12,-0.31972743814591764
2020-05-13,-0.31972743814591764
2020-05-14,-0.31972743814591764
2020-05-15,-0.31972743814591764
2020-05-18,-0.31972743814591764
2020-05-19,-0.31972743814591764
2020-05-20,-0.31972743814591764
2020-05-21,-0.31972743814591764
2020-05-22,-0.31972743814591764
2020-05-26,-0.31972743814591764
2020-05-27,-0.31972743814591764
2020-05-28,-0.31972743814591764
2020-05-29,-0.31972743814591764
2020-06-01,-0.31972743814591764
2020-06-02,-0.31972743814591764
2020-06-03,-0.31972743814591764
2020-06-04,-0.31972743814591764
2020-06-05,-0.31972743814591764
2020-06-08,-0.31972743814591764
2020-06-09,-0.32074784698869874
2020-06-10,-0.31277436856569607
2020-06-11,-0.3217749354821553
2020-06-12,-0.3195212374660612
2020-06-15,-0.3170645527986684
2020-06-16,-0.3159489233797075
2020-06-17,-0.3107419587801511
2020-06-18,-0.2957222405556922
2020-06-19,-0.2851665199112443
2020-06-22,-0.2728405341758694
2020-06-23,-0.258670295305505
2020-06-24,-0.26751966483164435
2020-06-25,-0.26205645774069575
2020-06-26,-0.256997383767683
2020-06-29,-0.2654673585463141
2020-06-30,-0.270543141258064
2020-07-01,-0.2674917403115358
2020-07-02,-0.26005471111687317
2020-07-03,-0.25757622967490157
2020-07-06,-0.2468206338585749
2020-07-07,-0.24269668728250593
2020-07-08,-0.24429312897508448
2020-07-09,-0.24043456941155916
2020-07-10,-0.2461706638706801
2020-07-13,-0.24759406605391243
2020-07-14,-0.2573634954982498
2020-07-15,-0.2611461567677339
2020-07-16,-0.26255709115468506
2020-07-17,-0.2519721656597125
2020-07-20,-0.24534015827702116
2020-07-21,-0.24124359097934822
2020-07-22,-0.2437788155449817
2020-07-23,-0.2380751530234292
2020-07-24,-0.24173525729345213
2020-07-27,-0.25224110157627155
2020-07-28,-0.2480487086452975
2020-07-29,-0.24433978654880584
2020-07-30,-0.24759320433633625
2020-07-31,-0.24497507316622946
2020-08-03,-0.23665211075977333
2020-08-04,-0.22704416802235894
2020-08-05,-0.21959329046300746
2020-08-06,-0.21373592452387236
2020-08-07,-0.20455149750601953
2020-08-10,-0.19123956773521844
2020-08-11,-0.18614464444607282
2020-08-12,-0.18157447500559643
2020-08-13,-0.1744996276191464
2020-08-14,-0.1816744701283648
2020-08-17,-0.17404494927711434
2020-08-18,-0.16143435748313828
2020-08-19,-0.14930637284924198
2020-08-20,-0.14129012575707545
2020-08-21,-0.13085418371179658
2020-08-24,-0.12327384294953003
2020-08-25,-0.12115554765752645
2020-08-26,-0.11155847281013442
2020-08-27,-0.10682421723522861
2020-08-28,-0.110363331459289
2020-08-31,-0.15188368918365835
2020-09-01,-0.1531020492767844
2020-09-02,-0.14090791600006458
2020-09-03,-0.13496864125267038
2020-09-04,-0.14450069729053394
2020-09-07,-0.1469528141706259
2020-09-08,-0.15782784272933215
2020-09-09,-0.1688602637975356
2020-09-10,-0.15716945975080399
2020-09-11,-0.15433134866425535
2020-09-14,-0.13041270603173816
2020-09-15,-0.12305308807683435
2020-09-16,-0.11907959568570059
2020-09-17,-0.12333082603634837
2020-09-18,-0.12464917686524357
2020-09-21,-0.15654248109725477
2020-09-22,-0.17241361863359173
2020-09-23,-0.17348353184971643
2020-09-24,-0.19360721137330272
2020-09-25,-0.17178406726783102
2020-09-28,-0.1521968770084685
2020-09-29,-0.15207309590680496
2020-09-30,-0.1518320104743326
2020-10-01,-0.145541077807683
2020-10-05,-0.14044307443633874
2020-10-06,-0.13463220671525045
2020-10-07,-0.1407340469332149
2020-10-08,-0.14209649698089322
2020-10-09,-0.14303897602646798
2020-10-12,-0.15090890363362608
2020-10-13,-0.15182724643402612
2020-10-14,-0.15188475216268038
2020-10-15,-0.16494600568757622
2020-10-16,-0.15742280110952622
2020-10-19,-0.15243467195722926
2020-10-20,-0.14899315973853022
2020-10-21,-0.14609200405383682
2020-10-22,-0.1392423212341044
2020-10-23,-0.13089714169137256
2020-10-26,-0.1399975101406653
2020-10-27,-0.13893837029931577
2020-10-28,-0.14596141927358552
2020-10-29,-0.15080878596830527
2020-10-30,-0.1492704506695257
2020-11-02,-0.15530944771648358
2020-11-03,-0.15229935503819914
2020-11-04,-0.15136341546518983
2020-11-05,-0.13983258608153892
2020-11-06,-0.1339353155120484
2020-11-09,-0.12940175403889564
2020-11-10,-0.13049599385834154
2020-11-11,-0.1264821368379916
2020-11-12,-0.11863697511680182
2020-11-13,-0.11109313310690205
2020-11-17,-0.09201089665373274
2020-11-18,-0.08286352257821517
2020-11-19,-0.08330489355484605
2020-11-20,-0.07457749476592601
2020-11-23,-0.06372619672225655
2020-11-24,-0.05671689987304229
2020-11-25,-0.06440274070094065
2020-11-26,-0.053856320605019214
2020-11-27,-0.03949526921693858
2020-12-01,-0.025613056294524483
2020-12-02,-0.018608213112214278
2020-12-03,-0.0031171844869655185
2020-12-04,0.0
2020-12-07,0.0
2020-12-08,-0.0019135263711850259
2020-12-09,0.0
2020-12-10,-0.007448401935907678
2020-12-11,-0.0007630399261909782
2020-12-14,0.0
2020-12-15,0.0
2020-12-16,0.0
2020-12-17,-0.0034232517721775046
2020-12-18,-0.007952473537504279
2020-12-21,-0.057829666734515506
2020-12-22,-0.051236477587084384
2020-12-23,-0.022492414777497638
2020-12-24,-0.016955820690056744
2020-12-28,-0.0018382948635958796
2020-12-29,-0.0005210118108858186
2020-12-30,0.0
2020-12-31,0.0
2021-01-01,0.0
2021-01-04,0.0
2021-01-05,0.0
2021-01-06,-0.00039682754729830627
2021-01-07,0.0
2021-01-08,0.0
2021-01-11,-0.0019504262075284995
2021-01-12,0.0
2021-01-13,-0.005187730719723338
2021-01-14,-0.004244210968994078
2021-01-15,-0.014819543278591585
2021-01-18,-0.034762670762973014
2021-01-19,-0.01789353188848619
2021-01-20,-0.012916352026860478
2021-01-21,-0.021294681711620522
2021-01-22,-0.03219718192655863
2021-01-25,-0.0447492803976165
2021-01-27,-0.05141770768797427
2021-01-28,-0.05161330502298778
2021-01-29,-0.05436756862960668
2021-02-01,-0.03528201067247194
2021-02-02,-0.022058733074084125
2021-02-03,-0.009739105256376446
2021-02-04,0.0
2021-02-05,-0.004031852045888296
2021-02-08,0.0
2021-02-09,-0.004390891344633441
2021-02-10,-0.00290704104325612
2021-02-11,0.0
2021-02-12,-0.0014028840397960485
2021-02-15,0.0
2021-02-16,0.0
2021-02-17,0.0
2021-02-18,0.0
2021-02-19,-0.008582583674220379
2021-02-22,-0.020389752323786703
2021-02-23,-0.009362912814124047
2021-02-24,0.0
2021-02-25,0.0
2021-02-26,-0.007878465569841953
2021-03-01,0.0
2021-03-02,0.0
2021-03-03,0.0
2021-03-04,0.0
2021-03-05,-0.015271225770518648
2021-03-08,-0.006482475788958664
2021-03-09,-0.013767038068017823
2021-03-10,-0.0067597988723872016
2021-03-12,-0.010217589539667449
2021-03-15,-0.016157006885261782
2021-03-16,-0.015558741665956277
2021-03-17,-0.03872915947416167
2021-03-18,-0.0581573996750262
2021-03-19,-0.05496247313148572
2021-03-22,-0.04757563795750108
2021-03-23,-0.03989931104467992
2021-03-24,-0.055591248297561235
2021-03-25,-0.07569904497562219
2021-03-26,-0.06693339592647274
2021-03-30,-0.06052053958587944
2021-03-31,-0.05880896345564757
2021-04-01,-0.034026302101942574
2021-04-05,-0.0465522175400811
2021-04-06,-0.038589031878261126
2021-04-07,-0.02641921534334657
2021-04-08,-0.013884544497164586
2021-04-09,-0.008065460958575521
2021-04-12,-0.06273471819581633
2021-04-13,-0.04577612143258436
2021-04-15,-0.048750318092007694
2021-04-16,-0.040024513208407386
2021-04-19,-0.061792152233636766
2021-04-20,-0.055394011955805955
2021-04-22,-0.04602445752516704
2021-04-23,-0.04188549315501555
2021-04-26,-0.033423204011787666
2021-04-27,-0.01989398782539553
2021-04-28,-0.009803900016224332
2021-04-29,-0.00986063763597067
2021-04-30,-0.010482034479199931
2021-05-03,0.0
2021-05-04,-0.006401910232884389
2021-05-05,0.0
2021-05-06,0.0
2021-05-07,0.0
2021-05-10,0.0
2021-05-11,0.0
2021-05-12,-0.0016955634515984919
2021-05-14,-0.011611385307235156
2021-05-17,0.0
2021-05-18,0.0
2021-05-19,0.0
2021-05-20,0.0
2021-05-21,0.0
2021-05-24,0.0
2021-05-25,0.0
2021-05-26,0.0
2021-05-27,0.0
2021-05-28,-0.005744458003205999
2021-05-31,-0.0011055252773665147
2021-06-01,-0.007377433628122376
2021-06-02,0.0
2021-06-03,0.0
2021-06-04,0.0
2021-06-07,0.0
2021-06-08,0.0
2021-06-09,-0.007462199902813826
2021-06-10,0.0
2021-06-11,0.0
2021-06-14,-0.00045118504968344464
2021-06-15,0.0
2021-06-16,-0.0037854504581216197
2021-06-17,-0.008151186691102597
2021-06-18,-0.016974755428521893
2021-06-21,-0.005939568800244821
2021-06-22,0.0
2021-06-23,-0.0012166105640653013
2021-06-24,-0.003116101969885987
2021-06-25,0.0
2021-06-28,0.0
2021-06-29,0.0
2021-06-30,0.0
2021-07-01,0.0
2021-07-02,0.0
2021-07-05,0.0
2021-07-06,-0.003684898606937881
2021-07-07,-9.774245762217415e-05
2021-07-08,-0.003446667483884891
2021-07-09,0.0
2021-07-12,0.0
2021-07-13,0.0
2021-07-14,0.0
2021-07-15,0.0
2021-07-16,0.0
2021-07-19,-0.002357587761945501
2021-07-20,-0.01934646827225006
2021-07-22,-0.008260154620380322
2021-07-23,-0.00824585563232283
2021-07-26,-0.005520061652816155
2021-07-27,-0.007093941444614726
2021-07-28,-0.011543683791403248
2021-07-29,-0.002555230295149813
2021-07-30,0.0
2021-08-02,0.0
2021-08-03,0.0
2021-08-04,-0.013456666072989565
2021-08-05,-0.019103663242873714
2021-08-06,-0.016823211869338217
2021-08-09,-0.02744694941053838
2021-08-10,-0.05260133291026514
2021-08-11,-0.05793324888905638
2021-08-12,-0.03664753360895767
2021-08-13,-0.039205646663073135
2021-08-16,-0.04860297794474988
2021-08-17,-0.05347407738605314
2021-08-18,-0.058690081752622913
2021-08-20,-0.0795062435252174
2021-08-23,-0.09997554931552288
2021-08-24,-0.08010889678279653
2021-08-25,-0.0730960503682464
2021-08-26,-0.07333869095698331
2021-08-27,-0.0662782606011676
2021-08-30,-0.0540069409839381
2021-08-31,-0.05269604128688454
2021-09-01,-0.04998708550423003
2021-09-02,-0.04034026067352969
2021-09-03,-0.036606166961261954
2021-09-06,-0.03113826399677677
2021-09-07,-0.03375484280758456
2021-09-08,-0.030678823612730555
2021-09-09,-0.02594568446806722
2021-09-13,-0.02196267992599943
2021-09-14,-0.01307896750254367
2021-09-15,-0.004037035877875295
2021-09-16,-0.0018649675850981318
2021-09-17,-0.010741973384012504
2021-09-20,-0.02856066487197939
2021-09-21,-0.025654333343306912
2021-09-22,-0.011238016140996288
2021-09-23,-0.002484869605793971
2021-09-24,-0.005919942593116456
2021-09-27,-0.002934517141106263
2021-09-28,-0.006081599555324058
2021-09-29,0.0
2021-09-30,0.0
2021-10-01,0.0
2021-10-04,0.0
2021-10-05,0.0
2021-10-06,-0.009186198418854485
2021-10-07,0.0
2021-10-08,0.0
2021-10-11,0.0
2021-10-12,0.0
2021-10-13,0.0
2021-10-14,0.0
2021-10-18,0.0
2021-10-19,-0.01996273126144088
2021-10-20,-0.03667048136151463
2021-10-21,-0.039523814298680904
2021-10-22,-0.047245663289263495
2021-10-25,-0.06244657590566838
2021-10-26,-0.04448895895578009
2021-10-27,-0.041465224517598154
2021-10-28,-0.05812253636602627
2021-10-29,-0.06079147476676727
2021-11-01,-0.047894865914982265
2021-11-02,-0.03831419918609413
2021-11-03,-0.0412532876687548
2021-11-04,-0.029442042505208543
2021-11-08,-0.022629499932715902
2021-11-09,-0.015282495095399362
2021-11-10,-0.01629486169108252
2021-11-11,-0.021264785097888095
2021-11-12,-0.02189958666021774
2021-11-15,-0.026920408925739325
2021-11-16,-0.02570391981340381
2021-11-17,-0.027129113505685032
2021-11-18,-0.042182223921466644
2021-11-22,-0.07003249382692667
2021-11-23,-0.05255142818829894
2021-11-24,-0.04793702159933744
2021-11-25,-0.038998111100271404
2021-11-26,-0.06303122061458866
2021-11-29,-0.08249385749161509
2021-11-30,-0.07805024288537454
2021-12-01,-0.07805024288537454
2021-12-02,-0.07943316752104645
2021-12-03,-0.0743537163143434
2021-12-06,-0.08435308637737748
2021-12-07,-0.0728328928999672
2021-12-08,-0.058326783946770044
2021-12-09,-0.0489179503286723
2021-12-10,-0.03923385990609218
2021-12-13,-0.03905419990742087
2021-12-14,-0.039640393516586325
2021-12-15,-0.04360441646764812
2021-12-16,-0.052370466103833446
2021-12-17,-0.07248346314233778
2021-12-20,-0.10239418220182772
2021-12-21,-0.09173662324448273
2021-12-22,-0.09173662324448273
2021-12-23,-0.09309901830961587
2021-12-24,-0.10015563835139074
2021-12-27,-0.09600659687731194
2021-12-28,-0.08250980236752092
2021-12-29,-0.07949619065344427
2021-12-30,-0.07979584824001584
2021-12-31,-0.07030570924395041
2022-01-03,-0.058360111511963964
2022-01-04,-0.052587120092028594
2022-01-05,-0.050815080172761706
2022-01-06,-0.0502536395683425
2022-01-07,-0.04700404281669357
2022-01-10,-0.03591388217957936
2022-01-11,-0.0351654707734711
2022-01-12,-0.02802126961746554
2022-01-13,-0.02334701737553091
2022-01-14,-0.017031174560661277
2022-01-17,-0.009187451289264792
2022-01-18,-0.027260699067181093
2022-01-19,-0.023732563897841952
2022-01-20,-0.02309806752586796
2022-01-21,-0.04120163281078648
2022-01-24,-0.08192768081930235
2022-01-25,-0.07069806830809056
2022-01-27,-0.07223498203067502
2022-01-28,-0.06499114190876965
2022-01-31,-0.05919597553850753
2022-02-01,-0.05172081610936485
2022-02-02,-0.03680090672230574
2022-02-03,-0.03801145369788017
2022-02-04,-0.04227999578315034
2022-02-07,-0.04818855994407523
2022-02-08,-0.05978271031200588
2022-02-09,-0.05480578357162036
2022-02-10,-0.05424007568127254
2022-02-11,-0.06951646545532608
2022-02-14,-0.10918915076899327
2022-02-15,-0.09440764124824841
2022-02-16,-0.09440764124824841
2022-02-17,-0.09440764124824841
2022-02-18,-0.09440764124824841
2022-02-21,-0.09440764124824841
2022-02-22,-0.09440764124824841
2022-02-23,-0.09440764124824841
2022-02-24,-0.09440764124824841
2022-02-25,-0.09440764124824841
2022-02-28,-0.09440764124824841
2022-03-02,-0.09440764124824841
2022-03-03,-0.09440764124824841
2022-03-04,-0.09440764124824841
2022-03-07,-0.09440764124824841
2022-03-08,-0.09440764124824841
2022-03-09,-0.09440764124824841
2022-03-10,-0.09440764124824841
2022-03-11,-0.09440764124824841
2022-03-14,-0.09440764124824841
2022-03-15,-0.09440764124824841
2022-03-16,-0.09440764124824841
2022-03-17,-0.09440764124824841
2022-03-21,-0.09440764124824841
2022-03-22,-0.09440764124824841
2022-03-23,-0.09440764124824841
2022-03-24,-0.09440764124824841
2022-03-25,-0.09440764124824841
2022-03-28,-0.09440764124824841
2022-03-29,-0.09440764124824841
2022-03-30,-0.09440764124824841
2022-03-31,-0.09440764124824841
2022-04-01,-0.09440764124824841
2022-04-04,-0.09576602978637594
2022-04-05,-0.08268273097921652
2022-04-06,-0.07468172986529586
2022-04-07,-0.07742784701871175
2022-04-08,-0.06807953976264303
2022-04-11,-0.06196740572418946
2022-04-12,-0.07472045407023786
2022-04-13,-0.06994663488795028
2022-04-18,-0.07647716095099422
2022-04-19,-0.08681873490964764
2022-04-20,-0.0822595925552162
2022-04-21,-0.0679069694578236
2022-04-22,-0.07220968508112591
2022-04-25,-0.09060844765785625
2022-04-26,-0.08258092103088854
2022-04-27,-0.08809530929573883
2022-04-28,-0.08805654411477226
2022-04-29,-0.0959430919357428
2022-05-02,-0.10245499395744262
2022-05-04,-0.12321578614439588
2022-05-05,-0.12660249208080387
2022-05-06,-0.12660249208080387
2022-05-09,-0.12660249208080387
2022-05-10,-0.12660249208080387
2022-05-12,-0.12660249208080387
2022-05-13,-0.12660249208080387
2022-05-16,-0.12660249208080387
2022-05-17,-0.12660249208080387
2022-05-18,-0.12660249208080387
2022-05-19,-0.12660249208080387
2022-05-20,-0.12660249208080387
2022-05-23,-0.12660249208080387
2022-05-24,-0.12660249208080387
2022-05-25,-0.12660249208080387
2022-05-26,-0.12660249208080387
2022-05-27,-0.12660249208080387
2022-05-30,-0.12660249208080387
2022-05-31,-0.12660249208080387
2022-06-01,-0.12660249208080387
2022-06-02,-0.12660249208080387
2022-06-03,-0.12660249208080387
2022-06-06,-0.12660249208080387
2022-06-07,-0.12660249208080387
2022-06-08,-0.12660249208080387
2022-06-09,-0.12660249208080387
2022-06-10,-0.12660249208080387
2022-06-13,-0.12660249208080387
2022-06-14,-0.12660249208080387
2022-06-15,-0.12660249208080387
2022-06-16,-0.12660249208080387
2022-06-17,-0.12660249208080387
2022-06-20,-0.12660249208080387
2022-06-21,-0.12660249208080387
2022-06-22,-0.12660249208080387
2022-06-23,-0.12660249208080387
2022-06-24,-0.12660249208080387
2022-06-27,-0.12660249208080387
2022-06-28,-0.12660249208080387
2022-06-29,-0.12660249208080387
2022-06-30,-0.12660249208080387
2022-07-01,-0.12660249208080387
2022-07-04,-0.12660249208080387
2022-07-05,-0.12660249208080387
2022-07-06,-0.12660249208080387
2022-07-07,-0.12660249208080387
2022-07-08,-0.12660249208080387
2022-07-11,-0.12660249208080387
2022-07-12,-0.12660249208080387
2022-07-13,-0.12660249208080387
2022-07-14,-0.12660249208080387
2022-07-15,-0.12660249208080387
2022-07-18,-0.12660249208080387
2022-07-19,-0.12660249208080387
2022-07-20,-0.1279125883426825
2022-07-21,-0.120130323616368
2022-07-22,-0.11814940364242932
2022-07-25,-0.12030357667209024
2022-07-26,-0.13005723268914715
2022-07-27,-0.12719172771200604
2022-07-28,-0.12213389422707188
2022-07-29,-0.11257448011657034
2022-08-01,-0.09823006795891065
2022-08-02,-0.09192806450224666
2022-08-03,-0.09878747708375768
2022-08-04,-0.09795590242010854
2022-08-05,-0.09733323602973065
2022-08-08,-0.09503906708095744
2022-08-10,-0.09765961777105137
2022-08-11,-0.09352472244983068
2022-08-12,-0.09109988033182281
2022-08-16,-0.08248719528996928
2022-08-17,-0.0773354985010768
2022-08-18,-0.07119118374105649
2022-08-19,-0.07673492547854477
2022-08-22,-0.08832623481068425
2022-08-23,-0.07890091125367038
2022-08-24,-0.07082268934606106
2022-08-25,-0.06667377136474406
2022-08-26,-0.061575357851091694
2022-08-29,-0.06752832773968354
2022-08-30,-0.05447160239153359
2022-09-01,-0.04999007875932249
2022-09-02,-0.04831806412014772
2022-09-05,-0.038467019673698144
2022-09-06,-0.037959895011099754
2022-09-07,-0.02962029520610976
2022-09-08,-0.02513901099195992
2022-09-09,-0.027923292265265243
2022-09-12,-0.018370632850889468
2022-09-13,-0.01524621405155513
2022-09-14,-0.014305198060326263
2022-09-15,-0.01172302175890827
2022-09-16,-0.03548210370753535
2022-09-19,-0.03671101878615224
2022-09-20,-0.027119032324135373
2022-09-21,-0.03485991616794737
2022-09-22,-0.03117720677672653
2022-09-23,-0.049696387541310894
2022-09-26,-0.0817482410274083
2022-09-27,-0.07748701433579219
2022-09-28,-0.0830981551461677
2022-09-29,-0.07936622564300555
2022-09-30,-0.06643474785698167
2022-10-03,-0.07416517492535746
2022-10-04,-0.05765127377717916
2022-10-06,-0.044494926052409234
2022-10-07,-0.0392649718055611
2022-10-10,-0.044979814376315264
2022-10-11,-0.058703922391954766
2022-10-12,-0.0581168512474447
2022-10-13,-0.061716978059948135
2022-10-14,-0.061993572283657206
2022-10-17,-0.06255873374258214
2022-10-18,-0.054769023344763856
2022-10-19,-0.05592129270772428
2022-10-20,-0.054315097736785
2022-10-21,-0.06032843825808487
2022-10-24,-0.05083451762694635
2022-10-25,-0.052302581326361675
2022-10-27,-0.04866072539450583
2022-10-28,-0.05302959274348351
2022-10-31,-0.04890812216926588
2022-11-01,-0.04476627626203389
2022-11-02,-0.042597640561553685
2022-11-03,-0.039673393830960024
2022-11-04,-0.03422614338290508
2022-11-07,-0.028389818362992925
2022-11-09,-0.03074626931132496
2022-11-10,-0.04193575836088803
2022-11-11,-0.038749401652701465
2022-11-14,-0.03741625274762472
2022-11-15,-0.036821822751386235
2022-11-16,-0.04052643555252755
2022-11-17,-0.044101023007857565
2022-11-18,-0.04705178343071548
2022-11-21,-0.04656356738458811
2022-11-22,-0.04610034028187404
2022-11-23,-0.040337124444606465
2022-11-24,-0.0367225703825369
2022-11-25,-0.02783597958213002
2022-11-28,-0.020093327755228874
2022-11-29,-0.02180342996268647
2022-11-30,-0.015185643801508775
2022-12-01,-0.009341613900106904
2022-12-02,-0.002302902617428715
2022-12-05,0.0
2022-12-06,-0.0020363633778170964
2022-12-07,-0.005885339778273879
2022-12-08,-0.0009396859847481398
2022-12-09,-0.012150186750708558
2022-12-12,-0.006701611397396556
2022-12-13,-0.0010350035143894543
2022-12-14,0.0
2022-12-15,-0.005619432840440308
2022-12-16,-0.015186748599063327
2022-12-19,-0.00921615744938764
2022-12-20,-0.009651399584273301
2022-12-21,-0.033709155976354266
2022-12-22,-0.05292884525620123
2022-12-23,-0.09297712319539642
2022-12-26,-0.06362487680231155
2022-12-27,-0.06362487680231155
2022-12-28,-0.06502943948710804
2022-12-29,-0.06235792919875105
2022-12-30,-0.05511807092607568
2023-01-02,-0.04500216153749126
2023-01-03,-0.0414865653510319
2023-01-04,-0.050273020652275124
2023-01-05,-0.049859239950086676
2023-01-06,-0.0568210674300581
2023-01-09,-0.05202417984889218
2023-01-10,-0.05702772542085144
2023-01-11,-0.05563090368250878
2023-01-12,-0.056229394726044823
2023-01-13,-0.05271799794701426
2023-01-16,-0.054948964028027514
2023-01-17,-0.056547373399270184
2023-01-18,-0.053428655831649685
2023-01-19,-0.05564599382222346
2023-01-20,-0.06203533336492972
2023-01-23,-0.06428586504599088
2023-01-24,-0.06807128945208596
2023-01-25,-0.08102463057159814
2023-01-27,-0.08102463057159814
2023-01-30,-0.08102463057159814
2023-01-31,-0.08102463057159814
2023-02-01,-0.08102463057159814
2023-02-02,-0.08102463057159814
2023-02-03,-0.08102463057159814
2023-02-06,-0.08102463057159814
2023-02-07,-0.08102463057159814
2023-02-08,-0.08102463057159814
2023-02-09,-0.08102463057159814
2023-02-10,-0.08102463057159814
2023-02-13,-0.08102463057159814
2023-02-14,-0.08102463057159814
2023-02-15,-0.08102463057159814
2023-02-16,-0.08102463057159814
2023-02-17,-0.08102463057159814
2023-02-20,-0.08102463057159814
2023-02-21,-0.08102463057159814
2023-02-22,-0.08102463057159814
2023-02-23,-0.08102463057159814
2023-02-24,-0.08102463057159814
2023-02-27,-0.08102463057159814
2023-02-28,-0.08102463057159814
2023-03-01,-0.08102463057159814
2023-03-02,-0.08102463057159814
2023-03-03,-0.08102463057159814
2023-03-06,-0.08102463057159814
2023-03-08,-0.08102463057159814
2023-03-09,-0.08102463057159814
2023-03-10,-0.08102463057159814
2023-03-13,-0.08102463057159814
2023-03-14,-0.08102463057159814
2023-03-15,-0.08102463057159814
2023-03-16,-0.08102463057159814
2023-03-17,-0.08102463057159814
2023-03-20,-0.08102463057159814
2023-03-21,-0.08102463057159814
2023-03-22,-0.08102463057159814
2023-03-23,-0.08102463057159814
2023-03-24,-0.08102463057159814
2023-03-27,-0.08102463057159814
2023-03-28,-0.08102463057159814
2023-03-29,-0.08102463057159814
2023-03-31,-0.08102463057159814
2023-04-03,-0.08102463057159814
2023-04-05,-0.08102463057159814
2023-04-06,-0.08102463057159814
2023-04-10,-0.08102463057159814
2023-04-11,-0.08102463057159814
2023-04-12,-0.08102463057159814
2023-04-13,-0.08102463057159814
2023-04-17,-0.08102463057159814
2023-04-18,-0.08102463057159814
2023-04-19,-0.08102463057159814
2023-04-20,-0.08102463057159814
2023-04-21,-0.08102463057159814
2023-04-24,-0.08102463057159814
2023-04-25,-0.08102463057159814
2023-04-26,-0.08102463057159814
2023-04-27,-0.08240309362574072
2023-04-28,-0.0730707925563513
2023-05-02,-0.06659690236629845
2023-05-03,-0.06458014218301689
2023-05-04,-0.055708784733008554
2023-05-05,-0.05996235173607822
2023-05-08,-0.052514702344680475
2023-05-09,-0.05653831090649586
2023-05-10,-0.05306747626453445
2023-05-11,-0.04534057557072457
2023-05-12,-0.04757986661823832
2023-05-15,-0.044136168833903255
2023-05-16,-0.042355889839723715
2023-05-17,-0.04041648088957284
2023-05-18,-0.042909433941447306
2023-05-19,-0.043865829361134145
2023-05-22,-0.04166460227291857
2023-05-23,-0.04024117053344767
2023-05-24,-0.03937822158250259
2023-05-25,-0.038461605201049465
2023-05-26,-0.03326870316119279
2023-05-29,-0.030341037746870914
2023-05-30,-0.02884354200506789
2023-05-31,-0.024098003398429824
2023-06-01,-0.016643894292256767
2023-06-02,-0.00886313435581687
2023-06-05,-0.0036452298170116526
2023-06-06,0.0
2023-06-07,0.0
2023-06-08,-0.005710944530103013
2023-06-09,-0.006335913120950498
2023-06-12,0.0
2023-06-13,0.0
2023-06-14,0.0
2023-06-15,0.0
2023-06-16,0.0
2023-06-19,0.0
2023-06-20,0.0
2023-06-21,0.0
2023-06-22,-0.00615498806716952
2023-06-23,-0.01697893100591552
2023-06-26,-0.010460040315861563
2023-06-27,-0.004827660889250351
2023-06-28,-0.0032831673827444785
2023-06-30,0.0
2023-07-03,0.0
2023-07-04,-0.00033336656361071526
2023-07-05,0.0
2023-07-06,0.0
2023-07-07,-0.0030360143483673108
2023-07-10,-0.006233792225199042
2023-07-11,0.0
2023-07-12,0.0
2023-07-13,-0.00783418333115038
2023-07-14,0.0
2023-07-17,0.0
2023-07-18,-0.00389102635160532
2023-07-19,0.0
2023-07-20,0.0
2023-07-21,0.0
2023-07-24,-0.00017887818560358149
2023-07-25,0.0
2023-07-26,0.0
2023-07-27,0.0
2023-07-28,0.0
2023-07-31,0.0
2023-08-01,0.0
2023-08-02,-0.012498579725235492
2023-08-03,-0.0073180442440774485
2023-08-04,0.0
2023-08-07,0.0
2023-08-08,0.0
2023-08-09,0.0
2023-08-10,0.0
2023-08-11,-0.004067486887563976
2023-08-14,-0.010035983826705452
2023-08-16,-0.003150028289479523
2023-08-17,-4.392521720830711e-05
2023-08-18,-0.003221971000939572
2023-08-21,0.0
2023-08-22,0.0
2023-08-23,0.0
2023-08-24,0.0
2023-08-25,-0.003907754609141945
2023-08-28,0.0
2023-08-29,0.0
2023-08-30,0.0
2023-08-31,0.0
2023-09-01,0.0
2023-09-04,0.0
2023-09-05,0.0
2023-09-06,0.0
2023-09-07,0.0
2023-09-08,0.0
2023-09-11,0.0
2023-09-12,-0.04082164995363391
2023-09-13,-0.02669922317871032
2023-09-14,-0.015241159741211097
2023-09-15,-0.011134363034531747
2023-09-18,-0.014632675104540471
2023-09-20,-0.019602867919101374
2023-09-21,-0.029221879230259318
2023-09-22,-0.028289417259250493
2023-09-25,-0.025232078932114543
2023-09-26,-0.023408421662337253
2023-09-27,-0.018232658545397684
2023-09-28,-0.023732211245673485
2023-09-29,-0.015458406974199534
2023-10-03,-0.012549170986032476
2023-10-04,-0.023214948102279864
2023-10-05,-0.01694969655550549
2023-10-06,-0.010145921445518735
2023-10-09,-0.02885867869288672
2023-10-10,-0.014859450362517679
2023-10-11,-0.007221964217017485
2023-10-12,0.0
2023-10-13,0.0
2023-10-16,0.0
2023-10-17,0.0
2023-10-18,-0.005877100621135112
2023-10-19,-0.003407809322983013
2023-10-20,-0.013620356939937461
2023-10-23,-0.056038884065182204
2023-10-25,-0.06266926780026894
2023-10-26,-0.06383755896514731
2023-10-27,-0.04645102901610809
2023-10-30,-0.043111986387462053
2023-10-31,-0.04225242371078153
2023-11-01,-0.045292327617145856
2023-11-02,-0.03502151506987594
2023-11-03,-0.02539184342922418
2023-11-06,-0.01612952979291915
2023-11-07,-0.0128577020812497
2023-11-08,-0.008613999320244314
2023-11-09,-0.012118784550727124
2023-11-10,-0.009138742794252197
2023-11-12,0.0
2023-11-13,0.0
2023-11-15,0.0
2023-11-16,0.0
2023-11-17,0.0
2023-11-20,0.0
2023-11-21,0.0
2023-11-22,-0.002611046634688252
2023-11-23,0.0
2023-11-24,-0.0001402894596231885
2023-11-28,0.0
2023-11-29,0.0
2023-11-30,0.0
2023-12-01,0.0
2023-12-04,0.0
2023-12-05,0.0
2023-12-06,0.0
2023-12-07,0.0
2023-12-08,-0.0043538729723691105
2023-12-11,0.0
2023-12-12,-0.0025021106003693117
2023-12-13,0.0
2023-12-14,0.0
2023-12-15,0.0
2023-12-18,0.0
2023-12-19,0.0
2023-12-20,-0.03644856841457933
2023-12-21,-0.019847555617066415
2023-12-22,-0.0109735402120682
2023-12-26,-0.0026727184249156766
2023-12-27,-0.0003259255758857327
2023-12-28,0.0
2023-12-29,0.0
2024-01-01,0.0
2024-01-02,0.0
2024-01-03,0.0
2024-01-04,0.0
2024-01-05,0.0
2024-01-08,-0.005670093281441191
2024-01-09,-0.0022689056164223453
2024-01-10,0.0
2024-01-11,0.0
2024-01-12,0.0
2024-01-15,0.0
2024-01-16,-0.004680299785124409
2024-01-17,-0.013836586721895916
2024-01-18,-0.011867067662663766
2024-01-19,-0.0020282268714707508
2024-01-20,0.0
2024-01-23,-0.030083022490838718
2024-01-24,-0.012198311190697031
2024-01-25,-0.00602264504786576
2024-01-29,0.0
2024-01-30,0.0
2024-01-31,0.0
2024-02-01,-0.001100885943110641
2024-02-02,0.0
2024-02-05,-0.0005699603699953482
2024-02-06,0.0
2024-02-07,0.0
2024-02-08,-0.004294667436794852
2024-02-09,-0.016734461986890437
2024-02-12,-0.04916670316261973
2024-02-13,-0.04681377135986431
2024-02-14,-0.034679548521369896
2024-02-15,-0.023443950867893193
2024-02-16,-0.01565410474391027
2024-02-19,-0.0061340036215145055
2024-02-20,-0.005352875026595205
2024-02-21,-0.01519536365175067
2024-02-22,-0.009147275671965938
2024-02-23,-0.004730074922993155
2024-02-26,-0.006432084009482919
2024-02-27,-0.0103960132942863
2024-02-28,-0.02965319053487303
2024-02-29,-0.025382054597314574
2024-03-01,-0.017458421555316628
2024-03-02,-0.010409570212591368
2024-03-04,-0.01582618196346408
2024-03-05,-0.020430878983367373
2024-03-06,-0.03815118025440367
2024-03-07,-0.031745583357896456
2024-03-11,-0.050212087351960255
2024-03-12,-0.06787812540337845
2024-03-13,-0.11515171751512632
2024-03-14,-0.08556118764461629
2024-03-15,-0.08693284586314942
2024-03-18,-0.08670229839325005
2024-03-19,-0.0978655303597521
2024-03-20,-0.09947533735089886
2024-03-21,-0.09947533735089886
2024-03-22,-0.10082612434487248
2024-03-26,-0.10341059109994044
2024-03-27,-0.10071408314288843
2024-03-28,-0.09882850392236797
2024-04-01,-0.06852533559737362
2024-04-02,-0.05516627330364954
2024-04-03,-0.04325908763870767
2024-04-04,-0.039400104484189624
2024-04-05,-0.03382866098112303
2024-04-08,-0.03287139390591065
2024-04-09,-0.03401560525736447
2024-04-10,-0.030023714708814153
2024-04-12,-0.036735582362901864
2024-04-15,-0.052435743150389125
2024-04-16,-0.046386045647287766
2024-04-18,-0.048271922318221305
2024-04-19,-0.049105305514680175
2024-04-22,-0.03506127031492379
2024-04-23,-0.02639326882942028
2024-04-24,-0.018851951822896784
2024-04-25,-0.014059442263793853
2024-04-26,-0.011574206392996667
2024-04-29,-0.008453849559374116
2024-04-30,-0.0076646316380669655
2024-05-02,-0.0055853568634927075
2024-05-03,-0.010347163725856978
2024-05-06,-0.02183889124609739
2024-05-07,-0.0376845115174812
2024-05-08,-0.03125565191376645
2024-05-09,-0.054515819988432246
2024-05-10,-0.04692051145088061
2024-05-13,-0.048222371357011906
2024-05-14,-0.033283860086327
2024-05-15,-0.027523090178305343
2024-05-16,-0.021849376955028865
2024-05-17,-0.009993712968507262
2024-05-18,-0.003961995281805519
2024-05-21,-0.0071054025936032605
2024-05-22,-0.004676535793215031
2024-05-23,-0.0035590493634313214
2024-05-24,-0.005520947142992894
2024-05-27,-0.00907442833939509
2024-05-28,-0.018088287653270974
2024-05-29,-0.019773070131306913
2024-05-30,-0.03187794683852585
2024-05-31,-0.0308753650102902
2024-06-03,-0.013013787049462544
2024-06-04,-0.0768850329539531
2024-06-05,-0.0458698709506582
2024-06-06,-0.04730106614423224
2024-06-07,-0.026297208884300427
2024-06-10,-0.012439565504923089
2024-06-11,-0.0016375446669660843
2024-06-12,0.0
2024-06-13,0.0
2024-06-14,0.0
2024-06-18,0.0
2024-06-19,-0.0044490197869042625
2024-06-20,0.0
2024-06-21,-0.002549591245107008
2024-06-24,0.0
2024-06-25,-0.0010751243153127588
2024-06-26,-3.748638507039548e-05
2024-06-27,-0.006549737633628316
2024-06-28,-0.000740093916135387
2024-07-01,0.0
2024-07-02,0.0
2024-07-03,0.0
2024-07-04,0.0
2024-07-05,0.0
2024-07-08,-0.001262895354300686
2024-07-09,0.0
2024-07-10,-0.007666340630427038
2024-07-11,-0.00031018598264553887
2024-07-12,-0.00207026412649014
2024-07-15,0.0
2024-07-16,0.0
2024-07-18,-0.00881890264546148
2024-07-19,-0.030617018132649387
2024-07-22,-0.021257616785006817
2024-07-23,-0.022893095151078957
2024-07-24,-0.00206955343554327
2024-07-25,0.0
2024-07-26,0.0
2024-07-29,0.0
2024-07-30,0.0
2024-07-31,0.0
2024-08-01,-0.0066855203621771775
2024-08-02,-0.012216250609915713
2024-08-05,-0.05208460601359688
2024-08-06,-0.057325155177815446
2024-08-07,-0.03233351967432507
2024-08-08,-0.03626262981225192
2024-08-09,-0.028751729454887798
2024-08-12,-0.027243586781669604
2024-08-13,-0.04105491979240816
2024-08-14,-0.0460966792623978
2024-08-16,-0.031510842823799456
2024-08-19,-0.017184310733008523
2024-08-20,-0.009473655893540878
2024-08-21,0.0
2024-08-22,0.0
2024-08-23,-0.0006328097241194985
2024-08-26,0.0
2024-08-27,0.0
2024-08-28,-0.0034273095727309633
2024-08-29,-0.011090524159682591
2024-08-30,-0.004164753196309268
2024-09-02,-0.007268077056676203
2024-09-03,-0.002876416615171684
2024-09-04,-0.00031047412519058515
2024-09-05,0.0
2024-09-06,-0.012003908000536523
2024-09-09,-0.016333273930081105
2024-09-10,-0.004222358552892103
2024-09-11,-0.013244598963442877
2024-09-12,-0.006479538833475962
2024-09-13,0.0
2024-09-16,0.0
2024-09-17,-0.0034425739323244997
2024-09-18,-0.009054953963940071
2024-09-19,-0.020725360257343395
2024-09-20,-0.00960565961255977
2024-09-23,-0.0002099072654664358
2024-09-24,0.0
2024-09-25,-0.002776230727154383
2024-09-26,-0.005069790364910953
2024-09-27,-0.0036593480233854114
2024-09-30,-0.0033923821034608226
2024-10-01,0.0
2024-10-03,-0.01797162721762291
2024-10-04,-0.027004379070299844
2024-10-07,-0.05808952532395428
2024-10-08,-0.0348743881688901
2024-10-09,-0.023870900471100853
2024-10-10,-0.01988856777536796
2024-10-11,-0.01587719971619972
2024-10-14,-0.015232942984743869
2024-10-15,-0.009944815828686782
2024-10-16,-0.006258789190903058
2024-10-17,-0.020890160343679076
2024-10-18,-0.019981292789288396
2024-10-21,-0.03568254486828526
2024-10-22,-0.06976721840798517
2024-10-23,-0.06287468891935188
2024-10-24,-0.06287468891935188
2024-10-25,-0.06287468891935188
2024-10-28,-0.06287468891935188
2024-10-29,-0.06287468891935188
2024-10-30,-0.06287468891935188
2024-10-31,-0.06287468891935188
2024-11-01,-0.06287468891935188
2024-11-04,-0.06428037688597288
2024-11-05,-0.05851172725913767
2024-11-06,-0.05851172725913767
2024-11-07,-0.05992395966824893
2024-11-08,-0.07430043120515606
2024-11-11,-0.08488637318801417
2024-11-12,-0.08488637318801417
2024-11-13,-0.08488637318801417
2024-11-14,-0.08488637318801417
2024-11-18,-0.08488637318801417
2024-11-19,-0.08488637318801417
2024-11-21,-0.08488637318801417
2024-11-22,-0.08488637318801417
2024-11-25,-0.08488637318801417
2024-11-26,-0.08488637318801417
2024-11-27,-0.08488637318801417
2024-11-28,-0.08488637318801417
2024-11-29,-0.08488637318801417
2024-12-02,-0.08488637318801417
2024-12-03,-0.08625904362823233
2024-12-04,-0.07963489530746604
2024-12-05,-0.07807505553699712
2024-12-06,-0.0711751780598785
2024-12-09,-0.06733306766594094
2024-12-10,-0.06469983258382228
2024-12-11,-0.06201915768003263
2024-12-12,-0.07046205629722802
2024-12-13,-0.07323625234927111
2024-12-16,-0.06801968459313579
2024-12-17,-0.07376832357467422
2024-12-18,-0.08201835438600125
2024-12-19,-0.08480156025875574
2024-12-20,-0.10568336338287743
2024-12-23,-0.11206143478968222
2024-12-24,-0.11206143478968222
2024-12-26,-0.11206143478968222
2024-12-27,-0.11206143478968222
2024-12-30,-0.11206143478968222
2024-12-31,-0.11206143478968222
2025-01-01,-0.11206143478968222
2025-01-02,-0.11206143478968222
2025-01-03,-0.11339334263749767
2025-01-06,-0.1436158039581339
2025-01-07,-0.13091710553945213
2025-01-08,-0.13091710553945213
2025-01-09,-0.13091710553945213
2025-01-10,-0.13091710553945213
2025-01-13,-0.13091710553945213
2025-01-14,-0.13091710553945213
2025-01-15,-0.13091710553945213
2025-01-16,-0.13091710553945213
2025-01-17,-0.13091710553945213
2025-01-20,-0.13091710553945213
2025-01-21,-0.13091710553945213
2025-01-22,-0.13091710553945213
2025-01-23,-0.13091710553945213
2025-01-24,-0.13091710553945213
2025-01-27,-0.13091710553945213
2025-01-28,-0.13091710553945213
2025-01-29,-0.13091710553945213
2025-01-30,-0.13091710553945213
2025-01-31,-0.13091710553945213
2025-02-01,-0.13091710553945213
2025-02-03,-0.13091710553945213
2025-02-04,-0.13091710553945213
2025-02-05,-0.13091710553945213
2025-02-06,-0.13091710553945213
2025-02-07,-0.13091710553945213
2025-02-10,-0.13091710553945213
2025-02-11,-0.13091710553945213
2025-02-12,-0.13091710553945213
2025-02-13,-0.13091710553945213
2025-02-14,-0.13091710553945213
2025-02-17,-0.13091710553945213
2025-02-18,-0.13091710553945213
2025-02-19,-0.13091710553945213
2025-02-20,-0.13091710553945213
2025-02-21,-0.13091710553945213
2025-02-24,-0.13091710553945213
2025-02-25,-0.13091710553945213
2025-02-27,-0.13091710553945213
2025-02-28,-0.13091710553945213
2025-03-03,-0.13091710553945213
2025-03-04,-0.13091710553945213
2025-03-05,-0.13091710553945213
2025-03-06,-0.13091710553945213
2025-03-07,-0.13091710553945213
2025-03-10,-0.13091710553945213
2025-03-11,-0.13091710553945213
2025-03-12,-0.13091710553945213
2025-03-13,-0.13091710553945213
2025-03-17,-0.13091710553945213
2025-03-18,-0.13091710553945213
2025-03-19,-0.13091710553945213
2025-03-20,-0.13091710553945213
2025-03-21,-0.13091710553945213
2025-03-24,-0.13091710553945213
2025-03-25,-0.13091710553945213
2025-03-26,-0.13091710553945213
2025-03-27,-0.13091710553945213
2025-03-28,-0.13091710553945213
2025-04-01,-0.13091710553945213
2025-04-02,-0.13091710553945213
2025-04-03,-0.13091710553945213
2025-04-04,-0.13091710553945213
2025-04-07,-0.13091710553945213
2025-04-08,-0.13091710553945213
2025-04-09,-0.13091710553945213
2025-04-11,-0.13091710553945213
2025-04-15,-0.13091710553945213
2025-04-16,-0.13091710553945213
2025-04-17,-0.13091710553945213
2025-04-21,-0.13091710553945213
2025-04-22,-0.13091710553945213
2025-04-23,-0.13091710553945213
2025-04-24,-0.13091710553945213
2025-04-25,-0.13091710553945213
2025-04-28,-0.13091710553945213
2025-04-29,-0.13091710553945213
2025-04-30,-0.13091710553945213
2025-05-02,-0.13091710553945213
2025-05-05,-0.13091710553945213
2025-05-06,-0.13091710553945213
2025-05-07,-0.13091710553945213
2025-05-08,-0.13091710553945213
2025-05-09,-0.13091710553945213
2025-05-12,-0.13091710553945213
2025-05-13,-0.13091710553945213
2025-05-14,-0.13222072988114297
2025-05-15,-0.12361375190835344
2025-05-16,-0.11254817357296898
2025-05-19,-0.10446667705884816
2025-05-20,-0.1155046475714061
2025-05-21,-0.10942669587756337
2025-05-22,-0.10928234858819319
2025-05-23,-0.10407537610039486
2025-05-26,-0.10080920654930392
2025-05-27,-0.09806103502617713
2025-05-28,-0.09456246926817546
2025-05-29,-0.09096481798084521
2025-05-30,-0.09215820065167057
2025-06-02,-0.08703426689216587
2025-06-03,-0.08830453291284956
2025-06-04,-0.08272208364391331
2025-06-05,-0.07787887939932503
2025-06-06,-0.07435714550789918
2025-06-09,-0.0634296323711454
2025-06-10,-0.05796639520018676
2025-06-11,-0.05370240903781154
2025-06-12,-0.066748306044359
2025-06-13,-0.07234071424336497
2025-06-16,-0.06872899865996585
2025-06-17,-0.07596731609887197
2025-06-18,-0.07929246372067533
2025-06-19,-0.09534427468972928
2025-06-20,-0.09038923055017378
2025-06-23,-0.08736300481105874
2025-06-24,-0.07963106639658568
2025-06-25,-0.06490762711329523
2025-06-26,-0.06387584200997898
2025-06-27,-0.05953901675129758
2025-06-30,-0.05232919491879795
2025-07-01,-0.05219680886460687
2025-07-02,-0.05345076325292275
2025-07-03,-0.0512287030020121
2025-07-04,-0.04908349755842489
2025-07-07,-0.05225121547370937
2025-07-08,-0.052843735612108866
2025-07-09,-0.0504717653178971
2025-07-10,-0.05063394038851354
2025-07-11,-0.056928131065587806
2025-07-14,-0.05363653985197703
2025-07-15,-0.04499866157009069
2025-07-16,-0.0410101953989479
2025-07-17,-0.039586874416113416
2025-07-18,-0.04408588264496549
2025-07-21,-0.04416110633274828
2025-07-22,-0.04563605008847782
2025-07-23,-0.04504011473825864
2025-07-24,-0.049272069978493316
2025-07-25,-0.06445530987805459
2025-07-28,-0.07523918053376666
2025-07-29,-0.0646851802527244
2025-07-30,-0.06432907710415292
2025-07-31,-0.071798731464779
2025-08-01,-0.08534917640527862
2025-08-04,-0.07910055913676561
2025-08-05,-0.08202143860675926
2025-08-06,-0.09249309002731787
2025-08-07,-0.09382306399734464
2025-08-08,-0.10241042019435576
2025-08-11,-0.10007508448413938
2025-08-12,-0.09947303339784808
2025-08-13,-0.09666536091272582
2025-08-14,-0.10154404430349417
2025-08-18,-0.08926221770223708
2025-08-19,-0.07879822806659686
2025-08-20,-0.07614690212608266
2025-08-21,-0.07554609957331626
2025-08-22,-0.07922919566888897
2025-08-25,-0.07917536816586612
2025-08-26,-0.0937791651378419
2025-08-28,-0.10131100161087747
2025-08-29,-0.10355168993602182
2025-09-01,-0.0936752613109274
2025-09-02,-0.09503474841896098
2025-09-03,-0.08676385715534018
2025-09-04,-0.09385443103144464
2025-09-05,-0.09284259474314127
2025-09-08,-0.09000913324726667
2025-09-09,-0.08877726529975727
2025-09-10,-0.08182642631903403
2025-09-11,-0.08118170400627489
2025-09-12,-0.07935277408822072
2025-09-15,-0.07424658795887673
2025-09-16,-0.06830697584469614
2025-09-17,-0.06392200728782882
2025-09-18,-0.06315227089750364
2025-09-19,-0.06271806536448687
2025-09-22,-0.05934155168303468
2025-09-23,-0.06195053885709234
2025-09-24,-0.06917589453152984
2025-09-25,-0.07725087488034477
2025-09-26,-0.095249187749603
2025-09-29,-0.09910580842781902
2025-09-30,-0.09910580842781902
2025-10-01,-0.09910580842781902
2025-10-03,-0.10045714971517727
2025-10-06,-0.10197733337021597
2025-10-07,-0.10194625552825609
2025-10-08,-0.10490814064457143
2025-10-09,-0.10330965153772165
2025-10-10,-0.09803904781232131
2025-10-13,-0.10299342898781494
2025-10-14,-0.11310672692078139
2025-10-15,-0.10733370397377162
2025-10-16,-0.10867270341781099
2025-10-17,-0.11419149340774348
2025-10-20,-0.10970008433141254
2025-10-21,-0.11103553420491541
2025-10-23,-0.11163915739292873
2025-10-24,-0.11371117425708821
2025-10-27,-0.11006199573231068
2025-10-28,-0.11055047178928845
2025-10-29,-0.10240863935324551
2025-10-30,-0.10446920870101062
2025-10-31,-0.10853723335006848
2025-11-03,-0.10220505775476918
2025-11-04,-0.108109636689102
2025-11-06,-0.12122292039429905
2025-11-07,-0.12285887753477143
2025-11-10,-0.12285887753477143
2025-11-11,-0.12285887753477143
2025-11-12,-0.12285887753477143
2025-11-13,-0.12417458921846924
2025-11-14,-0.12500178615557633
2025-11-17,-0.12184033847918696
2025-11-18,-0.12851558845640632
2025-11-19,-0.1316658165400204
2025-11-20,-0.1316658165400204
2025-11-21,-0.1316658165400204
2025-11-24,-0.1316658165400204
2025-11-25,-0.1316658165400204
2025-11-26,-0.1316658165400204
2025-11-27,-0.1316658165400204
2025-11-28,-0.1316658165400204
2025-12-01,-0.1316658165400204
2025-12-02,-0.1316658165400204
2025-12-03,-0.1316658165400204
2025-12-04,-0.1316658165400204
2025-12-05,-0.1316658165400204
2025-12-08,-0.1316658165400204
2025-12-09,-0.1316658165400204
2025-12-10,-0.1316658165400204
2025-12-11,-0.1316658165400204
2025-12-12,-0.1316658165400204
2025-12-15,-0.1316658165400204
2025-12-16,-0.1316658165400204
2025-12-17,-0.1316658165400204
2025-12-18,-0.1316658165400204
2025-12-19,-0.1316658165400204
2025-12-22,-0.1316658165400204
2025-12-23,-0.1316658165400204
2025-12-24,-0.1316658165400204
2025-12-26,-0.1316658165400204
2025-12-29,-0.1316658165400204
2025-12-30,-0.1316658165400204
2025-12-31,-0.1316658165400204
2026-01-01,-0.1316658165400204
2026-01-02,-0.1316658165400204
2026-01-05,-0.1316658165400204
2026-01-06,-0.1316658165400204
2026-01-07,-0.1316658165400204
2026-01-08,-0.1316658165400204
2026-01-09,-0.1316658165400204
2026-01-12,-0.1316658165400204
2026-01-13,-0.1316658165400204
2026-01-14,-0.1316658165400204
2026-01-16,-0.1316658165400204
2026-01-19,-0.1316658165400204
2026-01-20,-0.1316658165400204
2026-01-21,-0.1316658165400204
2026-01-22,-0.1316658165400204
2026-01-23,-0.1316658165400204
2026-01-27,-0.1316658165400204
2026-01-28,-0.1316658165400204
2026-01-29,-0.1316658165400204
2026-01-30,-0.1316658165400204
2026-02-01,-0.1316658165400204
2026-02-02,-0.1316658165400204
2026-02-03,-0.1316658165400204
2026-02-04,-0.1316658165400204
2026-02-05,-0.1316658165400204
2026-02-06,-0.1316658165400204
2026-02-09,-0.1316658165400204
2026-02-10,-0.1316658165400204
2026-02-11,-0.1316658165400204
2026-02-12,-0.1316658165400204
2026-02-13,-0.1316658165400204
2026-02-16,-0.1316658165400204
2026-02-17,-0.1316658165400204
2026-02-18,-0.1316658165400204
2026-02-19,-0.1316658165400204
2026-02-20,-0.1316658165400204
2026-02-23,-0.1316658165400204
2026-02-24,-0.1316658165400204
2026-02-25,-0.1316658165400204
2026-02-26,-0.1316658165400204
2026-02-27,-0.1316658165400204
2026-03-02,-0.1316658165400204
2026-03-04,-0.1316658165400204
2026-03-05,-0.1316658165400204
2026-03-06,-0.1316658165400204
2026-03-09,-0.1316658165400204
2026-03-10,-0.1316658165400204
2026-03-11,-0.1316658165400204
2026-03-12,-0.1316658165400204
2026-03-13,-0.1316658165400204
2026-03-16,-0.1316658165400204
2026-03-17,-0.1316658165400204
2026-03-18,-0.1316658165400204
2026-03-19,-0.1316658165400204
2026-03-20,-0.1316658165400204
2026-03-23,-0.1316658165400204
2026-03-24,-0.1316658165400204
2026-03-25,-0.1316658165400204
2026-03-27,-0.1316658165400204
2026-03-30,-0.1316658165400204
2026-04-01,-0.1316658165400204
2026-04-02,-0.1316658165400204
2026-04-06,-0.1316658165400204
2026-04-07,-0.1316658165400204
2026-04-08,-0.1316658165400204
2026-04-09,-0.1316658165400204
2026-04-10,-0.1316658165400204
2026-04-13,-0.1316658165400204
2026-04-15,-0.1316658165400204
2026-04-16,-0.13296831781521035
2026-04-17,-0.12241440597066633
2026-04-20,-0.12594905319659555
2026-04-21,-0.12089881709377748
2026-04-22,-0.11210465119662716
2026-04-23,-0.11515439182935894
2026-04-24,-0.12779125308743844
2026-04-27,-0.11140779005643553
2026-04-28,-0.112322415750722
2026-04-29,-0.11216621745105981
2026-04-30,-0.11642990444397705
2026-05-04,-0.10797251603263303
2026-05-05,-0.10799610383084612
2026-05-06,-0.09226942612460587
2026-05-07,-0.08189466831542036
2026-05-08,-0.08277911026356644
2026-05-11,-0.09530083022554825
2026-05-12,-0.12083672924433209
2026-05-13,-0.11638146480610734
2026-05-14,-0.1142159683614089
2026-05-15,-0.1177732838524791
2026-05-18,-0.12806950540974738
2026-05-19,-0.11953006722805015
2026-05-20,-0.11877465517530084
2026-05-21,-0.11402787788967206
2026-05-22,-0.11343730832570154
2026-05-25,-0.1028402904798672
2026-05-26,-0.098948201466593
2026-05-27,-0.09295618357622848
2026-05-29,-0.10246242664613081
2026-06-01,-0.1103819455001015
2026-06-02,-0.1037727760940641
2026-06-03,-0.10514644056028666
2026-06-04,-0.10137392240234988
2026-06-05,-0.10170138072437307
2026-06-08,-0.1169447035338621
2026-06-09,-0.10383444016402843
2026-06-10,-0.11395349967164636
2026-06-11,-0.12298708204915598
2026-06-12,-0.10085084136243605
2026-06-15,-0.08702733447789068
2026-06-16,-0.08126152299704814
2026-06-17,-0.07604188994864636
2026-06-18,-0.0703259436131054
2026-06-19,-0.06880487400146573
2026-06-22,-0.061015047532766875
2026-06-23,-0.06966853550616325
2026-06-24,-0.0671098399662231
2026-06-25,-0.07277243595744698
2026-06-29,-0.07737829521989781
2026-06-30,-0.07307348486717213
