date,equity
2010-01-04,1.0
2010-01-05,1.0
2010-01-06,1.0
2010-01-07,1.0
2010-01-08,1.0
2010-01-11,1.0
2010-01-12,1.0
2010-01-13,1.0
2010-01-14,1.0
2010-01-15,1.0
2010-01-18,1.0
2010-01-19,1.0
2010-01-20,1.0
2010-01-21,1.0
2010-01-22,1.0
2010-01-25,1.0
2010-01-27,1.0
2010-01-28,1.0
2010-01-29,1.0
2010-02-01,1.0
2010-02-02,0.9985
2010-02-03,1.004601083241423
2010-02-04,0.9909313768751787
2010-02-05,0.9520404449237609
2010-02-06,0.9728037063815803
2010-02-08,0.9714855807368048
2010-02-09,0.9921005487069787
2010-02-10,0.9924591009854299
2010-02-11,0.9945255710615375
2010-02-15,0.9898801337421199
2010-02-16,1.0009254985660345
2010-02-17,1.007965199235971
2010-02-18,1.0040478630579537
2010-02-19,0.9884384473425851
2010-02-22,0.9729584734729603
2010-02-23,0.960270878361612
2010-02-24,0.9499986911587175
2010-02-25,0.9325601858963657
2010-02-26,0.9581985112663629
2010-03-02,0.9691256893473795
2010-03-03,0.9793104646369942
2010-03-04,0.9914734136689085
2010-03-05,0.993076850954579
2010-03-08,1.0049800196015983
2010-03-09,1.0056333706412452
2010-03-10,1.0026913394556112
2010-03-11,0.9970609831113109
2010-03-12,0.9974709548632887
2010-03-15,0.9881266459062087
2010-03-16,1.0066923449924767
2010-03-17,1.017212028572159
2010-03-18,1.0098887639127958
2010-03-19,1.0162756956860968
2010-03-22,1.0068368033845772
2010-03-23,1.0083332534433964
2010-03-25,1.0072559023662127
2010-03-26,1.00694012430143
2010-03-29,0.9911190378701216
2010-03-30,0.9954287606766422
2010-03-31,0.9969089550975055
2010-04-01,1.013709248623568
2010-04-05,1.025308784699741
2010-04-06,1.0223310056638626
2010-04-07,1.0277431693473484
2010-04-08,1.0281507694774144
2010-04-09,1.0384144412443066
2010-04-12,1.0442640542893895
2010-04-13,1.0462768892146839
2010-04-15,1.0422070311476634
2010-04-16,1.0412885334878228
2010-04-19,1.0295188949183758
2010-04-20,1.0434944024438237
2010-04-21,1.0526787526579486
2010-04-22,1.0476874722024987
2010-04-23,1.0497424292690025
2010-04-26,1.0549309613663476
2010-04-27,1.0567953076047427
2010-04-28,1.038124524893186
2010-04-29,1.0473890695660624
2010-04-30,1.0507171468614167
2010-05-03,1.0450929681016081
2010-05-04,1.0290370742302202
2010-05-05,1.0279132978964864
2010-05-06,1.0316467369680513
2010-05-07,1.0023552030919176
2010-05-10,1.0281129928546857
2010-05-11,1.0177977259677928
2010-05-12,1.0150257352200551
2010-05-13,1.0267630678578126
2010-05-14,1.0170813727645398
2010-05-16,1.0170813727645398
2010-05-17,1.0170813727645398
2010-05-18,1.024679556552543
2010-05-19,1.0006462011180988
2010-05-20,0.996098328576268
2010-05-21,0.982970248555127
2010-05-24,0.986495636676542
2010-05-25,0.9534269641953381
2010-05-26,0.9739600044913713
2010-05-27,0.9810633857588176
2010-05-28,0.9810633857588176
2010-05-31,0.9810633857588176
2010-06-01,0.9795917906801793
2010-06-02,0.9891866446114429
2010-06-03,0.9877028646445257
2010-06-04,0.9882395720543057
2010-06-07,0.977388992538624
2010-06-08,0.9712999334687362
2010-06-09,0.9712999334687362
2010-06-10,0.9712999334687362
2010-06-11,0.969842983568533
2010-06-14,0.9852954361335193
2010-06-15,0.9932911948405682
2010-06-16,0.9947071500380045
2010-06-17,1.0012530403559838
2010-06-18,1.0007684828525272
2010-06-21,1.0105173783656785
2010-06-22,1.0143148904269828
2010-06-23,1.023692891268287
2010-06-24,1.0271454143874368
2010-06-25,1.0216888604624188
2010-06-28,1.0269280676909245
2010-06-29,1.020404091468336
2010-06-30,1.0235034239377367
2010-07-01,1.0231207974552392
2010-07-02,1.0283950679348897
2010-07-05,1.033315966861849
2010-07-06,1.042207079276241
2010-07-07,1.0419463331349694
2010-07-08,1.048460560348989
2010-07-09,1.0494306848050434
2010-07-12,1.053733102705751
2010-07-13,1.0579077752118016
2010-07-14,1.0565193124488472
2010-07-15,1.056565670298627
2010-07-16,1.063770076142053
2010-07-19,1.0648607718574095
2010-07-20,1.063011118598283
2010-07-21,1.0643925698777437
2010-07-22,1.0732747049517026
2010-07-23,1.0685988884184965
2010-07-26,1.0583768767323616
2010-07-27,1.05869266318061
2010-07-28,1.057706235296793
2010-07-29,1.0612961579826141
2010-07-30,1.0585875394670043
2010-08-02,1.0708554948671196
2010-08-03,1.0718271482146915
2010-08-04,1.0813805699442527
2010-08-05,1.0849831616033414
2010-08-06,1.089790758013088
2010-08-09,1.1021576484994562
2010-08-10,1.0993375434397248
2010-08-11,1.0978237078387296
2010-08-12,1.0976128781114112
2010-08-13,1.1084185010380694
2010-08-16,1.1053230702818841
2010-08-17,1.1142221934399184
2010-08-18,1.1240980669210219
2010-08-19,1.1335279248724637
2010-08-20,1.1331199699928025
2010-08-23,1.1457192998468142
2010-08-24,1.138980853392437
2010-08-25,1.1204912357277694
2010-08-26,1.1224128469978378
2010-08-27,1.1111418175288903
2010-08-30,1.1072519746263172
2010-08-31,1.09671312318646
2010-09-01,1.1213449161119866
2010-09-02,1.131535814557908
2010-09-03,1.1443040702035667
2010-09-06,1.1640401364321324
2010-09-07,1.17302854952851
2010-09-08,1.1791490859579887
2010-09-09,1.1856402982117877
2010-09-13,1.1883526592751505
2010-09-14,1.1807436933461626
2010-09-15,1.1789474643337756
2010-09-16,1.1713990947719255
2010-09-17,1.1865219850712645
2010-09-20,1.192836465251555
2010-09-21,1.1773661614913828
2010-09-22,1.1729360134680593
2010-09-23,1.1740430697779918
2010-09-24,1.1903976463789125
2010-09-27,1.1916042597086929
2010-09-28,1.1902222673027352
2010-09-29,1.1845366943958553
2010-09-30,1.1873128656360525
2010-10-01,1.2025044191154026
2010-10-04,1.2058194576432462
2010-10-05,1.2144721090713542
2010-10-06,1.2219011703547764
2010-10-07,1.2137589383117866
2010-10-08,1.2094164787844723
2010-10-11,1.2254810843765074
2010-10-12,1.2251248004931306
2010-10-13,1.237303899682572
2010-10-14,1.2339406888378552
2010-10-15,1.2228718011025443
2010-10-18,1.2185746930341688
2010-10-19,1.2236850571951514
2010-10-20,1.217423432385468
2010-10-21,1.2308888192296574
2010-10-22,1.2394799115942268
2010-10-25,1.2478463833966877
2010-10-26,1.2456697099621123
2010-10-27,1.2417905526534962
2010-10-28,1.2350378153545993
2010-10-29,1.2210010845226908
2010-11-01,1.2326591756033327
2010-11-02,1.2389384328860844
2010-11-03,1.2460365210328757
2010-11-04,1.2531454925275771
2010-11-05,1.2678064232176705
2010-11-08,1.2710938641070928
2010-11-09,1.2837288097929627
2010-11-10,1.2925447520940545
2010-11-11,1.2816948180901946
2010-11-12,1.2502529512623357
2010-11-15,1.2482288331837583
2010-11-16,1.2154496260710372
2010-11-18,1.2056782643440331
2010-11-19,1.1833640366977118
2010-11-22,1.2000729415712275
2010-11-23,1.1835536960687527
2010-11-24,1.1744498783923056
2010-11-25,1.151712034816386
2010-11-26,1.1065592884458668
2010-11-29,1.1065592884458668
2010-11-30,1.1065592884458668
2010-12-01,1.1065592884458668
2010-12-02,1.1065592884458668
2010-12-03,1.104899449513198
2010-12-06,1.0978205089665152
2010-12-07,1.0978205089665152
2010-12-08,1.0978205089665152
2010-12-09,1.0978205089665152
2010-12-10,1.0978205089665152
2010-12-13,1.0978205089665152
2010-12-14,1.0978205089665152
2010-12-15,1.0978205089665152
2010-12-16,1.0978205089665152
2010-12-20,1.0978205089665152
2010-12-21,1.0978205089665152
2010-12-22,1.0978205089665152
2010-12-23,1.0978205089665152
2010-12-24,1.0978205089665152
2010-12-27,1.0978205089665152
2010-12-28,1.0978205089665152
2010-12-29,1.0978205089665152
2010-12-30,1.0978205089665152
2010-12-31,1.0978205089665152
2011-01-03,1.0978205089665152
2011-01-04,1.0978205089665152
2011-01-05,1.0978205089665152
2011-01-06,1.0978205089665152
2011-01-07,1.0978205089665152
2011-01-10,1.0978205089665152
2011-01-11,1.0978205089665152
2011-01-12,1.0978205089665152
2011-01-13,1.0978205089665152
2011-01-14,1.0978205089665152
2011-01-17,1.0978205089665152
2011-01-18,1.0978205089665152
2011-01-19,1.0978205089665152
2011-01-20,1.0978205089665152
2011-01-21,1.0978205089665152
2011-01-24,1.0978205089665152
2011-01-25,1.0978205089665152
2011-01-27,1.0978205089665152
2011-01-28,1.0978205089665152
2011-01-31,1.0978205089665152
2011-02-01,1.0978205089665152
2011-02-02,1.0978205089665152
2011-02-03,1.0978205089665152
2011-02-04,1.0978205089665152
2011-02-07,1.0978205089665152
2011-02-08,1.0978205089665152
2011-02-09,1.0978205089665152
2011-02-10,1.0978205089665152
2011-02-11,1.0978205089665152
2011-02-14,1.0978205089665152
2011-02-15,1.0978205089665152
2011-02-16,1.0978205089665152
2011-02-17,1.0978205089665152
2011-02-18,1.0978205089665152
2011-02-21,1.0978205089665152
2011-02-22,1.0978205089665152
2011-02-23,1.0978205089665152
2011-02-24,1.0978205089665152
2011-02-25,1.0978205089665152
2011-02-28,1.0978205089665152
2011-03-01,1.0978205089665152
2011-03-03,1.0978205089665152
2011-03-04,1.0978205089665152
2011-03-07,1.0978205089665152
2011-03-08,1.0978205089665152
2011-03-09,1.0978205089665152
2011-03-10,1.0978205089665152
2011-03-11,1.0978205089665152
2011-03-14,1.0978205089665152
2011-03-15,1.0978205089665152
2011-03-16,1.0978205089665152
2011-03-17,1.0978205089665152
2011-03-18,1.0978205089665152
2011-03-21,1.0978205089665152
2011-03-22,1.0978205089665152
2011-03-23,1.0978205089665152
2011-03-24,1.0978205089665152
2011-03-25,1.0978205089665152
2011-03-28,1.0978205089665152
2011-03-29,1.0978205089665152
2011-03-30,1.0978205089665152
2011-03-31,1.0978205089665152
2011-04-01,1.0978205089665152
2011-04-04,1.0978205089665152
2011-04-05,1.0978205089665152
2011-04-06,1.0961737782030654
2011-04-07,1.1063180040201381
2011-04-08,1.0959677259871485
2011-04-11,1.090856536956204
2011-04-13,1.1059541075363402
2011-04-15,1.1069913873983603
2011-04-18,1.0937194793424023
2011-04-19,1.0964810398011848
2011-04-20,1.1107738835906802
2011-04-21,1.1121631709956876
2011-04-25,1.1162605396382053
2011-04-26,1.1173791396706128
2011-04-27,1.1188765489208963
2011-04-28,1.112153071165391
2011-04-29,1.0971815736733166
2011-05-02,1.0870148477208486
2011-05-03,1.067810730607185
2011-05-04,1.0619152542484227
2011-05-05,1.0619152542484227
2011-05-06,1.0619152542484227
2011-05-09,1.0619152542484227
2011-05-10,1.0619152542484227
2011-05-11,1.0619152542484227
2011-05-12,1.0619152542484227
2011-05-13,1.0619152542484227
2011-05-16,1.0619152542484227
2011-05-17,1.0619152542484227
2011-05-18,1.0619152542484227
2011-05-19,1.0619152542484227
2011-05-20,1.0619152542484227
2011-05-23,1.0619152542484227
2011-05-24,1.0619152542484227
2011-05-25,1.0619152542484227
2011-05-26,1.0619152542484227
2011-05-27,1.0619152542484227
2011-05-30,1.0619152542484227
2011-05-31,1.0619152542484227
2011-06-01,1.0603223813670501
2011-06-02,1.0520179777071768
2011-06-03,1.0513406513348327
2011-06-06,1.0492911903610134
2011-06-07,1.0546076884231899
2011-06-08,1.0557034677411488
2011-06-09,1.0581187749244105
2011-06-10,1.0561328270496078
2011-06-13,1.0597234547867243
2011-06-14,1.0642349515403433
2011-06-15,1.0586602402349632
2011-06-16,1.0524558356784801
2011-06-17,1.0441358220427344
2011-06-20,1.0108210636085262
2011-06-21,1.008599351109405
2011-06-22,1.008599351109405
2011-06-23,1.008599351109405
2011-06-24,1.008599351109405
2011-06-27,1.008599351109405
2011-06-28,1.008599351109405
2011-06-29,1.008599351109405
2011-06-30,1.007086452082741
2011-07-01,1.014715581229469
2011-07-04,1.0249932996404616
2011-07-05,1.0267056523260476
2011-07-06,1.0317232955986053
2011-07-07,1.0423474499538314
2011-07-08,1.0324431443159565
2011-07-11,1.0311425844448714
2011-07-12,1.0190376716142848
2011-07-13,1.0344403323307672
2011-07-14,1.0380929325132504
2011-07-15,1.0377445933290543
2011-07-18,1.041432256424505
2011-07-19,1.048848470130459
2011-07-20,1.042168934214245
2011-07-21,1.0383874805107767
2011-07-22,1.0518330851487507
2011-07-25,1.0601200809527505
2011-07-26,1.0491208898757067
2011-07-27,1.04781099959802
2011-07-28,1.0402211753436452
2011-07-29,1.0322518691414782
2011-08-01,1.028273722512134
2011-08-02,1.014131327141592
2011-08-03,1.009218230493336
2011-08-04,1.001329823856708
2011-08-05,0.9728123043676037
2011-08-08,0.9728123043676037
2011-08-09,0.9728123043676037
2011-08-10,0.9728123043676037
2011-08-11,0.9728123043676037
2011-08-12,0.9728123043676037
2011-08-16,0.9728123043676037
2011-08-17,0.9728123043676037
2011-08-18,0.9728123043676037
2011-08-19,0.9728123043676037
2011-08-22,0.9728123043676037
2011-08-23,0.9728123043676037
2011-08-24,0.9728123043676037
2011-08-25,0.9728123043676037
2011-08-26,0.9728123043676037
2011-08-29,0.9728123043676037
2011-08-30,0.9728123043676037
2011-09-02,0.9728123043676037
2011-09-05,0.9728123043676037
2011-09-06,0.9728123043676037
2011-09-07,0.9728123043676037
2011-09-08,0.9728123043676037
2011-09-09,0.9728123043676037
2011-09-12,0.9728123043676037
2011-09-13,0.9728123043676037
2011-09-14,0.9728123043676037
2011-09-15,0.9728123043676037
2011-09-16,0.9728123043676037
2011-09-19,0.9728123043676037
2011-09-20,0.9728123043676037
2011-09-21,0.9728123043676037
2011-09-22,0.9728123043676037
2011-09-23,0.9728123043676037
2011-09-26,0.9728123043676037
2011-09-27,0.9728123043676037
2011-09-28,0.9728123043676037
2011-09-29,0.9728123043676037
2011-09-30,0.9728123043676037
2011-10-03,0.9728123043676037
2011-10-04,0.9728123043676037
2011-10-05,0.9728123043676037
2011-10-07,0.9728123043676037
2011-10-10,0.9728123043676037
2011-10-11,0.9728123043676037
2011-10-12,0.9728123043676037
2011-10-13,0.9728123043676037
2011-10-14,0.9728123043676037
2011-10-17,0.9728123043676037
2011-10-18,0.9728123043676037
2011-10-19,0.9728123043676037
2011-10-20,0.9728123043676037
2011-10-21,0.9728123043676037
2011-10-24,0.9728123043676037
2011-10-25,0.9728123043676037
2011-10-26,0.9728123043676037
2011-10-28,0.9728123043676037
2011-10-31,0.9728123043676037
2011-11-01,0.9728123043676037
2011-11-02,0.9728123043676037
2011-11-03,0.9728123043676037
2011-11-04,0.9728123043676037
2011-11-08,0.9728123043676037
2011-11-09,0.9728123043676037
2011-11-11,0.9728123043676037
2011-11-14,0.9728123043676037
2011-11-15,0.9728123043676037
2011-11-16,0.9728123043676037
2011-11-17,0.9728123043676037
2011-11-18,0.9728123043676037
2011-11-21,0.9728123043676037
2011-11-22,0.9728123043676037
2011-11-23,0.9728123043676037
2011-11-24,0.9728123043676037
2011-11-25,0.9728123043676037
2011-11-28,0.9728123043676037
2011-11-29,0.9728123043676037
2011-11-30,0.9728123043676037
2011-12-01,0.9728123043676037
2011-12-02,0.9728123043676037
2011-12-05,0.9728123043676037
2011-12-07,0.9728123043676037
2011-12-08,0.9728123043676037
2011-12-09,0.9728123043676037
2011-12-12,0.9728123043676037
2011-12-13,0.9728123043676037
2011-12-14,0.9728123043676037
2011-12-15,0.9728123043676037
2011-12-16,0.9728123043676037
2011-12-19,0.9728123043676037
2011-12-20,0.9728123043676037
2011-12-21,0.9728123043676037
2011-12-22,0.9728123043676037
2011-12-23,0.9728123043676037
2011-12-26,0.9728123043676037
2011-12-27,0.9728123043676037
2011-12-28,0.9728123043676037
2011-12-29,0.9728123043676037
2011-12-30,0.9728123043676037
2012-01-02,0.9728123043676037
2012-01-03,0.9728123043676037
2012-01-04,0.9728123043676037
2012-01-05,0.9728123043676037
2012-01-06,0.9728123043676037
2012-01-07,0.9728123043676037
2012-01-09,0.9728123043676037
2012-01-10,0.9728123043676037
2012-01-11,0.9728123043676037
2012-01-12,0.9728123043676037
2012-01-13,0.9728123043676037
2012-01-16,0.9728123043676037
2012-01-17,0.9728123043676037
2012-01-18,0.9728123043676037
2012-01-19,0.9728123043676037
2012-01-20,0.9728123043676037
2012-01-23,0.9728123043676037
2012-01-24,0.9713530859110523
2012-01-25,0.9844263025266902
2012-01-27,0.9940634064487095
2012-01-30,0.9789631995234027
2012-01-31,0.9946556049830249
2012-02-01,1.0094941332303518
2012-02-02,1.0170322837928
2012-02-03,1.0267755376848977
2012-02-06,1.0376626076165827
2012-02-07,1.0335682759444216
2012-02-08,1.0466856685185508
2012-02-09,1.0604455288748373
2012-02-10,1.061038212275554
2012-02-13,1.0637251875851594
2012-02-14,1.0752606913913028
2012-02-15,1.0942087700234906
2012-02-16,1.1030260304137847
2012-02-17,1.1006798646360996
2012-02-21,1.1101921634454561
2012-02-22,1.074764691427462
2012-02-23,1.065498158507384
2012-02-24,1.0594713098182142
2012-02-27,1.0268163669135664
2012-02-28,1.0589438089588554
2012-02-29,1.0691448804756916
2012-03-01,1.0664457109465
2012-03-02,1.066281988653722
2012-03-03,1.0688345116228695
2012-03-05,1.0579221795904767
2012-03-06,1.0456153043684004
2012-03-07,1.0419716474953138
2012-03-09,1.0596040190587592
2012-03-12,1.0692991909828078
2012-03-13,1.0815671038661365
2012-03-14,1.0817662822774354
2012-03-15,1.0710904919313713
2012-03-16,1.059899370976509
2012-03-19,1.0506691772745533
2012-03-20,1.052356540534488
2012-03-21,1.0687251165620646
2012-03-22,1.0476843539346137
2012-03-23,1.0535129776908092
2012-03-26,1.0363533783374193
2012-03-27,1.0355363500798653
2012-03-28,1.0233221060963928
2012-03-29,1.0247676760044941
2012-03-30,1.0479321400488435
2012-04-02,1.0643367858882453
2012-04-03,1.0761122730735029
2012-04-04,1.0777853083222948
2012-04-09,1.065705872952898
2012-04-10,1.0656135406229226
2012-04-11,1.060568834795013
2012-04-12,1.0720015436640724
2012-04-13,1.0642491846587032
2012-04-16,1.0713032381777006
2012-04-17,1.0805394858902386
2012-04-18,1.0852882104415886
2012-04-19,1.0890247750944768
2012-04-20,1.0827836938484356
2012-04-23,1.064047697207825
2012-04-24,1.0629613930113908
2012-04-25,1.0567098872514733
2012-04-26,1.053117060167346
2012-04-27,1.0510651324240259
2012-04-28,1.0574079257968645
2012-04-30,1.0639458758336882
2012-05-02,1.063749346180062
2012-05-03,1.0536400125668732
2012-05-04,1.032329261643698
2012-05-07,1.0383075064576246
2012-05-08,1.0261220040262495
2012-05-09,1.0143212045433787
2012-05-10,1.0138475412783616
2012-05-11,1.0030823056257863
2012-05-14,1.0030823056257863
2012-05-15,1.0030823056257863
2012-05-16,1.0030823056257863
2012-05-17,1.0030823056257863
2012-05-18,1.0030823056257863
2012-05-21,1.0030823056257863
2012-05-22,1.0030823056257863
2012-05-23,1.0030823056257863
2012-05-24,1.0030823056257863
2012-05-25,1.0030823056257863
2012-05-28,1.0030823056257863
2012-05-29,1.0030823056257863
2012-05-30,1.0030823056257863
2012-05-31,1.0030823056257863
2012-06-01,1.0030823056257863
2012-06-04,1.0030823056257863
2012-06-05,1.0030823056257863
2012-06-06,1.0030823056257863
2012-06-07,1.0030823056257863
2012-06-08,1.0030823056257863
2012-06-11,1.0030823056257863
2012-06-12,1.0030823056257863
2012-06-13,1.0030823056257863
2012-06-14,1.0030823056257863
2012-06-15,1.0030823056257863
2012-06-18,1.0030823056257863
2012-06-19,1.0030823056257863
2012-06-20,1.0030823056257863
2012-06-21,1.0030823056257863
2012-06-22,1.0030823056257863
2012-06-25,1.0030823056257863
2012-06-26,1.0030823056257863
2012-06-27,1.0030823056257863
2012-06-28,1.0030823056257863
2012-06-29,1.0030823056257863
2012-07-02,1.0015776821673477
2012-07-03,1.0104923344220549
2012-07-04,1.022019889115547
2012-07-05,1.0385808471907327
2012-07-06,1.0366867485690732
2012-07-09,1.0252066968386417
2012-07-10,1.0349811662678725
2012-07-11,1.0325955892220038
2012-07-12,1.0257993223023936
2012-07-13,1.0257723693542773
2012-07-16,1.0193049060492954
2012-07-17,1.0121339213337535
2012-07-18,1.0156311188194735
2012-07-19,1.0181698295617396
2012-07-20,1.0151480114685685
2012-07-23,1.0010405802127211
2012-07-24,1.0039869226357099
2012-07-25,0.9977934789429532
2012-07-26,0.9819978325916994
2012-07-27,0.9715564934348295
2012-07-30,0.9715564934348295
2012-07-31,0.9715564934348295
2012-08-01,0.9700991586946773
2012-08-02,0.9727193592352236
2012-08-03,0.9728674740812886
2012-08-06,0.9814812421407096
2012-08-07,0.986518430373873
2012-08-08,0.9845765802457541
2012-08-09,0.9812361984959963
2012-08-10,0.9796969873598782
2012-08-13,0.9860158169935823
2012-08-14,0.9903204098743912
2012-08-16,0.9927148494425063
2012-08-17,0.9925792575772542
2012-08-21,1.000745741457475
2012-08-22,1.000779675390634
2012-08-23,1.001998843530862
2012-08-24,0.9959298073973162
2012-08-27,0.9854808061358901
2012-08-28,0.9715859152862747
2012-08-29,0.9650308866629963
2012-08-30,0.9694352531977265
2012-08-31,0.9687749687867558
2012-09-03,0.9728479891083393
2012-09-04,0.9788364091805913
2012-09-05,0.9774370001099675
2012-09-06,0.9803883771872325
2012-09-07,0.9908404270028133
2012-09-08,0.9978335910887055
2012-09-10,1.0040781433963135
2012-09-11,1.0096269648040128
2012-09-12,1.0147835296687187
2012-09-13,1.012815278221855
2012-09-14,1.017037189085924
2012-09-17,1.0272911131342575
2012-09-18,1.0377532469866582
2012-09-20,1.0314092652360445
2012-09-21,1.0478597786580355
2012-09-24,1.0561721456247108
2012-09-25,1.0613806372686203
2012-09-26,1.065880629493845
2012-09-27,1.0686251337125952
2012-09-28,1.0777400786489917
2012-10-01,1.0910832035080482
2012-10-03,1.1018801043633717
2012-10-04,1.1071050240065883
2012-10-05,1.0967573630375167
2012-10-08,1.095531469862837
2012-10-09,1.1008038047998536
2012-10-10,1.085320002114099
2012-10-11,1.0976856477117216
2012-10-12,1.0991085040095079
2012-10-15,1.1036832770389544
2012-10-16,1.0962349077808178
2012-10-17,1.0979876258408068
2012-10-18,1.1110910854788922
2012-10-19,1.1050902244758554
2012-10-22,1.1075273999936357
2012-10-23,1.106286533714745
2012-10-25,1.1049955147723787
2012-10-26,1.0925664618392923
2012-10-29,1.08740193563319
2012-10-30,1.075254068809593
2012-10-31,1.0828625680688608
2012-11-01,1.0929420164002301
2012-11-02,1.0964165698347077
2012-11-05,1.0932666092989642
2012-11-06,1.0982412030177973
2012-11-07,1.105794032936754
2012-11-08,1.1048914042757643
2012-11-09,1.0958349095517723
2012-11-11,1.0958961664998916
2012-11-12,1.0958628580839447
2012-11-13,1.10648747061419
2012-11-15,1.1036458260903046
2012-11-16,1.09434835547522
2012-11-19,1.0856697416867713
2012-11-20,1.076521046432695
2012-11-21,1.080172038560245
2012-11-22,1.0841437900592104
2012-11-23,1.0839922029076015
2012-11-26,1.095212782506248
2012-11-27,1.105522639312232
2012-11-29,1.116131839130508
2012-11-30,1.1264644577729657
2012-12-03,1.1373923603175897
2012-12-04,1.1429253314773715
2012-12-05,1.1484149560478158
2012-12-06,1.1555971311977304
2012-12-07,1.154985983181826
2012-12-10,1.1579228553884604
2012-12-11,1.148139015529985
2012-12-12,1.1479894397203037
2012-12-13,1.1350906159163203
2012-12-14,1.1364651815330395
2012-12-17,1.1409769347099648
2012-12-18,1.1478053437674622
2012-12-19,1.1527167064393895
2012-12-20,1.1491703755833573
2012-12-21,1.1319785020572384
2012-12-24,1.1355654351394682
2012-12-26,1.1401524942532488
2012-12-27,1.1347519336286336
2012-12-28,1.1395210488666725
2012-12-31,1.144882189385988
2013-01-01,1.1576467280366909
2013-01-02,1.1679438579765258
2013-01-03,1.1750709760521796
2013-01-04,1.1784646971424018
2013-01-07,1.1824332994704396
2013-01-08,1.1811089597396496
2013-01-09,1.1782008448122843
2013-01-10,1.171762138093157
2013-01-11,1.1562282365683139
2013-01-14,1.1668122483703183
2013-01-15,1.1690290157389662
2013-01-16,1.1527635970461159
2013-01-17,1.1535972576519604
2013-01-18,1.1486881969569442
2013-01-21,1.1486815696560801
2013-01-22,1.139742297319445
2013-01-23,1.1312325449053449
2013-01-24,1.1030105868017146
2013-01-25,1.1162387873024135
2013-01-28,1.1185151651615088
2013-01-29,1.1113193158467676
2013-01-30,1.1087643312573678
2013-01-31,1.1117751044495225
2013-02-01,1.109168752544527
2013-02-04,1.099116759689991
2013-02-05,1.099116759689991
2013-02-06,1.099116759689991
2013-02-07,1.099116759689991
2013-02-08,1.099116759689991
2013-02-11,1.099116759689991
2013-02-12,1.099116759689991
2013-02-13,1.099116759689991
2013-02-14,1.099116759689991
2013-02-15,1.099116759689991
2013-02-18,1.099116759689991
2013-02-19,1.099116759689991
2013-02-20,1.099116759689991
2013-02-21,1.099116759689991
2013-02-22,1.099116759689991
2013-02-25,1.099116759689991
2013-02-26,1.099116759689991
2013-02-27,1.099116759689991
2013-02-28,1.099116759689991
2013-03-01,1.099116759689991
2013-03-04,1.099116759689991
2013-03-05,1.099116759689991
2013-03-06,1.099116759689991
2013-03-07,1.099116759689991
2013-03-08,1.099116759689991
2013-03-11,1.099116759689991
2013-03-12,1.099116759689991
2013-03-13,1.099116759689991
2013-03-14,1.099116759689991
2013-03-15,1.099116759689991
2013-03-18,1.099116759689991
2013-03-19,1.099116759689991
2013-03-20,1.099116759689991
2013-03-21,1.099116759689991
2013-03-22,1.099116759689991
2013-03-25,1.099116759689991
2013-03-26,1.099116759689991
2013-03-28,1.099116759689991
2013-04-01,1.099116759689991
2013-04-02,1.099116759689991
2013-04-03,1.099116759689991
2013-04-04,1.099116759689991
2013-04-05,1.099116759689991
2013-04-08,1.099116759689991
2013-04-09,1.099116759689991
2013-04-10,1.099116759689991
2013-04-11,1.099116759689991
2013-04-12,1.099116759689991
2013-04-15,1.099116759689991
2013-04-16,1.099116759689991
2013-04-17,1.099116759689991
2013-04-18,1.099116759689991
2013-04-22,1.099116759689991
2013-04-23,1.099116759689991
2013-04-25,1.099116759689991
2013-04-26,1.099116759689991
2013-04-29,1.099116759689991
2013-04-30,1.099116759689991
2013-05-02,1.099116759689991
2013-05-03,1.099116759689991
2013-05-06,1.099116759689991
2013-05-07,1.099116759689991
2013-05-08,1.099116759689991
2013-05-09,1.099116759689991
2013-05-10,1.099116759689991
2013-05-11,1.099116759689991
2013-05-13,1.099116759689991
2013-05-14,1.099116759689991
2013-05-15,1.099116759689991
2013-05-16,1.099116759689991
2013-05-17,1.099116759689991
2013-05-20,1.099116759689991
2013-05-21,1.099116759689991
2013-05-22,1.099116759689991
2013-05-23,1.099116759689991
2013-05-24,1.099116759689991
2013-05-27,1.099116759689991
2013-05-28,1.099116759689991
2013-05-29,1.099116759689991
2013-05-30,1.099116759689991
2013-05-31,1.099116759689991
2013-06-03,1.099116759689991
2013-06-04,1.099116759689991
2013-06-05,1.099116759689991
2013-06-06,1.099116759689991
2013-06-07,1.099116759689991
2013-06-10,1.099116759689991
2013-06-11,1.099116759689991
2013-06-12,1.099116759689991
2013-06-13,1.099116759689991
2013-06-14,1.099116759689991
2013-06-17,1.099116759689991
2013-06-18,1.099116759689991
2013-06-19,1.099116759689991
2013-06-20,1.099116759689991
2013-06-21,1.099116759689991
2013-06-24,1.099116759689991
2013-06-25,1.099116759689991
2013-06-26,1.099116759689991
2013-06-27,1.099116759689991
2013-06-28,1.099116759689991
2013-07-01,1.099116759689991
2013-07-02,1.099116759689991
2013-07-03,1.099116759689991
2013-07-04,1.099116759689991
2013-07-05,1.099116759689991
2013-07-08,1.099116759689991
2013-07-09,1.099116759689991
2013-07-10,1.099116759689991
2013-07-11,1.099116759689991
2013-07-12,1.099116759689991
2013-07-15,1.099116759689991
2013-07-16,1.099116759689991
2013-07-17,1.099116759689991
2013-07-18,1.099116759689991
2013-07-19,1.099116759689991
2013-07-22,1.099116759689991
2013-07-23,1.099116759689991
2013-07-24,1.099116759689991
2013-07-25,1.099116759689991
2013-07-26,1.099116759689991
2013-07-29,1.099116759689991
2013-07-30,1.099116759689991
2013-07-31,1.099116759689991
2013-08-01,1.099116759689991
2013-08-02,1.099116759689991
2013-08-05,1.099116759689991
2013-08-06,1.099116759689991
2013-08-07,1.099116759689991
2013-08-08,1.099116759689991
2013-08-12,1.099116759689991
2013-08-13,1.099116759689991
2013-08-14,1.099116759689991
2013-08-16,1.099116759689991
2013-08-19,1.099116759689991
2013-08-20,1.099116759689991
2013-08-21,1.099116759689991
2013-08-22,1.099116759689991
2013-08-23,1.099116759689991
2013-08-26,1.099116759689991
2013-08-27,1.099116759689991
2013-08-28,1.099116759689991
2013-08-29,1.099116759689991
2013-08-30,1.099116759689991
2013-09-02,1.099116759689991
2013-09-03,1.099116759689991
2013-09-04,1.099116759689991
2013-09-05,1.099116759689991
2013-09-06,1.099116759689991
2013-09-10,1.099116759689991
2013-09-11,1.099116759689991
2013-09-12,1.099116759689991
2013-09-13,1.099116759689991
2013-09-16,1.099116759689991
2013-09-17,1.099116759689991
2013-09-18,1.099116759689991
2013-09-19,1.099116759689991
2013-09-20,1.099116759689991
2013-09-23,1.099116759689991
2013-09-24,1.099116759689991
2013-09-25,1.099116759689991
2013-09-26,1.099116759689991
2013-09-27,1.099116759689991
2013-09-30,1.099116759689991
2013-10-01,1.099116759689991
2013-10-03,1.099116759689991
2013-10-04,1.099116759689991
2013-10-07,1.097468084550456
2013-10-08,1.1026134191317511
2013-10-09,1.1150030188646542
2013-10-10,1.124781571935513
2013-10-11,1.129852920536623
2013-10-14,1.1370822290288198
2013-10-15,1.1240153767210757
2013-10-17,1.1251230466053097
2013-10-18,1.1367299658598082
2013-10-21,1.1504990968850304
2013-10-22,1.16555210690988
2013-10-23,1.1679485507136962
2013-10-24,1.1671375341052734
2013-10-25,1.1601451649021202
2013-10-28,1.1523493538049399
2013-10-29,1.1643888151085557
2013-10-30,1.1711505968501301
2013-10-31,1.1803506568301683
2013-11-01,1.1965028270786295
2013-11-03,1.2145028535245728
2013-11-05,1.2235471019390909
2013-11-06,1.2295636834524857
2013-11-07,1.2169350983968739
2013-11-08,1.2162632948927554
2013-11-11,1.2066966813343594
2013-11-12,1.1958840814892036
2013-11-13,1.1880752864270028
2013-11-14,1.2040660156973393
2013-11-18,1.2185333589760932
2013-11-19,1.2266268721396751
2013-11-20,1.23087091424592
2013-11-21,1.2168206491871116
2013-11-22,1.2179966067840864
2013-11-25,1.2330274842771871
2013-11-26,1.2242299141757829
2013-11-27,1.2242746251496566
2013-11-28,1.23729814382353
2013-11-29,1.2519438341557785
2013-12-02,1.2667090255649498
2013-12-03,1.2715301488920334
2013-12-04,1.2703569631174763
2013-12-05,1.2701214810369565
2013-12-06,1.2763197265138229
2013-12-09,1.2801225915452212
2013-12-10,1.2727610878523
2013-12-11,1.270321449335279
2013-12-12,1.2657960288883288
2013-12-13,1.2496471799721907
2013-12-16,1.2535050131207368
2013-12-17,1.254390706724109
2013-12-18,1.2709676933185954
2013-12-19,1.272003385528421
2013-12-20,1.292910637521082
2013-12-23,1.3092657537324066
2013-12-24,1.3223299003716997
2013-12-26,1.3350824444039446
2013-12-27,1.3390098610160455
2013-12-30,1.3405988170719734
2013-12-31,1.3483461024007988
2014-01-01,1.367870151432326
2014-01-02,1.3384439928397354
2014-01-03,1.3496565097260957
2014-01-06,1.3625156209021743
2014-01-07,1.3635560831228377
2014-01-08,1.3734219545757744
2014-01-09,1.3598837873252325
2014-01-10,1.3486598662517115
2014-01-13,1.3525656467684706
2014-01-14,1.3520750543238085
2014-01-15,1.3558929861807345
2014-01-16,1.351400626127216
2014-01-17,1.3287940994313785
2014-01-20,1.3393429529879126
2014-01-21,1.3454151483375396
2014-01-22,1.35251967214312
2014-01-23,1.3485119418106393
2014-01-24,1.3247216268553201
2014-01-27,1.2850608629022056
2014-01-28,1.289244498312083
2014-01-29,1.2889633713379878
2014-01-30,1.2683819546926198
2014-01-31,1.2872742657005507
2014-02-03,1.2780504670860962
2014-02-04,1.283260640341958
2014-02-05,1.2943738695660696
2014-02-06,1.2951194030300102
2014-02-07,1.3033722754605221
2014-02-10,1.303562136844282
2014-02-11,1.303012262232805
2014-02-12,1.3018417917047183
2014-02-13,1.2846563007574772
2014-02-14,1.2848618412444506
2014-02-17,1.2839162050913158
2014-02-18,1.2954284585714277
2014-02-19,1.3046525580225976
2014-02-20,1.3025440075446275
2014-02-21,1.3137893815981978
2014-02-24,1.3176344879144508
2014-02-25,1.3201190658978532
2014-02-26,1.3235666000313275
2014-02-28,1.3306266028203855
2014-03-03,1.3269043670854221
2014-03-04,1.3461740994096771
2014-03-05,1.3564228357952144
2014-03-06,1.3802872733214444
2014-03-07,1.3833288815661424
2014-03-10,1.3925467419996798
2014-03-11,1.392170080953739
2014-03-12,1.3936979834239172
2014-03-13,1.389121798923265
2014-03-14,1.3841541092922047
2014-03-18,1.3951766027398596
2014-03-19,1.4026740946082688
2014-03-20,1.399671278313926
2014-03-21,1.4131567581026405
2014-03-22,1.4182328318467146
2014-03-24,1.4204997756258824
2014-03-25,1.4260538626909631
2014-03-26,1.4307448727770986
2014-03-27,1.4439371642523766
2014-03-28,1.4660337669612786
2014-03-31,1.4861501371325507
2014-04-01,1.4953054333842195
2014-04-02,1.5253000332816125
2014-04-03,1.5168578942756852
2014-04-04,1.5332382554884334
2014-04-07,1.5362823128919143
2014-04-09,1.5662308703509955
2014-04-10,1.5764779161832878
2014-04-11,1.5857534993581104
2014-04-15,1.5756546050781433
2014-04-16,1.5526786708526068
2014-04-17,1.5800221824993512
2014-04-21,1.604867083199727
2014-04-22,1.6060261539643534
2014-04-23,1.6120925906938872
2014-04-25,1.6046153471905238
2014-04-28,1.61051661199084
2014-04-29,1.6098988702998813
2014-04-30,1.5824532374078664
2014-05-02,1.5894213734916
2014-05-05,1.5846114458929375
2014-05-06,1.5912433043951701
2014-05-07,1.585990383784659
2014-05-08,1.5865976804536057
2014-05-09,1.6065459654614034
2014-05-12,1.6151680022427097
2014-05-13,1.6405221733765893
2014-05-14,1.6627584442821444
2014-05-15,1.6441577209245006
2014-05-16,1.6679364413173015
2014-05-19,1.7584570009863298
2014-05-20,1.8160446507519048
2014-05-21,1.8548429296691824
2014-05-22,1.9043697241445974
2014-05-23,1.935646249976036
2014-05-26,1.8804546188927764
2014-05-27,1.869781417653848
2014-05-28,1.892410724158468
2014-05-29,1.8805793837879183
2014-05-30,1.895214143186379
2014-06-02,1.9400568109303775
2014-06-03,1.9648305125067211
2014-06-04,2.003645149498188
2014-06-05,2.0306141554235295
2014-06-06,2.0632801540511028
2014-06-09,2.106375681890928
2014-06-10,2.109160313775637
2014-06-11,2.0886770963005103
2014-06-12,2.0955072580173866
2014-06-13,2.03406521118383
2014-06-16,2.0458484312324057
2014-06-17,2.0871512424943828
2014-06-18,2.0788423684286395
2014-06-19,2.0739633924604735
2014-06-20,2.0646380769426034
2014-06-23,2.0776603758707215
2014-06-24,2.112213968128004
2014-06-25,2.120475172191511
2014-06-26,2.1143024590686257
2014-06-27,2.123593305742036
2014-06-30,2.1583893029005154
2014-07-01,2.1834893365775643
2014-07-02,2.207646830346633
2014-07-03,2.2052623121126445
2014-07-04,2.221557982556262
2014-07-07,2.2358593269660036
2014-07-08,2.1381574051010137
2014-07-09,2.1036899520332097
2014-07-10,2.1195004838848797
2014-07-11,2.0548022273495565
2014-07-14,2.0517082308545587
2014-07-15,2.097063987297749
2014-07-16,2.1341147245146996
2014-07-17,2.162126846766591
2014-07-18,2.1578170764488984
2014-07-21,2.1788263207546668
2014-07-22,2.187672754315605
2014-07-23,2.1808051794379337
2014-07-24,2.1855619517417058
2014-07-25,2.146632737948513
2014-07-28,2.1357171593552997
2014-07-30,2.14424739650767
2014-07-31,2.146404201000522
2014-08-01,2.1267532156864513
2014-08-04,2.1524179493259687
2014-08-05,2.175603562325883
2014-08-06,2.1719080718133568
2014-08-07,2.159444698587539
2014-08-08,2.108744728387259
2014-08-11,2.124952768249732
2014-08-12,2.139779174719832
2014-08-13,2.0940770804105053
2014-08-14,2.1228928373004887
2014-08-18,2.1723503766862353
2014-08-19,2.198479122746993
2014-08-20,2.2174938352988165
2014-08-21,2.223744539160073
2014-08-22,2.223943430709655
2014-08-25,2.2103376361333362
2014-08-26,2.196172248715961
2014-08-27,2.216798364477207
2014-08-28,2.2143831088783617
2014-09-01,2.251605879064458
2014-09-02,2.273790598506824
2014-09-03,2.2883739243197403
2014-09-04,2.282016260480451
2014-09-05,2.308026560612407
2014-09-08,2.3560044437437515
2014-09-09,2.3706335496877817
2014-09-10,2.3895331232421575
2014-09-11,2.424326699459873
2014-09-12,2.437290666752744
2014-09-15,2.454693073425208
2014-09-16,2.3524436981474413
2014-09-17,2.3625685096824927
2014-09-18,2.4213515145436517
2014-09-19,2.426175551159769
2014-09-22,2.43856804161707
2014-09-23,2.378542420179493
2014-09-24,2.3385382299992727
2014-09-25,2.265619433274363
2014-09-26,2.284026116926856
2014-09-29,2.321455715609312
2014-09-30,2.323493095627558
2014-10-01,2.314065163276106
2014-10-07,2.2895738799721332
2014-10-08,2.287208247880075
2014-10-09,2.3306503461258954
2014-10-10,2.2950131811059866
2014-10-13,2.307827231167933
2014-10-14,2.3006951365707393
2014-10-16,2.2358668825336716
2014-10-17,2.238991392361208
2014-10-20,2.2597705335792826
2014-10-21,2.2761900514281352
2014-10-22,2.307307464315198
2014-10-23,2.332460728313524
2014-10-27,2.3254375192200016
2014-10-28,2.3385189246520266
2014-10-29,2.355688661305246
2014-10-30,2.369467105808612
2014-10-31,2.4002869714928456
2014-11-03,2.4359717758775767
2014-11-05,2.4463613476078354
2014-11-07,2.445611584543257
2014-11-10,2.450198340439652
2014-11-11,2.4607918776394975
2014-11-12,2.4724317660703696
2014-11-13,2.4650046450664
2014-11-14,2.474596707284509
2014-11-17,2.4966434856251545
2014-11-18,2.518132195559402
2014-11-19,2.492652122662147
2014-11-20,2.4837192857836228
2014-11-21,2.4822774308869846
2014-11-24,2.4823151376179324
2014-11-25,2.429481786303347
2014-11-26,2.4549171313105513
2014-11-27,2.4674785056900643
2014-11-28,2.47769959351968
2014-12-01,2.4609399709509843
2014-12-02,2.4802729081940296
2014-12-03,2.5248683255645545
2014-12-04,2.536930458988275
2014-12-05,2.5351900036063975
2014-12-08,2.5062948854906333
2014-12-09,2.4607529568299618
2014-12-10,2.4862443963569087
2014-12-11,2.4694097956429437
2014-12-12,2.4300717371712985
2014-12-15,2.4179141999592093
2014-12-16,2.330117799512244
2014-12-17,2.3054815452978263
2014-12-18,2.3828109451100667
2014-12-19,2.3792367286924017
2014-12-22,2.3984987362214722
2014-12-23,2.386337585479236
2014-12-24,2.391430369198491
2014-12-26,2.3997433606357177
2014-12-29,2.4221215805568703
2014-12-30,2.4355995524989487
2014-12-31,2.46156901782953
2015-01-01,2.4933721302111955
2015-01-02,2.5194932789885365
2015-01-05,2.5259396883926315
2015-01-06,2.447312431285239
2015-01-07,2.4477762367747617
2015-01-08,2.4952113222591614
2015-01-09,2.496339501545447
2015-01-12,2.518235926351384
2015-01-13,2.5156709129224493
2015-01-14,2.5045792887512124
2015-01-15,2.5344944637654807
2015-01-16,2.5411451319242726
2015-01-19,2.5640676887783256
2015-01-20,2.575989580618225
2015-01-21,2.5710631923045786
2015-01-22,2.5813296450543906
2015-01-23,2.5692730996797915
2015-01-27,2.5821274944842667
2015-01-28,2.5761110124564905
2015-01-29,2.584993623371089
2015-01-30,2.579656898863703
2015-02-02,2.6013030111794775
2015-02-03,2.597596147613478
2015-02-04,2.5955222529375015
2015-02-05,2.5596488996466213
2015-02-06,2.5184351258851763
2015-02-09,2.4785931032691937
2015-02-10,2.4814367061758476
2015-02-11,2.5214049090086235
2015-02-12,2.5573251911038573
2015-02-13,2.5713818817481795
2015-02-16,2.5700217408201254
2015-02-18,2.6031167502202015
2015-02-19,2.6106384527088564
2015-02-20,2.6184937571176885
2015-02-23,2.599747549628051
2015-02-24,2.584999379532804
2015-02-25,2.5756952634672636
2015-02-26,2.5542403192938954
2015-02-27,2.5999916591288668
2015-02-28,2.5897038794411293
2015-03-02,2.621347742420644
2015-03-03,2.6612142547479007
2015-03-04,2.6277131561784746
2015-03-05,2.6493654788182157
2015-03-09,2.6206708345135685
2015-03-10,2.617864994623687
2015-03-11,2.606541409311049
2015-03-12,2.6397530503919646
2015-03-13,2.597238364086457
2015-03-16,2.576599374348007
2015-03-17,2.5889271798926097
2015-03-18,2.596073135803033
2015-03-19,2.577494586736339
2015-03-20,2.5217909011465864
2015-03-23,2.491460677877646
2015-03-24,2.475954322329814
2015-03-25,2.475954322329814
2015-03-26,2.475954322329814
2015-03-27,2.475954322329814
2015-03-30,2.475954322329814
2015-03-31,2.4722403908463195
2015-04-01,2.532063086820541
2015-04-06,2.5733752847766826
2015-04-07,2.6036836927730937
2015-04-08,2.6376531647243318
2015-04-09,2.6524757703247044
2015-04-10,2.6739877182849354
2015-04-13,2.6909468732198443
2015-04-15,2.680730390712625
2015-04-16,2.6519694116379604
2015-04-17,2.6228819847460194
2015-04-20,2.560567862572154
2015-04-21,2.555086861678112
2015-04-22,2.558577176011836
2015-04-23,2.5570348338138005
2015-04-24,2.482882665178409
2015-04-27,2.4026104193870808
2015-04-28,2.4026104193870808
2015-04-29,2.4026104193870808
2015-04-30,2.4026104193870808
2015-05-04,2.4026104193870808
2015-05-05,2.399006503758
2015-05-06,2.3185727169453014
2015-05-07,2.2677324877041003
2015-05-08,2.2677324877041003
2015-05-11,2.2677324877041003
2015-05-12,2.2677324877041003
2015-05-13,2.2677324877041003
2015-05-14,2.2677324877041003
2015-05-15,2.2677324877041003
2015-05-18,2.2677324877041003
2015-05-19,2.264330888972544
2015-05-20,2.2669100139746363
2015-05-21,2.2657583975862186
2015-05-22,2.265903492825195
2015-05-25,2.256587861677078
2015-05-26,2.2502023412541208
2015-05-27,2.2477931543106657
2015-05-28,2.2474002692337143
2015-05-29,2.266470535755254
2015-06-01,2.263070829951621
2015-06-02,2.217771428363074
2015-06-03,2.1470561410057236
2015-06-04,2.1470561410057236
2015-06-05,2.1470561410057236
2015-06-08,2.1470561410057236
2015-06-09,2.1470561410057236
2015-06-10,2.1470561410057236
2015-06-11,2.1470561410057236
2015-06-12,2.1470561410057236
2015-06-15,2.1470561410057236
2015-06-16,2.1470561410057236
2015-06-17,2.1470561410057236
2015-06-18,2.1470561410057236
2015-06-19,2.1470561410057236
2015-06-22,2.1470561410057236
2015-06-23,2.1470561410057236
2015-06-24,2.1438355567942153
2015-06-25,2.147255934861783
2015-06-26,2.1440350509594905
2015-06-29,2.1068493435055555
2015-06-30,2.1364143699245
2015-07-01,2.1364143699245
2015-07-02,2.1332097483696137
2015-07-03,2.133980914458054
2015-07-06,2.1695886582381547
2015-07-07,2.1885312099499443
2015-07-08,2.1627306197542238
2015-07-09,2.1664236949100015
2015-07-10,2.174841361984754
2015-07-13,2.205345351212103
2015-07-14,2.223738328410725
2015-07-15,2.240232102263237
2015-07-16,2.2582386572451396
2015-07-17,2.2678994634298713
2015-07-20,2.282262867161752
2015-07-21,2.235995620534165
2015-07-22,2.2652056622959416
2015-07-23,2.2746072748288166
2015-07-24,2.2610505918506796
2015-07-27,2.233048691803287
2015-07-28,2.2308093194185887
2015-07-29,2.251915370804199
2015-07-30,2.279450893026282
2015-07-31,2.301820910687405
2015-08-03,2.328306577453186
2015-08-04,2.349877269066922
2015-08-05,2.381102470992768
2015-08-06,2.379095400225462
2015-08-07,2.376889790893666
2015-08-10,2.371149162192009
2015-08-11,2.340847398563855
2015-08-12,2.2735464414627353
2015-08-13,2.2397563128407323
2015-08-14,2.287777458315945
2015-08-17,2.299193814624494
2015-08-18,2.323554523882522
2015-08-19,2.3385762347939867
2015-08-20,2.283203746216805
2015-08-21,2.2629369764431564
2015-08-24,2.038248066565796
2015-08-25,2.0558151739561725
2015-08-26,2.0558151739561725
2015-08-27,2.0558151739561725
2015-08-28,2.0558151739561725
2015-08-31,2.0558151739561725
2015-09-01,2.0558151739561725
2015-09-02,2.0558151739561725
2015-09-03,2.0558151739561725
2015-09-04,2.0558151739561725
2015-09-07,2.0558151739561725
2015-09-08,2.0558151739561725
2015-09-09,2.0558151739561725
2015-09-10,2.0558151739561725
2015-09-11,2.0558151739561725
2015-09-14,2.0558151739561725
2015-09-15,2.0558151739561725
2015-09-16,2.0558151739561725
2015-09-18,2.0558151739561725
2015-09-21,2.0558151739561725
2015-09-22,2.0527314511952386
2015-09-23,2.0639138684164187
2015-09-24,2.0639138684164187
2015-09-28,2.0608179976137944
2015-09-29,2.0561549576994587
2015-09-30,2.0561549576994587
2015-10-01,2.0530707252629097
2015-10-05,2.094391033982765
2015-10-06,2.11800425199668
2015-10-07,2.1366789245736557
2015-10-08,2.1345011372852696
2015-10-09,2.1420896515366
2015-10-12,2.1479370856441213
2015-10-13,2.164339159902448
2015-10-14,2.171409977999179
2015-10-15,2.1843352427083396
2015-10-16,2.1896843706604874
2015-10-19,2.210013966455255
2015-10-20,2.2211272312837567
2015-10-21,2.221160286645091
2015-10-23,2.214254681040833
2015-10-26,2.193823561505033
2015-10-27,2.1985004950856495
2015-10-28,2.1988462336414725
2015-10-29,2.189409314868947
2015-10-30,2.169640710093928
2015-11-02,2.1610699629898917
2015-11-03,2.1723000263800087
2015-11-04,2.1688788951776568
2015-11-05,2.1326607182388293
2015-11-06,2.1155770640462417
2015-11-09,2.135708538328248
2015-11-10,2.112778583125054
2015-11-11,2.147555497471741
2015-11-13,2.133389456779343
2015-11-16,2.151681323065835
2015-11-17,2.1633533293590377
2015-11-18,2.1475739154835773
2015-11-19,2.1723272796498767
2015-11-20,2.190661677401523
2015-11-23,2.200612254680538
2015-11-24,2.2211394610586193
2015-11-26,2.2378402801224637
2015-11-27,2.2428185300805743
2015-11-30,2.2580957190720263
2015-12-01,2.2740133444336377
2015-12-02,2.2776716383362436
2015-12-03,2.2681688030873475
2015-12-04,2.2506417270232117
2015-12-07,2.2557751903728063
2015-12-08,2.212376657370743
2015-12-09,2.1520905072446013
2015-12-10,2.184602553526604
2015-12-11,2.1646867762483333
2015-12-14,2.1778345921811093
2015-12-15,2.1974662694057754
2015-12-16,2.2036720554808977
2015-12-17,2.2425471762520237
2015-12-18,2.238248217031499
2015-12-21,2.2625421263836585
2015-12-22,2.2654718224753028
2015-12-23,2.2739511777920285
2015-12-24,2.2882200502162133
2015-12-28,2.2994088181950083
2015-12-29,2.2951720585021023
2015-12-30,2.297863920490378
2015-12-31,2.308666904374398
2016-01-01,2.334721376030221
2016-01-04,2.3096084970412125
2016-01-05,2.33403925181369
2016-01-06,2.326221742306662
2016-01-07,2.245872035465726
2016-01-08,2.283485431045549
2016-01-11,2.274301156333842
2016-01-12,2.250523366596282
2016-01-13,2.199435200905738
2016-01-14,2.1655403853571613
2016-01-15,2.0845162998323925
2016-01-18,1.9865959260444355
2016-01-19,1.9865959260444355
2016-01-20,1.9865959260444355
2016-01-21,1.9865959260444355
2016-01-22,1.9865959260444355
2016-01-25,1.9865959260444355
2016-01-27,1.9865959260444355
2016-01-28,1.9865959260444355
2016-01-29,1.9865959260444355
2016-02-01,1.9865959260444355
2016-02-02,1.9865959260444355
2016-02-03,1.9865959260444355
2016-02-04,1.9865959260444355
2016-02-05,1.9865959260444355
2016-02-08,1.9865959260444355
2016-02-09,1.9865959260444355
2016-02-10,1.9865959260444355
2016-02-11,1.9865959260444355
2016-02-12,1.9865959260444355
2016-02-15,1.9865959260444355
2016-02-16,1.9865959260444355
2016-02-17,1.9865959260444355
2016-02-18,1.9865959260444355
2016-02-19,1.9865959260444355
2016-02-22,1.9865959260444355
2016-02-23,1.9865959260444355
2016-02-24,1.9865959260444355
2016-02-25,1.9865959260444355
2016-02-26,1.9865959260444355
2016-02-29,1.9865959260444355
2016-03-01,1.9865959260444355
2016-03-02,1.9865959260444355
2016-03-03,1.9865959260444355
2016-03-04,1.9865959260444355
2016-03-08,1.9865959260444355
2016-03-09,1.9865959260444355
2016-03-10,1.9865959260444355
2016-03-11,1.9865959260444355
2016-03-14,1.9865959260444355
2016-03-15,1.9865959260444355
2016-03-16,1.9865959260444355
2016-03-17,1.9865959260444355
2016-03-18,1.9865959260444355
2016-03-21,1.9865959260444355
2016-03-22,1.9865959260444355
2016-03-23,1.9865959260444355
2016-03-28,1.9865959260444355
2016-03-29,1.9865959260444355
2016-03-30,1.9865959260444355
2016-03-31,1.9865959260444355
2016-04-01,1.9865959260444355
2016-04-04,1.9865959260444355
2016-04-05,1.9836160321553689
2016-04-06,2.007242782860989
2016-04-07,2.0042319186866977
2016-04-08,2.0188476789816963
2016-04-11,2.0374180545090805
2016-04-12,2.0568164109376093
2016-04-13,2.0767637953325777
2016-04-18,2.1001719121684137
2016-04-20,2.1144602682802596
2016-04-21,2.1018427885449666
2016-04-22,2.1042591592066486
2016-04-25,2.0984264600563427
2016-04-26,2.1127162120330985
2016-04-27,2.1184747845946603
2016-04-28,2.094596673379034
2016-04-29,2.0941408220714384
2016-05-02,2.10618353636679
2016-05-03,2.101206190417733
2016-05-04,2.072611816408808
2016-05-05,2.074946863288148
2016-05-06,2.0730770375170477
2016-05-09,2.0982747004940294
2016-05-10,2.102164057843459
2016-05-11,2.1000532060466077
2016-05-12,2.1187235110188416
2016-05-13,2.1092207260033495
2016-05-16,2.1119134911542994
2016-05-17,2.118204511129185
2016-05-18,2.1247315812091756
2016-05-19,2.0971410909408363
2016-05-20,2.078240425369933
2016-05-23,2.068529139381002
2016-05-24,2.048857634792497
2016-05-25,2.070329066170438
2016-05-26,2.0852695935479812
2016-05-27,2.1002949985028585
2016-05-30,2.1055153460924467
2016-05-31,2.1014701401920424
2016-06-01,2.1122265700208906
2016-06-02,2.1185666208494345
2016-06-03,2.1121972700592506
2016-06-06,2.116377204277955
2016-06-07,2.1355409799888627
2016-06-08,2.1630624686262436
2016-06-09,2.166169185974288
2016-06-10,2.1667920305459987
2016-06-13,2.163579204514471
2016-06-14,2.1821647869083445
2016-06-15,2.200608306273526
2016-06-16,2.184698656144429
2016-06-17,2.195356577855879
2016-06-20,2.2078651945518066
2016-06-21,2.2111461801503878
2016-06-22,2.1983275909832924
2016-06-23,2.195043455886175
2016-06-24,2.15483951576018
2016-06-27,2.1990769413735762
2016-06-28,2.2216730528590882
2016-06-29,2.2544576516583117
2016-06-30,2.275482308143469
2016-07-01,2.2872672532986966
2016-07-04,2.310893307032577
2016-07-05,2.317236267797911
2016-07-07,2.3246764319360347
2016-07-08,2.3186402018629484
2016-07-11,2.341483447666415
2016-07-12,2.3459391745418126
2016-07-13,2.3283627928999557
2016-07-14,2.3450823924295436
2016-07-15,2.32378906738551
2016-07-18,2.3094525686830316
2016-07-19,2.308856519656557
2016-07-20,2.3388290297297587
2016-07-21,2.3316072912369346
2016-07-22,2.3498745264489984
2016-07-25,2.379510726131723
2016-07-26,2.3609321770287677
2016-07-27,2.3746474768747987
2016-07-28,2.387989382182596
2016-07-29,2.389132813890051
2016-08-01,2.3851349673627418
2016-08-02,2.3657420561421274
2016-08-03,2.338653343952159
2016-08-04,2.350524116137205
2016-08-05,2.3870766045149407
2016-08-08,2.3939215198207435
2016-08-09,2.3840424804475724
2016-08-10,2.351296674973486
2016-08-11,2.3452568370519833
2016-08-12,2.345614939305818
2016-08-16,2.339387710401988
2016-08-17,2.3620915401252685
2016-08-18,2.3879825165326665
2016-08-19,2.4051491565241254
2016-08-22,2.407041492456193
2016-08-23,2.408200450957533
2016-08-24,2.423457687085635
2016-08-25,2.418161426620685
2016-08-26,2.4076382914715904
2016-08-29,2.4096067748869023
2016-08-30,2.4276050965585494
2016-08-31,2.4313555676322745
2016-09-01,2.4174443674992743
2016-09-02,2.4303503105781474
2016-09-06,2.4584666991729143
2016-09-07,2.4674970346783094
2016-09-08,2.4951549149737673
2016-09-09,2.4868416157859414
2016-09-12,2.4237534892028787
2016-09-14,2.4583756203523937
2016-09-15,2.4638883468406267
2016-09-16,2.4654919728425986
2016-09-19,2.4834177732454745
2016-09-20,2.4819059484119137
2016-09-21,2.483714737955102
2016-09-22,2.5070930492358263
2016-09-23,2.504402568064741
2016-09-26,2.4909099536041226
2016-09-27,2.4941506834675446
2016-09-28,2.5193469396192762
2016-09-29,2.4009780493910777
2016-09-30,2.454158473728244
2016-10-03,2.5263714151140015
2016-10-04,2.5423838840815733
2016-10-05,2.5669863746587116
2016-10-06,2.5556389554673995
2016-10-07,2.5606876812058204
2016-10-10,2.5709866613583103
2016-10-13,2.5303624250389363
2016-10-14,2.5533659031884874
2016-10-17,2.541461549606351
2016-10-18,2.575941539676524
2016-10-19,2.5940847833768275
2016-10-20,2.606638146566796
2016-10-21,2.614626354105778
2016-10-24,2.6282951165833324
2016-10-25,2.625973975760354
2016-10-26,2.608189658646391
2016-10-27,2.586476792409833
2016-10-28,2.6124006090086036
2016-10-30,2.6363500543190224
2016-11-01,2.6350940682830175
2016-11-02,2.5855867781157396
2016-11-03,2.5553592278630863
2016-11-04,2.493051000199856
2016-11-07,2.525079780233675
2016-11-08,2.5274012501825527
2016-11-09,2.456086063523779
2016-11-10,2.507884515780245
2016-11-11,2.419087947019621
2016-11-15,2.3014165311757915
2016-11-16,2.2938045185881566
2016-11-17,2.2938045185881566
2016-11-18,2.2938045185881566
2016-11-21,2.2938045185881566
2016-11-22,2.2938045185881566
2016-11-23,2.2938045185881566
2016-11-24,2.2938045185881566
2016-11-25,2.2938045185881566
2016-11-28,2.2938045185881566
2016-11-29,2.2938045185881566
2016-11-30,2.2938045185881566
2016-12-01,2.2938045185881566
2016-12-02,2.2938045185881566
2016-12-05,2.2938045185881566
2016-12-06,2.2938045185881566
2016-12-07,2.2938045185881566
2016-12-08,2.2938045185881566
2016-12-09,2.2938045185881566
2016-12-12,2.2903638118102743
2016-12-13,2.2888363609116116
2016-12-14,2.2888363609116116
2016-12-15,2.2888363609116116
2016-12-16,2.2888363609116116
2016-12-19,2.2888363609116116
2016-12-20,2.2888363609116116
2016-12-21,2.2888363609116116
2016-12-22,2.2888363609116116
2016-12-23,2.2888363609116116
2016-12-26,2.2888363609116116
2016-12-27,2.2888363609116116
2016-12-28,2.2888363609116116
2016-12-29,2.2888363609116116
2016-12-30,2.2888363609116116
2017-01-02,2.2888363609116116
2017-01-03,2.2888363609116116
2017-01-04,2.2854031063702442
2017-01-05,2.3114463844390594
2017-01-06,2.302353804344687
2017-01-09,2.3164130990647003
2017-01-10,2.3361522396065175
2017-01-11,2.357694356070203
2017-01-12,2.350676574668111
2017-01-13,2.3499522231526067
2017-01-16,2.3645550802034996
2017-01-17,2.371756159914044
2017-01-18,2.3831121251000535
2017-01-19,2.3893215736598377
2017-01-20,2.3548406676933737
2017-01-23,2.370843102155996
2017-01-24,2.388650182620392
2017-01-25,2.4052302016772225
2017-01-27,2.4161226673831973
2017-01-30,2.4123227748907086
2017-01-31,2.383702256284879
2017-02-01,2.4218963879725135
2017-02-02,2.440394312056376
2017-02-03,2.4676900352846216
2017-02-06,2.4955913287090357
2017-02-07,2.492319514815787
2017-02-08,2.505839509041955
2017-02-09,2.5142779130877626
2017-02-10,2.5092106004219517
2017-02-13,2.4923514843415946
2017-02-14,2.4785874506897856
2017-02-15,2.4294904641979
2017-02-16,2.4618992147560705
2017-02-17,2.473906592292451
2017-02-20,2.4994533593971995
2017-02-21,2.5133645746869666
2017-02-22,2.501274203312708
2017-02-23,2.5040226941091204
2017-02-27,2.5073746354984126
2017-02-28,2.524491693137035
2017-03-01,2.5458482506304816
2017-03-02,2.511088906163732
2017-03-03,2.519730619544415
2017-03-06,2.5326614701134034
2017-03-07,2.53123182802007
2017-03-08,2.5191031027798974
2017-03-09,2.5137677348707412
2017-03-10,2.509269275532075
2017-03-14,2.541481819822689
2017-03-15,2.562316754411837
2017-03-16,2.5958151489252383
2017-03-17,2.5964576741381378
2017-03-20,2.6038426692356613
2017-03-21,2.5976121723960293
2017-03-22,2.5788074198061235
2017-03-23,2.602789000989291
2017-03-24,2.611300881051857
2017-03-27,2.605535600201038
2017-03-28,2.6233356744694922
2017-03-29,2.6272145401333398
2017-03-30,2.648161704445248
2017-03-31,2.6681643557644654
2017-04-03,2.709125505606552
2017-04-05,2.754236531645808
2017-04-06,2.753698590815236
2017-04-07,2.7339909552772648
2017-04-10,2.752150932622478
2017-04-11,2.776978138464409
2017-04-12,2.7609621701712985
2017-04-13,2.7650633532179603
2017-04-17,2.7805802427726993
2017-04-18,2.7538098189486697
2017-04-19,2.7749437145738667
2017-04-20,2.811006416873889
2017-04-21,2.8231783655940252
2017-04-24,2.848853716849265
2017-04-25,2.8646095415977477
2017-04-26,2.838018682850611
2017-04-27,2.839606808856396
2017-04-28,2.8550576261941987
2017-05-02,2.8599463573368626
2017-05-03,2.862381724452849
2017-05-04,2.8721362653101807
2017-05-05,2.83208563862865
2017-05-08,2.8557303307170927
2017-05-09,2.876405543853429
2017-05-10,2.9020973549608056
2017-05-11,2.898590289100842
2017-05-12,2.8751907978102773
2017-05-15,2.897879048711906
2017-05-16,2.9095318404639525
2017-05-17,2.9098149290686406
2017-05-18,2.8497907101181665
2017-05-19,2.829411242220439
2017-05-22,2.7966744269889845
2017-05-23,2.7317930070374596
2017-05-24,2.6820104988311386
2017-05-25,2.731662175135509
2017-05-26,2.7802728093804596
2017-05-29,2.734762298435041
2017-05-30,2.7417413254921703
2017-05-31,2.7686547611964536
2017-06-01,2.7935889741246
2017-06-02,2.810318577902696
2017-06-05,2.8244620718858844
2017-06-06,2.8029049111567006
2017-06-07,2.821907078244706
2017-06-08,2.8337414207210436
2017-06-09,2.843403432311997
2017-06-12,2.831593170895954
2017-06-13,2.8388181924079605
2017-06-14,2.8455086484742043
2017-06-15,2.856765419750784
2017-06-16,2.869590196536463
2017-06-19,2.8686016604861115
2017-06-20,2.8748647980823594
2017-06-21,2.8824102172832045
2017-06-22,2.865146148900353
2017-06-23,2.8233082322617578
2017-06-27,2.7845272235120446
2017-06-28,2.795574490524923
2017-06-29,2.818466197663644
2017-06-30,2.83276676305778
2017-07-03,2.866060837186386
2017-07-04,2.873426873325983
2017-07-05,2.9085162886329496
2017-07-06,2.920959406112628
2017-07-07,2.933680016326173
2017-07-10,2.9463201394877094
2017-07-11,2.9291124081472284
2017-07-12,2.950542076986061
2017-07-13,2.958634640683724
2017-07-14,2.9445824413167037
2017-07-17,2.947011570375571
2017-07-18,2.930300690620337
2017-07-19,2.9665220703996247
2017-07-20,2.973507584895325
2017-07-21,2.9785053749924155
2017-07-24,2.9852398908908717
2017-07-25,2.9912573115181167
2017-07-26,3.007089280160974
2017-07-27,2.9810741225515374
2017-07-28,2.989942734468151
2017-07-31,2.992959851944898
2017-08-01,2.9877889027998723
2017-08-02,2.984964173808997
2017-08-03,2.9524537427754853
2017-08-04,2.9583846447615816
2017-08-07,2.9854521027230376
2017-08-08,2.9384229746508095
2017-08-09,2.885761324244674
2017-08-10,2.7749244156182193
2017-08-11,2.7622327647205718
2017-08-14,2.7622327647205718
2017-08-16,2.758089415573491
2017-08-17,2.77710815891813
2017-08-18,2.7620761235894182
2017-08-21,2.733883313059396
2017-08-22,2.7176451331594564
2017-08-23,2.752426909355051
2017-08-24,2.773566103005174
2017-08-28,2.8039159779783636
2017-08-29,2.7750494329461883
2017-08-30,2.816501682506011
2017-08-31,2.841316334501777
2017-09-01,2.873043328219713
2017-09-04,2.8535822922928284
2017-09-05,2.886823784112171
2017-09-06,2.901625092557027
2017-09-07,2.924344400486245
2017-09-08,2.9188211230677226
2017-09-11,2.9370440738283654
2017-09-12,2.9654737449976105
2017-09-13,2.946563161257445
2017-09-14,2.962161531473299
2017-09-15,2.964612450528215
2017-09-18,2.9962443612029697
2017-09-19,3.0156820531268593
2017-09-20,3.0172345240534377
2017-09-21,3.007094148969801
2017-09-22,2.9177412763397013
2017-09-25,2.8592983500135665
2017-09-26,2.8870538606003384
2017-09-27,2.825265399345216
2017-09-28,2.848484054214318
2017-09-29,2.87796622680283
2017-10-03,2.8919484939266344
2017-10-04,2.921168314696932
2017-10-05,2.9512137435358907
2017-10-06,2.9900362147105572
2017-10-09,3.0075997662856766
2017-10-10,3.0360237238266827
2017-10-11,3.004725601775213
2017-10-12,3.041571318123473
2017-10-13,3.046718807345108
2017-10-16,3.054336697169817
2017-10-17,3.0689930356621087
2017-10-18,3.0704328416226274
2017-10-19,3.071887344904874
2017-10-23,3.0866564367780027
2017-10-24,3.1093425060612168
2017-10-25,3.11294111569152
2017-10-26,3.136174116776762
2017-10-27,3.1533485019055028
2017-10-30,3.1921175852039494
2017-10-31,3.2036682962898078
2017-11-01,3.2229369941134904
2017-11-02,3.2401549218208547
2017-11-03,3.254984319404652
2017-11-06,3.273191409434558
2017-11-07,3.224433322271868
2017-11-08,3.192406997703654
2017-11-09,3.2208151658816844
2017-11-10,3.2136319740738704
2017-11-13,3.1959168487090754
2017-11-14,3.1979099520170644
2017-11-15,3.1430948403406367
2017-11-16,3.1849902698784898
2017-11-17,3.216695466896613
2017-11-20,3.251906911144221
2017-11-21,3.2647442963334723
2017-11-22,3.2716469676317095
2017-11-23,3.2959626656039798
2017-11-24,3.313272183922957
2017-11-27,3.3379809079472866
2017-11-28,3.3449605352471243
2017-11-29,3.342875353709139
2017-11-30,3.3377464738478686
2017-12-01,3.3059247936690523
2017-12-04,3.2890182333408813
2017-12-05,3.2857778504947093
2017-12-06,3.2626181253305155
2017-12-07,3.3070286631085097
2017-12-08,3.3393787571775104
2017-12-11,3.3514925772551103
2017-12-12,3.3262976946985434
2017-12-13,3.2970043993130154
2017-12-14,3.2871165366124835
2017-12-15,3.326996993460007
2017-12-18,3.3386135200902856
2017-12-19,3.3940379760429202
2017-12-20,3.4289402597400795
2017-12-21,3.464931031481945
2017-12-22,3.487303051425137
2017-12-26,3.5184142775149856
2017-12-27,3.5046603695566834
2017-12-28,3.520712504519893
2017-12-29,3.546462695871164
2018-01-01,3.5616137902681095
2018-01-02,3.544672193933811
2018-01-03,3.5792864117752665
2018-01-04,3.6173100821881294
2018-01-05,3.6519166550797997
2018-01-08,3.68786432425904
2018-01-09,3.6860298436640493
2018-01-10,3.683905905994491
2018-01-11,3.7048053222033195
2018-01-12,3.7030870926362844
2018-01-15,3.7116974624699037
2018-01-16,3.626209511375852
2018-01-17,3.6383017406541844
2018-01-18,3.554157120513453
2018-01-19,3.5756236349875237
2018-01-22,3.604666396811828
2018-01-23,3.6116271090322227
2018-01-24,3.5857450220938003
2018-01-25,3.5619410213113136
2018-01-29,3.5221037302475704
2018-01-30,3.476856668500668
2018-01-31,3.4558231544283244
2018-02-01,3.4493441728642513
2018-02-02,3.2857525152697558
2018-02-05,3.281239411145632
2018-02-06,3.204458481713164
2018-02-07,3.2652512181697206
2018-02-08,3.260353341342466
2018-02-09,3.269177218295685
2018-02-12,3.3312643637488892
2018-02-14,3.3360218437579454
2018-02-15,3.2937080790710036
2018-02-16,3.249570753009024
2018-02-19,3.2126658981612266
2018-02-20,3.203367986978005
2018-02-21,3.203367986978005
2018-02-22,3.203367986978005
2018-02-23,3.203367986978005
2018-02-26,3.1985629349975384
2018-02-27,3.183088055597501
2018-02-28,3.181031939318132
2018-03-01,3.1705449927861133
2018-03-05,3.1241101006164937
2018-03-06,3.1241101006164937
2018-03-07,3.1241101006164937
2018-03-08,3.1241101006164937
2018-03-09,3.1241101006164937
2018-03-12,3.1241101006164937
2018-03-13,3.1241101006164937
2018-03-14,3.1241101006164937
2018-03-15,3.1241101006164937
2018-03-16,3.1241101006164937
2018-03-19,3.1241101006164937
2018-03-20,3.1241101006164937
2018-03-21,3.1241101006164937
2018-03-22,3.1241101006164937
2018-03-23,3.1241101006164937
2018-03-26,3.1241101006164937
2018-03-27,3.1241101006164937
2018-03-28,3.1241101006164937
2018-04-02,3.1241101006164937
2018-04-03,3.1241101006164937
2018-04-04,3.1241101006164937
2018-04-05,3.1241101006164937
2018-04-06,3.1241101006164937
2018-04-09,3.1241101006164937
2018-04-10,3.1241101006164937
2018-04-11,3.1241101006164937
2018-04-12,3.1241101006164937
2018-04-13,3.1241101006164937
2018-04-16,3.1241101006164937
2018-04-17,3.1241101006164937
2018-04-18,3.1241101006164937
2018-04-19,3.1241101006164937
2018-04-20,3.1241101006164937
2018-04-23,3.1241101006164937
2018-04-24,3.1241101006164937
2018-04-25,3.1241101006164937
2018-04-26,3.1241101006164937
2018-04-27,3.1241101006164937
2018-04-30,3.1241101006164937
2018-05-02,3.1241101006164937
2018-05-03,3.1241101006164937
2018-05-04,3.1241101006164937
2018-05-07,3.1241101006164937
2018-05-08,3.1241101006164937
2018-05-09,3.1241101006164937
2018-05-10,3.1241101006164937
2018-05-11,3.1241101006164937
2018-05-14,3.1241101006164937
2018-05-15,3.1241101006164937
2018-05-16,3.1241101006164937
2018-05-17,3.1241101006164937
2018-05-18,3.1241101006164937
2018-05-21,3.1241101006164937
2018-05-22,3.1241101006164937
2018-05-23,3.1241101006164937
2018-05-24,3.1241101006164937
2018-05-25,3.1241101006164937
2018-05-28,3.1241101006164937
2018-05-29,3.1241101006164937
2018-05-30,3.1241101006164937
2018-05-31,3.1241101006164937
2018-06-01,3.1241101006164937
2018-06-04,3.1241101006164937
2018-06-05,3.1241101006164937
2018-06-06,3.1241101006164937
2018-06-07,3.1241101006164937
2018-06-08,3.1241101006164937
2018-06-11,3.1241101006164937
2018-06-12,3.1241101006164937
2018-06-13,3.1241101006164937
2018-06-14,3.1241101006164937
2018-06-15,3.1241101006164937
2018-06-18,3.1241101006164937
2018-06-19,3.1241101006164937
2018-06-20,3.1241101006164937
2018-06-21,3.1241101006164937
2018-06-22,3.1241101006164937
2018-06-25,3.1241101006164937
2018-06-26,3.1241101006164937
2018-06-27,3.1241101006164937
2018-06-28,3.1241101006164937
2018-06-29,3.1241101006164937
2018-07-02,3.1241101006164937
2018-07-03,3.1241101006164937
2018-07-04,3.1241101006164937
2018-07-05,3.1241101006164937
2018-07-06,3.1241101006164937
2018-07-09,3.1241101006164937
2018-07-10,3.1241101006164937
2018-07-11,3.1241101006164937
2018-07-12,3.1241101006164937
2018-07-13,3.1241101006164937
2018-07-16,3.1241101006164937
2018-07-17,3.1241101006164937
2018-07-18,3.1241101006164937
2018-07-19,3.1241101006164937
2018-07-20,3.1241101006164937
2018-07-23,3.1241101006164937
2018-07-24,3.1241101006164937
2018-07-25,3.1241101006164937
2018-07-26,3.1241101006164937
2018-07-27,3.1241101006164937
2018-07-30,3.1241101006164937
2018-07-31,3.1241101006164937
2018-08-01,3.1241101006164937
2018-08-02,3.1241101006164937
2018-08-03,3.1241101006164937
2018-08-06,3.1241101006164937
2018-08-07,3.1241101006164937
2018-08-08,3.1241101006164937
2018-08-09,3.1241101006164937
2018-08-10,3.1241101006164937
2018-08-13,3.1241101006164937
2018-08-14,3.1241101006164937
2018-08-16,3.1241101006164937
2018-08-17,3.1241101006164937
2018-08-20,3.1241101006164937
2018-08-21,3.1241101006164937
2018-08-23,3.1241101006164937
2018-08-24,3.1241101006164937
2018-08-27,3.1241101006164937
2018-08-28,3.1194239354655693
2018-08-29,3.1294070201796744
2018-08-30,3.1493330823220504
2018-08-31,3.167651872579899
2018-09-03,3.16348985452222
2018-09-04,3.096620999922715
2018-09-05,3.0767871179336175
2018-09-06,3.0767871179336175
2018-09-07,3.072171937256717
2018-09-10,3.0450951876811043
2018-09-11,2.998508765551358
2018-09-12,2.9873140699691034
2018-09-14,2.9873140699691034
2018-09-17,2.98283309886415
2018-09-18,2.9329713946583675
2018-09-19,2.9054371965389896
2018-09-21,2.9054371965389896
2018-09-24,2.9054371965389896
2018-09-25,2.9054371965389896
2018-09-26,2.9054371965389896
2018-09-27,2.9054371965389896
2018-09-28,2.9054371965389896
2018-10-01,2.9054371965389896
2018-10-03,2.9054371965389896
2018-10-04,2.9054371965389896
2018-10-05,2.9054371965389896
2018-10-08,2.9054371965389896
2018-10-09,2.9054371965389896
2018-10-10,2.9054371965389896
2018-10-11,2.9054371965389896
2018-10-12,2.9054371965389896
2018-10-15,2.9054371965389896
2018-10-16,2.9054371965389896
2018-10-17,2.9054371965389896
2018-10-19,2.9054371965389896
2018-10-22,2.9054371965389896
2018-10-23,2.9054371965389896
2018-10-24,2.9054371965389896
2018-10-25,2.9054371965389896
2018-10-26,2.9054371965389896
2018-10-29,2.9054371965389896
2018-10-30,2.9054371965389896
2018-10-31,2.9054371965389896
2018-11-01,2.9054371965389896
2018-11-02,2.9054371965389896
2018-11-05,2.9054371965389896
2018-11-06,2.9054371965389896
2018-11-07,2.9054371965389896
2018-11-09,2.9054371965389896
2018-11-12,2.9054371965389896
2018-11-13,2.9054371965389896
2018-11-14,2.9054371965389896
2018-11-15,2.9054371965389896
2018-11-16,2.9054371965389896
2018-11-19,2.9054371965389896
2018-11-20,2.9054371965389896
2018-11-21,2.9054371965389896
2018-11-22,2.9054371965389896
2018-11-26,2.9054371965389896
2018-11-27,2.9054371965389896
2018-11-28,2.9054371965389896
2018-11-29,2.9054371965389896
2018-11-30,2.9054371965389896
2018-12-03,2.9054371965389896
2018-12-04,2.9054371965389896
2018-12-05,2.9054371965389896
2018-12-06,2.9054371965389896
2018-12-07,2.9054371965389896
2018-12-10,2.9054371965389896
2018-12-11,2.9054371965389896
2018-12-12,2.9054371965389896
2018-12-13,2.9054371965389896
2018-12-14,2.9054371965389896
2018-12-17,2.9054371965389896
2018-12-18,2.9054371965389896
2018-12-19,2.9054371965389896
2018-12-20,2.9054371965389896
2018-12-21,2.9054371965389896
2018-12-24,2.9054371965389896
2018-12-26,2.9054371965389896
2018-12-27,2.9054371965389896
2018-12-28,2.9054371965389896
2018-12-31,2.9054371965389896
2019-01-01,2.9054371965389896
2019-01-02,2.9054371965389896
2019-01-03,2.9054371965389896
2019-01-04,2.9054371965389896
2019-01-07,2.9054371965389896
2019-01-08,2.9054371965389896
2019-01-09,2.9054371965389896
2019-01-10,2.9054371965389896
2019-01-11,2.9054371965389896
2019-01-14,2.9054371965389896
2019-01-15,2.9054371965389896
2019-01-16,2.9054371965389896
2019-01-17,2.9054371965389896
2019-01-18,2.9054371965389896
2019-01-21,2.9054371965389896
2019-01-22,2.9054371965389896
2019-01-23,2.9054371965389896
2019-01-24,2.9054371965389896
2019-01-25,2.9054371965389896
2019-01-28,2.9054371965389896
2019-01-29,2.9054371965389896
2019-01-30,2.9054371965389896
2019-01-31,2.9054371965389896
2019-02-01,2.9054371965389896
2019-02-04,2.9054371965389896
2019-02-05,2.9054371965389896
2019-02-06,2.9054371965389896
2019-02-07,2.9054371965389896
2019-02-08,2.9054371965389896
2019-02-11,2.9054371965389896
2019-02-12,2.9054371965389896
2019-02-13,2.9054371965389896
2019-02-14,2.9054371965389896
2019-02-15,2.9054371965389896
2019-02-18,2.9054371965389896
2019-02-19,2.9054371965389896
2019-02-20,2.9054371965389896
2019-02-21,2.9054371965389896
2019-02-22,2.9054371965389896
2019-02-25,2.9054371965389896
2019-02-26,2.9054371965389896
2019-02-27,2.9054371965389896
2019-02-28,2.9054371965389896
2019-03-01,2.9054371965389896
2019-03-05,2.9054371965389896
2019-03-06,2.901079040744181
2019-03-07,2.899195576242763
2019-03-08,2.8942171060390542
2019-03-11,2.944802103800858
2019-03-12,2.977017189133292
2019-03-13,2.9587464127773697
2019-03-14,2.956738729683229
2019-03-15,2.9433570131624367
2019-03-18,2.936849807677407
2019-03-19,2.9530093845091687
2019-03-20,2.9436346507689573
2019-03-22,2.923497460089323
2019-03-25,2.88007001267286
2019-03-26,2.903428971948657
2019-03-27,2.919757984242511
2019-03-28,2.9455588187069566
2019-03-29,2.9670394756129763
2019-04-01,3.000373501801295
2019-04-02,2.998478868662723
2019-04-03,2.9695769300191173
2019-04-04,2.960675816549788
2019-04-05,2.986748710480195
2019-04-08,2.9751490776532954
2019-04-09,2.9698383359238
2019-04-10,2.9660252057027567
2019-04-11,2.963198053414362
2019-04-12,2.9789285933411223
2019-04-15,2.9992655584929033
2019-04-16,3.006674782075795
2019-04-18,2.970972361975902
2019-04-22,2.9267970909644885
2019-04-23,2.917984018728851
2019-04-24,2.931941751685571
2019-04-25,2.924947391049144
2019-04-26,2.9187220263013267
2019-04-30,2.87018568106718
2019-05-02,2.859096202816908
2019-05-03,2.8516671631583512
2019-05-06,2.8313681106918778
2019-05-07,2.799990641266684
2019-05-08,2.799990641266684
2019-05-09,2.799990641266684
2019-05-10,2.799990641266684
2019-05-13,2.799990641266684
2019-05-14,2.799990641266684
2019-05-15,2.799990641266684
2019-05-16,2.799990641266684
2019-05-17,2.799990641266684
2019-05-20,2.799990641266684
2019-05-21,2.799990641266684
2019-05-22,2.799990641266684
2019-05-23,2.799990641266684
2019-05-24,2.799990641266684
2019-05-27,2.795790655304784
2019-05-28,2.808864097846704
2019-05-29,2.7879529036195434
2019-05-30,2.7908969656218754
2019-05-31,2.768922800386023
2019-06-03,2.7726736412664623
2019-06-04,2.769136047319443
2019-06-06,2.722169749262228
2019-06-07,2.709302806417865
2019-06-10,2.687549939325438
2019-06-11,2.6914801459082236
2019-06-12,2.67601715004788
2019-06-13,2.657886961218653
2019-06-14,2.629787648742209
2019-06-17,2.629787648742209
2019-06-18,2.629787648742209
2019-06-19,2.629787648742209
2019-06-20,2.629787648742209
2019-06-21,2.629787648742209
2019-06-24,2.629787648742209
2019-06-25,2.629787648742209
2019-06-26,2.629787648742209
2019-06-27,2.629787648742209
2019-06-28,2.629787648742209
2019-07-01,2.629787648742209
2019-07-02,2.629787648742209
2019-07-03,2.629787648742209
2019-07-04,2.629787648742209
2019-07-05,2.629787648742209
2019-07-08,2.629787648742209
2019-07-09,2.629787648742209
2019-07-10,2.629787648742209
2019-07-11,2.629787648742209
2019-07-12,2.629787648742209
2019-07-15,2.629787648742209
2019-07-16,2.629787648742209
2019-07-17,2.629787648742209
2019-07-18,2.629787648742209
2019-07-19,2.629787648742209
2019-07-22,2.629787648742209
2019-07-23,2.629787648742209
2019-07-24,2.629787648742209
2019-07-25,2.629787648742209
2019-07-26,2.629787648742209
2019-07-29,2.629787648742209
2019-07-30,2.629787648742209
2019-07-31,2.629787648742209
2019-08-01,2.629787648742209
2019-08-02,2.629787648742209
2019-08-05,2.629787648742209
2019-08-06,2.629787648742209
2019-08-07,2.629787648742209
2019-08-08,2.629787648742209
2019-08-09,2.629787648742209
2019-08-13,2.629787648742209
2019-08-14,2.629787648742209
2019-08-16,2.629787648742209
2019-08-19,2.629787648742209
2019-08-20,2.629787648742209
2019-08-21,2.629787648742209
2019-08-22,2.629787648742209
2019-08-23,2.629787648742209
2019-08-26,2.629787648742209
2019-08-27,2.629787648742209
2019-08-28,2.629787648742209
2019-08-29,2.629787648742209
2019-08-30,2.629787648742209
2019-09-03,2.629787648742209
2019-09-04,2.629787648742209
2019-09-05,2.629787648742209
2019-09-06,2.629787648742209
2019-09-09,2.629787648742209
2019-09-11,2.629787648742209
2019-09-12,2.629787648742209
2019-09-13,2.629787648742209
2019-09-16,2.629787648742209
2019-09-17,2.629787648742209
2019-09-18,2.629787648742209
2019-09-19,2.629787648742209
2019-09-20,2.629787648742209
2019-09-23,2.629787648742209
2019-09-24,2.629787648742209
2019-09-25,2.629787648742209
2019-09-26,2.629787648742209
2019-09-27,2.629787648742209
2019-09-30,2.629787648742209
2019-10-01,2.629787648742209
2019-10-03,2.629787648742209
2019-10-04,2.629787648742209
2019-10-07,2.629787648742209
2019-10-09,2.629787648742209
2019-10-10,2.629787648742209
2019-10-11,2.629787648742209
2019-10-14,2.629787648742209
2019-10-15,2.629787648742209
2019-10-16,2.629787648742209
2019-10-17,2.629787648742209
2019-10-18,2.629787648742209
2019-10-22,2.629787648742209
2019-10-23,2.629787648742209
2019-10-24,2.629787648742209
2019-10-25,2.629787648742209
2019-10-29,2.629787648742209
2019-10-30,2.629787648742209
2019-10-31,2.625842967269096
2019-11-01,2.6436475423413333
2019-11-04,2.659798837183222
2019-11-05,2.63410859547261
2019-11-06,2.6330426577818735
2019-11-07,2.648258796267552
2019-11-08,2.632686889192084
2019-11-11,2.642754035301164
2019-11-13,2.6118621358166383
2019-11-14,2.598892048039996
2019-11-15,2.5991758477057876
2019-11-18,2.6074944054747395
2019-11-19,2.6169904388537257
2019-11-20,2.622150841201133
2019-11-21,2.6182586825812875
2019-11-22,2.622744414240445
2019-11-25,2.645674360841011
2019-11-26,2.6336446517268977
2019-11-27,2.638836381673414
2019-11-28,2.6531214583228144
2019-11-29,2.6593935175220036
2019-12-02,2.6440891928338393
2019-12-03,2.6178395608350082
2019-12-04,2.6267646491179435
2019-12-05,2.626130703062107
2019-12-06,2.597265998679781
2019-12-09,2.588307112361777
2019-12-10,2.555424394335766
2019-12-11,2.545089194421272
2019-12-12,2.5676597910041377
2019-12-13,2.5972591863558785
2019-12-16,2.593789454108308
2019-12-17,2.614604088837625
2019-12-18,2.6133830797053403
2019-12-19,2.6084363633630394
2019-12-20,2.607952745210557
2019-12-23,2.604598737360164
2019-12-24,2.605983332280873
2019-12-26,2.618459988944194
2019-12-27,2.637818990246839
2019-12-30,2.6601207031901075
2019-12-31,2.66902954435554
2020-01-01,2.690495187375617
2020-01-02,2.746396712044636
2020-01-03,2.7526063395568157
2020-01-06,2.6858270087639515
2020-01-07,2.7194583214330867
2020-01-08,2.7138456531862722
2020-01-09,2.7637318121203913
2020-01-10,2.7760454917597244
2020-01-13,2.8073941931425663
2020-01-14,2.822615481944242
2020-01-15,2.8527834638120706
2020-01-16,2.8840740211490665
2020-01-17,2.891211679843316
2020-01-20,2.8668731014364073
2020-01-21,2.867389313466419
2020-01-22,2.861840606514223
2020-01-23,2.8837046646481856
2020-01-24,2.896159498668891
2020-01-27,2.8870861396077956
2020-01-28,2.866981468907887
2020-01-29,2.879225030544443
2020-01-30,2.8407765885909497
2020-01-31,2.822634285239138
2020-02-03,2.732368872927854
2020-02-04,2.77783627489936
2020-02-05,2.8017780143312945
2020-02-06,2.83203119946699
2020-02-07,2.8462059056978855
2020-02-10,2.8288054096921473
2020-02-11,2.82569697647856
2020-02-12,2.8134244445054737
2020-02-13,2.8152993289796555
2020-02-14,2.7962341926279977
2020-02-17,2.76484879389991
2020-02-18,2.7394514791179123
2020-02-19,2.7795056989907367
2020-02-20,2.7945449917824314
2020-02-24,2.7447967783522715
2020-02-25,2.7312967773425023
2020-02-26,2.70203052456708
2020-02-27,2.6737180563815564
2020-02-28,2.5578814066761435
2020-03-02,2.5249659416216983
2020-03-03,2.5249659416216983
2020-03-04,2.5249659416216983
2020-03-05,2.5249659416216983
2020-03-06,2.5249659416216983
2020-03-09,2.5249659416216983
2020-03-11,2.5249659416216983
2020-03-12,2.5249659416216983
2020-03-13,2.5249659416216983
2020-03-16,2.5249659416216983
2020-03-17,2.5249659416216983
2020-03-18,2.5249659416216983
2020-03-19,2.5249659416216983
2020-03-20,2.5249659416216983
2020-03-23,2.5249659416216983
2020-03-24,2.5249659416216983
2020-03-25,2.5249659416216983
2020-03-26,2.5249659416216983
2020-03-27,2.5249659416216983
2020-03-30,2.5249659416216983
2020-03-31,2.5249659416216983
2020-04-01,2.5249659416216983
2020-04-03,2.5249659416216983
2020-04-07,2.5249659416216983
2020-04-08,2.5249659416216983
2020-04-09,2.5249659416216983
2020-04-13,2.5249659416216983
2020-04-15,2.5249659416216983
2020-04-16,2.5249659416216983
2020-04-17,2.5249659416216983
2020-04-20,2.5249659416216983
2020-04-21,2.5249659416216983
2020-04-22,2.5249659416216983
2020-04-23,2.5249659416216983
2020-04-24,2.5249659416216983
2020-04-27,2.5249659416216983
2020-04-28,2.5249659416216983
2020-04-29,2.5249659416216983
2020-04-30,2.5249659416216983
2020-05-04,2.5249659416216983
2020-05-05,2.5249659416216983
2020-05-06,2.5249659416216983
2020-05-07,2.5249659416216983
2020-05-08,2.5249659416216983
2020-05-11,2.5249659416216983
2020-05-12,2.5249659416216983
2020-05-13,2.5249659416216983
2020-05-14,2.5249659416216983
2020-05-15,2.5249659416216983
2020-05-18,2.5249659416216983
2020-05-19,2.5249659416216983
2020-05-20,2.5249659416216983
2020-05-21,2.5249659416216983
2020-05-22,2.5249659416216983
2020-05-26,2.5249659416216983
2020-05-27,2.5249659416216983
2020-05-28,2.5249659416216983
2020-05-29,2.5249659416216983
2020-06-01,2.5249659416216983
2020-06-02,2.5249659416216983
2020-06-03,2.5249659416216983
2020-06-04,2.5249659416216983
2020-06-05,2.5249659416216983
2020-06-08,2.5249659416216983
2020-06-09,2.5211784927092658
2020-06-10,2.5507736323389834
2020-06-11,2.517366250954371
2020-06-12,2.5257312961618807
2020-06-15,2.5348497664079312
2020-06-16,2.5389906452913453
2020-06-17,2.5583173225826896
2020-06-18,2.6140659726034268
2020-06-19,2.653245614133965
2020-06-22,2.698995944110396
2020-06-23,2.75159158376812
2020-06-24,2.71874540135349
2020-06-25,2.7390231732499117
2020-06-26,2.7578009252779907
2020-06-29,2.7263629413849615
2020-06-30,2.707523171573711
2020-07-01,2.718849048723918
2020-07-02,2.7464530511140617
2020-07-03,2.7556524243930065
2020-07-06,2.795573942091818
2020-07-07,2.8108807841335746
2020-07-08,2.8049552755542497
2020-07-09,2.8192770812949757
2020-07-10,2.7979864340465688
2020-07-13,2.7927031957749913
2020-07-14,2.7564420292966654
2020-07-15,2.7424019350613382
2020-07-16,2.73716497347758
2020-07-17,2.7764530145777027
2020-07-20,2.80106901955112
2020-07-21,2.8162742379947296
2020-07-22,2.8068642514076765
2020-07-23,2.8280345211157076
2020-07-24,2.8144493213842883
2020-07-27,2.7754548058186432
2020-07-28,2.7910157000222164
2020-07-29,2.8047820967562633
2020-07-30,2.792706394209932
2020-07-31,2.802424105030431
2020-08-03,2.8333164234747064
2020-08-04,2.8689782001527235
2020-08-05,2.8966336034829423
2020-08-06,2.918374373775988
2020-08-07,2.9524641882323923
2020-08-10,3.001874044183252
2020-08-11,3.020784858027053
2020-08-12,3.0377479443423265
2020-08-13,3.064007637433975
2020-08-14,3.037376792698888
2020-08-17,3.0656952658823355
2020-08-18,3.11250196744428
2020-08-19,3.157517377234787
2020-08-20,3.1872712612253133
2020-08-21,3.2260063208332577
2020-08-24,3.2541422524052197
2020-08-25,3.2620047236653114
2020-08-26,3.29762616202351
2020-08-27,3.315198286427572
2020-08-28,3.3020621651427358
2020-08-31,3.1479511587363516
2020-09-01,3.143428974670321
2020-09-02,3.1886899082105415
2020-09-03,3.210734699219356
2020-09-04,3.175354591011497
2020-09-07,3.16625307500998
2020-09-08,3.1258882591043426
2020-09-09,3.084939249820592
2020-09-10,3.128331977535079
2020-09-11,3.138866187253229
2020-09-14,3.2276449524180677
2020-09-15,3.2549616277060323
2020-09-16,3.2697100293313466
2020-09-17,3.2539307484264723
2020-09-18,3.249037429000217
2020-09-21,3.13065913261248
2020-09-22,3.0717502716923475
2020-09-23,3.0677790775229945
2020-09-24,2.9930860672997417
2020-09-25,3.074086975899136
2020-09-28,3.146788700281727
2020-09-29,3.1472481382826736
2020-09-30,3.1481429744706197
2020-10-01,3.1714930132859918
2020-10-05,3.1904152594630735
2020-10-06,3.2119834424381852
2020-10-07,3.1893352575847698
2020-10-08,3.18427825520006
2020-10-09,3.1807800581181693
2020-10-12,3.1515692677888585
2020-10-13,3.1481606571469363
2020-10-14,3.1479472132798128
2020-10-15,3.0994677917147806
2020-10-16,3.127391651056771
2020-10-19,3.145906077373824
2020-10-20,3.158679929543028
2020-10-21,3.169448141736135
2020-10-22,3.194872092076859
2020-10-23,3.2258468738094725
2020-10-26,3.192069059328692
2020-10-27,3.1960002659902296
2020-10-28,3.1699328329336307
2020-10-29,3.151940874273178
2020-10-30,3.1576507094980863
2020-11-02,3.1352357794830295
2020-11-03,3.146408332838817
2020-11-04,3.149882257376981
2020-11-05,3.1926812075404514
2020-11-06,3.214570091748728
2020-11-09,3.23139730036458
2020-11-10,3.227335813203409
2020-11-11,3.2422340361205593
2020-11-12,3.2713529029737654
2020-11-13,3.299353362219184
2020-11-17,3.370180850840663
2020-11-18,3.404133135985025
2020-11-19,3.4024949004510563
2020-11-20,3.434888364389854
2020-11-23,3.4751650998030463
2020-11-24,3.501181489131973
2020-11-25,3.4726539732341153
2020-11-26,3.5117990939422885
2020-11-27,3.565102971937827
2020-12-01,3.6166295464154183
2020-12-02,3.6426294050801986
2020-12-03,3.7001274167195835
2020-12-04,3.7165627954376554
2020-12-07,3.7838591753815685
2020-12-08,3.7766186610646253
2020-12-09,3.812205060905447
2020-12-10,3.783810225349722
2020-12-11,3.809296196237149
2020-12-14,3.8527426712709567
2020-12-15,3.858062287859779
2020-12-16,3.892063918332902
2020-12-17,3.8787404036270408
2020-12-18,3.8611123830160845
2020-12-21,3.6669871590262777
2020-12-22,3.6926482726137384
2020-12-23,3.804522002341226
2020-12-24,3.8260707804194096
2020-12-28,3.884909157223044
2020-12-29,3.890036107062728
2020-12-30,3.912029563113644
2020-12-31,3.9239194329594205
2021-01-01,3.9604523140180476
2021-01-04,4.011246313646611
2021-01-05,4.039368716444951
2021-01-06,4.037765783664571
2021-01-07,4.079808670931391
2021-01-08,4.105130942975216
2021-01-11,4.097124187998701
2021-01-12,4.12257833671245
2021-01-13,4.1011915104306205
2021-01-14,4.105081244515238
2021-01-15,4.061483608632155
2021-01-18,3.9792665032987498
2021-01-19,4.048810849781703
2021-01-20,4.069329663657163
2021-01-21,4.034789343200936
2021-01-22,3.9898429319988296
2021-01-25,3.938095922761765
2021-01-27,3.9106048088745937
2021-01-28,3.9097984435385484
2021-01-29,3.898443776060306
2021-02-01,3.9771254838384595
2021-02-02,4.031639481605908
2021-02-03,4.08242811236355
2021-02-04,4.133863178611571
2021-02-05,4.117196053897463
2021-02-08,4.174322038107585
2021-02-09,4.155993043600746
2021-02-10,4.162187112615038
2021-02-11,4.198380376319845
2021-02-12,4.192490535496913
2021-02-15,4.202313643632431
2021-02-16,4.213325839204998
2021-02-17,4.249234453683391
2021-02-18,4.293665484823511
2021-02-19,4.256814741530901
2021-02-22,4.206118709026768
2021-02-23,4.253464269236095
2021-02-24,4.30201100669763
2021-02-25,4.363118763314258
2021-02-26,4.328744082360355
2021-03-01,4.409444420494771
2021-03-02,4.476438218705495
2021-03-03,4.533003083781529
2021-03-04,4.570969702123829
2021-03-05,4.501165391812496
2021-03-08,4.541338501697748
2021-03-09,4.508040988226934
2021-03-10,4.540070866285697
2021-03-12,4.524265409909272
2021-03-15,4.497116513174292
2021-03-16,4.4998511653655715
2021-03-17,4.393939887578714
2021-03-18,4.305133990254978
2021-03-19,4.319737902686013
2021-03-22,4.353502902460879
2021-03-23,4.388591160202982
2021-03-24,4.316863790452434
2021-03-25,4.224951661060551
2021-03-26,4.265019177283664
2021-03-30,4.294332149320589
2021-03-31,4.302155711954756
2021-04-01,4.415436506140537
2021-04-05,4.358180926181441
2021-04-06,4.394580406574007
2021-04-07,4.450208269235507
2021-04-08,4.5075038698995
2021-04-09,4.534102724448518
2021-04-12,4.284211205979476
2021-04-13,4.361728437974745
2021-04-15,4.348133475156363
2021-04-16,4.388018864905944
2021-04-19,4.288519646434852
2021-04-20,4.317765351794755
2021-04-22,4.360593301219605
2021-04-23,4.379512381953738
2021-04-26,4.418193249238044
2021-04-27,4.480034886519526
2021-04-28,4.526156372187017
2021-04-29,4.525897026246185
2021-04-30,4.523056640102789
2021-05-03,4.5891424352713726
2021-05-04,4.559763157354845
2021-05-05,4.603362177197208
2021-05-06,4.63242814621575
2021-05-07,4.667743898671905
2021-05-10,4.745249571239106
2021-05-11,4.798084606955261
2021-05-12,4.789949150058031
2021-05-14,4.74237219784719
2021-05-17,4.811161889120522
2021-05-18,4.864023024597836
2021-05-19,4.892481751325208
2021-05-20,4.908510345266225
2021-05-21,4.9448740132555855
2021-05-24,4.993652276668353
2021-05-25,5.011830564001778
2021-05-26,5.070926229381939
2021-05-27,5.090780008030992
2021-05-28,5.061536236071298
2021-05-31,5.085152022050602
2021-06-01,5.053223116406372
2021-06-02,5.136997444361957
2021-06-03,5.201370820309633
2021-06-04,5.2447471485701
2021-06-07,5.336039484475689
2021-06-08,5.379439661642441
2021-06-09,5.33929720752214
2021-06-10,5.446627395960966
2021-06-11,5.472980730466902
2021-06-14,5.470511403384109
2021-06-15,5.5216378671935145
2021-06-16,5.500735980599565
2021-06-17,5.4766299660973585
2021-06-18,5.42790941483304
2021-06-21,5.4888417191912815
2021-06-22,5.527284346947436
2021-06-23,5.520559794420347
2021-06-24,5.510060765305793
2021-06-25,5.538279476944384
2021-06-28,5.570274602327999
2021-06-29,5.576465889044266
2021-06-30,5.599028359405087
2021-07-01,5.618354589300932
2021-07-02,5.6668609738086735
2021-07-05,5.733877351694536
2021-07-06,5.712748595028924
2021-07-07,5.733316908430478
2021-07-08,5.7141145830698665
2021-07-09,5.748373720339647
2021-07-12,5.7955033041433195
2021-07-13,5.831965770797077
2021-07-14,5.842820270342961
2021-07-15,5.86206694492036
2021-07-16,5.883190672814474
2021-07-19,5.869320534483055
2021-07-20,5.769371711123272
2021-07-22,5.8345946081958475
2021-07-23,5.834678731869018
2021-07-26,5.850715097585265
2021-07-27,5.841455662674025
2021-07-28,5.815276980002971
2021-07-29,5.868157765775156
2021-07-30,5.892827518260154
2021-08-02,5.957818244193751
2021-08-03,5.964376213229506
2021-08-04,5.884115594194395
2021-08-05,5.850434778598163
2021-08-06,5.864036248525904
2021-08-09,5.800672281039577
2021-08-10,5.650642074435354
2021-08-11,5.6188405216005135
2021-08-12,5.74579653549871
2021-08-13,5.730538986847992
2021-08-16,5.674489767683721
2021-08-17,5.645436698043737
2021-08-18,5.614326485671667
2021-08-20,5.490171065544467
2021-08-23,5.3680844249874475
2021-08-24,5.4865766147901365
2021-08-25,5.528403869132111
2021-08-26,5.526956669376284
2021-08-27,5.569067732245675
2021-08-30,5.6422584990756155
2021-08-31,5.6500771980466515
2021-09-01,5.666234429479407
2021-09-02,5.7237717220328275
2021-09-03,5.746043261748247
2021-09-06,5.77865589212587
2021-09-07,5.7630496317066475
2021-09-08,5.781396167423872
2021-09-09,5.809626389952207
2021-09-13,5.833382527500102
2021-09-14,5.886368330563733
2021-09-15,5.940297812467552
2021-09-16,5.953252844926502
2021-09-17,5.900307042694757
2021-09-20,5.794029663033053
2021-09-21,5.811364117670426
2021-09-22,5.8973484570742585
2021-09-23,5.949555516059731
2021-09-24,5.929067448443438
2021-09-27,5.946873648995777
2021-09-28,5.928103265503344
2021-09-29,5.968616654801932
2021-09-30,6.005491438831049
2021-10-01,6.027165311174586
2021-10-04,6.117217281005662
2021-10-05,6.1655981838350415
2021-10-06,6.108959775547404
2021-10-07,6.18800317011105
2021-10-08,6.212711091880114
2021-10-11,6.243832387626865
2021-10-12,6.269820129545788
2021-10-13,6.313124763969362
2021-10-14,6.330407941196662
2021-10-18,6.371383644312883
2021-10-19,6.244193424857925
2021-10-20,6.137741939137048
2021-10-21,6.119562260329408
2021-10-22,6.070363397966956
2021-10-25,5.9735125519441645
2021-10-26,6.087927418869518
2021-10-27,6.107192791013697
2021-10-28,6.001062666744402
2021-10-29,5.984057836270242
2021-11-01,6.066227078975606
2021-11-02,6.127269182273657
2021-11-03,6.108543121986044
2021-11-04,6.183797096240032
2021-11-08,6.227202418562597
2021-11-09,6.274013005017763
2021-11-10,6.2675628290479795
2021-11-11,6.23589754034037
2021-11-12,6.231852976048759
2021-11-15,6.199863391185213
2021-11-16,6.207614110019032
2021-11-17,6.198533654238053
2021-11-18,6.102624512738907
2021-11-22,5.9251797585735595
2021-11-23,6.036558334268672
2021-11-24,6.065958488937791
2021-11-25,6.122911717089517
2021-11-26,5.969787556208016
2021-11-29,5.8457836299345285
2021-11-30,5.874095603358359
2021-12-01,5.874095603358359
2021-12-02,5.8652844599533225
2021-12-03,5.897647592293795
2021-12-06,5.833937769420748
2021-12-07,5.90733734172204
2021-12-08,5.999761327049061
2021-12-09,6.05970861567547
2021-12-10,6.121409671003944
2021-12-13,6.122554353781016
2021-12-14,6.118819489407178
2021-12-15,6.093563178411102
2021-12-16,6.037711313133876
2021-12-17,5.909563692764636
2021-12-20,5.718991026559364
2021-12-21,5.7868944233884925
2021-12-22,5.7868944233884925
2021-12-23,5.7782140817534104
2021-12-24,5.733253648235116
2021-12-27,5.7596887832226376
2021-12-28,5.845682039012972
2021-12-29,5.86488291539835
2021-12-30,5.862973681952373
2021-12-31,5.92343899833416
2022-01-03,5.99954898434528
2022-01-04,6.036330927457015
2022-01-05,6.047621273615701
2022-01-06,6.05119842709995
2022-01-07,6.071902854694019
2022-01-10,6.142562522790131
2022-01-11,6.147330938982226
2022-01-12,6.192849385379281
2022-01-13,6.222630839662936
2022-01-14,6.262871497273648
2022-01-17,6.31284686743554
2022-01-18,6.19769527214371
2022-01-19,6.220174374856562
2022-01-20,6.224216994663333
2022-01-21,6.108872234903253
2022-01-24,5.849390958724293
2022-01-25,5.9209391282101995
2022-01-27,5.911146861255405
2022-01-28,5.95730014573013
2022-01-31,5.9942233739576904
2022-02-01,6.041850482483161
2022-02-02,6.1369109491265
2022-02-03,6.129198089925652
2022-02-04,6.102001570698501
2022-02-07,6.064355841642211
2022-02-08,5.990485061618274
2022-02-09,6.022194971250909
2022-02-10,6.02579931325093
2022-02-11,5.928467573300376
2022-02-14,5.675697674966906
2022-02-15,5.769876342965635
2022-02-16,5.769876342965635
2022-02-17,5.769876342965635
2022-02-18,5.769876342965635
2022-02-21,5.769876342965635
2022-02-22,5.769876342965635
2022-02-23,5.769876342965635
2022-02-24,5.769876342965635
2022-02-25,5.769876342965635
2022-02-28,5.769876342965635
2022-03-02,5.769876342965635
2022-03-03,5.769876342965635
2022-03-04,5.769876342965635
2022-03-07,5.769876342965635
2022-03-08,5.769876342965635
2022-03-09,5.769876342965635
2022-03-10,5.769876342965635
2022-03-11,5.769876342965635
2022-03-14,5.769876342965635
2022-03-15,5.769876342965635
2022-03-16,5.769876342965635
2022-03-17,5.769876342965635
2022-03-21,5.769876342965635
2022-03-22,5.769876342965635
2022-03-23,5.769876342965635
2022-03-24,5.769876342965635
2022-03-25,5.769876342965635
2022-03-28,5.769876342965635
2022-03-29,5.769876342965635
2022-03-30,5.769876342965635
2022-03-31,5.769876342965635
2022-04-01,5.769876342965635
2022-04-04,5.761221528451187
2022-04-05,5.8445802444847805
2022-04-06,5.895557692120144
2022-04-07,5.8780611262035025
2022-04-08,5.937622778156831
2022-04-11,5.976565529001282
2022-04-12,5.895310965354137
2022-04-13,5.925726798813072
2022-04-18,5.884118311866234
2022-04-19,5.818228176689618
2022-04-20,5.847276221718737
2022-04-21,5.938722289774451
2022-04-22,5.911308037826013
2022-04-25,5.794082462869038
2022-04-26,5.845228914724386
2022-04-27,5.8100946315253275
2022-04-28,5.810341619365307
2022-04-29,5.760093397568684
2022-05-02,5.718603571534258
2022-05-04,5.586328599751325
2022-05-05,5.564750596939998
2022-05-06,5.564750596939998
2022-05-09,5.564750596939998
2022-05-10,5.564750596939998
2022-05-12,5.564750596939998
2022-05-13,5.564750596939998
2022-05-16,5.564750596939998
2022-05-17,5.564750596939998
2022-05-18,5.564750596939998
2022-05-19,5.564750596939998
2022-05-20,5.564750596939998
2022-05-23,5.564750596939998
2022-05-24,5.564750596939998
2022-05-25,5.564750596939998
2022-05-26,5.564750596939998
2022-05-27,5.564750596939998
2022-05-30,5.564750596939998
2022-05-31,5.564750596939998
2022-06-01,5.564750596939998
2022-06-02,5.564750596939998
2022-06-03,5.564750596939998
2022-06-06,5.564750596939998
2022-06-07,5.564750596939998
2022-06-08,5.564750596939998
2022-06-09,5.564750596939998
2022-06-10,5.564750596939998
2022-06-13,5.564750596939998
2022-06-14,5.564750596939998
2022-06-15,5.564750596939998
2022-06-16,5.564750596939998
2022-06-17,5.564750596939998
2022-06-20,5.564750596939998
2022-06-21,5.564750596939998
2022-06-22,5.564750596939998
2022-06-23,5.564750596939998
2022-06-24,5.564750596939998
2022-06-27,5.564750596939998
2022-06-28,5.564750596939998
2022-06-29,5.564750596939998
2022-06-30,5.564750596939998
2022-07-01,5.564750596939998
2022-07-04,5.564750596939998
2022-07-05,5.564750596939998
2022-07-06,5.564750596939998
2022-07-07,5.564750596939998
2022-07-08,5.564750596939998
2022-07-11,5.564750596939998
2022-07-12,5.564750596939998
2022-07-13,5.564750596939998
2022-07-14,5.564750596939998
2022-07-15,5.564750596939998
2022-07-18,5.564750596939998
2022-07-19,5.564750596939998
2022-07-20,5.556403471044589
2022-07-21,5.605987265237542
2022-07-22,5.618608466360188
2022-07-25,5.6048834035519866
2022-07-26,5.542739119132656
2022-07-27,5.56099635067671
2022-07-28,5.593221748218277
2022-07-29,5.654128442931141
2022-08-01,5.745522195939737
2022-08-02,5.785674677689928
2022-08-03,5.7419707285584956
2022-08-04,5.747269009769495
2022-08-05,5.7512362562250114
2022-08-08,5.765853286742516
2022-08-10,5.749156752936559
2022-08-11,5.77550175735713
2022-08-12,5.790951356767846
2022-08-16,5.84582607737713
2022-08-17,5.878649514038338
2022-08-18,5.917797300605843
2022-08-19,5.882475995171315
2022-08-22,5.80862331647635
2022-08-23,5.868675668829865
2022-08-24,5.920145119767137
2022-08-25,5.946579467934896
2022-08-26,5.979063416407724
2022-08-29,5.941134761424463
2022-08-30,6.024324167755951
2022-09-01,6.0528776741278225
2022-09-02,6.063530720852913
2022-09-05,6.126295504318421
2022-09-06,6.129526590099328
2022-09-07,6.182661379896956
2022-09-08,6.211213360844508
2022-09-09,6.193473636678603
2022-09-12,6.254337294631049
2022-09-13,6.2742441654671115
2022-09-14,6.280239739362663
2022-09-15,6.29669177521625
2022-09-16,6.145313549084879
2022-09-19,6.137483659652729
2022-09-20,6.198597885313294
2022-09-21,6.1492777445983045
2022-09-22,6.172741698980286
2022-09-23,6.05474889355074
2022-09-26,5.850534238479506
2022-09-27,5.8776841485271785
2022-09-28,5.841933417742015
2022-09-29,5.8657109723401915
2022-09-30,5.94810237840286
2022-10-03,5.898848861815856
2022-10-04,6.0040652614951595
2022-10-06,6.087889400207652
2022-10-07,6.121211445156525
2022-10-10,6.0847999906713985
2022-10-11,5.997358433327769
2022-10-12,6.001098888815949
2022-10-13,5.9781610997253125
2022-10-14,5.976398811812261
2022-10-17,5.972797951336471
2022-10-18,6.022429184759064
2022-10-19,6.015087634586055
2022-10-20,6.025321318953475
2022-10-21,5.987008019508381
2022-10-24,6.047497430138022
2022-10-25,6.038143833094757
2022-10-27,6.061347494413928
2022-10-28,6.033511764442479
2022-10-31,6.059771234649566
2022-11-01,6.086160523920168
2022-11-02,6.099977733952681
2022-11-03,6.11860923174392
2022-11-04,6.153315754155134
2022-11-07,6.190501219929896
2022-11-09,6.175487366899068
2022-11-10,6.1041948393804635
2022-11-11,6.12449634039595
2022-11-14,6.13299034352519
2022-11-15,6.136777685080912
2022-11-16,6.113174175671209
2022-11-17,6.090399107623153
2022-11-18,6.07159868092667
2022-11-21,6.074709292657857
2022-11-22,6.077660690243692
2022-11-23,6.114380349367904
2022-11-24,6.137410060000459
2022-11-25,6.194029939279872
2022-11-28,6.243361344493399
2022-11-29,6.2324656272587005
2022-11-30,6.274630081767588
2022-12-01,6.311864638298256
2022-12-02,6.356710968241752
2022-12-05,6.38996636179272
2022-12-06,6.376954068308081
2022-12-07,6.352359238581829
2022-12-08,6.383961799959531
2022-12-09,6.312327077166192
2022-12-12,6.347143290393549
2022-12-13,6.383352724151433
2022-12-14,6.425484037647201
2022-12-15,6.389376461630321
2022-12-16,6.327901826940159
2022-12-19,6.366265765067717
2022-12-20,6.363469123677498
2022-12-21,6.208886393998577
2022-12-22,6.085390587322381
2022-12-23,5.828061016688824
2022-12-26,6.0166634073566785
2022-12-27,6.0166634073566785
2022-12-28,6.007638412245644
2022-12-29,6.024804158959892
2022-12-30,6.071323752725795
2023-01-02,6.13632336702843
2023-01-03,6.158912774207338
2023-01-04,6.102455545921699
2023-01-05,6.105114287218697
2023-01-06,6.060381175873287
2023-01-09,6.091203500456457
2023-01-10,6.059053298252192
2023-01-11,6.068028554035352
2023-01-12,6.064182959388436
2023-01-13,6.086745383341943
2023-01-16,6.0724103463998595
2023-01-17,6.062139792499314
2023-01-18,6.08217906244799
2023-01-19,6.06793159258349
2023-01-20,6.026876993340722
2023-01-23,6.0124162379478445
2023-01-24,5.98809305385076
2023-01-25,5.9048615672531355
2023-01-27,5.9048615672531355
2023-01-30,5.9048615672531355
2023-01-31,5.9048615672531355
2023-02-01,5.9048615672531355
2023-02-02,5.9048615672531355
2023-02-03,5.9048615672531355
2023-02-06,5.9048615672531355
2023-02-07,5.9048615672531355
2023-02-08,5.9048615672531355
2023-02-09,5.9048615672531355
2023-02-10,5.9048615672531355
2023-02-13,5.9048615672531355
2023-02-14,5.9048615672531355
2023-02-15,5.9048615672531355
2023-02-16,5.9048615672531355
2023-02-17,5.9048615672531355
2023-02-20,5.9048615672531355
2023-02-21,5.9048615672531355
2023-02-22,5.9048615672531355
2023-02-23,5.9048615672531355
2023-02-24,5.9048615672531355
2023-02-27,5.9048615672531355
2023-02-28,5.9048615672531355
2023-03-01,5.9048615672531355
2023-03-02,5.9048615672531355
2023-03-03,5.9048615672531355
2023-03-06,5.9048615672531355
2023-03-08,5.9048615672531355
2023-03-09,5.9048615672531355
2023-03-10,5.9048615672531355
2023-03-13,5.9048615672531355
2023-03-14,5.9048615672531355
2023-03-15,5.9048615672531355
2023-03-16,5.9048615672531355
2023-03-17,5.9048615672531355
2023-03-20,5.9048615672531355
2023-03-21,5.9048615672531355
2023-03-22,5.9048615672531355
2023-03-23,5.9048615672531355
2023-03-24,5.9048615672531355
2023-03-27,5.9048615672531355
2023-03-28,5.9048615672531355
2023-03-29,5.9048615672531355
2023-03-31,5.9048615672531355
2023-04-03,5.9048615672531355
2023-04-05,5.9048615672531355
2023-04-06,5.9048615672531355
2023-04-10,5.9048615672531355
2023-04-11,5.9048615672531355
2023-04-12,5.9048615672531355
2023-04-13,5.9048615672531355
2023-04-17,5.9048615672531355
2023-04-18,5.9048615672531355
2023-04-19,5.9048615672531355
2023-04-20,5.9048615672531355
2023-04-21,5.9048615672531355
2023-04-24,5.9048615672531355
2023-04-25,5.9048615672531355
2023-04-26,5.9048615672531355
2023-04-27,5.896004274902256
2023-04-28,5.955968826458136
2023-05-02,5.997566704535801
2023-05-03,6.010525364901239
2023-05-04,6.0675281305885305
2023-05-05,6.040196903707243
2023-05-08,6.088051655989663
2023-05-09,6.062198023401977
2023-05-10,6.084499815991213
2023-05-11,6.134148893059773
2023-05-12,6.119760364178328
2023-05-15,6.141887789322054
2023-05-16,6.153326943581713
2023-05-17,6.165788584833377
2023-05-18,6.1497701547919545
2023-05-19,6.143624851289077
2023-05-22,6.157768800807643
2023-05-23,6.166915038728294
2023-05-24,6.172459903437896
2023-05-25,6.178349607365569
2023-05-26,6.211716516531734
2023-05-29,6.230528183919031
2023-05-30,6.240150318904431
2023-05-31,6.270642701471422
2023-06-01,6.318538960548017
2023-06-02,6.368534109320377
2023-06-05,6.402061671644437
2023-06-06,6.427113262476259
2023-06-07,6.502303384066162
2023-06-08,6.46516909012186
2023-06-09,6.461105354738657
2023-06-12,6.505912072507335
2023-06-13,6.547414993258461
2023-06-14,6.576417504177778
2023-06-15,6.580078589024689
2023-06-16,6.626775911334434
2023-06-19,6.64251175163788
2023-06-20,6.686466961062484
2023-06-21,6.699788388888217
2023-06-22,6.6585512713020485
2023-06-23,6.58603314407905
2023-06-26,6.629708332232704
2023-06-27,6.667444082516927
2023-06-28,6.677791862178529
2023-06-30,6.711080908934397
2023-07-03,6.750051356082318
2023-07-04,6.747801114657546
2023-07-05,6.804690360750707
2023-07-06,6.856426324014789
2023-07-07,6.835610115316557
2023-07-10,6.8136847869034955
2023-07-11,6.859136313470086
2023-07-12,6.888835020713726
2023-07-13,6.834866624223405
2023-07-14,6.925819904816337
2023-07-17,6.98826210888864
2023-07-18,6.961070596871029
2023-07-19,6.992010122184596
2023-07-20,7.0040770338044345
2023-07-21,7.007663156251204
2023-07-24,7.006409638180493
2023-07-25,7.023206593178843
2023-07-26,7.0444836867210405
2023-07-27,7.065862184949096
2023-07-28,7.094721036217717
2023-07-31,7.185547378542885
2023-08-01,7.234716346279236
2023-08-02,7.144292667235801
2023-08-03,7.181772371963814
2023-08-04,7.235821621133016
2023-08-07,7.2656985767212605
2023-08-08,7.287347852261614
2023-08-09,7.348734718636592
2023-08-10,7.357478600403144
2023-08-11,7.327552152670472
2023-08-14,7.283639064164166
2023-08-16,7.334302334672634
2023-08-17,7.357155421557516
2023-08-18,7.333773017712611
2023-08-21,7.39220706831586
2023-08-22,7.462035194078871
2023-08-23,7.518386327527232
2023-08-24,7.532281372503956
2023-08-25,7.502847065253199
2023-08-28,7.5629509712245815
2023-08-29,7.6075650530685275
2023-08-30,7.673390391307146
2023-08-31,7.69670711576138
2023-09-01,7.7634144192586065
2023-09-04,7.847492020052211
2023-09-05,7.913607622238664
2023-09-06,7.9371320874641835
2023-09-07,7.9893949800888135
2023-09-08,8.012511876003979
2023-09-11,8.068425589356185
2023-09-12,7.739059144270544
2023-09-13,7.853004893845147
2023-09-14,7.945453426088732
2023-09-15,7.978588809727187
2023-09-18,7.950362939101975
2023-09-20,7.910261308212938
2023-09-21,7.8326510312056845
2023-09-22,7.840174531233673
2023-09-25,7.864842438027656
2023-09-26,7.8795564810093435
2023-09-27,7.921316740586504
2023-09-28,7.876944008849586
2023-09-29,7.943700582954871
2023-10-03,7.967173537047274
2023-10-04,7.881117508032174
2023-10-05,7.9316682239359215
2023-10-06,7.986563977137564
2023-10-09,7.83558148771549
2023-10-10,7.948533219807479
2023-10-11,8.010155708462186
2023-10-12,8.077581085778624
2023-10-13,8.095420735583035
2023-10-16,8.147557113736662
2023-10-17,8.200411289511196
2023-10-18,8.152216647228046
2023-10-19,8.172465851466505
2023-10-20,8.08871876069376
2023-10-23,7.740869391971467
2023-10-25,7.686497518336471
2023-10-26,7.676917050278566
2023-10-27,7.819493746758091
2023-10-30,7.846875269626199
2023-10-31,7.853924037104093
2023-11-01,7.828995574791314
2023-11-02,7.913220461956399
2023-11-03,7.992187729992685
2023-11-06,8.068142511302835
2023-11-07,8.094972844206945
2023-11-08,8.129772952237623
2023-11-09,8.10103227186626
2023-11-10,8.125469839929272
2023-11-12,8.211991906823265
2023-11-13,8.220823479473959
2023-11-15,8.293516708436975
2023-11-16,8.322476073465008
2023-11-17,8.339204907910739
2023-11-20,8.35230094583042
2023-11-21,8.38838038676273
2023-11-22,8.366477934383388
2023-11-23,8.401787211857599
2023-11-24,8.400608529669778
2023-11-28,8.429452825468232
2023-11-29,8.46062612278767
2023-11-30,8.503572645868601
2023-12-01,8.543976158682074
2023-12-04,8.636814801423514
2023-12-05,8.659888387651158
2023-12-06,8.69409719254651
2023-12-07,8.74857347048206
2023-12-08,8.710483292902143
2023-12-11,8.777340303957667
2023-12-12,8.755378427740085
2023-12-13,8.818484766007304
2023-12-14,8.871070670314941
2023-12-15,8.91086768193359
2023-12-18,8.961585369145611
2023-12-19,8.982291288588405
2023-12-20,8.65489963003661
2023-12-21,8.804014762669455
2023-12-22,8.88372375393657
2023-12-26,8.958284153163435
2023-12-27,8.979363730127398
2023-12-28,8.985836930033715
2023-12-29,9.037891525134732
2024-01-01,9.13141739412351
2024-01-02,9.155515002306831
2024-01-03,9.197594247834097
2024-01-04,9.30254170001395
2024-01-05,9.329390753091516
2024-01-08,9.276492237262472
2024-01-09,9.308223246014029
2024-01-10,9.347829546931445
2024-01-11,9.43987282692772
2024-01-12,9.472353583665377
2024-01-15,9.515620867233187
2024-01-16,9.47108490893295
2024-01-17,9.383957153891032
2024-01-18,9.402698350549475
2024-01-19,9.496321029291536
2024-01-20,9.556646299855922
2024-01-23,9.269153494280365
2024-01-24,9.440071354350856
2024-01-25,9.49909001134389
2024-01-29,9.61112100929283
2024-01-30,9.626861876096005
2024-01-31,9.77692653251623
2024-02-01,9.766163251529758
2024-02-02,9.810886282925214
2024-02-05,9.805294466549416
2024-02-06,9.93231849117427
2024-02-07,9.988945839609197
2024-02-08,9.94604663918392
2024-02-09,9.82178620516715
2024-02-12,9.497822304605647
2024-02-13,9.521325612947665
2024-02-14,9.642533707687134
2024-02-15,9.754765484123354
2024-02-16,9.832577835154709
2024-02-19,9.927673609653922
2024-02-20,9.935476260882341
2024-02-21,9.837160175078694
2024-02-22,9.897574198341955
2024-02-23,9.941697377386125
2024-02-26,9.924696100802656
2024-02-27,9.885100625864714
2024-02-28,9.692741725384739
2024-02-29,9.735405870938619
2024-03-01,9.814554612248074
2024-03-02,9.884965206542013
2024-03-04,9.830858965128355
2024-03-05,9.78486289598873
2024-03-06,9.607855766330792
2024-03-07,9.671840926800371
2024-03-11,9.48738001855674
2024-03-12,9.310914921260649
2024-03-13,8.838701570012622
2024-03-14,9.134279770254485
2024-03-15,9.120578350599104
2024-03-18,9.122881276789387
2024-03-19,9.011372357281004
2024-03-20,8.995292082434215
2024-03-21,8.995292082434215
2024-03-22,8.981799144310564
2024-03-26,8.95598304586992
2024-03-27,8.982918317808988
2024-03-28,9.001753266519058
2024-04-01,9.304449973685989
2024-04-02,9.437892923405963
2024-04-03,9.556833156115239
2024-04-04,9.595380329841683
2024-04-05,9.651033177242258
2024-04-08,9.660595266210596
2024-04-09,9.649165800991858
2024-04-10,9.689040579478975
2024-04-12,9.621996096999668
2024-04-15,9.465168041220302
2024-04-16,9.5255981419248
2024-04-18,9.506760221998663
2024-04-19,9.498435602385594
2024-04-22,9.638720709365526
2024-04-23,9.725304906741872
2024-04-24,9.80063471387936
2024-04-25,9.848506832301048
2024-04-26,9.873331718813095
2024-04-29,9.904500794224406
2024-04-30,9.912384249295991
2024-05-02,9.933154012404879
2024-05-03,9.885588581558043
2024-05-06,9.770798337754815
2024-05-07,9.61251729506895
2024-05-08,9.676734825460906
2024-05-09,9.444390266342863
2024-05-10,9.520259391959588
2024-05-13,9.507255183866484
2024-05-14,9.656475163873747
2024-05-15,9.714019182479426
2024-05-16,9.770693596576209
2024-05-17,9.889119182030178
2024-05-18,9.949369683322455
2024-05-21,9.917970357933076
2024-05-22,9.942232176853778
2024-05-23,9.953394688277386
2024-05-24,9.933797397614496
2024-05-27,9.898301866401566
2024-05-28,9.808262913909402
2024-05-29,9.791433712984778
2024-05-30,9.670518755161222
2024-05-31,9.680533490743244
2024-06-03,9.858951825603908
2024-06-04,9.220945409555592
2024-06-05,9.53075418301321
2024-06-06,9.51645805173869
2024-06-07,9.726264444331031
2024-06-10,9.86468769351225
2024-06-11,9.972588494620933
2024-06-12,10.073091217827432
2024-06-13,10.15531837641641
2024-06-14,10.23410448805494
2024-06-18,10.309093585830896
2024-06-19,10.263228224482486
2024-06-20,10.394666905959035
2024-06-21,10.368164754219798
2024-06-24,10.395640789765432
2024-06-25,10.384464183579098
2024-06-26,10.395251094771734
2024-06-27,10.327552070059024
2024-06-28,10.387947039262597
2024-07-01,10.55028220202762
2024-07-02,10.581655139489843
2024-07-03,10.65480185864401
2024-07-04,10.714663433117943
2024-07-05,10.780489441886026
2024-07-08,10.76687481185278
2024-07-09,10.807489592884783
2024-07-10,10.724635696305933
2024-07-11,10.804137261105483
2024-07-12,10.785115234883218
2024-07-15,10.832480208104426
2024-07-16,10.857069493119683
2024-07-18,10.76132205424485
2024-07-19,10.524658399581403
2024-07-22,10.626274070426756
2024-07-23,10.608517568151818
2024-07-24,10.834600207650265
2024-07-25,10.857804989948615
2024-07-26,10.978981221579994
2024-07-29,11.062545816884192
2024-07-30,11.142252335496199
2024-07-31,11.158517661634956
2024-08-01,11.083917164596382
2024-08-02,11.022202413445253
2024-08-05,10.577330665532937
2024-08-06,10.518853905127338
2024-08-07,10.79772351128618
2024-08-08,10.753880466417613
2024-08-09,10.837690980710041
2024-08-12,10.854519617365412
2024-08-13,10.700405614034363
2024-08-14,10.644147051942769
2024-08-16,10.806903365452587
2024-08-19,10.966766226817658
2024-08-20,11.052805705026628
2024-08-21,11.17501034181903
2024-08-22,11.249238287980933
2024-08-23,11.242119660603361
2024-08-26,11.26075381669107
2024-08-27,11.334293503001662
2024-08-28,11.295447370378682
2024-08-29,11.208590247073689
2024-08-30,11.28708896790713
2024-09-02,11.251914984438862
2024-09-03,11.301691352848396
2024-09-04,11.330774498141665
2024-09-05,11.394227553179693
2024-09-06,11.257452293894145
2024-09-09,11.208122513331931
2024-09-10,11.346117039016926
2024-09-11,11.243315578739617
2024-09-12,11.320398213271403
2024-09-13,11.419570435901479
2024-09-16,11.452770210453792
2024-09-17,11.413343202274381
2024-09-18,11.349065903438548
2024-09-19,11.215407421897567
2024-09-20,11.342758798191309
2024-09-23,11.4503661907769
2024-09-24,11.463359285156274
2024-09-25,11.431534354872413
2024-09-26,11.405242456702876
2024-09-27,11.421410864014781
2024-09-30,11.424471190271769
2024-10-01,11.503489261321397
2024-10-03,11.296752840615
2024-10-04,11.19284467667755
2024-10-07,10.835257030562031
2024-10-08,11.102312111525416
2024-10-09,11.228890614094016
2024-10-10,11.274701335494388
2024-10-11,11.320846064886238
2024-10-14,11.328257265278074
2024-10-15,11.389089179230279
2024-10-16,11.431491347074969
2024-10-17,11.263179526140602
2024-10-18,11.273634674292499
2024-10-21,11.093015489612458
2024-10-22,10.700922813572875
2024-10-23,10.780210952528709
2024-10-24,10.780210952528709
2024-10-25,10.780210952528709
2024-10-28,10.780210952528709
2024-10-29,10.780210952528709
2024-10-30,10.780210952528709
2024-10-31,10.780210952528709
2024-11-01,10.780210952528709
2024-11-04,10.764040636099915
2024-11-05,10.83040023513454
2024-11-06,10.83040023513454
2024-11-07,10.814154634781838
2024-11-08,10.648775048841335
2024-11-11,10.526999778920555
2024-11-12,10.526999778920555
2024-11-13,10.526999778920555
2024-11-14,10.526999778920555
2024-11-18,10.526999778920555
2024-11-19,10.526999778920555
2024-11-21,10.526999778920555
2024-11-22,10.526999778920555
2024-11-25,10.526999778920555
2024-11-26,10.526999778920555
2024-11-27,10.526999778920555
2024-11-28,10.526999778920555
2024-11-29,10.526999778920555
2024-12-02,10.526999778920555
2024-12-03,10.511209279252173
2024-12-04,10.587410098325508
2024-12-05,10.60535369837448
2024-12-06,10.684726364836946
2024-12-09,10.728924040494418
2024-12-10,10.759215431984105
2024-12-11,10.790052546952943
2024-12-12,10.69292975337561
2024-12-13,10.661016818882132
2024-12-16,10.721025550045791
2024-12-17,10.65489614325445
2024-12-18,10.559992002410779
2024-12-19,10.5279754235415
2024-12-20,10.28776182554614
2024-12-23,10.21439174961002
2024-12-24,10.21439174961002
2024-12-26,10.21439174961002
2024-12-27,10.21439174961002
2024-12-30,10.21439174961002
2024-12-31,10.21439174961002
2025-01-01,10.21439174961002
2025-01-02,10.21439174961002
2025-01-03,10.199070161985604
2025-01-06,9.851406402732964
2025-01-07,9.99748574362503
2025-01-08,9.99748574362503
2025-01-09,9.99748574362503
2025-01-10,9.99748574362503
2025-01-13,9.99748574362503
2025-01-14,9.99748574362503
2025-01-15,9.99748574362503
2025-01-16,9.99748574362503
2025-01-17,9.99748574362503
2025-01-20,9.99748574362503
2025-01-21,9.99748574362503
2025-01-22,9.99748574362503
2025-01-23,9.99748574362503
2025-01-24,9.99748574362503
2025-01-27,9.99748574362503
2025-01-28,9.99748574362503
2025-01-29,9.99748574362503
2025-01-30,9.99748574362503
2025-01-31,9.99748574362503
2025-02-01,9.99748574362503
2025-02-03,9.99748574362503
2025-02-04,9.99748574362503
2025-02-05,9.99748574362503
2025-02-06,9.99748574362503
2025-02-07,9.99748574362503
2025-02-10,9.99748574362503
2025-02-11,9.99748574362503
2025-02-12,9.99748574362503
2025-02-13,9.99748574362503
2025-02-14,9.99748574362503
2025-02-17,9.99748574362503
2025-02-18,9.99748574362503
2025-02-19,9.99748574362503
2025-02-20,9.99748574362503
2025-02-21,9.99748574362503
2025-02-24,9.99748574362503
2025-02-25,9.99748574362503
2025-02-27,9.99748574362503
2025-02-28,9.99748574362503
2025-03-03,9.99748574362503
2025-03-04,9.99748574362503
2025-03-05,9.99748574362503
2025-03-06,9.99748574362503
2025-03-07,9.99748574362503
2025-03-10,9.99748574362503
2025-03-11,9.99748574362503
2025-03-12,9.99748574362503
2025-03-13,9.99748574362503
2025-03-17,9.99748574362503
2025-03-18,9.99748574362503
2025-03-19,9.99748574362503
2025-03-20,9.99748574362503
2025-03-21,9.99748574362503
2025-03-24,9.99748574362503
2025-03-25,9.99748574362503
2025-03-26,9.99748574362503
2025-03-27,9.99748574362503
2025-03-28,9.99748574362503
2025-04-01,9.99748574362503
2025-04-02,9.99748574362503
2025-04-03,9.99748574362503
2025-04-04,9.99748574362503
2025-04-07,9.99748574362503
2025-04-08,9.99748574362503
2025-04-09,9.99748574362503
2025-04-11,9.99748574362503
2025-04-15,9.99748574362503
2025-04-16,9.99748574362503
2025-04-17,9.99748574362503
2025-04-21,9.99748574362503
2025-04-22,9.99748574362503
2025-04-23,9.99748574362503
2025-04-24,9.99748574362503
2025-04-25,9.99748574362503
2025-04-28,9.99748574362503
2025-04-29,9.99748574362503
2025-04-30,9.99748574362503
2025-05-02,9.99748574362503
2025-05-05,9.99748574362503
2025-05-06,9.99748574362503
2025-05-07,9.99748574362503
2025-05-08,9.99748574362503
2025-05-09,9.99748574362503
2025-05-12,9.99748574362503
2025-05-13,9.99748574362503
2025-05-14,9.982489515009592
2025-05-15,10.081499793692005
2025-05-16,10.208792555243411
2025-05-19,10.301757963609006
2025-05-20,10.174782788351013
2025-05-21,10.244700440391965
2025-05-22,10.246360937885134
2025-05-23,10.306259289982519
2025-05-26,10.343831636339148
2025-05-27,10.375445197943707
2025-05-28,10.415690911570906
2025-05-29,10.457076454520688
2025-05-30,10.443348389782201
2025-06-02,10.502291506760386
2025-06-03,10.48767901523243
2025-06-04,10.55189666044951
2025-06-05,10.607610408467517
2025-06-06,10.648122636468766
2025-06-09,10.773827166490362
2025-06-10,10.836673456618536
2025-06-11,10.885724175647843
2025-06-12,10.735650839528718
2025-06-13,10.671318631866528
2025-06-16,10.712865963295107
2025-06-17,10.629600056366614
2025-06-18,10.591349256406891
2025-06-19,10.406697421299619
2025-06-20,10.463697718348369
2025-06-23,10.498509873640613
2025-06-24,10.587454144160702
2025-06-25,10.756825069845751
2025-06-26,10.768694198701741
2025-06-27,10.81858282149321
2025-06-30,10.90152092951941
2025-07-01,10.903043831072146
2025-07-02,10.888618980231968
2025-07-03,10.914180426466327
2025-07-04,10.93885777424996
2025-07-07,10.90241796522859
2025-07-08,10.895601916179395
2025-07-09,10.922887850987033
2025-07-10,10.921022271803743
2025-07-11,10.84861711694131
2025-07-14,10.886481901119742
2025-07-15,10.985847641176022
2025-07-16,11.031728918944907
2025-07-17,11.048102076586357
2025-07-18,10.99634778373916
2025-07-21,10.995482448854554
2025-07-22,10.978515449199467
2025-07-23,10.985370785101155
2025-07-24,10.936688533440723
2025-07-25,10.762028296304052
2025-07-28,10.63797615602059
2025-07-29,10.759383984917543
2025-07-30,10.763480413663057
2025-07-31,10.677553324939813
2025-08-01,10.521675927080649
2025-08-04,10.593556828727095
2025-08-05,10.55995652311041
2025-08-06,10.439495993445712
2025-08-07,10.424196652163673
2025-08-08,10.325412092368213
2025-08-11,10.352276601632267
2025-08-12,10.359202289838187
2025-08-13,10.391500320120098
2025-08-14,10.335378438125007
2025-08-18,10.47666229854198
2025-08-19,10.597034690946145
2025-08-20,10.627534190431113
2025-08-21,10.634445516145036
2025-08-22,10.5920770597612
2025-08-25,10.592696263864188
2025-08-26,10.424701642222546
2025-08-28,10.338059242236953
2025-08-29,10.312283508150687
2025-09-01,10.425896898779667
2025-09-02,10.410258053431498
2025-09-03,10.505402162264117
2025-09-04,10.423835821823744
2025-09-05,10.435475469700457
2025-09-08,10.468070163590617
2025-09-09,10.482240943296159
2025-09-10,10.562199844868083
2025-09-11,10.56961640106944
2025-09-12,10.590655476741487
2025-09-15,10.649394434046703
2025-09-16,10.717720698218594
2025-09-17,10.76816313692375
2025-09-18,10.777017791223903
2025-09-19,10.782012669910168
2025-09-22,10.820854358785459
2025-09-23,10.790841902845761
2025-09-24,10.707725101435642
2025-09-25,10.614834651707667
2025-09-26,10.407791252894253
2025-09-29,10.363426658337405
2025-09-30,10.363426658337405
2025-10-01,10.363426658337405
2025-10-03,10.347881518349899
2025-10-06,10.330394101998925
2025-10-07,10.330751605620176
2025-10-08,10.296679591991374
2025-10-09,10.31506779426636
2025-10-10,10.375698127622183
2025-10-13,10.3187054569734
2025-10-14,10.202367242804977
2025-10-15,10.268777150281265
2025-10-16,10.253373984555843
2025-10-17,10.189888643171166
2025-10-20,10.24155551924894
2025-10-21,10.226193185970068
2025-10-23,10.219249413108871
2025-10-24,10.195413989362736
2025-10-27,10.237392275335159
2025-10-28,10.231773096259303
2025-10-29,10.325432578254802
2025-10-30,10.301728840890577
2025-10-31,10.254932363025349
2025-11-03,10.327774476986676
2025-11-04,10.259851216622954
2025-11-06,10.109002698339559
2025-11-07,10.090183482942154
2025-11-10,10.090183482942154
2025-11-11,10.090183482942154
2025-11-12,10.090183482942154
2025-11-13,10.07504820771774
2025-11-14,10.06553255663473
2025-11-17,10.101900236030305
2025-11-18,10.025111569600726
2025-11-19,9.988872954670159
2025-11-20,9.988872954670159
2025-11-21,9.988872954670159
2025-11-24,9.988872954670159
2025-11-25,9.988872954670159
2025-11-26,9.988872954670159
2025-11-27,9.988872954670159
2025-11-28,9.988872954670159
2025-12-01,9.988872954670159
2025-12-02,9.988872954670159
2025-12-03,9.988872954670159
2025-12-04,9.988872954670159
2025-12-05,9.988872954670159
2025-12-08,9.988872954670159
2025-12-09,9.988872954670159
2025-12-10,9.988872954670159
2025-12-11,9.988872954670159
2025-12-12,9.988872954670159
2025-12-15,9.988872954670159
2025-12-16,9.988872954670159
2025-12-17,9.988872954670159
2025-12-18,9.988872954670159
2025-12-19,9.988872954670159
2025-12-22,9.988872954670159
2025-12-23,9.988872954670159
2025-12-24,9.988872954670159
2025-12-26,9.988872954670159
2025-12-29,9.988872954670159
2025-12-30,9.988872954670159
2025-12-31,9.988872954670159
2026-01-01,9.988872954670159
2026-01-02,9.988872954670159
2026-01-05,9.988872954670159
2026-01-06,9.988872954670159
2026-01-07,9.988872954670159
2026-01-08,9.988872954670159
2026-01-09,9.988872954670159
2026-01-12,9.988872954670159
2026-01-13,9.988872954670159
2026-01-14,9.988872954670159
2026-01-16,9.988872954670159
2026-01-19,9.988872954670159
2026-01-20,9.988872954670159
2026-01-21,9.988872954670159
2026-01-22,9.988872954670159
2026-01-23,9.988872954670159
2026-01-27,9.988872954670159
2026-01-28,9.988872954670159
2026-01-29,9.988872954670159
2026-01-30,9.988872954670159
2026-02-01,9.988872954670159
2026-02-02,9.988872954670159
2026-02-03,9.988872954670159
2026-02-04,9.988872954670159
2026-02-05,9.988872954670159
2026-02-06,9.988872954670159
2026-02-09,9.988872954670159
2026-02-10,9.988872954670159
2026-02-11,9.988872954670159
2026-02-12,9.988872954670159
2026-02-13,9.988872954670159
2026-02-16,9.988872954670159
2026-02-17,9.988872954670159
2026-02-18,9.988872954670159
2026-02-19,9.988872954670159
2026-02-20,9.988872954670159
2026-02-23,9.988872954670159
2026-02-24,9.988872954670159
2026-02-25,9.988872954670159
2026-02-26,9.988872954670159
2026-02-27,9.988872954670159
2026-03-02,9.988872954670159
2026-03-04,9.988872954670159
2026-03-05,9.988872954670159
2026-03-06,9.988872954670159
2026-03-09,9.988872954670159
2026-03-10,9.988872954670159
2026-03-11,9.988872954670159
2026-03-12,9.988872954670159
2026-03-13,9.988872954670159
2026-03-16,9.988872954670159
2026-03-17,9.988872954670159
2026-03-18,9.988872954670159
2026-03-19,9.988872954670159
2026-03-20,9.988872954670159
2026-03-23,9.988872954670159
2026-03-24,9.988872954670159
2026-03-25,9.988872954670159
2026-03-27,9.988872954670159
2026-03-30,9.988872954670159
2026-04-01,9.988872954670159
2026-04-02,9.988872954670159
2026-04-06,9.988872954670159
2026-04-07,9.988872954670159
2026-04-08,9.988872954670159
2026-04-09,9.988872954670159
2026-04-10,9.988872954670159
2026-04-13,9.988872954670159
2026-04-15,9.988872954670159
2026-04-16,9.973889645238154
2026-04-17,10.095296456806798
2026-04-20,10.054635680400763
2026-04-21,10.112731017176667
2026-04-22,10.213894610136816
2026-04-23,10.17881195151837
2026-04-24,10.033443953739244
2026-04-27,10.221910944779642
2026-04-28,10.211389557927289
2026-04-29,10.21318638339009
2026-04-30,10.16413910585343
2026-05-04,10.26142858262215
2026-05-05,10.261157240638708
2026-05-06,10.442068908748706
2026-05-07,10.56141482379548
2026-05-08,10.55124065534272
2026-05-11,10.407197184226789
2026-05-12,10.113445244086021
2026-05-13,10.164696330707487
2026-05-14,10.189607095804504
2026-05-15,10.148685555253847
2026-05-18,10.030243081137625
2026-05-19,10.128476416558497
2026-05-20,10.137166290995172
2026-05-21,10.191770792526286
2026-05-22,10.198564403163484
2026-05-25,10.320467084155071
2026-05-26,10.365239688323378
2026-05-27,10.434168801778831
2026-05-29,10.3248138367087
2026-06-01,10.233711736617215
2026-06-02,10.30974024590582
2026-06-03,10.29393831146997
2026-06-04,10.337335433587937
2026-06-05,10.333568520297012
2026-06-08,10.1582171200512
2026-06-09,10.309030893939177
2026-06-10,10.192626401558622
2026-06-11,10.088708683687678
2026-06-12,10.343352690713386
2026-06-15,10.502371253713555
2026-06-16,10.568698204166232
2026-06-17,10.62874219688656
2026-06-18,10.694495524175744
2026-06-19,10.711993132118964
2026-06-22,10.801603317249198
2026-06-23,10.702058011274259
2026-06-24,10.731491937940952
2026-06-25,10.666352325764706
2026-06-29,10.613368873199946
2026-06-30,10.66288921286455
